Protein Gene,Protein Accession,Protein,MS Level,Fold Change Result,Fold Change,Log 2 Fold Change,Min Fold Change,Max Fold Change,Confidence Level,Adjusted P-Value
Ighv14-3,A0A075B5R9,tr|A0A075B5R9|A0A075B5R9_MOUSE,2,1.71 (95% CI:1.36 to 2.14),1.7095,0.7736,1.3625,2.145,95%,0.0065
Eif1ad4,A0A1Y7VLT7,tr|A0A1Y7VLT7|A0A1Y7VLT7_MOUSE,2,2.14 (95% CI:0.51 to 9),2.1409,1.0982,0.5094,8.9972,95%,0.2612
,P01629,sp|P01629|KV2A4_MOUSE,2,0.38 (95% CI:0.28 to 0.51),0.376,-1.4111,0.2773,0.5098,95%,0.0024
,P01637,sp|P01637|KV5A5_MOUSE,2,0.85 (95% CI:0.8 to 0.91),0.8517,-0.2317,0.7962,0.911,95%,0.0063
,P01667,sp|P01667|KV3AF_MOUSE,2,4.92 (95% CI:3.66 to 6.62),4.9208,2.2989,3.6564,6.6224,95%,0.0005
,P01670,sp|P01670|KV3AI_MOUSE,2,4.15 (95% CI:2.75 to 6.28),4.1548,2.0548,2.7489,6.2796,95%,0.0019
,P01671,sp|P01671|KV3AJ_MOUSE,2,4.15 (95% CI:2.75 to 6.28),4.1548,2.0548,2.7489,6.2796,95%,0.0019
,P01672,sp|P01672|KV3AK_MOUSE,2,4.17 (95% CI:2.75 to 6.32),4.1701,2.0601,2.7514,6.3203,95%,0.0019
,P01727,sp|P01727|LV1E_MOUSE,2,2.8 (95% CI:2.41 to 3.24),2.7969,1.4838,2.4135,3.2413,95%,0.0002
,P01746,sp|P01746|HVM02_MOUSE,2,0.21 (95% CI:0.09 to 0.52),0.2124,-2.2353,0.0873,0.5165,95%,0.0168
,P01811,sp|P01811|HVM41_MOUSE,2,0.88 (95% CI:0.76 to 1.03),0.8849,-0.1764,0.7598,1.0307,95%,0.1258
,P03976,sp|P03976|KV2A5_MOUSE,2,2.2 (95% CI:1.49 to 3.24),2.2006,1.1379,1.4938,3.2419,95%,0.0104
Cdh1,P09803,sp|P09803|CADH1_MOUSE,2,8 (95% CI:5.56 to 11.5),7.9987,2.9998,5.5645,11.4978,95%,0.0004
Rplp1,P47955,sp|P47955|RLA1_MOUSE,2,987.24 (95% CI:0.13 to 7383314.71),987.2426,9.9473,0.132,7383314.7068,95%,0.1357
Gpc4,P51655,sp|P51655|GPC4_MOUSE,2,0.9 (95% CI:0.03 to 27.88),0.9035,-0.1463,0.0293,27.8792,95%,0.9454
Tkfc,Q8VC30,sp|Q8VC30|TKFC_MOUSE,2,8.03 (95% CI:4.4 to 14.63),8.0258,3.0046,4.4023,14.6317,95%,0.0019
Plxdc1,Q91ZV7,sp|Q91ZV7|PLDX1_MOUSE,2,2.72 (95% CI:2.05 to 3.62),2.7215,1.4444,2.0472,3.6179,95%,0.0018
Flii,Q9JJ28,sp|Q9JJ28|FLII_MOUSE,2,882.46 (95% CI:0.07 to 11658641.81),882.4574,9.7854,0.0668,11658641.8115,95%,0.1589
Arpc1b,Q9WV32,sp|Q9WV32|ARC1B_MOUSE,2,1.27 (95% CI:1.07 to 1.52),1.2741,0.3495,1.066,1.5228,95%,0.0344
Igkv5-39,A0A075B5M7,tr|A0A075B5M7|A0A075B5M7_MOUSE,2,1.7 (95% CI:1.55 to 1.87),1.7035,0.7685,1.5513,1.8706,95%,0.0004
Ighv5-2,A0A075B5P7,tr|A0A075B5P7|A0A075B5P7_MOUSE,2,1.32 (95% CI:1.19 to 1.46),1.3209,0.4015,1.1914,1.4644,95%,0.0043
Igkv4-70,A0A0B4J1I5,tr|A0A0B4J1I5|A0A0B4J1I5_MOUSE,2,2861.23 (95% CI:0.74 to 11117399.92),2861.2307,11.4824,0.7364,11117399.9165,95%,0.0841
Mup10,A2BIN1,tr|A2BIN1|A2BIN1_MOUSE,2,2.71 (95% CI:2.51 to 2.92),2.7067,1.4366,2.5105,2.9183,95%,0.0000
Man2b1,O09159,sp|O09159|MA2B1_MOUSE,2,0.59 (95% CI:0.53 to 0.66),0.5916,-0.7573,0.5309,0.6593,95%,0.0007
Saa2,P05367,sp|P05367|SAA2_MOUSE,2,1.43 (95% CI:1.3 to 1.57),1.4289,0.5149,1.2975,1.5737,95%,0.0016
C2,P21180,sp|P21180|CO2_MOUSE,2,0.48 (95% CI:0.28 to 0.83),0.4821,-1.0527,0.2801,0.8296,95%,0.0356
Ywhaz,P63101,sp|P63101|1433Z_MOUSE,2,47.45 (95% CI:26.18 to 86.03),47.4527,5.5684,26.175,86.0268,95%,0.0003
Orm1,Q60590,sp|Q60590|A1AG1_MOUSE,2,0.1 (95% CI:0.08 to 0.12),0.096,-3.3803,0.0785,0.1175,95%,0.0000
P4ha2,Q60716,sp|Q60716|P4HA2_MOUSE,2,1.05 (95% CI:0.48 to 2.33),1.0545,0.0766,0.4775,2.3289,95%,0.8784
Rab35,Q6PHN9,sp|Q6PHN9|RAB35_MOUSE,2,7.28 (95% CI:2.25 to 23.53),7.283,2.8645,2.2539,23.5332,95%,0.0184
Wasf2,Q8BH43,sp|Q8BH43|WASF2_MOUSE,2,3.18 (95% CI:1.95 to 5.2),3.1804,1.6692,1.946,5.1978,95%,0.0065
F13a1,Q8BH61,sp|Q8BH61|F13A_MOUSE,2,8.14 (95% CI:6.71 to 9.88),8.1445,3.0258,6.7122,9.8824,95%,0.0001
Acbd3,Q8BMP6,sp|Q8BMP6|GCP60_MOUSE,2,7.55 (95% CI:3.7 to 15.43),7.5544,2.9173,3.6987,15.4293,95%,0.0037
Evc2,Q8K1G2,sp|Q8K1G2|LBN_MOUSE,2,212.78 (95% CI:0.01 to 5828319.04),212.775,7.7332,0.0078,5828319.0411,95%,0.2651
Eif2s2,Q99L45,sp|Q99L45|IF2B_MOUSE,2,8.89 (95% CI:5.37 to 14.7),8.8852,3.1514,5.3694,14.703,95%,0.0009
B4galt5,Q9JMK0,sp|Q9JMK0|B4GT5_MOUSE,2,0.89 (95% CI:0.67 to 1.17),0.8882,-0.171,0.6743,1.17,95%,0.3433
Ctsz,Q9WUU7,sp|Q9WUU7|CATZ_MOUSE,2,0.38 (95% CI:0.33 to 0.43),0.3784,-1.4021,0.3297,0.4342,95%,0.0002
Serpinb3c,A2RSF9,tr|A2RSF9|A2RSF9_MOUSE,2,15.72 (95% CI:12.49 to 19.78),15.7209,3.9746,12.4918,19.7846,95%,0.0000
Myh13,B1AR69,tr|B1AR69|B1AR69_MOUSE,2,0.9 (95% CI:0.58 to 1.39),0.8997,-0.1525,0.5815,1.392,95%,0.5763
Cops6,O88545,sp|O88545|CSN6_MOUSE,2,1.29 (95% CI:0.55 to 3.04),1.2884,0.3656,0.5457,3.0421,95%,0.5018
Krt4,P07744,sp|P07744|K2C4_MOUSE,2,1.05 (95% CI:0.32 to 3.48),1.0521,0.0733,0.3181,3.4799,95%,0.9222
Phka1,P18826,sp|P18826|KPB1_MOUSE,2,38191.65 (95% CI:31351.15 to 46524.66),38191.6462,15.221,31351.1533,46524.6629,95%,0.0000
C3,P01027,sp|P01027|CO3_MOUSE,2,0.16 (95% CI:0.15 to 0.16),0.1572,-2.6691,0.1509,0.1638,95%,0.0000
Itgb7,P26011,sp|P26011|ITB7_MOUSE,2,72.73 (95% CI:0.01 to 370764.33),72.7262,6.1844,0.0143,370764.3301,95%,0.2823
Pglyrp2,Q8VCS0,sp|Q8VCS0|PGRP2_MOUSE,2,0.23 (95% CI:0.21 to 0.27),0.2338,-2.0964,0.205,0.2667,95%,0.0014
Cdk20,Q9JHU3,sp|Q9JHU3|CDK20_MOUSE,2,346.17 (95% CI:0.23 to 513266.83),346.1698,8.4353,0.2335,513266.8317,95%,0.1258
Itga5,P11688,sp|P11688|ITA5_MOUSE,2,0.11 (95% CI:0.07 to 0.17),0.1059,-3.2397,0.0674,0.1664,95%,0.0006
Spn,P15702,sp|P15702|LEUK_MOUSE,2,3.37 (95% CI:0.73 to 15.51),3.3718,1.7535,0.7328,15.5144,95%,0.1272
Pou4f1,P17208,sp|P17208|PO4F1_MOUSE,2,724.08 (95% CI:160.91 to 3258.28),724.0759,9.5,160.909,3258.2755,95%,0.0009
Psmc2,P46471,sp|P46471|PRS7_MOUSE,2,2.63 (95% CI:1.19 to 5.79),2.6296,1.3948,1.1945,5.7887,95%,0.0459
Eef2,P58252,sp|P58252|EF2_MOUSE,2,0.87 (95% CI:0.05 to 14.84),0.8698,-0.2013,0.051,14.8359,95%,0.9103
Psme3,P61290,sp|P61290|PSME3_MOUSE,2,27754.26 (95% CI:25252.77 to 30503.55),27754.2609,14.7604,25252.7662,30503.5494,95%,0.0000
Ppp1ca,P62137,sp|P62137|PP1A_MOUSE,2,3.21 (95% CI:1.67 to 6.17),3.2085,1.6819,1.6676,6.1734,95%,0.0157
Hspa1a,Q61696,sp|Q61696|HS71A_MOUSE,2,9.94 (95% CI:9.47 to 10.43),9.9417,3.3135,9.4731,10.4335,95%,0.0000
Gapvd1,Q6PAR5,sp|Q6PAR5|GAPD1_MOUSE,2,0.51 (95% CI:0.37 to 0.72),0.5141,-0.96,0.3667,0.7207,95%,0.0116
Ppp1r11,Q8K1L5,sp|Q8K1L5|PP1RB_MOUSE,2,11700.46 (95% CI:1441.93 to 94942.48),11700.457,13.5143,1441.933,94942.4773,95%,0.0008
Ndufs8,Q8K3J1,sp|Q8K3J1|NDUS8_MOUSE,2,17.12 (95% CI:2.46 to 119.23),17.1176,4.0974,2.4575,119.2337,95%,0.0279
Clca3a1,Q9QX15,sp|Q9QX15|CA3A1_MOUSE,2,1.21 (95% CI:0.74 to 1.99),1.2114,0.2767,0.7375,1.9898,95%,0.3894
Ptges3,Q9R0Q7,sp|Q9R0Q7|TEBP_MOUSE,2,9.59 (95% CI:5 to 18.41),9.5935,3.2621,4.9999,18.4073,95%,0.0019
Sh3bgr,Q9WUZ7,sp|Q9WUZ7|SH3BG_MOUSE,2,4.07 (95% CI:0.08 to 213.63),4.0717,2.0256,0.0776,213.6302,95%,0.4257
Igkv3-9,A0A140T8P4,tr|A0A140T8P4|A0A140T8P4_MOUSE,2,0.8 (95% CI:0.62 to 1.02),0.7955,-0.3301,0.623,1.0157,95%,0.0896
Dcpp2,E9PYC2,tr|E9PYC2|E9PYC2_MOUSE,2,54.56 (95% CI:0.01 to 340083.21),54.5588,5.7697,0.0088,340083.2084,95%,0.3179
Tnfsf12,O54907,sp|O54907|TNF12_MOUSE,2,19077.24 (95% CI:50.79 to 7166002.6),19077.2413,14.2196,50.7872,7166002.5991,95%,0.0194
Krt1,P04104,sp|P04104|K2C1_MOUSE,2,0.92 (95% CI:0.19 to 4.5),0.9218,-0.1175,0.1886,4.5043,95%,0.9062
Saa3,P04918,sp|P04918|SAA3_MOUSE,2,0.59 (95% CI:0.29 to 1.21),0.5881,-0.7659,0.2861,1.2087,95%,0.1499
Gnai2,P08752,sp|P08752|GNAI2_MOUSE,2,0.12 (95% CI:0.08 to 0.18),0.1176,-3.0877,0.0782,0.1769,95%,0.0005
App,P12023,sp|P12023|A4_MOUSE,2,8.88 (95% CI:4.17 to 18.93),8.8844,3.1513,4.1704,18.9267,95%,0.0035
Cdh2,P15116,sp|P15116|CADH2_MOUSE,2,9.68 (95% CI:0.81 to 116.3),9.682,3.2753,0.806,116.2968,95%,0.0947
Timp3,P39876,sp|P39876|TIMP3_MOUSE,2,4.38 (95% CI:3.48 to 5.51),4.3836,2.1321,3.4845,5.5146,95%,0.0003
Hspa4,Q61316,sp|Q61316|HSP74_MOUSE,2,16.45 (95% CI:12.91 to 20.96),16.4496,4.04,12.9096,20.9603,95%,0.0000
Mapk10,Q61831,sp|Q61831|MK10_MOUSE,2,82.73 (95% CI:1.11 to 6187.69),82.7291,6.3703,1.1061,6187.6914,95%,0.0730
Spr,Q64105,sp|Q64105|SPRE_MOUSE,2,3.12 (95% CI:1.67 to 5.8),3.1156,1.6395,1.674,5.7986,95%,0.0145
C1ra,Q8CG16,sp|Q8CG16|C1RA_MOUSE,2,10.8 (95% CI:9.92 to 11.75),10.7965,3.4325,9.9186,11.7521,95%,0.0000
Psmd6,Q99JI4,sp|Q99JI4|PSMD6_MOUSE,2,1.9 (95% CI:1.04 to 3.49),1.9013,0.927,1.0354,3.4912,95%,0.0676
Plxdc2,Q9DC11,sp|Q9DC11|PXDC2_MOUSE,2,11.69 (95% CI:3.21 to 42.53),11.6857,3.5467,3.2106,42.5325,95%,0.0128
Igkv2-137,A0A0B4J1H6,tr|A0A0B4J1H6|A0A0B4J1H6_MOUSE,2,2.48 (95% CI:1.61 to 3.81),2.4773,1.3088,1.6123,3.8062,95%,0.0093
Ces1h,D3Z298,tr|D3Z298|D3Z298_MOUSE,2,0.22 (95% CI:0.2 to 0.24),0.2203,-2.1823,0.1996,0.2432,95%,0.0000
Srgn,P13609,sp|P13609|SRGN_MOUSE,2,246204.93 (95% CI:132.18 to 458594956.44),246204.9277,17.9095,132.1795,458594956.4366,95%,0.0199
Fgfr1,P16092,sp|P16092|FGFR1_MOUSE,2,23.44 (95% CI:1.49 to 368.62),23.4352,4.5506,1.4899,368.6183,95%,0.0552
Lama1,P19137,sp|P19137|LAMA1_MOUSE,2,0.26 (95% CI:0.14 to 0.51),0.2648,-1.9168,0.1378,0.5092,95%,0.0105
Cbx3,P23198,sp|P23198|CBX3_MOUSE,2,3.17 (95% CI:0.01 to 1353.73),3.1721,1.6655,0.0074,1353.7279,95%,0.6574
Ces1c,P23953,sp|P23953|EST1C_MOUSE,2,0.37 (95% CI:0.33 to 0.42),0.373,-1.4229,0.3344,0.416,95%,0.0001
Rpl27,P61358,sp|P61358|RL27_MOUSE,2,0.4 (95% CI:0.31 to 0.52),0.398,-1.3293,0.305,0.5192,95%,0.0019
Elane,Q3UP87,sp|Q3UP87|ELNE_MOUSE,2,0.27 (95% CI:0.06 to 1.19),0.2744,-1.8657,0.0631,1.1929,95%,0.1028
C8g,Q8VCG4,sp|Q8VCG4|CO8G_MOUSE,2,0.2 (95% CI:0.17 to 0.24),0.2035,-2.2967,0.1738,0.2383,95%,0.0001
Gbp7,Q91Z40,sp|Q91Z40|GBP7_MOUSE,2,427.75 (95% CI:0.02 to 9815014.06),427.7486,8.7406,0.0186,9815014.0617,95%,0.2137
Myh7,Q91Z83,sp|Q91Z83|MYH7_MOUSE,2,0.17 (95% CI:0.13 to 0.23),0.1718,-2.5409,0.1268,0.2329,95%,0.0004
Lamtor1,Q9CQ22,sp|Q9CQ22|LTOR1_MOUSE,2,11745.26 (95% CI:1531.44 to 90079.28),11745.2601,13.5198,1531.4414,90079.2761,95%,0.0008
Ptgfrn,Q9WV91,sp|Q9WV91|FPRP_MOUSE,2,1158.03 (95% CI:0.56 to 2405290.53),1158.0331,10.1775,0.5575,2405290.5339,95%,0.0924
Ighv1-55,A0A075B5W6,tr|A0A075B5W6|A0A075B5W6_MOUSE,2,2.06 (95% CI:1.79 to 2.38),2.0626,1.0445,1.7868,2.3809,95%,0.0006
Znf382,B2RXC5,sp|B2RXC5|ZN382_MOUSE,2,6205.48 (95% CI:4.04 to 9524760.33),6205.478,12.5993,4.0429,9524760.3274,95%,0.0495
Krt90,E9Q1Z0,tr|E9Q1Z0|E9Q1Z0_MOUSE,2,0.77 (95% CI:0.16 to 3.67),0.7709,-0.3754,0.1621,3.6667,95%,0.6974
Rps16,P14131,sp|P14131|RS16_MOUSE,2,2.11 (95% CI:0.9 to 4.99),2.1142,1.0801,0.8952,4.993,95%,0.1050
Eif3e,P60229,sp|P60229|EIF3E_MOUSE,2,120.25 (95% CI:0.01 to 1790838.95),120.248,6.9099,0.0081,1790838.9467,95%,0.2850
Flot2,Q60634,sp|Q60634|FLOT2_MOUSE,2,0.24 (95% CI:0.22 to 0.26),0.2369,-2.0776,0.2152,0.2608,95%,0.0000
Ganab,Q8BHN3,sp|Q8BHN3|GANAB_MOUSE,2,3.36 (95% CI:2.57 to 4.39),3.3589,1.748,2.571,4.3882,95%,0.0008
Pla1a,Q8VI78,sp|Q8VI78|PLA1A_MOUSE,2,2.05 (95% CI:0.2 to 20.85),2.0495,1.0352,0.2015,20.8474,95%,0.4839
Lpin3,Q99PI4,sp|Q99PI4|LPIN3_MOUSE,2,116.99 (95% CI:0.05 to 278825.67),116.991,6.8703,0.0491,278825.6681,95%,0.2086
Uqcrq,Q9CQ69,sp|Q9CQ69|QCR8_MOUSE,2,0.16 (95% CI:0.08 to 0.29),0.1556,-2.6838,0.0835,0.29,95%,0.0031
Coro7,Q9D2V7,sp|Q9D2V7|CORO7_MOUSE,2,8.9 (95% CI:1.19 to 66.79),8.8998,3.1538,1.1859,66.7903,95%,0.0632
Igkv14-130,A0A075B5J7,tr|A0A075B5J7|A0A075B5J7_MOUSE,2,2.67 (95% CI:2.06 to 3.48),2.6734,1.4187,2.0564,3.4756,95%,0.0015
Ighv5-6,A0A075B5Q0,tr|A0A075B5Q0|A0A075B5Q0_MOUSE,2,1.14 (95% CI:0.82 to 1.59),1.1425,0.1923,0.821,1.59,95%,0.3712
Eif4a2,P10630,sp|P10630|IF4A2_MOUSE,2,0.75 (95% CI:0.41 to 1.36),0.7469,-0.4211,0.4087,1.3649,95%,0.2959
Serpine1,P22777,sp|P22777|PAI1_MOUSE,2,0.84 (95% CI:0.23 to 3.14),0.8442,-0.2443,0.2272,3.1362,95%,0.7651
Marcks,P26645,sp|P26645|MARCS_MOUSE,2,0.66 (95% CI:0.14 to 3.25),0.6648,-0.5889,0.1362,3.2463,95%,0.5528
Saa4,P31532,sp|P31532|SAA4_MOUSE,2,0.56 (95% CI:0.51 to 0.61),0.561,-0.8338,0.5126,0.614,95%,0.0003
Rab11a,P62492,sp|P62492|RB11A_MOUSE,2,2.17 (95% CI:1.01 to 4.62),2.165,1.1144,1.0148,4.6191,95%,0.0737
G6pdx,Q00612,sp|Q00612|G6PD1_MOUSE,2,1 (95% CI:0.71 to 1.4),0.9959,-0.006,0.7077,1.4013,95%,0.9777
Hnrnpd,Q60668,sp|Q60668|HNRPD_MOUSE,2,1168.79 (95% CI:6.08 to 224838.3),1168.7889,10.1908,6.0758,224838.3049,95%,0.0356
Cfhr1,Q61406,tr|Q61406|Q61406_MOUSE,2,0.26 (95% CI:0.14 to 0.47),0.2577,-1.9562,0.1419,0.4681,95%,0.0073
Rps27l,Q6ZWY3,sp|Q6ZWY3|RS27L_MOUSE,2,3.3 (95% CI:1.37 to 7.96),3.3048,1.7246,1.3718,7.9617,95%,0.0344
Olfml3,Q8BK62,sp|Q8BK62|OLFL3_MOUSE,2,1.17 (95% CI:1.01 to 1.36),1.1713,0.2281,1.009,1.3597,95%,0.0672
Nampt,Q99KQ4,sp|Q99KQ4|NAMPT_MOUSE,2,0.65 (95% CI:0.15 to 2.8),0.6486,-0.6247,0.1501,2.8029,95%,0.5009
Popdc3,Q9ES81,sp|Q9ES81|POPD3_MOUSE,2,226.1 (95% CI:122.22 to 418.28),226.0982,7.8208,122.2168,418.2763,95%,0.0001
Hyou1,Q9JKR6,sp|Q9JKR6|HYOU1_MOUSE,2,3.42 (95% CI:2.8 to 4.16),3.4156,1.7722,2.8013,4.1648,95%,0.0003
Hnrnpdl,Q9Z130,sp|Q9Z130|HNRDL_MOUSE,2,1168.79 (95% CI:6.08 to 224838.3),1168.7889,10.1908,6.0758,224838.3049,95%,0.0356
Ighv1-9,A0A075B5T9,tr|A0A075B5T9|A0A075B5T9_MOUSE,2,7.29 (95% CI:6.71 to 7.92),7.2913,2.8662,6.7094,7.9238,95%,0.0000
Ighd,A0A0A6YW14,tr|A0A0A6YW14|A0A0A6YW14_MOUSE,2,2.32 (95% CI:0.65 to 8.26),2.3151,1.2111,0.6486,8.2638,95%,0.1835
H2ac7,C0HKE3,sp|C0HKE3|H2A1D_MOUSE,2,27.79 (95% CI:22.46 to 34.38),27.7876,4.7964,22.4567,34.384,95%,0.0000
Nadk,P58058,sp|P58058|NADK_MOUSE,2,0.23 (95% CI:0.01 to 8.81),0.2322,-2.1066,0.0061,8.8064,95%,0.3729
Cnpy4,Q8BQ47,sp|Q8BQ47|CNPY4_MOUSE,2,0.67 (95% CI:0.2 to 2.27),0.6678,-0.5824,0.1962,2.2729,95%,0.4567
Ndufv1,Q91YT0,sp|Q91YT0|NDUV1_MOUSE,2,0.48 (95% CI:0.22 to 1.05),0.476,-1.071,0.2165,1.0463,95%,0.0883
Lims1,Q99JW4,sp|Q99JW4|LIMS1_MOUSE,2,5200.44 (95% CI:2.32 to 11670828.66),5200.4421,12.3444,2.3173,11670828.6605,95%,0.0597
Cpq,Q9WVJ3,sp|Q9WVJ3|CBPQ_MOUSE,2,1.27 (95% CI:1.16 to 1.39),1.2706,0.3455,1.1599,1.3919,95%,0.0046
Ighv1-50,A0A075B5W1,tr|A0A075B5W1|A0A075B5W1_MOUSE,2,0.53 (95% CI:0.42 to 0.67),0.5337,-0.9059,0.4221,0.6747,95%,0.0044
Igkv8-21,A0A140T8P7,tr|A0A140T8P7|A0A140T8P7_MOUSE,2,0.78 (95% CI:0.65 to 0.94),0.7803,-0.358,0.6503,0.9362,95%,0.0343
Krt36,B1AQ75,sp|B1AQ75|KRT36_MOUSE,2,0.34 (95% CI:0.07 to 1.57),0.3414,-1.5503,0.0741,1.5735,95%,0.1630
Ckm,P07310,sp|P07310|KCRM_MOUSE,2,0.08 (95% CI:0.06 to 0.11),0.0849,-3.5578,0.0628,0.1149,95%,0.0001
Phkg1,P07934,sp|P07934|PHKG1_MOUSE,2,57.03 (95% CI:0 to 4289526.47),57.0264,5.8336,0.0008,4289526.4689,95%,0.4193
Fgl2,P12804,sp|P12804|FGL2_MOUSE,2,11.14 (95% CI:2.67 to 46.54),11.1408,3.4778,2.6669,46.5406,95%,0.0185
Usp10,P52479,sp|P52479|UBP10_MOUSE,2,1.45 (95% CI:0.95 to 2.21),1.4456,0.5316,0.9467,2.2073,95%,0.1051
Arhgap45,Q3TBD2,sp|Q3TBD2|HMHA1_MOUSE,2,20198.89 (95% CI:18260.11 to 22343.52),20198.8884,14.302,18260.111,22343.5166,95%,0.0000
Trap1,Q9CQN1,sp|Q9CQN1|TRAP1_MOUSE,2,169.23 (95% CI:74 to 387),169.2308,7.4028,74.0022,387.0028,95%,0.0003
Rab1b,Q9D1G1,sp|Q9D1G1|RAB1B_MOUSE,2,5.94 (95% CI:1.21 to 29.09),5.9363,2.5696,1.2112,29.0935,95%,0.0581
Psmd12,Q9D8W5,sp|Q9D8W5|PSD12_MOUSE,2,9.64 (95% CI:2.16 to 42.98),9.642,3.2693,2.1629,42.9834,95%,0.0256
Ehd1,Q9WVK4,sp|Q9WVK4|EHD1_MOUSE,2,0.8 (95% CI:0.61 to 1.04),0.7978,-0.3259,0.6138,1.037,95%,0.1074
Apob,E9Q414,sp|E9Q414|APOB_MOUSE,2,0.86 (95% CI:0.82 to 0.9),0.855,-0.226,0.8161,0.8957,95%,0.0021
Igkv2-112,P01627,sp|P01627|KV2A2_MOUSE,2,3.86 (95% CI:1.83 to 8.16),3.8617,1.9492,1.8282,8.1568,95%,0.0150
Hbz,P06467,sp|P06467|HBAZ_MOUSE,2,0.11 (95% CI:0.09 to 0.15),0.1146,-3.1255,0.0878,0.1495,95%,0.0001
Tnni2,P13412,sp|P13412|TNNI2_MOUSE,2,11.8 (95% CI:4.91 to 28.34),11.7967,3.5603,4.9107,28.3385,95%,0.0037
Sptb,P15508,sp|P15508|SPTB1_MOUSE,2,0.5 (95% CI:0.24 to 1.01),0.4975,-1.0074,0.244,1.0143,95%,0.0809
Tubb5,P99024,sp|P99024|TBB5_MOUSE,2,48.25 (95% CI:17.89 to 130.12),48.2547,5.5926,17.8949,130.1212,95%,0.0013
Prss48,Q14B25,sp|Q14B25|PRS48_MOUSE,2,5264.28 (95% CI:8.4 to 3298070.8),5264.2778,12.362,8.4027,3298070.7974,95%,0.0365
Spag9,Q58A65,sp|Q58A65|JIP4_MOUSE,2,39257.84 (95% CI:36711.62 to 41980.66),39257.8363,15.2607,36711.6154,41980.6563,95%,0.0000
Krt32,Q62168,sp|Q62168|K1H2_MOUSE,2,0.34 (95% CI:0.07 to 1.57),0.3414,-1.5503,0.0741,1.5735,95%,0.1630
Bzw1,Q9CQC6,sp|Q9CQC6|5MP2_MOUSE,2,0.93 (95% CI:0.68 to 1.28),0.9328,-0.1003,0.6785,1.2825,95%,0.6128
Prxl2a,Q9CYH2,sp|Q9CYH2|PXL2A_MOUSE,2,0.37 (95% CI:0.12 to 1.11),0.3668,-1.4469,0.1208,1.1138,95%,0.0971
Chst1,Q9EQC0,sp|Q9EQC0|CHST1_MOUSE,2,80.72 (95% CI:0.01 to 1214783.39),80.7182,6.3348,0.0054,1214783.3893,95%,0.3187
Igkv10-96,A0A140T8M1,tr|A0A140T8M1|A0A140T8M1_MOUSE,2,0.82 (95% CI:0.79 to 0.86),0.8203,-0.2858,0.7865,0.8555,95%,0.0007
Bin2,D3Z6Q9,sp|D3Z6Q9|BIN2_MOUSE,2,4.59 (95% CI:2.63 to 8.02),4.5906,2.1987,2.6263,8.024,95%,0.0042
Nolc1,E9Q5C9,sp|E9Q5C9|NOLC1_MOUSE,2,0.27 (95% CI:0.03 to 2.44),0.2687,-1.8957,0.0296,2.443,95%,0.2187
Mmp8,O70138,sp|O70138|MMP8_MOUSE,2,3.29 (95% CI:2 to 5.4),3.2898,1.718,2.0028,5.4038,95%,0.0062
Prkar2a,P12367,sp|P12367|KAP2_MOUSE,2,158405.07 (95% CI:129631.08 to 193565.96),158405.0679,17.2733,129631.0838,193565.9627,95%,0.0000
Mmp3,P28862,sp|P28862|MMP3_MOUSE,2,1.24 (95% CI:0.27 to 5.62),1.2396,0.3099,0.2735,5.6193,95%,0.7407
Rab6a,P35279,sp|P35279|RAB6A_MOUSE,2,6.88 (95% CI:2.05 to 23.13),6.8801,2.7824,2.0466,23.129,95%,0.0222
Tkt,P40142,sp|P40142|TKT_MOUSE,2,0.3 (95% CI:0.17 to 0.53),0.2987,-1.7431,0.1697,0.5258,95%,0.0089
Gm6760,Q0ZNK3,tr|Q0ZNK3|Q0ZNK3_MOUSE,2,20015.73 (95% CI:53.58 to 7477427.35),20015.7252,14.2888,53.5785,7477427.3511,95%,0.0191
Sdf4,Q61112,sp|Q61112|CAB45_MOUSE,2,1.55 (95% CI:0.32 to 7.45),1.5532,0.6352,0.3238,7.4507,95%,0.5202
Cd34,Q64314,sp|Q64314|CD34_MOUSE,2,120984.65 (95% CI:100112.04 to 146209.03),120984.6458,16.8845,100112.0414,146209.0305,95%,0.0000
St8sia4,Q64692,sp|Q64692|SIA8D_MOUSE,2,40.58 (95% CI:10.3 to 159.92),40.5753,5.3425,10.295,159.9169,95%,0.0043
Cmya5,Q70KF4,sp|Q70KF4|CMYA5_MOUSE,2,27558.18 (95% CI:9767.2 to 77755.49),27558.1784,14.7502,9767.1976,77755.4864,95%,0.0001
Spp2,Q8K1I3,sp|Q8K1I3|SPP24_MOUSE,2,13.69 (95% CI:11.87 to 15.78),13.6865,3.7747,11.8726,15.7776,95%,0.0000
Oga,Q9EQQ9,sp|Q9EQQ9|OGA_MOUSE,2,1125.24 (95% CI:0.05 to 23344852),1125.236,10.136,0.0542,23344851.9973,95%,0.1621
Add1,Q9QYC0,sp|Q9QYC0|ADDA_MOUSE,2,589.02 (95% CI:0.26 to 1356673.54),589.0204,9.2022,0.2557,1356673.5429,95%,0.1186
Gdf2,Q9WV56,sp|Q9WV56|GDF2_MOUSE,2,16.85 (95% CI:3.02 to 93.84),16.8469,4.0744,3.0245,93.8409,95%,0.0200
Napsa,O09043,sp|O09043|NAPSA_MOUSE,2,0.72 (95% CI:0.62 to 0.84),0.7212,-0.4714,0.6226,0.8355,95%,0.0079
Rgs9,O54828,sp|O54828|RGS9_MOUSE,2,2.33 (95% CI:0.14 to 38.67),2.3296,1.2201,0.1403,38.6734,95%,0.4944
Lamc1,P02468,sp|P02468|LAMC1_MOUSE,2,8.69 (95% CI:1.96 to 38.5),8.69,3.1194,1.9613,38.5028,95%,0.0285
Tln1,P26039,sp|P26039|TLN1_MOUSE,2,0.97 (95% CI:NaN to NaN),0.9657,-0.0504,NaN,NaN,95%,1.0000
Actr2,P61161,sp|P61161|ARP2_MOUSE,2,27654.82 (95% CI:24403.87 to 31338.83),27654.817,14.7552,24403.8736,31338.8322,95%,0.0000
Ap1s1,P61967,sp|P61967|AP1S1_MOUSE,2,1694.86 (95% CI:0.75 to 3806783.73),1694.8551,10.7269,0.7546,3806783.7313,95%,0.0840
Prkcq,Q02111,sp|Q02111|KPCT_MOUSE,2,0.59 (95% CI:0.13 to 2.62),0.5882,-0.7657,0.1318,2.625,95%,0.4255
Postn,Q62009,sp|Q62009|POSTN_MOUSE,2,0.78 (95% CI:0.27 to 2.23),0.7768,-0.3645,0.27,2.2344,95%,0.5810
Plcg1,Q62077,sp|Q62077|PLCG1_MOUSE,2,3.31 (95% CI:0.42 to 26.04),3.3144,1.7287,0.4218,26.0418,95%,0.2276
Cavin2,Q63918,sp|Q63918|CAVN2_MOUSE,2,1.77 (95% CI:0.51 to 6.17),1.7688,0.8228,0.5072,6.1682,95%,0.3187
Kctd12,Q6WVG3,sp|Q6WVG3|KCD12_MOUSE,2,5403.02 (95% CI:2800.59 to 10423.73),5403.0192,12.3996,2800.5917,10423.7318,95%,0.0000
Tnc,Q80YX1,sp|Q80YX1|TENA_MOUSE,2,6.27 (95% CI:1.78 to 22.06),6.2744,2.6495,1.7847,22.0585,95%,0.0281
H2ac15,Q8CGP7,sp|Q8CGP7|H2A1K_MOUSE,2,27.79 (95% CI:22.46 to 34.38),27.7876,4.7964,22.4567,34.384,95%,0.0000
Gm10358,A0A1D5RLD8,tr|A0A1D5RLD8|A0A1D5RLD8_MOUSE,2,13.96 (95% CI:10.13 to 19.24),13.959,3.8031,10.1295,19.2363,95%,0.0001
Krt8,P11679,sp|P11679|K2C8_MOUSE,2,1.47 (95% CI:0.49 to 4.38),1.4682,0.5541,0.4923,4.3786,95%,0.4291
S100a6,P14069,sp|P14069|S10A6_MOUSE,2,108.76 (95% CI:0 to 9958021.3),108.7561,6.765,0.0012,9958021.3009,95%,0.3639
Sar1a,P36536,sp|P36536|SAR1A_MOUSE,2,13544.22 (95% CI:7.12 to 25752686.46),13544.2218,13.7254,7.1234,25752686.4636,95%,0.0426
Slc25a1,Q8JZU2,sp|Q8JZU2|TXTP_MOUSE,2,1.38 (95% CI:0.44 to 4.39),1.3837,0.4686,0.4361,4.3902,95%,0.5196
Hnrnpu,Q8VEK3,sp|Q8VEK3|HNRPU_MOUSE,2,1 (95% CI:0.75 to 1.33),1.0024,0.0035,0.7549,1.331,95%,0.9841
Ppp6c,Q9CQR6,sp|Q9CQR6|PPP6_MOUSE,2,22.78 (95% CI:8.51 to 60.94),22.7787,4.5096,8.5144,60.9403,95%,0.0025
Ctrl,Q9ER05,tr|Q9ER05|Q9ER05_MOUSE,2,0.55 (95% CI:0.37 to 0.84),0.5537,-0.8529,0.3665,0.8364,95%,0.0297
Atp2b2,Q9R0K7,sp|Q9R0K7|AT2B2_MOUSE,2,473.07 (95% CI:0.16 to 1414186.81),473.0718,8.8859,0.1583,1414186.8086,95%,0.1366
Krt78,E9Q0F0,tr|E9Q0F0|E9Q0F0_MOUSE,2,1.63 (95% CI:0.52 to 5.19),1.6347,0.709,0.5152,5.1865,95%,0.3481
Muc5b,E9Q5I3,tr|E9Q5I3|E9Q5I3_MOUSE,2,9.9 (95% CI:0.92 to 106.36),9.9023,3.3078,0.9219,106.3582,95%,0.0836
Adam10,O35598,sp|O35598|ADA10_MOUSE,2,2.41 (95% CI:1.32 to 4.4),2.41,1.269,1.3211,4.3965,95%,0.0279
Pglyrp1,O88593,sp|O88593|PGRP1_MOUSE,2,1.2 (95% CI:0.52 to 2.78),1.2002,0.2633,0.5188,2.7766,95%,0.6140
Igh-1a,P01865,sp|P01865|GCAM_MOUSE,2,0.64 (95% CI:0.59 to 0.7),0.6415,-0.6404,0.5901,0.6974,95%,0.0005
Rplp0,P14869,sp|P14869|RLA0_MOUSE,2,3.39 (95% CI:0.41 to 28.19),3.3905,1.7615,0.4078,28.1928,95%,0.2308
Rab11b,P46638,sp|P46638|RB11B_MOUSE,2,2.17 (95% CI:1.01 to 4.62),2.165,1.1144,1.0148,4.6191,95%,0.0737
Aplp2,Q06335,sp|Q06335|APLP2_MOUSE,2,3.56 (95% CI:2.22 to 5.71),3.5599,1.8318,2.2184,5.7127,95%,0.0044
Dmbt1,Q60997,sp|Q60997|DMBT1_MOUSE,2,0.99 (95% CI:0.72 to 1.36),0.9856,-0.0209,0.7155,1.3577,95%,0.9175
Atl3,Q91YH5,sp|Q91YH5|ATLA3_MOUSE,2,0.51 (95% CI:0.25 to 1.04),0.5083,-0.9763,0.2474,1.0442,95%,0.0888
Cpn2,Q9DBB9,sp|Q9DBB9|CPN2_MOUSE,2,3.55 (95% CI:3.2 to 3.93),3.5455,1.826,3.1974,3.9315,95%,0.0000
Slc34a2,Q9DBP0,sp|Q9DBP0|NPT2B_MOUSE,2,2.62 (95% CI:1.74 to 3.95),2.6166,1.3877,1.7353,3.9454,95%,0.0066
Tcf23,Q9JLR5,sp|Q9JLR5|TCF23_MOUSE,2,7.87 (95% CI:0.16 to 386.22),7.8695,2.9763,0.1603,386.2246,95%,0.2613
Lipo1,F6WYC8,tr|F6WYC8|F6WYC8_MOUSE,2,77.42 (95% CI:0.01 to 585816.4),77.4216,6.2747,0.0102,585816.4016,95%,0.2940
Gm5629,P06327,sp|P06327|HVM52_MOUSE,2,1.92 (95% CI:1.27 to 2.91),1.9215,0.9422,1.2701,2.9069,95%,0.0227
H2bc14,P10854,sp|P10854|H2B1M_MOUSE,2,18.5 (95% CI:14.58 to 23.49),18.502,4.2096,14.5759,23.4855,95%,0.0000
Mmp9,P41245,sp|P41245|MMP9_MOUSE,2,5.93 (95% CI:3.6 to 9.78),5.9285,2.5677,3.5956,9.7752,95%,0.0018
Hk3,Q3TRM8,sp|Q3TRM8|HXK3_MOUSE,2,2.14 (95% CI:0.98 to 4.7),2.1445,1.1007,0.978,4.7025,95%,0.0828
Col12a1,Q60847,sp|Q60847|COCA1_MOUSE,2,4.35 (95% CI:4.2 to 4.5),4.3468,2.1199,4.1967,4.5022,95%,0.0000
Fgfr3,Q61851,sp|Q61851|FGFR3_MOUSE,2,0.13 (95% CI:0.08 to 0.2),0.128,-2.9663,0.082,0.1998,95%,0.0008
Dnm3,Q8BZ98,sp|Q8BZ98|DYN3_MOUSE,2,4552.18 (95% CI:1.15 to 18032269.99),4552.1831,12.1523,1.1492,18032269.987,95%,0.0742
Antxr1,Q9CZ52,sp|Q9CZ52|ANTR1_MOUSE,2,13.55 (95% CI:5.79 to 31.73),13.5528,3.7605,5.7884,31.7319,95%,0.0028
Ighv3-8,A0A075B5T0,tr|A0A075B5T0|A0A075B5T0_MOUSE,2,7.66 (95% CI:1.25 to 46.96),7.6589,2.9371,1.2491,46.9601,95%,0.0578
Ighv8-5,A0A0A6YY60,tr|A0A0A6YY60|A0A0A6YY60_MOUSE,2,1.45 (95% CI:0.99 to 2.12),1.447,0.5331,0.9875,2.1203,95%,0.0834
Adgrf5,G5E8Q8,sp|G5E8Q8|AGRF5_MOUSE,2,6.83 (95% CI:1.74 to 26.87),6.8288,2.7716,1.7353,26.8738,95%,0.0317
H2-Q8,P14430,sp|P14430|HA18_MOUSE,2,9.18 (95% CI:5.66 to 14.87),9.1758,3.1978,5.6636,14.8659,95%,0.0008
Klk1b5,P15945,sp|P15945|K1KB5_MOUSE,2,0.15 (95% CI:0.07 to 0.32),0.1491,-2.7457,0.0696,0.3193,95%,0.0054
Gna13,P27601,sp|P27601|GNA13_MOUSE,2,0.05 (95% CI:0.01 to 0.16),0.0454,-4.4621,0.0132,0.1557,95%,0.0053
Rps4x,P62702,sp|P62702|RS4X_MOUSE,2,2.2 (95% CI:0.14 to 35.45),2.196,1.1349,0.136,35.4498,95%,0.5181
Slc25a31,Q3V132,sp|Q3V132|ADT4_MOUSE,2,8.75 (95% CI:6.3 to 12.16),8.7545,3.13,6.3025,12.1605,95%,0.0002
Srrm2,Q8BTI8,sp|Q8BTI8|SRRM2_MOUSE,2,0.88 (95% CI:0.04 to 18.41),0.881,-0.1828,0.0422,18.4127,95%,0.9234
Matr3,Q8K310,sp|Q8K310|MATR3_MOUSE,2,3.14 (95% CI:1.23 to 8.04),3.1394,1.6505,1.2265,8.0358,95%,0.0467
Mcam,Q8R2Y2,sp|Q8R2Y2|MUC18_MOUSE,2,7.56 (95% CI:3.75 to 15.23),7.5551,2.9174,3.7489,15.2253,95%,0.0035
Chst12,Q99LL3,sp|Q99LL3|CHSTC_MOUSE,2,8.44 (95% CI:2.52 to 28.28),8.4365,3.0766,2.5167,28.2808,95%,0.0162
,Q9D131,sp|Q9D131|CK001_MOUSE,2,5.18 (95% CI:2.63 to 10.23),5.1839,2.374,2.628,10.2253,95%,0.0060
Dlst,Q9D2G2,sp|Q9D2G2|ODO2_MOUSE,2,5.6 (95% CI:0.17 to 185.82),5.6042,2.4865,0.169,185.8217,95%,0.2901
Hmgn5,Q9JL35,sp|Q9JL35|HMGN5_MOUSE,2,419.07 (95% CI:0 to 35843869.13),419.0722,8.7111,0.0049,35843869.1309,95%,0.2612
Ppt1,O88531,sp|O88531|PPT1_MOUSE,2,12171.75 (95% CI:11358.04 to 13043.74),12171.7451,13.5712,11358.0438,13043.7407,95%,0.0000
Icam1,P13597,sp|P13597|ICAM1_MOUSE,2,1.86 (95% CI:1.7 to 2.04),1.8637,0.8982,1.7017,2.0411,95%,0.0002
Dnm1,P39053,sp|P39053|DYN1_MOUSE,2,55206.51 (95% CI:49502.74 to 61567.48),55206.5146,15.7526,49502.7448,61567.48,95%,0.0000
Sftpd,P50404,sp|P50404|SFTPD_MOUSE,2,4.05 (95% CI:1.66 to 9.89),4.0466,2.0167,1.655,9.8942,95%,0.0233
Dynlt1,P51807,sp|P51807|DYLT1_MOUSE,2,479.48 (95% CI:0.13 to 1704267.65),479.4818,8.9053,0.1349,1704267.6492,95%,0.1424
Psme1,P97371,sp|P97371|PSME1_MOUSE,2,2.27 (95% CI:1.17 to 4.38),2.2651,1.1795,1.1706,4.383,95%,0.0447
Nucb1,Q02819,sp|Q02819|NUCB1_MOUSE,2,8.16 (95% CI:6.72 to 9.92),8.1637,3.0292,6.7177,9.921,95%,0.0001
Cd300lg,Q1ERP8,sp|Q1ERP8|CLM9_MOUSE,2,0.42 (95% CI:0.25 to 0.69),0.4184,-1.2569,0.253,0.692,95%,0.0172
Tubal3,Q3UX10,sp|Q3UX10|TBAL3_MOUSE,2,43.43 (95% CI:13.46 to 140.16),43.4339,5.4407,13.46,140.1566,95%,0.0024
Bcap31,Q61335,sp|Q61335|BAP31_MOUSE,2,4.18 (95% CI:0.92 to 18.89),4.1763,2.0622,0.9234,18.8878,95%,0.0872
Sez6l,Q6P1D5,sp|Q6P1D5|SE6L1_MOUSE,2,2.03 (95% CI:1.29 to 3.2),2.0274,1.0196,1.2857,3.1969,95%,0.0238
Asph,Q8BSY0,sp|Q8BSY0|ASPH_MOUSE,2,8.48 (95% CI:3.85 to 18.65),8.4789,3.0839,3.8538,18.6549,95%,0.0042
H2ac12,Q8CGP6,sp|Q8CGP6|H2A1H_MOUSE,2,27.79 (95% CI:22.46 to 34.38),27.7876,4.7964,22.4567,34.384,95%,0.0000
Eif6,O55135,sp|O55135|IF6_MOUSE,2,1061.01 (95% CI:0.03 to 37782165.96),1061.0115,10.0512,0.0298,37782165.9626,95%,0.1812
Tpp1,O89023,sp|O89023|TPP1_MOUSE,2,3.35 (95% CI:0.58 to 19.36),3.3542,1.746,0.5811,19.3589,95%,0.1685
Aldoa,P05064,sp|P05064|ALDOA_MOUSE,2,0.38 (95% CI:0.34 to 0.42),0.3762,-1.4103,0.3381,0.4186,95%,0.0001
Psmd3,P14685,sp|P14685|PSMD3_MOUSE,2,7.89 (95% CI:1.61 to 38.64),7.8876,2.9796,1.61,38.6425,95%,0.0391
Cryab,P23927,sp|P23927|CRYAB_MOUSE,2,2.16 (95% CI:0.11 to 43.11),2.1617,1.1122,0.1084,43.1125,95%,0.5528
Kctd16,Q5DTY9,sp|Q5DTY9|KCD16_MOUSE,2,108.13 (95% CI:25.87 to 452.05),108.1331,6.7567,25.8663,452.0471,95%,0.0023
Krt79,Q8VED5,sp|Q8VED5|K2C79_MOUSE,2,0.72 (95% CI:0.16 to 3.13),0.7172,-0.4796,0.1642,3.1317,95%,0.6031
Mapk8,Q91Y86,sp|Q91Y86|MK08_MOUSE,2,82.73 (95% CI:1.11 to 6187.69),82.7291,6.3703,1.1061,6187.6914,95%,0.0730
Tor3a,Q9ER38,sp|Q9ER38|TOR3A_MOUSE,2,2.22 (95% CI:0.22 to 21.98),2.2204,1.1508,0.2243,21.982,95%,0.4327
Iqgap1,Q9JKF1,sp|Q9JKF1|IQGA1_MOUSE,2,5.71 (95% CI:2.2 to 14.87),5.7143,2.5146,2.1957,14.8715,95%,0.0147
Sae1,Q9R1T2,sp|Q9R1T2|SAE1_MOUSE,2,29.65 (95% CI:0 to 495578.95),29.654,4.8902,0.0018,495578.9486,95%,0.4320
Eif2s3x,Q9Z0N1,sp|Q9Z0N1|IF2G_MOUSE,2,2.18 (95% CI:1.65 to 2.87),2.1809,1.1249,1.6549,2.8741,95%,0.0037
Cavin1,O54724,sp|O54724|CAVN1_MOUSE,2,2195.79 (95% CI:0.58 to 8373376.35),2195.7857,11.1005,0.5758,8373376.3522,95%,0.0903
Idh1,O88844,sp|O88844|IDHC_MOUSE,2,0.52 (95% CI:0.33 to 0.82),0.5165,-0.9533,0.3269,0.8159,95%,0.0289
Mpo,P11247,sp|P11247|PERM_MOUSE,2,1.26 (95% CI:1 to 1.59),1.2621,0.3358,1.0014,1.5906,95%,0.0760
Ap2a2,P17427,sp|P17427|AP2A2_MOUSE,2,2.9 (95% CI:1.17 to 7.2),2.9034,1.5377,1.1706,7.2009,95%,0.0516
Gnao1,P18872,sp|P18872|GNAO_MOUSE,2,0.06 (95% CI:0.02 to 0.14),0.0581,-4.1047,0.0235,0.1435,95%,0.0026
Mylk,Q6PDN3,sp|Q6PDN3|MYLK_MOUSE,2,0.28 (95% CI:0.06 to 1.38),0.276,-1.8573,0.0554,1.3754,95%,0.1258
Pcyt1b,Q811Q9,sp|Q811Q9|PCY1B_MOUSE,2,899.3 (95% CI:0.08 to 10650289.82),899.3002,9.8127,0.0759,10650289.8201,95%,0.1548
Eif5a2,Q8BGY2,sp|Q8BGY2|IF5A2_MOUSE,2,6.2 (95% CI:5.65 to 6.81),6.1994,2.6321,5.6469,6.806,95%,0.0000
Rab3b,Q9CZT8,sp|Q9CZT8|RAB3B_MOUSE,2,6.13 (95% CI:1.82 to 20.69),6.1329,2.6166,1.8182,20.687,95%,0.0264
Igkv1-117,A0A140T8M0,tr|A0A140T8M0|A0A140T8M0_MOUSE,2,4.02 (95% CI:2.76 to 5.85),4.0185,2.0066,2.7594,5.8519,95%,0.0016
Krt24,A1L317,sp|A1L317|K1C24_MOUSE,2,0.34 (95% CI:0.07 to 1.57),0.3414,-1.5503,0.0741,1.5735,95%,0.1630
Rab33b,O35963,sp|O35963|RB33B_MOUSE,2,6.13 (95% CI:1.82 to 20.69),6.1329,2.6166,1.8182,20.687,95%,0.0264
Ptprc,P06800,sp|P06800|PTPRC_MOUSE,2,3.38 (95% CI:0.66 to 17.25),3.3767,1.7556,0.6611,17.2474,95%,0.1460
Rpl7,P14148,sp|P14148|RL7_MOUSE,2,0.21 (95% CI:0.04 to 1.27),0.2119,-2.2388,0.0354,1.2667,95%,0.1058
Masp1,P98064,sp|P98064|MASP1_MOUSE,2,29.54 (95% CI:18.38 to 47.46),29.5362,4.8844,18.3827,47.4569,95%,0.0002
Apoc4,Q61268,sp|Q61268|APOC4_MOUSE,2,4.84 (95% CI:3.58 to 6.54),4.8391,2.2747,3.5823,6.5369,95%,0.0048
Hp,Q61646,sp|Q61646|HPT_MOUSE,2,0.18 (95% CI:0.16 to 0.19),0.1765,-2.502,0.1623,0.192,95%,0.0000
Wdr44,Q6NVE8,sp|Q6NVE8|WDR44_MOUSE,2,1.03 (95% CI:0.93 to 1.13),1.0264,0.0377,0.934,1.128,95%,0.5258
Golim4,Q8BXA1,sp|Q8BXA1|GOLI4_MOUSE,2,200524.89 (95% CI:183554.65 to 219064.09),200524.8933,17.6134,183554.6482,219064.0946,95%,0.0000
Ppm1f,Q8CGA0,sp|Q8CGA0|PPM1F_MOUSE,2,0.41 (95% CI:0.12 to 1.39),0.4146,-1.2702,0.1239,1.3869,95%,0.1532
Pttg1ip,Q8R143,sp|Q8R143|PTTG_MOUSE,2,142.39 (95% CI:0.03 to 668969.72),142.3943,7.1537,0.0303,668969.7181,95%,0.2245
Krt16,Q9Z2K1,sp|Q9Z2K1|K1C16_MOUSE,2,0.51 (95% CI:0.1 to 2.72),0.5092,-0.9738,0.0955,2.7152,95%,0.3712
Capns1,O88456,sp|O88456|CPNS1_MOUSE,2,3.07 (95% CI:2.47 to 3.83),3.075,1.6206,2.4676,3.8318,95%,0.0006
Csn1s2b,P02664,sp|P02664|CS2LB_MOUSE,2,5.06 (95% CI:2.71 to 9.43),5.0552,2.3378,2.7104,9.4287,95%,0.0048
Mapt,P10637,sp|P10637|TAU_MOUSE,2,3.23 (95% CI:1.53 to 6.82),3.2296,1.6914,1.5287,6.8233,95%,0.0232
Cox6b1,P56391,sp|P56391|CX6B1_MOUSE,2,14.54 (95% CI:3.65 to 57.88),14.5378,3.8617,3.6517,57.8766,95%,0.0121
Csrnp1,P59054,sp|P59054|CSRN1_MOUSE,2,33.95 (95% CI:0.06 to 19480.31),33.9526,5.0855,0.0592,19480.3087,95%,0.2443
Yes1,Q04736,sp|Q04736|YES_MOUSE,2,520.08 (95% CI:0.35 to 771135.89),520.0823,9.0226,0.3508,771135.8869,95%,0.1087
Tubb2a,Q7TMM9,sp|Q7TMM9|TBB2A_MOUSE,2,31.51 (95% CI:15.21 to 65.29),31.511,4.9778,15.2088,65.2875,95%,0.0007
Krt84,Q99M73,sp|Q99M73|KRT84_MOUSE,2,1.35 (95% CI:0.42 to 4.36),1.3517,0.4348,0.4191,4.3594,95%,0.5528
Ppbp,Q9EQI5,tr|Q9EQI5|Q9EQI5_MOUSE,2,0.23 (95% CI:0.19 to 0.29),0.2328,-2.1028,0.1884,0.2877,95%,0.0002
Uba2,Q9Z1F9,sp|Q9Z1F9|SAE2_MOUSE,2,4.62 (95% CI:1.8 to 11.87),4.6165,2.2068,1.7959,11.8672,95%,0.0210
Hnrnpc,Q9Z204,sp|Q9Z204|HNRPC_MOUSE,2,0.24 (95% CI:0.01 to 5.99),0.2416,-2.0495,0.0097,5.9934,95%,0.3321
Ighv11-2,A0A075B5R8,tr|A0A075B5R8|A0A075B5R8_MOUSE,2,18.27 (95% CI:4.62 to 72.2),18.2683,4.1913,4.622,72.2044,95%,0.0093
Ighv8-11,A0A075B5X4,tr|A0A075B5X4|A0A075B5X4_MOUSE,2,1.45 (95% CI:0.99 to 2.12),1.447,0.5331,0.9875,2.1203,95%,0.0834
Api5,O35841,sp|O35841|API5_MOUSE,2,4.39 (95% CI:1.65 to 11.71),4.3919,2.1349,1.6477,11.7066,95%,0.0258
Cfd,P03953,sp|P03953|CFAD_MOUSE,2,105.03 (95% CI:41.39 to 266.53),105.0289,6.7146,41.3877,266.5299,95%,0.0006
Ighv1-72,P06328,sp|P06328|HVM49_MOUSE,2,3.18 (95% CI:1.6 to 6.31),3.1799,1.669,1.6032,6.3075,95%,0.0184
Pfkl,P12382,sp|P12382|PFKAL_MOUSE,2,5.78 (95% CI:3.91 to 8.54),5.7805,2.5312,3.911,8.5434,95%,0.0008
Kdr,P35918,sp|P35918|VGFR2_MOUSE,2,0.36 (95% CI:0.03 to 4.1),0.3565,-1.488,0.031,4.0973,95%,0.3513
Igfbp4,P47879,sp|P47879|IBP4_MOUSE,2,0.74 (95% CI:0.4 to 1.35),0.7355,-0.4432,0.4018,1.3463,95%,0.2778
Ftl2,P49945,sp|P49945|FRIL2_MOUSE,2,5.1 (95% CI:2.43 to 10.7),5.0959,2.3493,2.4265,10.7018,95%,0.0082
Rab7a,P51150,sp|P51150|RAB7A_MOUSE,2,0.48 (95% CI:0.26 to 0.88),0.4797,-1.0597,0.2628,0.8756,95%,0.0463
Ube2h,P62257,sp|P62257|UBE2H_MOUSE,2,455.85 (95% CI:0.07 to 2891349.74),455.8507,8.8324,0.0719,2891349.7391,95%,0.1649
Uxs1,Q91XL3,sp|Q91XL3|UXS1_MOUSE,2,43068.58 (95% CI:24302.49 to 76325.61),43068.5797,15.3943,24302.4935,76325.6064,95%,0.0000
Hadhb,Q99JY0,sp|Q99JY0|ECHB_MOUSE,2,1.45 (95% CI:0.39 to 5.43),1.452,0.5381,0.3884,5.4288,95%,0.5181
Sar1b,Q9CQC9,sp|Q9CQC9|SAR1B_MOUSE,2,9163.23 (95% CI:1.15 to 72721159.25),9163.233,13.1616,1.1546,72721159.2547,95%,0.0743
Ighv1-78,A0A075B674,tr|A0A075B674|A0A075B674_MOUSE,2,0.58 (95% CI:0.51 to 0.64),0.575,-0.7983,0.514,0.6433,95%,0.0006
Psmb5,O55234,sp|O55234|PSB5_MOUSE,2,35.55 (95% CI:28.21 to 44.81),35.5507,5.1518,28.207,44.8062,95%,0.0000
Hba,P01942,sp|P01942|HBA_MOUSE,2,0.11 (95% CI:0.1 to 0.12),0.1109,-3.1728,0.1042,0.118,95%,0.0000
Serpina1a,P07758,sp|P07758|A1AT1_MOUSE,2,0.22 (95% CI:0.21 to 0.24),0.2243,-2.1562,0.2058,0.2445,95%,0.0000
Lyz2,P08905,sp|P08905|LYZ2_MOUSE,2,0.03 (95% CI:0.01 to 0.16),0.0336,-4.8949,0.0071,0.1583,95%,0.0083
Hsd17b4,P51660,sp|P51660|DHB4_MOUSE,2,0.1 (95% CI:0.05 to 0.19),0.1002,-3.3192,0.0518,0.1936,95%,0.0019
Rab8a,P55258,sp|P55258|RAB8A_MOUSE,2,7.61 (95% CI:2.37 to 24.39),7.6069,2.9273,2.3723,24.3916,95%,0.0169
Usp5,P56399,sp|P56399|UBP5_MOUSE,2,1.85 (95% CI:1.47 to 2.33),1.8485,0.8863,1.4676,2.3282,95%,0.0045
Kpnb1,P70168,sp|P70168|IMB1_MOUSE,2,3.31 (95% CI:3.11 to 3.52),3.3103,1.727,3.1129,3.5202,95%,0.0000
Eif3c,Q8R1B4,sp|Q8R1B4|EIF3C_MOUSE,2,2.14 (95% CI:1.35 to 3.38),2.1379,1.0962,1.3527,3.3789,95%,0.0195
Chrdl2,Q8VEA6,sp|Q8VEA6|CRDL2_MOUSE,2,3.86 (95% CI:3.02 to 4.92),3.857,1.9475,3.0209,4.9244,95%,0.0004
Ighv7-1,A0A075B5S2,tr|A0A075B5S2|A0A075B5S2_MOUSE,2,3.31 (95% CI:3.19 to 3.43),3.3082,1.726,3.187,3.434,95%,0.0000
Ighv14-4,A0A075B5S3,tr|A0A075B5S3|A0A075B5S3_MOUSE,2,1.72 (95% CI:1.36 to 2.17),1.7173,0.7801,1.3572,2.1729,95%,0.0071
Pcsk6,F6XJP7,tr|F6XJP7|F6XJP7_MOUSE,2,2.01 (95% CI:0.41 to 9.8),2.0107,1.0077,0.4125,9.8009,95%,0.3334
Chil3,O35744,sp|O35744|CHIL3_MOUSE,2,1.87 (95% CI:1.2 to 2.9),1.8673,0.9009,1.2039,2.8962,95%,0.0303
Pcdh12,O55134,sp|O55134|PCD12_MOUSE,2,27.42 (95% CI:8.66 to 86.82),27.4168,4.777,8.6577,86.8221,95%,0.0035
Igkv9-120,P01639,sp|P01639|KV5A7_MOUSE,2,0.64 (95% CI:0.56 to 0.72),0.6386,-0.6471,0.5648,0.722,95%,0.0016
Lmnb2,P21619,sp|P21619|LMNB2_MOUSE,2,3.84 (95% CI:0.86 to 17.15),3.8362,1.9397,0.8581,17.1504,95%,0.0984
Dcn,P28654,sp|P28654|PGS2_MOUSE,2,4.12 (95% CI:3.05 to 5.57),4.1209,2.0429,3.0472,5.5729,95%,0.0007
Abce1,P61222,sp|P61222|ABCE1_MOUSE,2,5.54 (95% CI:1.39 to 22.06),5.5384,2.4695,1.3902,22.0641,95%,0.0447
Gas6,Q61592,sp|Q61592|GAS6_MOUSE,2,22.03 (95% CI:16.27 to 29.82),22.0264,4.4612,16.2708,29.818,95%,0.0001
Elavl4,Q61701,sp|Q61701|ELAV4_MOUSE,2,3.99 (95% CI:0.3 to 53.65),3.9937,1.9977,0.2973,53.6532,95%,0.2606
Arhgef11,Q68FM7,tr|Q68FM7|Q68FM7_MOUSE,2,0.27 (95% CI:0.2 to 0.38),0.2736,-1.8696,0.1978,0.3786,95%,0.0012
Atp6v1b1,Q91YH6,sp|Q91YH6|VATB1_MOUSE,2,4.56 (95% CI:0.62 to 33.72),4.5648,2.1906,0.6179,33.723,95%,0.1407
Scyl1,Q9EQC5,sp|Q9EQC5|SCYL1_MOUSE,2,1093.76 (95% CI:0.62 to 1918543.58),1093.7608,10.0951,0.6236,1918543.5755,95%,0.0895
Ighv1-64,A0A075B5X3,tr|A0A075B5X3|A0A075B5X3_MOUSE,2,3.16 (95% CI:2.13 to 4.69),3.1586,1.6593,2.1286,4.6872,95%,0.0034
Igkv1-135,A0A0B4J1H7,tr|A0A0B4J1H7|A0A0B4J1H7_MOUSE,2,1.35 (95% CI:0.76 to 2.42),1.3536,0.4368,0.7558,2.4243,95%,0.2691
Mmp10,O55123,sp|O55123|MMP10_MOUSE,2,1.26 (95% CI:0.3 to 5.23),1.259,0.3323,0.3033,5.226,95%,0.7065
Wap,P01173,sp|P01173|WAP_MOUSE,2,11.09 (95% CI:10.28 to 11.96),11.0858,3.4706,10.2758,11.9596,95%,0.0000
Azgp1,Q64726,sp|Q64726|ZA2G_MOUSE,2,0.03 (95% CI:0.03 to 0.04),0.0302,-5.0473,0.026,0.0351,95%,0.0000
Smarcc2,Q6PDG5,sp|Q6PDG5|SMRC2_MOUSE,2,201.37 (95% CI:0.12 to 339935.27),201.3707,7.6537,0.1193,339935.2668,95%,0.1591
Csl,Q80X68,tr|Q80X68|Q80X68_MOUSE,2,130.42 (95% CI:0.03 to 542281.34),130.4201,7.027,0.0314,542281.3373,95%,0.2256
Mgat2,Q921V5,sp|Q921V5|MGAT2_MOUSE,2,2.95 (95% CI:1.44 to 6.07),2.9524,1.5619,1.4363,6.0685,95%,0.0261
Arhgdia,Q99PT1,sp|Q99PT1|GDIR1_MOUSE,2,1.46 (95% CI:0.6 to 3.59),1.4632,0.5491,0.5963,3.5907,95%,0.3496
Xpo7,Q9EPK7,sp|Q9EPK7|XPO7_MOUSE,2,0.05 (95% CI:0.04 to 0.06),0.0466,-4.4231,0.0354,0.0614,95%,0.0000
Kif13a,Q9EQW7,sp|Q9EQW7|KI13A_MOUSE,2,833.31 (95% CI:0.15 to 4689412.12),833.3099,9.7027,0.1481,4689412.1235,95%,0.1334
Dnase2b,Q9QY48,sp|Q9QY48|DNS2B_MOUSE,2,1.28 (95% CI:0.18 to 8.85),1.2781,0.354,0.1846,8.8463,95%,0.7693
Vnn3,Q9QZ25,sp|Q9QZ25|VNN3_MOUSE,2,1.2 (95% CI:0.21 to 7.03),1.2018,0.2651,0.2056,7.0258,95%,0.7262
Krt71,Q9R0H5,sp|Q9R0H5|K2C71_MOUSE,2,0.92 (95% CI:0.19 to 4.54),0.9212,-0.1184,0.1869,4.5405,95%,0.9062
Ighv5-4,A0A075B5P9,tr|A0A075B5P9|A0A075B5P9_MOUSE,2,1.66 (95% CI:1.2 to 2.3),1.6625,0.7333,1.2026,2.2982,95%,0.0231
Ighv1-23,A0A0A6YVW3,tr|A0A0A6YVW3|A0A0A6YVW3_MOUSE,2,3.28 (95% CI:2.96 to 3.64),3.2788,1.7132,2.9556,3.6373,95%,0.0000
Bicdl1,A0JNT9,sp|A0JNT9|BICL1_MOUSE,2,0.82 (95% CI:0.62 to 1.08),0.8211,-0.2844,0.623,1.0821,95%,0.1591
Capn2,O08529,sp|O08529|CAN2_MOUSE,2,8.88 (95% CI:4.15 to 18.98),8.876,3.1499,4.1508,18.9805,95%,0.0035
Atf6b,O35451,sp|O35451|ATF6B_MOUSE,2,1.22 (95% CI:0.67 to 2.24),1.2249,0.2926,0.6702,2.2387,95%,0.4479
Itgam,P05555,sp|P05555|ITAM_MOUSE,2,2.46 (95% CI:1.34 to 4.52),2.4642,1.3011,1.344,4.5179,95%,0.0266
Marcksl1,P28667,sp|P28667|MRP_MOUSE,2,51640.1 (95% CI:43358.53 to 61503.47),51640.1008,15.6562,43358.5325,61503.4656,95%,0.0000
Pcdhgb4,Q91XX6,tr|Q91XX6|Q91XX6_MOUSE,2,6680.95 (95% CI:1409.67 to 31663.58),6680.9512,12.7058,1409.667,31663.5834,95%,0.0004
Try5,Q9QUK9,tr|Q9QUK9|Q9QUK9_MOUSE,2,5.14 (95% CI:3.98 to 6.64),5.1398,2.3617,3.981,6.6359,95%,0.0003
Fcmr,A1KXC4,sp|A1KXC4|FAIM3_MOUSE,2,96549.26 (95% CI:71450.2 to 130465.13),96549.2613,16.559,71450.2043,130465.1251,95%,0.0000
,P01723,sp|P01723|LV1A_MOUSE,2,2.8 (95% CI:2.41 to 3.24),2.7969,1.4838,2.4135,3.2413,95%,0.0002
,P01725,sp|P01725|LV1C_MOUSE,2,0.91 (95% CI:0.54 to 1.53),0.908,-0.1392,0.5378,1.5331,95%,0.6685
,P01728,sp|P01728|LV2A_MOUSE,2,2.8 (95% CI:2.41 to 3.24),2.7969,1.4838,2.4135,3.2413,95%,0.0002
,P01748,sp|P01748|HVM04_MOUSE,2,3.31 (95% CI:1.59 to 6.88),3.3116,1.7275,1.5945,6.8781,95%,0.0203
,P01787,sp|P01787|HVM18_MOUSE,2,6.23 (95% CI:3.97 to 9.77),6.2269,2.6385,3.9704,9.7659,95%,0.0012
,P01800,sp|P01800|HVM31_MOUSE,2,3.8 (95% CI:3.34 to 4.32),3.7954,1.9243,3.3351,4.3193,95%,0.0001
,P01812,sp|P01812|HVM42_MOUSE,2,0.99 (95% CI:0.91 to 1.07),0.9881,-0.0173,0.911,1.0718,95%,0.7314
,P01820,sp|P01820|HVM44_MOUSE,2,1.23 (95% CI:1.1 to 1.38),1.233,0.3022,1.1013,1.3804,95%,0.0139
,P01843,sp|P01843|LAC1_MOUSE,2,5.78 (95% CI:5.08 to 6.57),5.778,2.5306,5.0823,6.5688,95%,0.0000
,P03987,sp|P03987|IGHG3_MOUSE,2,0.2 (95% CI:0.18 to 0.22),0.1983,-2.3343,0.1783,0.2205,95%,0.0000
,P04940,sp|P04940|KV6A6_MOUSE,2,1.33 (95% CI:1.21 to 1.46),1.3318,0.4133,1.2115,1.464,95%,0.0029
,P04941,sp|P04941|KV6A7_MOUSE,2,1.33 (95% CI:1.21 to 1.46),1.3318,0.4133,1.2115,1.464,95%,0.0029
,P04943,sp|P04943|KV6A9_MOUSE,2,1.33 (95% CI:1.21 to 1.46),1.3318,0.4133,1.2115,1.464,95%,0.0029
,P04946,sp|P04946|KV5AM_MOUSE,2,0.84 (95% CI:0.79 to 0.9),0.8431,-0.2462,0.7905,0.8993,95%,0.0045
Col3a1,P08121,sp|P08121|CO3A1_MOUSE,2,0.13 (95% CI:0.07 to 0.23),0.1272,-2.9748,0.0717,0.2258,95%,0.0017
Ctsd,P18242,sp|P18242|CATD_MOUSE,2,0.59 (95% CI:0.42 to 0.82),0.5899,-0.7615,0.4223,0.824,95%,0.0227
Rps20,P60867,sp|P60867|RS20_MOUSE,2,1.42 (95% CI:0.47 to 4.27),1.4185,0.5044,0.4708,4.274,95%,0.4733
Hspa8,P63017,sp|P63017|HSP7C_MOUSE,2,2.66 (95% CI:0.96 to 7.36),2.6562,1.4094,0.9583,7.3619,95%,0.0848
Rock2,P70336,sp|P70336|ROCK2_MOUSE,2,0.09 (95% CI:0.05 to 0.18),0.0891,-3.4876,0.0454,0.175,95%,0.0017
Arhgdib,Q61599,sp|Q61599|GDIR2_MOUSE,2,756.78 (95% CI:0.35 to 1636711.71),756.7831,9.5637,0.3499,1636711.7095,95%,0.1070
Tnpo2,Q99LG2,sp|Q99LG2|TNPO2_MOUSE,2,60.55 (95% CI:0 to 1694507.48),60.5498,5.92,0.0022,1694507.4788,95%,0.3737
Rtn3,Q9ES97,sp|Q9ES97|RTN3_MOUSE,2,0.18 (95% CI:0.01 to 4.77),0.1762,-2.5046,0.0065,4.7676,95%,0.2637
Icoslg,Q9JHJ8,sp|Q9JHJ8|ICOSL_MOUSE,2,43.18 (95% CI:4.08 to 457.38),43.1792,5.4323,4.0764,457.3763,95%,0.0220
Clec1b,Q9JL99,sp|Q9JL99|CLC1B_MOUSE,2,1.31 (95% CI:0.55 to 3.13),1.3143,0.3943,0.5526,3.1258,95%,0.4751
Ehd3,Q9QXY6,sp|Q9QXY6|EHD3_MOUSE,2,0.39 (95% CI:0.31 to 0.5),0.3944,-1.3424,0.3134,0.4962,95%,0.0012
Eif1ad16,J3QPI8,tr|J3QPI8|J3QPI8_MOUSE,2,2.14 (95% CI:0.51 to 9),2.1409,1.0982,0.5094,8.9972,95%,0.2612
Angpt2,O35608,sp|O35608|ANGP2_MOUSE,2,7.48 (95% CI:5.17 to 10.82),7.4806,2.9031,5.1704,10.8229,95%,0.0004
Rpsa,P14206,sp|P14206|RSSA_MOUSE,2,7.64 (95% CI:4.44 to 13.15),7.6411,2.9338,4.4385,13.1543,95%,0.0015
Acsl1,P41216,sp|P41216|ACSL1_MOUSE,2,1.06 (95% CI:0.22 to 5.11),1.0648,0.0906,0.2218,5.1112,95%,0.9262
Map2k6,P70236,sp|P70236|MP2K6_MOUSE,2,0.7 (95% CI:0.04 to 11.73),0.7012,-0.5121,0.0419,11.733,95%,0.7703
Cd47,Q61735,sp|Q61735|CD47_MOUSE,2,23.38 (95% CI:7.28 to 75.11),23.3762,4.547,7.2755,75.1075,95%,0.0043
Rpl34,Q9D1R9,sp|Q9D1R9|RL34_MOUSE,2,11.63 (95% CI:7.66 to 17.67),11.6307,3.5399,7.6574,17.6657,95%,0.0004
Gpc1,Q9QZF2,sp|Q9QZF2|GPC1_MOUSE,2,1.43 (95% CI:0.54 to 3.81),1.4305,0.5165,0.5377,3.8058,95%,0.4130
Or4c99,F6XP16,tr|F6XP16|F6XP16_MOUSE,2,1.55 (95% CI:0.79 to 3.02),1.5458,0.6283,0.79,3.0247,95%,0.1897
Usp9y,F8VPU6,tr|F8VPU6|F8VPU6_MOUSE,2,0.2 (95% CI:0.11 to 0.35),0.2007,-2.3169,0.1138,0.3538,95%,0.0037
Psma3,O70435,sp|O70435|PSA3_MOUSE,2,11.64 (95% CI:4.06 to 33.39),11.6357,3.5405,4.055,33.388,95%,0.0067
G3bp2,P97379,sp|P97379|G3BP2_MOUSE,2,45.06 (95% CI:7.83 to 259.32),45.0559,5.4936,7.8282,259.3245,95%,0.0084
Bltp2,Q5SYL3,sp|Q5SYL3|BLTP2_MOUSE,2,4.03 (95% CI:1.76 to 9.23),4.0295,2.0106,1.759,9.2307,95%,0.0187
Pla2g7,Q60963,sp|Q60963|PAFA_MOUSE,2,0.59 (95% CI:0.5 to 0.7),0.5909,-0.759,0.5002,0.6981,95%,0.0026
Actbl2,Q8BFZ3,sp|Q8BFZ3|ACTBL_MOUSE,2,2.19 (95% CI:1.91 to 2.51),2.1911,1.1317,1.9142,2.5081,95%,0.0004
Slfn5,Q8CBA2,sp|Q8CBA2|SLFN5_MOUSE,2,76.86 (95% CI:0.03 to 185843.2),76.8614,6.2642,0.0318,185843.1979,95%,0.2429
Retnlg,Q8K426,sp|Q8K426|RETNG_MOUSE,2,1.08 (95% CI:0.76 to 1.54),1.0774,0.1076,0.7555,1.5364,95%,0.6252
Cpt1b,Q924X2,sp|Q924X2|CPT1B_MOUSE,2,1.44 (95% CI:0.04 to 51.23),1.4377,0.5237,0.0403,51.2281,95%,0.8155
Prol1,E9PYQ4,tr|E9PYQ4|E9PYQ4_MOUSE,2,3.32 (95% CI:0.86 to 12.83),3.3191,1.7308,0.859,12.825,95%,0.1009
Notch2,O35516,sp|O35516|NOTC2_MOUSE,2,1.18 (95% CI:0.61 to 2.28),1.1807,0.2396,0.6111,2.281,95%,0.5604
Vamp8,O70404,sp|O70404|VAMP8_MOUSE,2,0.14 (95% CI:0.07 to 0.26),0.1351,-2.8874,0.0711,0.2569,95%,0.0027
Psmc3,O88685,sp|O88685|PRS6A_MOUSE,2,0.46 (95% CI:0.37 to 0.56),0.4583,-1.1257,0.3739,0.5617,95%,0.0014
Tnnc2,P20801,sp|P20801|TNNC2_MOUSE,2,7.12 (95% CI:4.32 to 11.71),7.1164,2.8312,4.3248,11.71,95%,0.0013
Proc,P33587,sp|P33587|PROC_MOUSE,2,48.07 (95% CI:32.06 to 72.08),48.0728,5.5871,32.0607,72.0819,95%,0.0001
Ppp1cb,P62141,sp|P62141|PP1B_MOUSE,2,1.24 (95% CI:0.61 to 2.51),1.2397,0.31,0.6116,2.5128,95%,0.4902
Was,P70315,sp|P70315|WASP_MOUSE,2,2.95 (95% CI:1.13 to 7.71),2.9539,1.5626,1.132,7.7083,95%,0.0570
Npepps,Q11011,sp|Q11011|PSA_MOUSE,2,1.26 (95% CI:0.43 to 3.68),1.2551,0.3278,0.4278,3.6825,95%,0.6240
St8sia1,Q64687,sp|Q64687|SIA8A_MOUSE,2,5.38 (95% CI:2.39 to 12.09),5.3787,2.4273,2.3921,12.0942,95%,0.0098
Sort1,Q6PHU5,sp|Q6PHU5|SORT_MOUSE,2,0.09 (95% CI:0.07 to 0.11),0.0876,-3.5122,0.0725,0.106,95%,0.0000
Gm5771,Q792Y9,tr|Q792Y9|Q792Y9_MOUSE,2,12.61 (95% CI:9.41 to 16.91),12.6132,3.6569,9.406,16.9139,95%,0.0001
Galnt15,Q9D2N8,sp|Q9D2N8|GLT15_MOUSE,2,2.27 (95% CI:1.31 to 3.94),2.2677,1.1812,1.3055,3.9391,95%,0.0269
Itga2b,Q9QUM0,sp|Q9QUM0|ITA2B_MOUSE,2,1.42 (95% CI:0.58 to 3.51),1.4209,0.5068,0.5752,3.5103,95%,0.2830
,P01821,sp|P01821|HVM45_MOUSE,2,111431.64 (95% CI:96556.73 to 128598.09),111431.6423,16.7658,96556.7283,128598.0907,95%,0.0000
Hcls1,P49710,sp|P49710|HCLS1_MOUSE,2,4.95 (95% CI:0.09 to 283.37),4.9492,2.3072,0.0864,283.3656,95%,0.3800
Polr2g,P62488,sp|P62488|RPB7_MOUSE,2,0.51 (95% CI:0.07 to 3.43),0.5062,-0.9823,0.0746,3.4343,95%,0.4246
Mak,Q04859,sp|Q04859|MAK_MOUSE,2,346.17 (95% CI:0.23 to 513266.83),346.1698,8.4353,0.2335,513266.8317,95%,0.1258
Trim72,Q1XH17,sp|Q1XH17|TRI72_MOUSE,2,0.15 (95% CI:0.12 to 0.19),0.1488,-2.7489,0.1188,0.1862,95%,0.0001
Pak3,Q61036,sp|Q61036|PAK3_MOUSE,2,0.11 (95% CI:0.08 to 0.14),0.1098,-3.1866,0.0846,0.1426,95%,0.0001
Eif2s1,Q6ZWX6,sp|Q6ZWX6|IF2A_MOUSE,2,3.79 (95% CI:2.63 to 5.46),3.7863,1.9208,2.6264,5.4585,95%,0.0016
Ubash3b,Q8BGG7,sp|Q8BGG7|UBS3B_MOUSE,2,1.08 (95% CI:0.52 to 2.23),1.0798,0.1107,0.5223,2.2323,95%,0.8078
Sdha,Q8K2B3,sp|Q8K2B3|SDHA_MOUSE,2,31728.14 (95% CI:15908.02 to 63280.95),31728.1369,14.9535,15908.0207,63280.9504,95%,0.0000
2210010C04Rik,Q9CPN9,tr|Q9CPN9|Q9CPN9_MOUSE,2,0.82 (95% CI:0.55 to 1.23),0.8189,-0.2882,0.5467,1.2266,95%,0.2884
Igkv10-94,A0A075B5L1,tr|A0A075B5L1|A0A075B5L1_MOUSE,2,0.93 (95% CI:0.64 to 1.37),0.9343,-0.0981,0.6377,1.3689,95%,0.6783
Stx7,O70439,sp|O70439|STX7_MOUSE,2,0.3 (95% CI:0.03 to 3.29),0.3037,-1.7192,0.028,3.2939,95%,0.2838
Fgr,P14234,sp|P14234|FGR_MOUSE,2,346.17 (95% CI:0.23 to 513266.83),346.1698,8.4353,0.2335,513266.8317,95%,0.1258
Cox4i1,P19783,sp|P19783|COX41_MOUSE,2,0.88 (95% CI:0.17 to 4.69),0.8809,-0.183,0.1653,4.6936,95%,0.8639
Rpl12,P35979,sp|P35979|RL12_MOUSE,2,292.94 (95% CI:0.08 to 1076467.15),292.9392,8.1945,0.0797,1076467.1536,95%,0.1680
Eif5a,P63242,sp|P63242|IF5A1_MOUSE,2,6.25 (95% CI:5.69 to 6.86),6.2481,2.6434,5.6933,6.857,95%,0.0000
Lgals3bp,Q07797,sp|Q07797|LG3BP_MOUSE,2,25.34 (95% CI:19.37 to 33.16),25.3423,4.6635,19.3657,33.1633,95%,0.0000
Ecm1,Q61508,sp|Q61508|ECM1_MOUSE,2,3.43 (95% CI:2.94 to 4.01),3.431,1.7786,2.9379,4.0069,95%,0.0001
St6gal1,Q64685,sp|Q64685|SIAT1_MOUSE,2,0.24 (95% CI:0.18 to 0.33),0.2436,-2.0372,0.1788,0.332,95%,0.0008
Gphn,Q8BUV3,sp|Q8BUV3|GEPH_MOUSE,2,2.89 (95% CI:1.08 to 7.69),2.8871,1.5296,1.0839,7.6903,95%,0.0636
Slc44a2,Q8BY89,sp|Q8BY89|CTL2_MOUSE,2,0.64 (95% CI:0.2 to 2),0.6373,-0.6499,0.2027,2.004,95%,0.3819
Pcdh1,Q8CFX3,tr|Q8CFX3|Q8CFX3_MOUSE,2,3.31 (95% CI:1.66 to 6.61),3.3116,1.7275,1.6589,6.6109,95%,0.0172
Ndufa10,Q99LC3,sp|Q99LC3|NDUAA_MOUSE,2,29464.11 (95% CI:26071.86 to 33297.74),29464.1138,14.8467,26071.8604,33297.7389,95%,0.0000
Atp6ap2,Q9CYN9,sp|Q9CYN9|RENR_MOUSE,2,1.02 (95% CI:0.59 to 1.79),1.0243,0.0346,0.5876,1.7856,95%,0.9210
Tubb4a,Q9D6F9,sp|Q9D6F9|TBB4A_MOUSE,2,63.02 (95% CI:49.68 to 79.92),63.0154,5.9776,49.6837,79.9243,95%,0.0000
Cul1,Q9WTX6,sp|Q9WTX6|CUL1_MOUSE,2,1.27 (95% CI:0.17 to 9.23),1.2681,0.3427,0.1743,9.2277,95%,0.7826
Ighv1-39,A0A075B5V5,tr|A0A075B5V5|A0A075B5V5_MOUSE,2,4.28 (95% CI:3.74 to 4.89),4.2773,2.0967,3.7422,4.8888,95%,0.0001
Meioc,A2AG06,sp|A2AG06|MEIOC_MOUSE,2,51.64 (95% CI:24.33 to 109.59),51.6393,5.6904,24.3317,109.5942,95%,0.0005
Gpd1,P13707,sp|P13707|GPDA_MOUSE,2,3320.94 (95% CI:1.27 to 8713967.18),3320.9427,11.6974,1.2656,8713967.1845,95%,0.0721
Hspa2,P17156,sp|P17156|HSP72_MOUSE,2,9.82 (95% CI:8.45 to 11.42),9.8223,3.2961,8.4482,11.4199,95%,0.0000
Cdh15,P33146,sp|P33146|CAD15_MOUSE,2,32428.19 (95% CI:16339.26 to 64359.56),32428.1888,14.985,16339.2581,64359.5579,95%,0.0000
Psme2,P97372,sp|P97372|PSME2_MOUSE,2,1035.8 (95% CI:0.09 to 12428244.49),1035.795,10.0165,0.0863,12428244.4854,95%,0.1489
Acads,Q07417,sp|Q07417|ACADS_MOUSE,2,753.49 (95% CI:0.74 to 767216.87),753.4919,9.5574,0.74,767216.8747,95%,0.0851
Pepd,Q11136,sp|Q11136|PEPD_MOUSE,2,411.93 (95% CI:0.2 to 843593.77),411.9339,8.6863,0.2012,843593.767,95%,0.1296
Abcf1,Q6P542,sp|Q6P542|ABCF1_MOUSE,2,38069.98 (95% CI:35212.46 to 41159.38),38069.9785,15.2164,35212.4624,41159.384,95%,0.0000
Morc4,Q8BMD7,sp|Q8BMD7|MORC4_MOUSE,2,35.4 (95% CI:0 to 515135290.56),35.3971,5.1456,0,515135290.5578,95%,0.6158
Set,Q9EQU5,sp|Q9EQU5|SET_MOUSE,2,37115.47 (95% CI:23729.77 to 58051.89),37115.4651,15.1797,23729.7665,58051.8881,95%,0.0000
Emcn,Q9R0H2,sp|Q9R0H2|MUCEN_MOUSE,2,0 (95% CI:0 to 183.6),0.0042,-7.8858,0,183.6011,95%,0.2749
Ighv1-67,A0A075B5X6,tr|A0A075B5X6|A0A075B5X6_MOUSE,2,2.13 (95% CI:1.42 to 3.19),2.1313,1.0917,1.4248,3.1881,95%,0.0134
Snrpd1,P62315,sp|P62315|SMD1_MOUSE,2,1.13 (95% CI:0.6 to 2.13),1.1298,0.176,0.5998,2.1281,95%,0.6549
Hmgb1,P63158,sp|P63158|HMGB1_MOUSE,2,19.89 (95% CI:3.83 to 103.18),19.8885,4.3139,3.8337,103.178,95%,0.0148
Igfbp7,Q61581,sp|Q61581|IBP7_MOUSE,2,7.18 (95% CI:2.9 to 17.79),7.1807,2.8441,2.899,17.7859,95%,0.0085
Bsdc1,Q80Y55,sp|Q80Y55|BSDC1_MOUSE,2,1.76 (95% CI:0.49 to 6.32),1.758,0.814,0.489,6.3202,95%,0.3334
Psmd13,Q9WVJ2,sp|Q9WVJ2|PSD13_MOUSE,2,5.27 (95% CI:3.87 to 7.18),5.2689,2.3975,3.868,7.1773,95%,0.0005
Gp9,O88186,sp|O88186|GPIX_MOUSE,2,15228.56 (95% CI:6.85 to 33859942.05),15228.5583,13.8945,6.8491,33859942.0544,95%,0.0436
Pip,P02816,sp|P02816|PIP_MOUSE,2,18.77 (95% CI:15.58 to 22.61),18.7691,4.2303,15.5805,22.6102,95%,0.0000
S100a9,P31725,sp|P31725|S10A9_MOUSE,2,5.74 (95% CI:5.23 to 6.3),5.741,2.5213,5.2282,6.3041,95%,0.0000
Gnl1,P36916,sp|P36916|GNL1_MOUSE,2,0.34 (95% CI:0.04 to 3.27),0.3421,-1.5475,0.0357,3.2744,95%,0.3032
Rps25,P62852,sp|P62852|RS25_MOUSE,2,4.99 (95% CI:2.27 to 10.97),4.9947,2.3204,2.2738,10.9713,95%,0.0103
Cand2,Q6ZQ73,sp|Q6ZQ73|CAND2_MOUSE,2,8.53 (95% CI:0.71 to 102.76),8.5307,3.0927,0.7082,102.7605,95%,0.1074
H2bc8,Q6ZWY9,sp|Q6ZWY9|H2B1C_MOUSE,2,18.5 (95% CI:14.58 to 23.49),18.502,4.2096,14.5759,23.4855,95%,0.0000
Pcsk9,Q80W65,sp|Q80W65|PCSK9_MOUSE,2,6.53 (95% CI:3.67 to 11.64),6.5348,2.7082,3.6702,11.6354,95%,0.0023
Aldh1l2,Q8K009,sp|Q8K009|AL1L2_MOUSE,2,11.01 (95% CI:1.93 to 62.87),11.0129,3.4611,1.929,62.873,95%,0.0332
Arl8a,Q8VEH3,sp|Q8VEH3|ARL8A_MOUSE,2,0.38 (95% CI:0.08 to 1.75),0.3753,-1.414,0.0806,1.748,95%,0.1947
Rab14,Q91V41,sp|Q91V41|RAB14_MOUSE,2,0.44 (95% CI:0.35 to 0.56),0.4398,-1.1849,0.3467,0.558,95%,0.0019
Golm1,Q91XA2,sp|Q91XA2|GOLM1_MOUSE,2,12.28 (95% CI:1.36 to 110.64),12.2846,3.6188,1.364,110.6358,95%,0.0555
Mapk11,Q9WUI1,sp|Q9WUI1|MK11_MOUSE,2,82.73 (95% CI:1.11 to 6187.69),82.7291,6.3703,1.1061,6187.6914,95%,0.0730
Psma5,Q9Z2U1,sp|Q9Z2U1|PSA5_MOUSE,2,42.11 (95% CI:26.24 to 67.57),42.1078,5.396,26.2418,67.5663,95%,0.0001
Igkv3-12,A0A140T8P0,tr|A0A140T8P0|A0A140T8P0_MOUSE,2,3.29 (95% CI:1.29 to 8.35),3.285,1.7159,1.2931,8.3451,95%,0.0413
Atp2b1,G5E829,sp|G5E829|AT2B1_MOUSE,2,473.07 (95% CI:0.16 to 1414186.81),473.0718,8.8859,0.1583,1414186.8086,95%,0.1366
Rpl35a,O55142,sp|O55142|RL35A_MOUSE,2,698.24 (95% CI:0.26 to 1880397.94),698.2417,9.4476,0.2593,1880397.9383,95%,0.1172
Rps8,P62242,sp|P62242|RS8_MOUSE,2,1.14 (95% CI:0.32 to 3.98),1.1355,0.1833,0.3237,3.9833,95%,0.8159
Ppp1cc,P63087,sp|P63087|PP1G_MOUSE,2,2355.89 (95% CI:0.32 to 17522480.59),2355.8915,11.2021,0.3167,17522480.587,95%,0.1050
Kiaa1549,Q68FD9,sp|Q68FD9|K1549_MOUSE,2,29.36 (95% CI:0 to 217281.5),29.3647,4.876,0.004,217281.4977,95%,0.3973
Ces2a,Q8QZR3,sp|Q8QZR3|EST2A_MOUSE,2,1.38 (95% CI:0.36 to 5.34),1.3849,0.4698,0.3592,5.3391,95%,0.5775
Rhoj,Q9ER71,sp|Q9ER71|RHOJ_MOUSE,2,25.86 (95% CI:3.31 to 202.1),25.8569,4.6925,3.3082,202.0987,95%,0.0225
Ttc13,A0A1L1SSC7,tr|A0A1L1SSC7|A0A1L1SSC7_MOUSE,2,0.12 (95% CI:0.01 to 1.11),0.1198,-3.0615,0.0129,1.114,95%,0.0862
Kalrn,A2CG49,sp|A2CG49|KALRN_MOUSE,2,36.19 (95% CI:0.03 to 50171.78),36.1942,5.1777,0.0261,50171.7824,95%,0.2871
Rpl3,P27659,sp|P27659|RL3_MOUSE,2,116715.14 (95% CI:103580.3 to 131515.59),116715.1448,16.8326,103580.3047,131515.5913,95%,0.0000
Epx,P49290,sp|P49290|PERE_MOUSE,2,0.88 (95% CI:0.72 to 1.07),0.8805,-0.1835,0.7232,1.0721,95%,0.1907
Trim63,Q38HM4,sp|Q38HM4|TRI63_MOUSE,2,14304.28 (95% CI:7205.86 to 28395.3),14304.2847,13.8042,7205.8608,28395.2975,95%,0.0000
Krt35,Q497I4,sp|Q497I4|KRT35_MOUSE,2,0.34 (95% CI:0.07 to 1.57),0.3414,-1.5503,0.0741,1.5735,95%,0.1630
Hsph1,Q61699,sp|Q61699|HS105_MOUSE,2,1.8 (95% CI:0.2 to 15.99),1.7975,0.846,0.2021,15.9904,95%,0.5367
Klk1b21,Q61759,sp|Q61759|K1B21_MOUSE,2,0.28 (95% CI:0.25 to 0.32),0.2821,-1.8256,0.2495,0.3191,95%,0.0001
Hacd2,Q9D3B1,sp|Q9D3B1|HACD2_MOUSE,2,2.9 (95% CI:0.89 to 9.46),2.8967,1.5344,0.8869,9.4607,95%,0.0982
Pygl,Q9ET01,sp|Q9ET01|PYGL_MOUSE,2,6.4 (95% CI:4.33 to 9.45),6.3982,2.6777,4.3328,9.4483,95%,0.0007
Fetub,Q9QXC1,sp|Q9QXC1|FETUB_MOUSE,2,0.02 (95% CI:0.01 to 0.02),0.0157,-5.9927,0.0139,0.0178,95%,0.0000
Ighv1-66,A0A075B5X5,tr|A0A075B5X5|A0A075B5X5_MOUSE,2,10.84 (95% CI:3.26 to 36.12),10.8443,3.4389,3.2557,36.1214,95%,0.0114
Rarres1,F6ZIS7,tr|F6ZIS7|F6ZIS7_MOUSE,2,22.17 (95% CI:7.29 to 67.45),22.1724,4.4707,7.2882,67.4535,95%,0.0039
Serpini1,O35684,sp|O35684|NEUS_MOUSE,2,0.49 (95% CI:0.07 to 3.25),0.485,-1.0439,0.0724,3.2488,95%,0.3963
Rap1a,P62835,sp|P62835|RAP1A_MOUSE,2,0.63 (95% CI:0.34 to 1.19),0.6348,-0.6557,0.3379,1.1925,95%,0.1566
Mup22,Q4FZE8,tr|Q4FZE8|Q4FZE8_MOUSE,2,2.71 (95% CI:2.51 to 2.92),2.7067,1.4366,2.5105,2.9183,95%,0.0000
Hist2h2bb,Q64525,sp|Q64525|H2B2B_MOUSE,2,18.5 (95% CI:14.58 to 23.49),18.502,4.2096,14.5759,23.4855,95%,0.0000
Megf6,Q80V70,sp|Q80V70|MEGF6_MOUSE,2,46.37 (95% CI:0.02 to 132946.26),46.3689,5.5351,0.0162,132946.2597,95%,0.2972
Ctso,Q8BM88,sp|Q8BM88|CATO_MOUSE,2,254.39 (95% CI:0.06 to 1099591.03),254.3938,7.9909,0.0589,1099591.0349,95%,0.1828
Cd109,Q8R422,sp|Q8R422|CD109_MOUSE,2,1.74 (95% CI:0.66 to 4.57),1.7416,0.8004,0.6637,4.57,95%,0.2318
Rpl17,Q9CPR4,sp|Q9CPR4|RL17_MOUSE,2,2.25 (95% CI:0.87 to 5.8),2.2453,1.1669,0.8687,5.8032,95%,0.1101
Uqcrc2,Q9DB77,sp|Q9DB77|QCR2_MOUSE,2,6.17 (95% CI:4.46 to 8.53),6.1665,2.6245,4.4575,8.5308,95%,0.0004
Lipg,Q9WVG5,sp|Q9WVG5|LIPE_MOUSE,2,2406.11 (95% CI:0.22 to 26273718.96),2406.1116,11.2325,0.2203,26273718.958,95%,0.1146
Igkv6-29,A0A075B5N2,tr|A0A075B5N2|A0A075B5N2_MOUSE,2,2.59 (95% CI:2.38 to 2.83),2.5912,1.3736,2.3754,2.8266,95%,0.0001
Igkv4-53,A0A075B677,tr|A0A075B677|A0A075B677_MOUSE,2,0.73 (95% CI:0.56 to 0.93),0.7256,-0.4628,0.5638,0.9339,95%,0.0417
Igkv8-24,A0A140T8P5,tr|A0A140T8P5|A0A140T8P5_MOUSE,2,1.27 (95% CI:1.04 to 1.55),1.2723,0.3474,1.0435,1.5512,95%,0.0469
Tgfbr3,O88393,sp|O88393|TGBR3_MOUSE,2,68.92 (95% CI:0.01 to 774023.77),68.9188,6.1068,0.0061,774023.7722,95%,0.3212
Klk1b4,P00757,sp|P00757|K1KB4_MOUSE,2,1.46 (95% CI:1.13 to 1.9),1.4621,0.5481,1.1262,1.8983,95%,0.0284
Slc4a1,P04919,sp|P04919|B3AT_MOUSE,2,48.62 (95% CI:13.7 to 172.56),48.6247,5.6036,13.7017,172.5597,95%,0.0028
Rab4a,P56371,sp|P56371|RAB4A_MOUSE,2,6.13 (95% CI:1.82 to 20.69),6.1329,2.6166,1.8182,20.687,95%,0.0264
Ecm2,Q5FW85,sp|Q5FW85|ECM2_MOUSE,2,0.39 (95% CI:0.2 to 0.79),0.3943,-1.3426,0.198,0.7851,95%,0.0350
U2surp,Q6NV83,sp|Q6NV83|SR140_MOUSE,2,367.94 (95% CI:0.26 to 517028.65),367.9382,8.5233,0.2618,517028.6473,95%,0.1215
Bub3,Q9WVA3,sp|Q9WVA3|BUB3_MOUSE,2,5.53 (95% CI:0.84 to 36.45),5.5344,2.4684,0.8403,36.4499,95%,0.0961
Sh3bp5,Q9Z131,sp|Q9Z131|3BP5_MOUSE,2,30116.85 (95% CI:16.84 to 53858860.24),30116.8469,14.8783,16.8408,53858860.2446,95%,0.0332
Rpl9-ps6,A0A140T8T4,tr|A0A140T8T4|A0A140T8T4_MOUSE,2,2397.34 (95% CI:2.29 to 2509847.52),2397.3367,11.2272,2.2899,2509847.5244,95%,0.0582
Jchain,P01592,sp|P01592|IGJ_MOUSE,2,6.62 (95% CI:5.65 to 7.76),6.6235,2.7276,5.6501,7.7646,95%,0.0000
H2-T23,P06339,sp|P06339|HA15_MOUSE,2,8.76 (95% CI:3.68 to 20.8),8.7553,3.1302,3.6847,20.804,95%,0.0053
Gna12,P27600,sp|P27600|GNA12_MOUSE,2,0.05 (95% CI:0.01 to 0.16),0.0454,-4.4621,0.0132,0.1557,95%,0.0053
Epb42,P49222,sp|P49222|EPB42_MOUSE,2,1.84 (95% CI:0.41 to 8.24),1.8425,0.8817,0.4121,8.2381,95%,0.3664
Thbs3,Q05895,sp|Q05895|TSP3_MOUSE,2,15.08 (95% CI:10.83 to 20.99),15.0773,3.9143,10.8288,20.9928,95%,0.0001
Eif1a,Q60872,sp|Q60872|IF1A_MOUSE,2,0.52 (95% CI:0.25 to 1.07),0.5161,-0.9542,0.2489,1.0701,95%,0.0962
Sqstm1,Q64337,sp|Q64337|SQSTM_MOUSE,2,2.04 (95% CI:1.26 to 3.29),2.0386,1.0276,1.2647,3.2862,95%,0.0264
Creld2,Q9CYA0,sp|Q9CYA0|CREL2_MOUSE,2,12.83 (95% CI:0 to 1544996.91),12.8341,3.6819,0.0001,1544996.9131,95%,0.6132
Igkv4-74,A0A0B4J1I3,tr|A0A0B4J1I3|A0A0B4J1I3_MOUSE,2,0.72 (95% CI:0.59 to 0.89),0.7218,-0.4704,0.5878,0.8862,95%,0.0223
Igkv1-88,A0A140T8N1,tr|A0A140T8N1|A0A140T8N1_MOUSE,2,4.32 (95% CI:2.32 to 8.04),4.3191,2.1107,2.3203,8.04,95%,0.0065
Ifnar2,O35664,sp|O35664|INAR2_MOUSE,2,0.77 (95% CI:0.5 to 1.16),0.7656,-0.3853,0.5045,1.1619,95%,0.1931
Sprr2d,O70555,sp|O70555|SPR2D_MOUSE,2,0.08 (95% CI:0.01 to 0.42),0.0773,-3.6937,0.0142,0.4213,95%,0.0258
Glul,P15105,sp|P15105|GLNA_MOUSE,2,3.53 (95% CI:1.35 to 9.21),3.5269,1.8184,1.35,9.2145,95%,0.0380
Flt4,P35917,sp|P35917|VGFR3_MOUSE,2,9.23 (95% CI:2.73 to 31.15),9.2268,3.2058,2.7332,31.1483,95%,0.0146
Cap1,P40124,sp|P40124|CAP1_MOUSE,2,0.01 (95% CI:0.01 to 0.01),0.0086,-6.8554,0.0065,0.0115,95%,0.0000
Scgb2b2,Q6UGQ3,sp|Q6UGQ3|SG2B2_MOUSE,2,5327.37 (95% CI:1.89 to 15003726.25),5327.3738,12.3792,1.8916,15003726.2499,95%,0.0638
Itih5,Q8BJD1,sp|Q8BJD1|ITIH5_MOUSE,2,168.46 (95% CI:0.05 to 536596.56),168.4572,7.3962,0.0529,536596.5601,95%,0.1955
Phf7,Q9DAG9,sp|Q9DAG9|PHF7_MOUSE,2,65181.21 (95% CI:43551.21 to 97553.9),65181.212,15.9922,43551.2101,97553.9001,95%,0.0000
Gng12,Q9DAS9,sp|Q9DAS9|GBG12_MOUSE,2,6.62 (95% CI:1.38 to 31.76),6.6218,2.7272,1.3808,31.7571,95%,0.0479
Plek,Q9JHK5,sp|Q9JHK5|PLEK_MOUSE,2,3.19 (95% CI:0.86 to 11.77),3.1854,1.6715,0.8619,11.7724,95%,0.1012
Hapln1,Q9QUP5,sp|Q9QUP5|HPLN1_MOUSE,2,6.15 (95% CI:3.66 to 10.34),6.1484,2.6202,3.6576,10.3354,95%,0.0019
Try4,Q9R0T7,tr|Q9R0T7|Q9R0T7_MOUSE,2,5.14 (95% CI:3.98 to 6.64),5.1398,2.3617,3.981,6.6359,95%,0.0003
Ighv6-6,A0A075B5T3,tr|A0A075B5T3|A0A075B5T3_MOUSE,2,3.05 (95% CI:2.71 to 3.42),3.0469,1.6074,2.7131,3.4218,95%,0.0001
Kif13b,A0A286YCV9,tr|A0A286YCV9|A0A286YCV9_MOUSE,2,833.31 (95% CI:0.15 to 4689412.12),833.3099,9.7027,0.1481,4689412.1235,95%,0.1334
Ptgds,O09114,sp|O09114|PTGDS_MOUSE,2,0.83 (95% CI:0.58 to 1.19),0.8327,-0.2641,0.5806,1.1943,95%,0.2781
Cd151,O35566,sp|O35566|CD151_MOUSE,2,16340.86 (95% CI:8841.35 to 30201.69),16340.8646,13.9962,8841.3542,30201.6918,95%,0.0000
Ptma,P26350,sp|P26350|PTMA_MOUSE,2,5.89 (95% CI:1.47 to 23.62),5.8926,2.5589,1.4699,23.6228,95%,0.0411
Aff3,P51827,sp|P51827|AFF3_MOUSE,2,16.96 (95% CI:14.57 to 19.73),16.9555,4.0837,14.5674,19.735,95%,0.0000
Tp53bp1,P70399,sp|P70399|TP53B_MOUSE,2,0.03 (95% CI:0.02 to 0.06),0.031,-5.0124,0.0155,0.0618,95%,0.0006
Acan,Q61282,sp|Q61282|PGCA_MOUSE,2,2.19 (95% CI:1.15 to 4.14),2.185,1.1276,1.1525,4.1425,95%,0.0463
Gdi2,Q61598,sp|Q61598|GDIB_MOUSE,2,0.02 (95% CI:0 to 0.15),0.0171,-5.8715,0.002,0.148,95%,0.0132
Eif4g1,Q6NZJ6,sp|Q6NZJ6|IF4G1_MOUSE,2,0.9 (95% CI:0.2 to 4.16),0.9029,-0.1473,0.1962,4.1554,95%,0.8784
Sbno2,Q7TNB8,sp|Q7TNB8|SBNO2_MOUSE,2,0.18 (95% CI:0.06 to 0.58),0.1801,-2.4729,0.0556,0.5837,95%,0.0282
Tspan9,Q8BJU2,sp|Q8BJU2|TSN9_MOUSE,2,5751.22 (95% CI:0.88 to 37694100.4),5751.2228,12.4897,0.8775,37694100.3963,95%,0.0800
Ipo5,Q8BKC5,sp|Q8BKC5|IPO5_MOUSE,2,6.39 (95% CI:3.18 to 12.84),6.3924,2.6764,3.183,12.838,95%,0.0045
St8sia6,Q8K4T1,sp|Q8K4T1|SIA8F_MOUSE,2,0.3 (95% CI:0.07 to 1.24),0.2988,-1.7429,0.0718,1.2426,95%,0.1113
Plod1,Q9R0E2,sp|Q9R0E2|PLOD1_MOUSE,2,0.49 (95% CI:0.33 to 0.72),0.4889,-1.0325,0.3315,0.7209,95%,0.0142
Igkv6-15,A0A140T8M5,tr|A0A140T8M5|A0A140T8M5_MOUSE,2,1.35 (95% CI:1.28 to 1.44),1.3541,0.4373,1.2772,1.4355,95%,0.0005
Kng1,O08677,sp|O08677|KNG1_MOUSE,2,1.68 (95% CI:1.46 to 1.94),1.6839,0.7518,1.4637,1.9374,95%,0.0016
Apoa4,P06728,sp|P06728|APOA4_MOUSE,2,0.12 (95% CI:0.1 to 0.14),0.116,-3.1082,0.0977,0.1376,95%,0.0000
Rpl10a,P53026,sp|P53026|RL10A_MOUSE,2,1.25 (95% CI:0.05 to 28.7),1.2515,0.3236,0.0546,28.6978,95%,0.8713
H2az2,Q3THW5,sp|Q3THW5|H2AV_MOUSE,2,25.93 (95% CI:21.18 to 31.73),25.9271,4.6964,21.1825,31.7344,95%,0.0000
Cyfip2,Q5SQX6,sp|Q5SQX6|CYFP2_MOUSE,2,2.29 (95% CI:0.9 to 5.79),2.2889,1.1947,0.9041,5.7948,95%,0.0999
Hspa13,Q8BM72,sp|Q8BM72|HSP13_MOUSE,2,529.54 (95% CI:0.25 to 1112861.84),529.5393,9.0486,0.252,1112861.8357,95%,0.1199
Ighg2b,P01867,sp|P01867|IGG2B_MOUSE,2,0.45 (95% CI:0.41 to 0.48),0.4459,-1.165,0.4109,0.4839,95%,0.0001
Gna11,P21278,sp|P21278|GNA11_MOUSE,2,1.87 (95% CI:0.52 to 6.78),1.8702,0.9032,0.5159,6.7804,95%,0.2944
Vcam1,P29533,sp|P29533|VCAM1_MOUSE,2,2.13 (95% CI:1.75 to 2.59),2.1267,1.0886,1.7469,2.589,95%,0.0014
Serpind1,P49182,sp|P49182|HEP2_MOUSE,2,2.98 (95% CI:2.77 to 3.2),2.9755,1.5731,2.7692,3.1972,95%,0.0000
Eif5,P59325,sp|P59325|IF5_MOUSE,2,11.1 (95% CI:9.19 to 13.41),11.1013,3.4727,9.1915,13.408,95%,0.0000
Nxn,P97346,sp|P97346|NXN_MOUSE,2,2013.53 (95% CI:0.8 to 5094623.06),2013.5319,10.9755,0.7958,5094623.0592,95%,0.0829
Vwce,Q3U515,sp|Q3U515|VWCE_MOUSE,2,3.5 (95% CI:1.9 to 6.45),3.5015,1.808,1.9017,6.4473,95%,0.0102
Eif1ad10,Q3UTA4,tr|Q3UTA4|Q3UTA4_MOUSE,2,2.14 (95% CI:0.51 to 9),2.1409,1.0982,0.5094,8.9972,95%,0.2612
Arcn1,Q5XJY5,sp|Q5XJY5|COPD_MOUSE,2,4.25 (95% CI:0.78 to 23.17),4.2547,2.0891,0.7814,23.1656,95%,0.1093
Phgdh,Q61753,sp|Q61753|SERA_MOUSE,2,0.08 (95% CI:0.05 to 0.15),0.0847,-3.562,0.0488,0.1469,95%,0.0008
Eif4b,Q8BGD9,sp|Q8BGD9|IF4B_MOUSE,2,0.12 (95% CI:0.01 to 1.04),0.1162,-3.1056,0.013,1.0414,95%,0.0807
Gars1,Q9CZD3,sp|Q9CZD3|GARS_MOUSE,2,24.54 (95% CI:0.28 to 2161.79),24.5429,4.6172,0.2786,2161.789,95%,0.1589
Hgfac,Q9R098,sp|Q9R098|HGFA_MOUSE,2,0.26 (95% CI:0.2 to 0.33),0.2572,-1.9589,0.2027,0.3264,95%,0.0004
Zfp644,E9QA22,tr|E9QA22|E9QA22_MOUSE,2,133743.76 (95% CI:126148.19 to 141796.68),133743.7644,17.0291,126148.1904,141796.6793,95%,0.0000
Myh11,O08638,sp|O08638|MYH11_MOUSE,2,1.38 (95% CI:0.75 to 2.54),1.3826,0.4674,0.7514,2.5441,95%,0.2612
Eno1,P17182,sp|P17182|ENOA_MOUSE,2,0.76 (95% CI:0.54 to 1.07),0.7577,-0.4003,0.5377,1.0677,95%,0.1236
Lmna,P48678,sp|P48678|LMNA_MOUSE,2,0.7 (95% CI:0.28 to 1.78),0.7012,-0.5121,0.2759,1.7823,95%,0.3963
Actn4,P57780,sp|P57780|ACTN4_MOUSE,2,1.17 (95% CI:0.85 to 1.63),1.174,0.2314,0.8458,1.6295,95%,0.2920
Crisp1,Q03401,sp|Q03401|CRIS1_MOUSE,2,16.82 (95% CI:9.06 to 31.23),16.8236,4.0724,9.0623,31.2319,95%,0.0008
Psmd1,Q3TXS7,sp|Q3TXS7|PSMD1_MOUSE,2,4.93 (95% CI:4.41 to 5.52),4.9348,2.303,4.414,5.5172,95%,0.0000
H2bc3,Q64475,sp|Q64475|H2B1B_MOUSE,2,18.5 (95% CI:14.58 to 23.49),18.502,4.2096,14.5759,23.4855,95%,0.0000
Pip4k2b,Q80XI4,sp|Q80XI4|PI42B_MOUSE,2,0.41 (95% CI:0.29 to 0.57),0.4111,-1.2824,0.2949,0.5732,95%,0.0044
Tubb6,Q922F4,sp|Q922F4|TBB6_MOUSE,2,32.03 (95% CI:21.75 to 47.17),32.0296,5.0013,21.7485,47.1707,95%,0.0001
Obsl1,D3YYU8,sp|D3YYU8|OBSL1_MOUSE,2,6.9 (95% CI:4.87 to 9.76),6.8963,2.7858,4.873,9.7596,95%,0.0004
Ighv1-61,P01749,sp|P01749|HVM05_MOUSE,2,3.61 (95% CI:1.47 to 8.9),3.6102,1.8521,1.4653,8.8952,95%,0.0303
Ltf,P08071,sp|P08071|TRFL_MOUSE,2,0.03 (95% CI:0.03 to 0.04),0.0348,-4.8452,0.0298,0.0407,95%,0.0000
Spp1,P10923,sp|P10923|OSTP_MOUSE,2,244.99 (95% CI:123.46 to 486.14),244.9903,7.9366,123.4632,486.1388,95%,0.0001
Rpl22,P67984,sp|P67984|RL22_MOUSE,2,0.41 (95% CI:0.35 to 0.48),0.4064,-1.2992,0.345,0.4786,95%,0.0004
A1bg,Q19LI2,sp|Q19LI2|A1BG_MOUSE,2,0.6 (95% CI:0.58 to 0.63),0.6019,-0.7324,0.5767,0.6282,95%,0.0000
Tepsin,Q3U3N6,sp|Q3U3N6|AP4AT_MOUSE,2,1.68 (95% CI:1.38 to 2.05),1.6839,0.7518,1.3842,2.0485,95%,0.0045
Ppp2r1b,Q7TNP2,sp|Q7TNP2|2AAB_MOUSE,2,2.22 (95% CI:0.3 to 16.62),2.223,1.1525,0.2974,16.6151,95%,0.3779
Flna,Q8BTM8,sp|Q8BTM8|FLNA_MOUSE,2,0.89 (95% CI:0.59 to 1.33),0.8882,-0.171,0.5913,1.3343,95%,0.5063
Ctrb1,Q9CR35,sp|Q9CR35|CTRB1_MOUSE,2,2677.54 (95% CI:0.49 to 14607212.58),2677.5378,11.3867,0.4908,14607212.5757,95%,0.0938
Arpin,Q9D0A3,sp|Q9D0A3|ARPIN_MOUSE,2,47.52 (95% CI:0.06 to 38221.14),47.5238,5.5706,0.0591,38221.1383,95%,0.2304
Cse1l,Q9ERK4,sp|Q9ERK4|XPO2_MOUSE,2,4.65 (95% CI:3.33 to 6.5),4.6509,2.2175,3.3279,6.4997,95%,0.0008
Scgb2b18,A0A087WPA9,tr|A0A087WPA9|A0A087WPA9_MOUSE,2,92475.1 (95% CI:67785.05 to 126158.25),92475.0991,16.4968,67785.0536,126158.2532,95%,0.0000
Igkv4-50,A0A0B4J1J0,tr|A0A0B4J1J0|A0A0B4J1J0_MOUSE,2,2.59 (95% CI:2 to 3.37),2.593,1.3746,1.9965,3.3678,95%,0.0016
Neb,A0A571BF58,tr|A0A571BF58|A0A571BF58_MOUSE,2,0.33 (95% CI:0.01 to 10.38),0.3261,-1.6167,0.0102,10.384,95%,0.4643
Map2k3,O09110,sp|O09110|MP2K3_MOUSE,2,1.94 (95% CI:0.1 to 37.5),1.9391,0.9554,0.1003,37.4956,95%,0.6063
Csn3,P06796,sp|P06796|CASK_MOUSE,2,83.19 (95% CI:44.6 to 155.17),83.1935,6.3784,44.6046,155.1669,95%,0.0002
Rpl13a,P19253,sp|P19253|RL13A_MOUSE,2,3.05 (95% CI:1.36 to 6.82),3.0454,1.6066,1.3606,6.8165,95%,0.0329
Myh10,Q61879,sp|Q61879|MYH10_MOUSE,2,1.15 (95% CI:0.69 to 1.9),1.1499,0.2015,0.6942,1.9049,95%,0.5257
Pabpc4,Q6PHQ9,tr|Q6PHQ9|Q6PHQ9_MOUSE,2,2213.69 (95% CI:0.15 to 32139281.95),2213.6922,11.1122,0.1525,32139281.9505,95%,0.1253
Hadha,Q8BMS1,sp|Q8BMS1|ECHA_MOUSE,2,3.23 (95% CI:0.83 to 12.54),3.2264,1.6899,0.83,12.5414,95%,0.1071
Akap8,Q9DBR0,sp|Q9DBR0|AKAP8_MOUSE,2,11.43 (95% CI:5.65 to 23.11),11.4258,3.5142,5.6502,23.1051,95%,0.0019
Arpc3,Q9JM76,sp|Q9JM76|ARPC3_MOUSE,2,4.64 (95% CI:1.3 to 16.54),4.6361,2.2129,1.2993,16.5428,95%,0.0479
Heph,Q9Z0Z4,sp|Q9Z0Z4|HEPH_MOUSE,2,5.61 (95% CI:4.18 to 7.54),5.6137,2.4889,4.1801,7.539,95%,0.0004
Ighv10-3,A0A075B5T6,tr|A0A075B5T6|A0A075B5T6_MOUSE,2,3.08 (95% CI:1.48 to 6.43),3.0835,1.6246,1.4797,6.4253,95%,0.0247
Ighv9-2,A0A0B4J1J4,tr|A0A0B4J1J4|A0A0B4J1J4_MOUSE,2,2.53 (95% CI:2.25 to 2.84),2.5256,1.3366,2.2456,2.8405,95%,0.0001
Naglu,O88325,tr|O88325|O88325_MOUSE,2,0.56 (95% CI:0.44 to 0.71),0.5608,-0.8344,0.4428,0.7103,95%,0.0058
Serpina3k,P07759,sp|P07759|SPA3K_MOUSE,2,0.14 (95% CI:0.14 to 0.14),0.1401,-2.8357,0.1354,0.1449,95%,0.0000
Pura,P42669,sp|P42669|PURA_MOUSE,2,64.4 (95% CI:49.45 to 83.87),64.4006,6.009,49.4521,83.8678,95%,0.0000
H3-3b,P84244,sp|P84244|H33_MOUSE,2,39.16 (95% CI:16.22 to 94.5),39.1558,5.2912,16.2238,94.5014,95%,0.0011
Oxr1,Q4KMM3,sp|Q4KMM3|OXR1_MOUSE,2,0.05 (95% CI:0.02 to 0.12),0.0527,-4.2459,0.0236,0.1178,95%,0.0016
Pcyox1l,Q8C7K6,sp|Q8C7K6|PCYXL_MOUSE,2,9.27 (95% CI:3.85 to 22.35),9.2734,3.2131,3.8477,22.3502,95%,0.0052
Pgam1,Q9DBJ1,sp|Q9DBJ1|PGAM1_MOUSE,2,0.5 (95% CI:0.33 to 0.75),0.5008,-0.9978,0.3328,0.7535,95%,0.0184
Ube4b,Q9ES00,sp|Q9ES00|UBE4B_MOUSE,2,2354.2 (95% CI:0.12 to 45616314.02),2354.2021,11.201,0.1215,45616314.0227,95%,0.1308
Ighv1-37,A0A075B5V4,tr|A0A075B5V4|A0A075B5V4_MOUSE,2,1.48 (95% CI:1.31 to 1.66),1.4758,0.5615,1.3131,1.6587,95%,0.0021
Ighv8-6,A0A075B5W4,tr|A0A075B5W4|A0A075B5W4_MOUSE,2,1.54 (95% CI:1.07 to 2.22),1.5407,0.6236,1.0683,2.2222,95%,0.0507
Igkv6-23,A0A140T8N5,tr|A0A140T8N5|A0A140T8N5_MOUSE,2,1.25 (95% CI:1.07 to 1.47),1.2506,0.3227,1.0655,1.468,95%,0.0321
Myh2,G3UW82,tr|G3UW82|G3UW82_MOUSE,2,0.21 (95% CI:0.16 to 0.27),0.2072,-2.2709,0.1609,0.2668,95%,0.0003
Amy2,P00688,sp|P00688|AMYP_MOUSE,2,0.01 (95% CI:0.01 to 0.02),0.0101,-6.6328,0.0055,0.0186,95%,0.0002
Ca2,P00920,sp|P00920|CAH2_MOUSE,2,0.04 (95% CI:0.01 to 0.22),0.0357,-4.8091,0.0057,0.223,95%,0.0147
H2-Q10,P01898,sp|P01898|HA10_MOUSE,2,8.14 (95% CI:5.24 to 12.64),8.1376,3.0246,5.2405,12.6363,95%,0.0007
Gnb4,P29387,sp|P29387|GBB4_MOUSE,2,3.48 (95% CI:0.56 to 21.64),3.4801,1.7991,0.5597,21.6379,95%,0.1726
Eps15,P42567,sp|P42567|EPS15_MOUSE,2,13.66 (95% CI:10.14 to 18.41),13.6597,3.7719,10.1367,18.4073,95%,0.0001
Eef1d,P57776,sp|P57776|EF1D_MOUSE,2,3.41 (95% CI:1.94 to 6.03),3.4149,1.7718,1.9355,6.0251,95%,0.0086
Arf3,P61205,sp|P61205|ARF3_MOUSE,2,0.46 (95% CI:0.37 to 0.58),0.4599,-1.1207,0.3652,0.5791,95%,0.0021
Sparcl1,P70663,sp|P70663|SPRL1_MOUSE,2,35 (95% CI:25.06 to 48.87),34.9964,5.1291,25.0594,48.8737,95%,0.0001
Ces2f,Q08ED5,tr|Q08ED5|Q08ED5_MOUSE,2,0.42 (95% CI:0.31 to 0.56),0.419,-1.2549,0.3146,0.5581,95%,0.0029
Frem2,Q6NVD0,sp|Q6NVD0|FREM2_MOUSE,2,9575.7 (95% CI:7368.41 to 12444.21),9575.7012,13.2252,7368.4135,12444.2056,95%,0.0000
Apoa5,Q8C7G5,sp|Q8C7G5|APOA5_MOUSE,2,17 (95% CI:4.72 to 61.2),16.9968,4.0872,4.7206,61.1978,95%,0.0080
Rnpep,Q8VCT3,sp|Q8VCT3|AMPB_MOUSE,2,1.36 (95% CI:0.63 to 2.94),1.3563,0.4397,0.6261,2.9383,95%,0.3809
Fam114a1,Q9D281,sp|Q9D281|NXP20_MOUSE,2,146.51 (95% CI:0.02 to 1226495.27),146.5058,7.1948,0.0175,1226495.2668,95%,0.2462
Cert1,Q9EQG9,sp|Q9EQG9|CERT_MOUSE,2,0.65 (95% CI:0.34 to 1.23),0.6492,-0.6234,0.3439,1.2253,95%,0.1735
Acin1,Q9JIX8,sp|Q9JIX8|ACINU_MOUSE,2,6.48 (95% CI:1.94 to 21.67),6.4817,2.6964,1.939,21.6675,95%,0.0240
Pygm,Q9WUB3,sp|Q9WUB3|PYGM_MOUSE,2,3.07 (95% CI:0.64 to 14.61),3.0676,1.6171,0.644,14.6116,95%,0.1577
Scgb2b12,S4R2L0,tr|S4R2L0|S4R2L0_MOUSE,2,92475.1 (95% CI:67785.05 to 126158.25),92475.0991,16.4968,67785.0536,126158.2532,95%,0.0000
Get3,O54984,sp|O54984|GET3_MOUSE,2,0.77 (95% CI:0.5 to 1.18),0.7718,-0.3736,0.5045,1.181,95%,0.2105
Nid2,O88322,sp|O88322|NID2_MOUSE,2,15.78 (95% CI:10.81 to 23.05),15.7838,3.9804,10.8064,23.0537,95%,0.0002
Pon1,P52430,sp|P52430|PON1_MOUSE,2,13.71 (95% CI:11.45 to 16.42),13.7141,3.7776,11.4521,16.4228,95%,0.0000
Sele,Q00690,sp|Q00690|LYAM2_MOUSE,2,0.93 (95% CI:0.26 to 3.37),0.9297,-0.1051,0.2564,3.3712,95%,0.8970
Ces1e,Q64176,sp|Q64176|EST1E_MOUSE,2,0.22 (95% CI:0.2 to 0.24),0.2206,-2.1807,0.1997,0.2436,95%,0.0000
Card11,Q8CIS0,sp|Q8CIS0|CAR11_MOUSE,2,16.07 (95% CI:0.27 to 944.9),16.0708,4.0064,0.2733,944.896,95%,0.1729
Adgrl2,Q8JZZ7,sp|Q8JZZ7|AGRL2_MOUSE,2,12140.92 (95% CI:7492.35 to 19673.67),12140.9242,13.5676,7492.3498,19673.673,95%,0.0000
Mepe,Q8K4L6,sp|Q8K4L6|MEPE_MOUSE,2,115.31 (95% CI:0.01 to 2370295.31),115.3074,6.8493,0.0056,2370295.3117,95%,0.3006
Btf3l4,Q9CQH7,sp|Q9CQH7|BT3L4_MOUSE,2,0 (95% CI:0 to 0.01),0.0036,-8.1044,0.0019,0.0069,95%,0.0001
Sucla2,Q9Z2I9,sp|Q9Z2I9|SUCB1_MOUSE,2,0.94 (95% CI:0.39 to 2.29),0.9406,-0.0884,0.3869,2.2864,95%,0.8757
Ighv2-3,A0A075B696,tr|A0A075B696|A0A075B696_MOUSE,2,580.17 (95% CI:0.1 to 3249052.15),580.1687,9.1803,0.1036,3249052.1475,95%,0.1497
Tnxb,A0A5F8MPH8,tr|A0A5F8MPH8|A0A5F8MPH8_MOUSE,2,1.64 (95% CI:1.35 to 2),1.6406,0.7142,1.3453,2.0008,95%,0.0054
Cx3cl1,O35188,sp|O35188|X3CL1_MOUSE,2,4.8 (95% CI:3.86 to 5.98),4.8035,2.2641,3.8615,5.9752,95%,0.0002
Sfn,O70456,sp|O70456|1433S_MOUSE,2,37.24 (95% CI:17.77 to 78.05),37.2448,5.219,17.7732,78.0489,95%,0.0006
S100a4,P07091,sp|P07091|S10A4_MOUSE,2,74.11 (95% CI:8.18 to 671.71),74.1118,6.2116,8.177,671.7086,95%,0.0119
Itgb2,P11835,sp|P11835|ITB2_MOUSE,2,0.22 (95% CI:0.18 to 0.27),0.219,-2.1911,0.1772,0.2707,95%,0.0002
Apoc1,P34928,sp|P34928|APOC1_MOUSE,2,6.16 (95% CI:3.25 to 11.66),6.1589,2.6227,3.2526,11.6619,95%,0.0036
Ina,P46660,sp|P46660|AINX_MOUSE,2,88823.73 (95% CI:54276.65 to 145360.01),88823.727,16.4387,54276.6497,145360.0124,95%,0.0000
Scg3,P47867,sp|P47867|SCG3_MOUSE,2,20019.54 (95% CI:13035.47 to 30745.51),20019.5434,14.2891,13035.4673,30745.5123,95%,0.0000
Rab8b,P61028,sp|P61028|RAB8B_MOUSE,2,7.95 (95% CI:2.46 to 25.75),7.9536,2.9916,2.4566,25.751,95%,0.0162
Lrrfip1,Q3UZ39,sp|Q3UZ39|LRRF1_MOUSE,2,55728.92 (95% CI:38197.14 to 81307.48),55728.9216,15.7661,38197.1353,81307.4771,95%,0.0000
Mapre1,Q61166,sp|Q61166|MARE1_MOUSE,2,18.87 (95% CI:1.09 to 327.56),18.8692,4.238,1.087,327.5577,95%,0.0722
Snx4,Q91YJ2,sp|Q91YJ2|SNX4_MOUSE,2,6.36 (95% CI:1.51 to 26.81),6.3627,2.6696,1.51,26.8113,95%,0.0403
Lrp1,Q91ZX7,sp|Q91ZX7|LRP1_MOUSE,2,14.14 (95% CI:9.78 to 20.44),14.1388,3.8216,9.7825,20.4351,95%,0.0002
Cs,Q9CZU6,sp|Q9CZU6|CISY_MOUSE,2,0.31 (95% CI:0.21 to 0.44),0.3063,-1.7072,0.2131,0.4401,95%,0.0023
H3f4,A0A8I4SYN6,tr|A0A8I4SYN6|A0A8I4SYN6_MOUSE,2,67.79 (95% CI:34.85 to 131.84),67.786,6.0829,34.8514,131.8436,95%,0.0003
Dynll1,P63168,sp|P63168|DYL1_MOUSE,2,570.33 (95% CI:0.26 to 1261161.56),570.3329,9.1557,0.2579,1261161.5574,95%,0.1186
Rheb,Q921J2,sp|Q921J2|RHEB_MOUSE,2,5.02 (95% CI:0.56 to 45.15),5.0173,2.3269,0.5576,45.149,95%,0.1509
Dnajb11,Q99KV1,sp|Q99KV1|DJB11_MOUSE,2,78433.98 (95% CI:60911.22 to 100997.65),78433.9838,16.2592,60911.2193,100997.6468,95%,0.0000
Map3k20,Q9ESL4,sp|Q9ESL4|M3K20_MOUSE,2,2.53 (95% CI:1.35 to 4.75),2.5286,1.3383,1.3451,4.7534,95%,0.0276
Ighv8-13,A0A075B5Y0,tr|A0A075B5Y0|A0A075B5Y0_MOUSE,2,1.78 (95% CI:1.08 to 2.93),1.7782,0.8304,1.078,2.9333,95%,0.0545
Thbd,P15306,sp|P15306|TRBM_MOUSE,2,14.87 (95% CI:2.63 to 84.03),14.8741,3.8947,2.6328,84.03,95%,0.0235
F2,P19221,sp|P19221|THRB_MOUSE,2,49.24 (95% CI:31.48 to 77.02),49.2385,5.6217,31.477,77.0222,95%,0.0001
Psmb8,P28063,sp|P28063|PSB8_MOUSE,2,87.61 (95% CI:50.6 to 151.67),87.6055,6.453,50.6005,151.673,95%,0.0001
Mapk14,P47811,sp|P47811|MK14_MOUSE,2,32.51 (95% CI:1.47 to 718.02),32.5104,5.0228,1.472,718.0168,95%,0.0576
Acp5,Q05117,sp|Q05117|PPA5_MOUSE,2,9.32 (95% CI:3.91 to 22.21),9.3155,3.2196,3.9079,22.2057,95%,0.0050
Gnat3,Q3V3I2,sp|Q3V3I2|GNAT3_MOUSE,2,0.05 (95% CI:0.01 to 0.16),0.0454,-4.4621,0.0132,0.1557,95%,0.0053
Uggt1,Q6P5E4,sp|Q6P5E4|UGGG1_MOUSE,2,1.21 (95% CI:0.14 to 10.37),1.2086,0.2734,0.1409,10.365,95%,0.8401
Cd93,O89103,sp|O89103|C1QR1_MOUSE,2,29.92 (95% CI:20.57 to 43.53),29.9207,4.9031,20.5683,43.5258,95%,0.0001
Lamb1,P02469,sp|P02469|LAMB1_MOUSE,2,3.24 (95% CI:2.04 to 5.15),3.2373,1.6948,2.0355,5.1488,95%,0.0052
Rab3d,P35276,sp|P35276|RAB3D_MOUSE,2,6.13 (95% CI:1.82 to 20.69),6.1329,2.6166,1.8182,20.687,95%,0.0264
Aldh2,P47738,sp|P47738|ALDH2_MOUSE,2,2.18 (95% CI:1.23 to 3.85),2.1777,1.1228,1.2333,3.8454,95%,0.0338
H4c16,P62806,sp|P62806|H4_MOUSE,2,71.03 (95% CI:42.83 to 117.79),71.0255,6.1503,42.8278,117.7886,95%,0.0001
Rab1A,P62821,sp|P62821|RAB1A_MOUSE,2,6.46 (95% CI:2.51 to 16.64),6.4624,2.6921,2.5091,16.6441,95%,0.0115
Tpsab1,Q02844,sp|Q02844|TRYB1_MOUSE,2,5264.28 (95% CI:8.4 to 3298070.8),5264.2778,12.362,8.4027,3298070.7974,95%,0.0365
Myom2,Q14BI5,tr|Q14BI5|Q14BI5_MOUSE,2,3.36 (95% CI:1.62 to 6.97),3.3571,1.7472,1.6172,6.9688,95%,0.0195
Gm12185,Q5NCB2,tr|Q5NCB2|Q5NCB2_MOUSE,2,142.06 (95% CI:0.06 to 327871.34),142.0591,7.1503,0.0616,327871.3443,95%,0.1931
Ogdh,Q60597,sp|Q60597|ODO1_MOUSE,2,2901.61 (95% CI:2.84 to 2960781.2),2901.6055,11.5026,2.8436,2960781.2002,95%,0.0544
Prg2,Q61878,sp|Q61878|PRG2_MOUSE,2,19.93 (95% CI:8.9 to 44.62),19.9298,4.3169,8.9021,44.6185,95%,0.0016
Srsf2,Q62093,sp|Q62093|SRSF2_MOUSE,2,0.18 (95% CI:0.01 to 5.34),0.1849,-2.4349,0.0064,5.3439,95%,0.2825
H2ac20,Q64523,sp|Q64523|H2A2C_MOUSE,2,27.79 (95% CI:22.46 to 34.38),27.7876,4.7964,22.4567,34.384,95%,0.0000
Pdia6,Q922R8,sp|Q922R8|PDIA6_MOUSE,2,22.36 (95% CI:7.14 to 70),22.3604,4.4829,7.1422,70.0043,95%,0.0042
Acsl4,Q9QUJ7,sp|Q9QUJ7|ACSL4_MOUSE,2,4.72 (95% CI:0.6 to 37.07),4.7154,2.2374,0.5999,37.0664,95%,0.1435
Apom,Q9Z1R3,sp|Q9Z1R3|APOM_MOUSE,2,1.03 (95% CI:0.94 to 1.12),1.0285,0.0405,0.9417,1.1233,95%,0.4710
,P01657,sp|P01657|KV3A5_MOUSE,2,4.1 (95% CI:3.02 to 5.55),4.0952,2.0339,3.0245,5.5451,95%,0.0007
,P01659,sp|P01659|KV3A7_MOUSE,2,4.26 (95% CI:2.95 to 6.15),4.2552,2.0892,2.9457,6.1469,95%,0.0013
,P01663,sp|P01663|KV3AB_MOUSE,2,6.44 (95% CI:4.22 to 9.83),6.4367,2.6863,4.2167,9.8253,95%,0.0009
,P01747,sp|P01747|HVM03_MOUSE,2,0.25 (95% CI:0.11 to 0.56),0.2494,-2.0037,0.1109,0.5608,95%,0.0177
,P01756,sp|P01756|HVM12_MOUSE,2,1.03 (95% CI:0.94 to 1.13),1.0278,0.0395,0.936,1.1285,95%,0.5045
,P01789,sp|P01789|HVM20_MOUSE,2,6.54 (95% CI:4.56 to 9.38),6.5374,2.7087,4.5552,9.3822,95%,0.0005
,P01797,sp|P01797|HVM28_MOUSE,2,2.83 (95% CI:2.55 to 3.14),2.8318,1.5017,2.554,3.1398,95%,0.0001
,P01896,sp|P01896|HA1Z_MOUSE,2,11.09 (95% CI:8.66 to 14.21),11.0885,3.471,8.6555,14.2054,95%,0.0001
,P18525,sp|P18525|HVM54_MOUSE,2,1.46 (95% CI:1.17 to 1.81),1.4557,0.5417,1.1709,1.8097,95%,0.0174
,P18526,sp|P18526|HVM55_MOUSE,2,1.14 (95% CI:0.82 to 1.59),1.1425,0.1923,0.821,1.59,95%,0.3712
,P18527,sp|P18527|HVM56_MOUSE,2,1.73 (95% CI:1.24 to 2.43),1.7341,0.7941,1.2396,2.4258,95%,0.0202
,P84751,sp|P84751|HVM63_MOUSE,2,0.26 (95% CI:0.18 to 0.37),0.2555,-1.9684,0.176,0.371,95%,0.0016
Lmtk2,Q3TYD6,sp|Q3TYD6|LMTK2_MOUSE,2,91238.42 (95% CI:83030.31 to 100257.96),91238.4202,16.4774,83030.3108,100257.9571,95%,0.0000
Efemp1,Q8BPB5,sp|Q8BPB5|FBLN3_MOUSE,2,5.03 (95% CI:4.38 to 5.78),5.0334,2.3315,4.3822,5.7814,95%,0.0013
Mat1a,Q91X83,sp|Q91X83|METK1_MOUSE,2,1.55 (95% CI:0.95 to 2.54),1.5507,0.633,0.9469,2.5398,95%,0.1005
Pcdhga4,Q91XY4,sp|Q91XY4|PCDG4_MOUSE,2,6.58 (95% CI:2.31 to 18.74),6.5767,2.7174,2.3082,18.7385,95%,0.0152
Plod3,Q9R0E1,sp|Q9R0E1|PLOD3_MOUSE,2,6.18 (95% CI:3.3 to 11.56),6.177,2.6269,3.3007,11.5597,95%,0.0034
Psmb2,Q9R1P3,sp|Q9R1P3|PSB2_MOUSE,2,73.15 (95% CI:66.12 to 80.94),73.1521,6.1928,66.1171,80.9357,95%,0.0000
Pwwp4c,A3KG49,tr|A3KG49|A3KG49_MOUSE,2,3.16 (95% CI:0.26 to 38.2),3.1583,1.6591,0.2611,38.1963,95%,0.3147
Abcb5,B5X0E4,sp|B5X0E4|ABCB5_MOUSE,2,66.26 (95% CI:0 to 909076.76),66.2577,6.05,0.0048,909076.7566,95%,0.3340
Ncf2,O70145,sp|O70145|NCF2_MOUSE,2,4.28 (95% CI:2.43 to 7.53),4.276,2.0963,2.4276,7.5318,95%,0.0050
Krt10,P02535,sp|P02535|K1C10_MOUSE,2,0.51 (95% CI:0.09 to 2.7),0.5053,-0.9847,0.0945,2.7011,95%,0.3673
Hsp90b1,P08113,sp|P08113|ENPL_MOUSE,2,29.04 (95% CI:21.82 to 38.63),29.0354,4.8597,21.8246,38.6286,95%,0.0000
Rps6ka3,P18654,sp|P18654|KS6A3_MOUSE,2,37.16 (95% CI:3.85 to 358.72),37.1566,5.2155,3.8487,358.7243,95%,0.0221
Igf2r,Q07113,sp|Q07113|MPRI_MOUSE,2,0.73 (95% CI:0.62 to 0.86),0.729,-0.456,0.6202,0.8569,95%,0.0119
Tln2,Q71LX4,sp|Q71LX4|TLN2_MOUSE,2,1.57 (95% CI:0.84 to 2.93),1.5665,0.6475,0.8388,2.9253,95%,0.1575
Hrnr,Q8VHD8,sp|Q8VHD8|HORN_MOUSE,2,0.39 (95% CI:0.21 to 0.73),0.3897,-1.3596,0.2076,0.7314,95%,0.0264
Sil1,Q9EPK6,sp|Q9EPK6|SIL1_MOUSE,2,5.83 (95% CI:3.04 to 11.19),5.8291,2.5433,3.0354,11.1941,95%,0.0043
Asah2,Q9JHE3,sp|Q9JHE3|ASAH2_MOUSE,2,10.68 (95% CI:0.38 to 300.23),10.6755,3.4162,0.3796,300.2303,95%,0.1610
Igkv3-7,A0A075B5N9,tr|A0A075B5N9|A0A075B5N9_MOUSE,2,3.92 (95% CI:2.85 to 5.4),3.9211,1.9713,2.8481,5.3985,95%,0.0010
BC035947,B2RQY6,tr|B2RQY6|B2RQY6_MOUSE,2,154.5 (95% CI:0.04 to 586136.48),154.5018,7.2715,0.0407,586136.4821,95%,0.2090
Hdac1,O09106,sp|O09106|HDAC1_MOUSE,2,1128.58 (95% CI:0.53 to 2401018.61),1128.5751,10.1403,0.5305,2401018.6132,95%,0.0938
Itgb3,O54890,sp|O54890|ITB3_MOUSE,2,9.83 (95% CI:4.36 to 22.19),9.8347,3.2979,4.3592,22.1881,95%,0.0038
Hspa5,P20029,sp|P20029|BIP_MOUSE,2,10.26 (95% CI:9.39 to 11.21),10.2599,3.3589,9.3923,11.2077,95%,0.0000
Des,P31001,sp|P31001|DESM_MOUSE,2,256.96 (95% CI:0.05 to 1401374.64),256.9622,8.0054,0.0471,1401374.6361,95%,0.1914
Cops2,P61202,sp|P61202|CSN2_MOUSE,2,3.46 (95% CI:0.99 to 12.09),3.4554,1.7889,0.9876,12.0893,95%,0.0792
Ap2m1,P84091,sp|P84091|AP2M1_MOUSE,2,0.53 (95% CI:0.15 to 1.87),0.5273,-0.9233,0.1486,1.871,95%,0.2801
Fhl1,P97447,sp|P97447|FHL1_MOUSE,2,25.33 (95% CI:20.29 to 31.62),25.3332,4.663,20.2949,31.6222,95%,0.0000
Csn1s2a,Q02862,sp|Q02862|CS2LA_MOUSE,2,131.1 (95% CI:102.61 to 167.49),131.0964,7.0345,102.6123,167.4875,95%,0.0000
Cttn,Q60598,sp|Q60598|SRC8_MOUSE,2,7.47 (95% CI:1.82 to 30.56),7.4671,2.9006,1.8247,30.557,95%,0.0301
Atg4b,Q8BGE6,sp|Q8BGE6|ATG4B_MOUSE,2,3.74 (95% CI:0.53 to 26.37),3.7445,1.9048,0.5316,26.374,95%,0.1754
Treml1,Q8K558,sp|Q8K558|TRML1_MOUSE,2,9.29 (95% CI:4.88 to 17.69),9.2949,3.2164,4.883,17.693,95%,0.0019
Rap1b,Q99JI6,sp|Q99JI6|RAP1B_MOUSE,2,0.64 (95% CI:0.35 to 1.19),0.6418,-0.6398,0.346,1.1904,95%,0.1577
Pnp2,Q9D8C9,tr|Q9D8C9|Q9D8C9_MOUSE,2,3.3 (95% CI:2.61 to 4.17),3.2997,1.7223,2.6095,4.1725,95%,0.0006
Tfg,Q9Z1A1,tr|Q9Z1A1|Q9Z1A1_MOUSE,2,570.51 (95% CI:0.37 to 875196.87),570.5084,9.1561,0.3719,875196.8742,95%,0.1065
Uso1,Q9Z1Z0,sp|Q9Z1Z0|USO1_MOUSE,2,1.89 (95% CI:0.09 to 39.1),1.892,0.9199,0.0915,39.103,95%,0.6247
Ighv7-3,A0A075B5R2,tr|A0A075B5R2|A0A075B5R2_MOUSE,2,1.62 (95% CI:1.3 to 2.02),1.6225,0.6982,1.3022,2.0216,95%,0.0081
Eef1a1,P10126,sp|P10126|EF1A1_MOUSE,2,11 (95% CI:4.41 to 27.42),10.9971,3.4591,4.4108,27.4183,95%,0.0046
Cfp,P11680,sp|P11680|PROP_MOUSE,2,0.02 (95% CI:0.02 to 0.03),0.0221,-5.4985,0.0185,0.0265,95%,0.0000
Adsl,P54822,sp|P54822|PUR8_MOUSE,2,1.13 (95% CI:0.2 to 6.32),1.1252,0.1702,0.2002,6.3231,95%,0.8767
Acta2,P62737,sp|P62737|ACTA_MOUSE,2,1.42 (95% CI:1.22 to 1.64),1.4173,0.5031,1.2244,1.6405,95%,0.0063
Ctnnb1,Q02248,sp|Q02248|CTNB1_MOUSE,2,2.5 (95% CI:0.41 to 15.07),2.4953,1.3192,0.4133,15.0674,95%,0.2777
Cd96,Q3U0X8,sp|Q3U0X8|TACT_MOUSE,2,7.29 (95% CI:4.53 to 11.72),7.2904,2.866,4.5344,11.7216,95%,0.0011
Myh14,Q6URW6,sp|Q6URW6|MYH14_MOUSE,2,1.85 (95% CI:1.08 to 3.16),1.8508,0.8881,1.0825,3.1643,95%,0.0548
Col14a1,Q80X19,sp|Q80X19|COEA1_MOUSE,2,5.52 (95% CI:4.63 to 6.58),5.5211,2.4649,4.6328,6.5796,95%,0.0003
Oit3,Q8R4V5,sp|Q8R4V5|OIT3_MOUSE,2,6.07 (95% CI:1.87 to 19.71),6.0732,2.6025,1.8715,19.7084,95%,0.0248
Tubb2b,Q9CWF2,sp|Q9CWF2|TBB2B_MOUSE,2,40.16 (95% CI:24.92 to 64.73),40.1602,5.3277,24.9176,64.7269,95%,0.0001
Pgam2,O70250,sp|O70250|PGAM2_MOUSE,2,0.34 (95% CI:0.18 to 0.67),0.3448,-1.5361,0.1767,0.6729,95%,0.0221
Me1,P06801,sp|P06801|MAOX_MOUSE,2,0.87 (95% CI:0.56 to 1.37),0.8748,-0.1929,0.5567,1.3747,95%,0.5009
Spta1,P08032,sp|P08032|SPTA1_MOUSE,2,0.93 (95% CI:0.58 to 1.5),0.9302,-0.1043,0.5762,1.5017,95%,0.6942
Pcbp1,P60335,sp|P60335|PCBP1_MOUSE,2,4.08 (95% CI:2.73 to 6.11),4.0842,2.0301,2.73,6.1103,95%,0.0019
Psmc6,P62334,sp|P62334|PRS10_MOUSE,2,1.69 (95% CI:1.1 to 2.58),1.6883,0.7555,1.1047,2.5801,95%,0.0450
Eif3j1,Q3UGC7,sp|Q3UGC7|EI3JA_MOUSE,2,3.87 (95% CI:1.02 to 14.7),3.8712,1.9528,1.0194,14.7009,95%,0.0745
Osbp2,Q5QNQ6,sp|Q5QNQ6|OSBP2_MOUSE,2,1.85 (95% CI:1 to 3.41),1.8463,0.8846,0.9992,3.4117,95%,0.0775
Anp32c,Q64G17,sp|Q64G17|AN32C_MOUSE,2,2.4 (95% CI:0.58 to 10.03),2.4036,1.2652,0.576,10.0303,95%,0.2080
Gnal,Q8CGK7,sp|Q8CGK7|GNAL_MOUSE,2,0.05 (95% CI:0.01 to 0.16),0.0454,-4.4621,0.0132,0.1557,95%,0.0053
Flnc,Q8VHX6,sp|Q8VHX6|FLNC_MOUSE,2,2.18 (95% CI:0.55 to 8.56),2.1782,1.1231,0.5541,8.5625,95%,0.2355
Scpep1,Q920A5,sp|Q920A5|RISC_MOUSE,2,1202.82 (95% CI:0.14 to 10308579.58),1202.8185,10.2322,0.1403,10308579.5785,95%,0.1321
Atp11c,Q9QZW0,sp|Q9QZW0|AT11C_MOUSE,2,7.48 (95% CI:0.99 to 56.87),7.4849,2.904,0.9851,56.8693,95%,0.0787
Dpt,Q9QZZ6,sp|Q9QZZ6|DERM_MOUSE,2,16.88 (95% CI:7.2 to 39.58),16.8833,4.0775,7.2022,39.5775,95%,0.0022
Mapk9,Q9WTU6,sp|Q9WTU6|MK09_MOUSE,2,82.73 (95% CI:1.11 to 6187.69),82.7291,6.3703,1.1061,6187.6914,95%,0.0730
Ighv6-5,J3QK03,tr|J3QK03|J3QK03_MOUSE,2,3.74 (95% CI:3.13 to 4.47),3.7404,1.9032,3.1334,4.465,95%,0.0002
St8sia2,O35696,sp|O35696|SIA8B_MOUSE,2,2.25 (95% CI:1.06 to 4.78),2.2532,1.172,1.0629,4.7765,95%,0.0637
Cops5,O35864,sp|O35864|CSN5_MOUSE,2,0.66 (95% CI:0.45 to 0.98),0.6626,-0.5939,0.4491,0.9774,95%,0.0674
H2bc1,P70696,sp|P70696|H2B1A_MOUSE,2,18.66 (95% CI:12.69 to 27.43),18.6565,4.2216,12.6907,27.4268,95%,0.0002
Reln,Q60841,sp|Q60841|RELN_MOUSE,2,2.78 (95% CI:2.07 to 3.74),2.7782,1.4741,2.0654,3.7369,95%,0.0019
Map2k2,Q63932,sp|Q63932|MP2K2_MOUSE,2,2155.91 (95% CI:1.34 to 3470278.38),2155.9068,11.0741,1.3394,3470278.38,95%,0.0705
Krt25,Q8VCW2,sp|Q8VCW2|K1C25_MOUSE,2,0.86 (95% CI:0.13 to 5.59),0.8638,-0.2113,0.1335,5.59,95%,0.8588
Srsf4,Q8VE97,sp|Q8VE97|SRSF4_MOUSE,2,4.24 (95% CI:3.19 to 5.66),4.2447,2.0857,3.1853,5.6566,95%,0.0006
Prpf19,Q99KP6,sp|Q99KP6|PRP19_MOUSE,2,8972.79 (95% CI:4477.73 to 17980.31),8972.7931,13.1313,4477.7323,17980.3102,95%,0.0000
Gins3,Q9CY94,sp|Q9CY94|PSF3_MOUSE,2,4827.45 (95% CI:7.08 to 3292754.37),4827.4544,12.237,7.0775,3292754.3653,95%,0.0391
Uqcrc1,Q9CZ13,sp|Q9CZ13|QCR1_MOUSE,2,15.94 (95% CI:1.09 to 233.59),15.9411,3.9947,1.0879,233.5936,95%,0.0719
Cfhr2,A0A668KLU9,tr|A0A668KLU9|A0A668KLU9_MOUSE,2,0.11 (95% CI:0.09 to 0.13),0.112,-3.1586,0.0943,0.133,95%,0.0000
Tubb1,A2AQ07,sp|A2AQ07|TBB1_MOUSE,2,19.28 (95% CI:15.16 to 24.52),19.277,4.2688,15.1563,24.5181,95%,0.0002
Mup8,E9PVW0,tr|E9PVW0|E9PVW0_MOUSE,2,2.11 (95% CI:1.63 to 2.73),2.1075,1.0756,1.6289,2.7267,95%,0.0034
Plin4,O88492,sp|O88492|PLIN4_MOUSE,2,0.44 (95% CI:0.12 to 1.64),0.4392,-1.1871,0.1175,1.6419,95%,0.2019
Klkb1,P26262,sp|P26262|KLKB1_MOUSE,2,0.65 (95% CI:0.62 to 0.69),0.6535,-0.6138,0.6158,0.6935,95%,0.0002
Hnrnpul2,Q00PI9,sp|Q00PI9|HNRL2_MOUSE,2,12.75 (95% CI:7.56 to 21.5),12.7506,3.6725,7.5617,21.5,95%,0.0006
Lamb2,Q61292,sp|Q61292|LAMB2_MOUSE,2,2.44 (95% CI:1.16 to 5.12),2.4423,1.2882,1.1648,5.1211,95%,0.0479
Glipr2,Q9CYL5,sp|Q9CYL5|GAPR1_MOUSE,2,37.39 (95% CI:0 to 543978.1),37.3891,5.2245,0.0026,543978.1036,95%,0.3987
Atp1a4,Q9WV27,sp|Q9WV27|AT1A4_MOUSE,2,1.98 (95% CI:1.54 to 2.55),1.9781,0.9841,1.5375,2.545,95%,0.0043
Gab2,Q9Z1S8,sp|Q9Z1S8|GAB2_MOUSE,2,4.88 (95% CI:0.92 to 25.85),4.8767,2.2859,0.9201,25.8481,95%,0.0865
Igkv3-10,A0A075B5N8,tr|A0A075B5N8|A0A075B5N8_MOUSE,2,3.92 (95% CI:1.89 to 8.13),3.9193,1.9706,1.8896,8.1293,95%,0.0135
9530053A07Rik,E9PVG8,tr|E9PVG8|E9PVG8_MOUSE,2,16.78 (95% CI:14.81 to 19),16.7756,4.0683,14.8084,19.0041,95%,0.0000
Nrp2,O35375,sp|O35375|NRP2_MOUSE,2,0.97 (95% CI:0.43 to 2.2),0.9706,-0.0431,0.428,2.2012,95%,0.9246
F10,O88947,sp|O88947|FA10_MOUSE,2,54.14 (95% CI:31.72 to 92.39),54.1353,5.7585,31.7189,92.3936,95%,0.0002
Ptx3,P48759,sp|P48759|PTX3_MOUSE,2,15.95 (95% CI:1.15 to 221.75),15.9527,3.9957,1.1476,221.7513,95%,0.0684
St3gal1,P54751,sp|P54751|SIA4A_MOUSE,2,0.76 (95% CI:0.17 to 3.49),0.7599,-0.3961,0.1656,3.4879,95%,0.6747
Rps11,P62281,sp|P62281|RS11_MOUSE,2,0.19 (95% CI:0.13 to 0.27),0.188,-2.4109,0.1331,0.2657,95%,0.0007
Rpl23,P62830,sp|P62830|RL23_MOUSE,2,0.05 (95% CI:0.04 to 0.07),0.0543,-4.2041,0.0398,0.0739,95%,0.0001
Eif4e,P63073,sp|P63073|IF4E_MOUSE,2,0.05 (95% CI:0.04 to 0.06),0.0486,-4.3636,0.0408,0.0578,95%,0.0000
Pcsk5,Q04592,sp|Q04592|PCSK5_MOUSE,2,3.16 (95% CI:2.18 to 4.57),3.1558,1.658,2.1798,4.5689,95%,0.0027
Col11a1,Q61245,sp|Q61245|COBA1_MOUSE,2,451.43 (95% CI:0.07 to 3007606.02),451.4334,8.8184,0.0678,3007606.0213,95%,0.1669
Babam2,Q8K3W0,sp|Q8K3W0|BABA2_MOUSE,2,0.11 (95% CI:0 to 2.86),0.1056,-3.2429,0.0039,2.8629,95%,0.1730
Ubac1,Q8VDI7,sp|Q8VDI7|UBAC1_MOUSE,2,199.17 (95% CI:0.07 to 586445.43),199.167,7.6378,0.0676,586445.4251,95%,0.1822
Etfa,Q99LC5,sp|Q99LC5|ETFA_MOUSE,2,2.15 (95% CI:0.86 to 5.39),2.1495,1.104,0.8575,5.3881,95%,0.1160
Bag6,Q9Z1R2,sp|Q9Z1R2|BAG6_MOUSE,2,23.14 (95% CI:4.78 to 111.91),23.1373,4.5321,4.7835,111.9133,95%,0.0112
Mup3,P04939,sp|P04939|MUP3_MOUSE,2,2.58 (95% CI:1.63 to 4.1),2.5808,1.3678,1.626,4.0964,95%,0.0102
Ghr,P16882,sp|P16882|GHR_MOUSE,2,6.09 (95% CI:1.3 to 28.56),6.0883,2.606,1.298,28.5564,95%,0.0521
Psap,Q61207,sp|Q61207|SAP_MOUSE,2,4.05 (95% CI:3.48 to 4.72),4.0536,2.0192,3.484,4.7163,95%,0.0001
Itih2,Q61703,sp|Q61703|ITIH2_MOUSE,2,25.68 (95% CI:16.57 to 39.8),25.6794,4.6825,16.5681,39.8012,95%,0.0006
Nrcam,Q810U4,sp|Q810U4|NRCAM_MOUSE,2,0.09 (95% CI:0.04 to 0.2),0.0888,-3.4938,0.0398,0.1982,95%,0.0030
Rab39a,Q8BHD0,sp|Q8BHD0|RB39A_MOUSE,2,6.13 (95% CI:1.82 to 20.69),6.1329,2.6166,1.8182,20.687,95%,0.0264
C1s1,Q8CG14,sp|Q8CG14|CS1A_MOUSE,2,15.16 (95% CI:13.74 to 16.73),15.1627,3.9225,13.7416,16.7309,95%,0.0000
Trem2,Q99NH8,sp|Q99NH8|TREM2_MOUSE,2,10253.8 (95% CI:2.27 to 46315015.33),10253.7995,13.3239,2.2701,46315015.3316,95%,0.0612
B3gat1,Q9CW73,sp|Q9CW73|B3GA1_MOUSE,2,4.15 (95% CI:2.17 to 7.93),4.1475,2.0522,2.168,7.9342,95%,0.0082
Selenof,Q9ERR7,sp|Q9ERR7|SEP15_MOUSE,2,159079.65 (95% CI:112634 to 224677.59),159079.6539,17.2794,112634.003,224677.5895,95%,0.0000
Pappa2,E9PZ87,tr|E9PZ87|E9PZ87_MOUSE,2,989.11 (95% CI:0.03 to 30058512.72),989.1149,9.95,0.0325,30058512.7173,95%,0.1795
Ank3,G5E8K5,sp|G5E8K5|ANK3_MOUSE,2,1.76 (95% CI:0.4 to 7.72),1.7571,0.8132,0.3998,7.7222,95%,0.3963
Dcpp3,L7N259,tr|L7N259|L7N259_MOUSE,2,89.8 (95% CI:0.03 to 245744.81),89.8001,6.4886,0.0328,245744.8115,95%,0.2357
Hbb-y,P02104,sp|P02104|HBE_MOUSE,2,0.08 (95% CI:0.07 to 0.09),0.0762,-3.7148,0.0663,0.0875,95%,0.0000
Hadh,Q61425,sp|Q61425|HCDH_MOUSE,2,7.35 (95% CI:4.87 to 11.1),7.3505,2.8778,4.8663,11.1028,95%,0.0007
H2bc21,Q64524,sp|Q64524|H2B2E_MOUSE,2,24.64 (95% CI:18.14 to 33.46),24.6384,4.6228,18.143,33.4594,95%,0.0001
Slc28a3,Q9ERH8,sp|Q9ERH8|S28A3_MOUSE,2,130.09 (95% CI:0.02 to 811643.23),130.0859,7.0233,0.0208,811643.2254,95%,0.2430
Gal,P47212,sp|P47212|GALA_MOUSE,2,83.01 (95% CI:0.01 to 532425.15),83.0101,6.3752,0.0129,532425.1468,95%,0.2811
Rps6,P62754,sp|P62754|RS6_MOUSE,2,1.56 (95% CI:0.22 to 10.86),1.5571,0.6388,0.2233,10.8564,95%,0.5990
C1qa,P98086,sp|P98086|C1QA_MOUSE,2,0.51 (95% CI:0.41 to 0.63),0.5054,-0.9845,0.4077,0.6266,95%,0.0025
Pcbp2,Q61990,sp|Q61990|PCBP2_MOUSE,2,3.85 (95% CI:2.23 to 6.64),3.8459,1.9433,2.2285,6.637,95%,0.0056
Ibtk,Q6ZPR6,sp|Q6ZPR6|IBTK_MOUSE,2,0.04 (95% CI:0.03 to 0.07),0.0437,-4.516,0.0268,0.0713,95%,0.0003
Psma6,Q9QUM9,sp|Q9QUM9|PSA6_MOUSE,2,31.88 (95% CI:21.69 to 46.86),31.8835,4.9947,21.6915,46.8644,95%,0.0001
Ighv9-3,A0A0B4J1J5,tr|A0A0B4J1J5|A0A0B4J1J5_MOUSE,2,2.04 (95% CI:1.83 to 2.28),2.0425,1.0304,1.8285,2.2816,95%,0.0003
Ampd3,O08739,sp|O08739|AMPD3_MOUSE,2,64.25 (95% CI:0.04 to 101607.33),64.2503,6.0056,0.0406,101607.3252,95%,0.2375
Mfng,O09008,sp|O09008|MFNG_MOUSE,2,65.87 (95% CI:0.01 to 846561.09),65.8735,6.0416,0.0051,846561.0864,95%,0.3320
Col5a1,O88207,sp|O88207|CO5A1_MOUSE,2,55739.46 (95% CI:38062.94 to 81624.99),55739.4577,15.7664,38062.9407,81624.9897,95%,0.0000
Arf5,P84084,sp|P84084|ARF5_MOUSE,2,0.83 (95% CI:0.53 to 1.3),0.8313,-0.2665,0.5307,1.3023,95%,0.3629
Rbbp7,Q60973,sp|Q60973|RBBP7_MOUSE,2,4.34 (95% CI:2.53 to 7.44),4.3425,2.1185,2.5332,7.444,95%,0.0042
Fbxl22,Q8C7B6,sp|Q8C7B6|FXL22_MOUSE,2,116.24 (95% CI:0.03 to 488332.13),116.2361,6.8609,0.0277,488332.1307,95%,0.2348
Vwf,Q8CIZ8,sp|Q8CIZ8|VWF_MOUSE,2,27.22 (95% CI:16.21 to 45.71),27.2174,4.7665,16.2061,45.7106,95%,0.0003
Cadm1,Q8R5M8,sp|Q8R5M8|CADM1_MOUSE,2,1.85 (95% CI:0.77 to 4.44),1.8547,0.8912,0.7745,4.4416,95%,0.1619
Aspscr1,Q8VBT9,sp|Q8VBT9|ASPC1_MOUSE,2,0.65 (95% CI:0.1 to 4.31),0.6474,-0.6273,0.0972,4.3099,95%,0.5969
Pdxdc1,Q99K01,sp|Q99K01|PDXD1_MOUSE,2,1.4 (95% CI:0.58 to 3.42),1.4031,0.4886,0.5757,3.4197,95%,0.3966
Prss29,Q99MS4,sp|Q99MS4|PRS29_MOUSE,2,5264.28 (95% CI:8.4 to 3298070.8),5264.2778,12.362,8.4027,3298070.7974,95%,0.0365
Smurf1,Q9CUN6,sp|Q9CUN6|SMUF1_MOUSE,2,0.11 (95% CI:0.09 to 0.12),0.1054,-3.2461,0.0894,0.1242,95%,0.0000
B3GNT2,Q9Z222,sp|Q9Z222|B3GN2_MOUSE,2,9655.79 (95% CI:7775.56 to 11990.69),9655.7896,13.2372,7775.5574,11990.6868,95%,0.0000
Hmcn2,A2AJ76,sp|A2AJ76|HMCN2_MOUSE,2,0.5 (95% CI:0.44 to 0.57),0.498,-1.0057,0.4364,0.5684,95%,0.0005
Myoc,O70624,sp|O70624|MYOC_MOUSE,2,14.38 (95% CI:11.66 to 17.73),14.3797,3.846,11.6597,17.7341,95%,0.0000
Vtn,P29788,sp|P29788|VTNC_MOUSE,2,59.54 (95% CI:36.57 to 96.94),59.5357,5.8957,36.5651,96.9368,95%,0.0001
Cdh5,P55284,sp|P55284|CADH5_MOUSE,2,3.71 (95% CI:2.67 to 5.15),3.707,1.8903,2.6659,5.1548,95%,0.0013
Dnaja1,P63037,sp|P63037|DNJA1_MOUSE,2,0.91 (95% CI:0.22 to 3.75),0.9095,-0.1368,0.2203,3.7549,95%,0.8784
Dyrk1a,Q61214,sp|Q61214|DYR1A_MOUSE,2,359789.1 (95% CI:314857.25 to 411132.97),359789.1032,18.4568,314857.2532,411132.9736,95%,0.0000
Has1,Q61647,sp|Q61647|HYAS1_MOUSE,2,23.09 (95% CI:1.63 to 327.16),23.0934,4.5294,1.6301,327.1631,95%,0.0502
Hs3st3a1,Q8BKN6,sp|Q8BKN6|HS3SA_MOUSE,2,447.85 (95% CI:0.12 to 1657287.7),447.8544,8.8069,0.121,1657287.6978,95%,0.1473
Rarres2,Q9DD06,sp|Q9DD06|RARR2_MOUSE,2,0.61 (95% CI:0.41 to 0.9),0.6122,-0.708,0.4143,0.9046,95%,0.0429
Rab27a,Q9ERI2,sp|Q9ERI2|RB27A_MOUSE,2,4.68 (95% CI:3.73 to 5.89),4.684,2.2277,3.727,5.8868,95%,0.0002
Ide,Q9JHR7,sp|Q9JHR7|IDE_MOUSE,2,12.57 (95% CI:1.67 to 94.48),12.5702,3.6519,1.6724,94.4816,95%,0.0431
Igkv8-30,A0A140T8M3,tr|A0A140T8M3|A0A140T8M3_MOUSE,2,0.86 (95% CI:0.73 to 1.03),0.8649,-0.2094,0.7259,1.0306,95%,0.1175
Aldoart2,A6ZI47,tr|A6ZI47|A6ZI47_MOUSE,2,0.76 (95% CI:0.7 to 0.81),0.7574,-0.401,0.7048,0.8138,95%,0.0014
Kpna3,O35344,sp|O35344|IMA4_MOUSE,2,13.56 (95% CI:9.42 to 19.53),13.5622,3.7615,9.4177,19.5305,95%,0.0002
Lck,P06240,sp|P06240|LCK_MOUSE,2,346.17 (95% CI:0.23 to 513266.83),346.1698,8.4353,0.2335,513266.8317,95%,0.1258
Igfbp1,P47876,sp|P47876|IBP1_MOUSE,2,2.05 (95% CI:1.35 to 3.12),2.052,1.0371,1.3485,3.1226,95%,0.0178
Galnt2,Q6PB93,sp|Q6PB93|GALT2_MOUSE,2,791.64 (95% CI:0.14 to 4504893.61),791.6384,9.6287,0.1391,4504893.6149,95%,0.1361
Pou6f2,Q8BJI4,sp|Q8BJI4|PO6F2_MOUSE,2,0.4 (95% CI:0.3 to 0.53),0.396,-1.3366,0.2973,0.5274,95%,0.0024
Pak2,Q8CIN4,sp|Q8CIN4|PAK2_MOUSE,2,0.11 (95% CI:0.08 to 0.14),0.1098,-3.1866,0.0846,0.1426,95%,0.0001
Acsl5,Q8JZR0,sp|Q8JZR0|ACSL5_MOUSE,2,0.47 (95% CI:0.02 to 12.1),0.474,-1.077,0.0186,12.0959,95%,0.5952
Uba5,Q8VE47,sp|Q8VE47|UBA5_MOUSE,2,0.99 (95% CI:0.34 to 2.86),0.9885,-0.0166,0.3412,2.8638,95%,0.9797
St3gal6,Q8VIB3,sp|Q8VIB3|SIA10_MOUSE,2,1.09 (95% CI:0.05 to 23.1),1.0903,0.1247,0.0515,23.0967,95%,0.9473
Strn3,Q9ERG2,sp|Q9ERG2|STRN3_MOUSE,2,1.76 (95% CI:0.05 to 64.25),1.7605,0.816,0.0482,64.2471,95%,0.7136
Cfhr4,E9Q8B5,tr|E9Q8B5|E9Q8B5_MOUSE,2,0.14 (95% CI:0.12 to 0.18),0.1424,-2.8119,0.1155,0.1756,95%,0.0001
Agt,P11859,sp|P11859|ANGT_MOUSE,2,0.34 (95% CI:0.31 to 0.37),0.3384,-1.5632,0.3136,0.3652,95%,0.0000
Ighv3-6,P18531,sp|P18531|HVM60_MOUSE,2,0.76 (95% CI:0.42 to 1.36),0.7555,-0.4045,0.4193,1.3611,95%,0.3021
Acadm,P45952,sp|P45952|ACADM_MOUSE,2,117.92 (95% CI:0.02 to 578201.74),117.9184,6.8816,0.024,578201.7434,95%,0.2402
Plcb3,P51432,sp|P51432|PLCB3_MOUSE,2,0.01 (95% CI:0.01 to 0.03),0.0139,-6.1711,0.0061,0.0317,95%,0.0005
Rab2b,P59279,sp|P59279|RAB2B_MOUSE,2,0.41 (95% CI:0.17 to 0.97),0.4071,-1.2965,0.1705,0.9721,95%,0.0717
Cct2,P80314,sp|P80314|TCPB_MOUSE,2,13.83 (95% CI:8.87 to 21.55),13.8252,3.7892,8.8687,21.5518,95%,0.0003
Tgoln1,Q62313,sp|Q62313|TGON1_MOUSE,2,1.9 (95% CI:1.51 to 2.41),1.9033,0.9285,1.5062,2.4051,95%,0.0041
Krt40,Q6IFX3,sp|Q6IFX3|K1C40_MOUSE,2,0.34 (95% CI:0.07 to 1.57),0.3414,-1.5503,0.0741,1.5735,95%,0.1630
Serpina3a,Q6P4P1,sp|Q6P4P1|SPA3A_MOUSE,2,0.29 (95% CI:0.26 to 0.32),0.2911,-1.7805,0.264,0.321,95%,0.0000
Aldh8a1,Q8BH00,sp|Q8BH00|AL8A1_MOUSE,2,2620.34 (95% CI:0.2 to 33670689.29),2620.3393,11.3555,0.2039,33670689.2882,95%,0.1162
Pgp,Q8CHP8,sp|Q8CHP8|PGP_MOUSE,2,6.59 (95% CI:2.87 to 15.11),6.5879,2.7198,2.8729,15.1068,95%,0.0073
Cnmd,Q9Z1F6,sp|Q9Z1F6|CNMD_MOUSE,2,43.04 (95% CI:15.4 to 120.28),43.0385,5.4276,15.4002,120.2779,95%,0.0016
Ces1b,D3Z5G7,tr|D3Z5G7|D3Z5G7_MOUSE,2,0.31 (95% CI:0.28 to 0.35),0.3127,-1.6773,0.2803,0.3488,95%,0.0001
Srsf11,E9Q6E5,tr|E9Q6E5|E9Q6E5_MOUSE,2,15486.78 (95% CI:9549.82 to 25114.65),15486.7821,13.9187,9549.8219,25114.6483,95%,0.0000
Hpn,O35453,sp|O35453|HEPS_MOUSE,2,3.69 (95% CI:0.4 to 33.99),3.6938,1.8851,0.4014,33.9877,95%,0.2231
Mmp2,P33434,sp|P33434|MMP2_MOUSE,2,0.56 (95% CI:0.06 to 4.99),0.5551,-0.8491,0.0617,4.9911,95%,0.5370
Rab39b,Q8BHC1,sp|Q8BHC1|RB39B_MOUSE,2,6.13 (95% CI:1.82 to 20.69),6.1329,2.6166,1.8182,20.687,95%,0.0264
Plxnb1,Q8CJH3,sp|Q8CJH3|PLXB1_MOUSE,2,1.03 (95% CI:0.96 to 1.11),1.0331,0.047,0.9578,1.1143,95%,0.3433
Cgref1,Q8R1U2,sp|Q8R1U2|CGRE1_MOUSE,2,66.67 (95% CI:5.74 to 773.73),66.6659,6.0589,5.744,773.7311,95%,0.0177
Gps1,Q99LD4,sp|Q99LD4|CSN1_MOUSE,2,0.55 (95% CI:0.29 to 1.03),0.5459,-0.8732,0.2905,1.0259,95%,0.0847
Mapk12,O08911,sp|O08911|MK12_MOUSE,2,82.73 (95% CI:1.11 to 6187.69),82.7291,6.3703,1.1061,6187.6914,95%,0.0730
Pdgfrb,P05622,sp|P05622|PGFRB_MOUSE,2,6814.41 (95% CI:0.68 to 67871708.93),6814.4093,12.7344,0.6842,67871708.929,95%,0.0847
Cd44,P15379,sp|P15379|CD44_MOUSE,2,22.93 (95% CI:16.01 to 32.83),22.9283,4.5191,16.0149,32.826,95%,0.0001
Tgm2,P21981,sp|P21981|TGM2_MOUSE,2,10.1 (95% CI:5.17 to 19.76),10.1025,3.3366,5.166,19.7563,95%,0.0019
Glb1,P23780,sp|P23780|BGAL_MOUSE,2,1020.62 (95% CI:0.18 to 5818020.79),1020.6213,9.9952,0.179,5818020.791,95%,0.1258
Map4,P27546,sp|P27546|MAP4_MOUSE,2,2.52 (95% CI:1.34 to 4.74),2.5165,1.3314,1.3375,4.735,95%,0.0281
Gnb1,P62874,sp|P62874|GBB1_MOUSE,2,3.16 (95% CI:1.4 to 7.12),3.1593,1.6596,1.401,7.1245,95%,0.0309
Actg2,P63268,sp|P63268|ACTH_MOUSE,2,1.42 (95% CI:1.22 to 1.64),1.4172,0.5031,1.2245,1.6403,95%,0.0063
Krt86,P97861,sp|P97861|KRT86_MOUSE,2,0.8 (95% CI:0.2 to 3.19),0.8028,-0.317,0.202,3.1907,95%,0.7101
Xpo1,Q6P5F9,sp|Q6P5F9|XPO1_MOUSE,2,48228.55 (95% CI:43345.45 to 53661.75),48228.5473,15.5576,43345.4485,53661.7536,95%,0.0000
Psmd11,Q8BG32,sp|Q8BG32|PSD11_MOUSE,2,0.56 (95% CI:0.12 to 2.69),0.5637,-0.8269,0.1183,2.6873,95%,0.4116
Nol3,Q9D1X0,sp|Q9D1X0|NOL3_MOUSE,2,4.61 (95% CI:3.35 to 6.34),4.6067,2.2037,3.3468,6.3409,95%,0.0007
Ehd4,Q9EQP2,sp|Q9EQP2|EHD4_MOUSE,2,6.33 (95% CI:0.48 to 82.68),6.3264,2.6614,0.4841,82.6769,95%,0.1577
Papolb,Q9WVP6,sp|Q9WVP6|PAPOB_MOUSE,2,0.21 (95% CI:0.16 to 0.29),0.2109,-2.2453,0.1554,0.2863,95%,0.0006
Ilf3,Q9Z1X4,sp|Q9Z1X4|ILF3_MOUSE,2,0.85 (95% CI:0.62 to 1.17),0.8474,-0.2389,0.6152,1.1672,95%,0.2706
Copb2,O55029,sp|O55029|COPB2_MOUSE,2,0.26 (95% CI:0.13 to 0.52),0.2627,-1.9285,0.1321,0.5222,95%,0.0120
Sprr2h,O70559,sp|O70559|SPR2H_MOUSE,2,0.08 (95% CI:0.01 to 0.42),0.0773,-3.6937,0.0142,0.4213,95%,0.0258
Apoe,P08226,sp|P08226|APOE_MOUSE,2,2.49 (95% CI:2.25 to 2.75),2.4886,1.3154,2.2492,2.7535,95%,0.0001
C4bpa,P08607,sp|P08607|C4BPA_MOUSE,2,15.53 (95% CI:14.08 to 17.13),15.5326,3.9572,14.0842,17.1299,95%,0.0000
Man1a2,P39098,sp|P39098|MA1A2_MOUSE,2,0.01 (95% CI:0.01 to 0.02),0.014,-6.1576,0.0082,0.024,95%,0.0001
Septin2,P42208,sp|P42208|SEPT2_MOUSE,2,1.82 (95% CI:0.26 to 12.85),1.8201,0.864,0.2579,12.8465,95%,0.4872
Axl,Q00993,sp|Q00993|UFO_MOUSE,2,8.05 (95% CI:3.53 to 18.35),8.0464,3.0083,3.5286,18.3487,95%,0.0052
Eif3j2,Q66JS6,sp|Q66JS6|EI3JB_MOUSE,2,3.87 (95% CI:1.02 to 14.7),3.8712,1.9528,1.0194,14.7009,95%,0.0745
Ipo4,Q8VI75,sp|Q8VI75|IPO4_MOUSE,2,2800.39 (95% CI:713.39 to 10992.93),2800.3929,11.4514,713.3858,10992.9297,95%,0.0004
Carhsp1,Q9CR86,sp|Q9CR86|CHSP1_MOUSE,2,0.71 (95% CI:0.28 to 1.8),0.7115,-0.491,0.282,1.7952,95%,0.4108
Krt81,Q9ERE2,sp|Q9ERE2|KRT81_MOUSE,2,0.8 (95% CI:0.2 to 3.19),0.8028,-0.317,0.202,3.1907,95%,0.7101
Comp,Q9R0G6,sp|Q9R0G6|COMP_MOUSE,2,29.9 (95% CI:21.26 to 42.06),29.9048,4.9023,21.2623,42.0604,95%,0.0001
Igkv1-35,A0A075B5N0,tr|A0A075B5N0|A0A075B5N0_MOUSE,2,4.32 (95% CI:2.32 to 8.04),4.3191,2.1107,2.3203,8.04,95%,0.0065
Ighv1-18,A0A075B5U4,tr|A0A075B5U4|A0A075B5U4_MOUSE,2,2.54 (95% CI:2.33 to 2.78),2.5414,1.3456,2.3254,2.7774,95%,0.0001
Iglc3,P01845,sp|P01845|LAC3_MOUSE,2,2.98 (95% CI:2.45 to 3.62),2.9816,1.5761,2.453,3.6241,95%,0.0004
Mdh1,P14152,sp|P14152|MDHC_MOUSE,2,0.19 (95% CI:0.16 to 0.22),0.1865,-2.4228,0.1595,0.2181,95%,0.0001
Gbp10,Q000W5,tr|Q000W5|Q000W5_MOUSE,2,427.75 (95% CI:0.02 to 9815014.06),427.7486,8.7406,0.0186,9815014.0617,95%,0.2137
Myh6,Q02566,sp|Q02566|MYH6_MOUSE,2,0.16 (95% CI:0.12 to 0.22),0.1608,-2.6368,0.1197,0.216,95%,0.0003
Nrbp1,Q99J45,sp|Q99J45|NRBP_MOUSE,2,31089.56 (95% CI:41.26 to 23428922.54),31089.5584,14.9241,41.255,23428922.5426,95%,0.0234
Igkv8-18,A0A0B4J1J3,tr|A0A0B4J1J3|A0A0B4J1J3_MOUSE,2,0.27 (95% CI:0.23 to 0.32),0.2705,-1.8863,0.2297,0.3186,95%,0.0001
Anxa1,P10107,sp|P10107|ANXA1_MOUSE,2,289.97 (95% CI:0.01 to 9625705.58),289.9679,8.1797,0.0087,9625705.5781,95%,0.2516
Rpl7a,P12970,sp|P12970|RL7A_MOUSE,2,0.27 (95% CI:0.21 to 0.34),0.2664,-1.9082,0.2097,0.3385,95%,0.0004
Sbp,P15501,sp|P15501|SPBP_MOUSE,2,0.75 (95% CI:0.2 to 2.85),0.7486,-0.4177,0.1967,2.8497,95%,0.6155
Epb41,P48193,sp|P48193|EPB41_MOUSE,2,0.68 (95% CI:0.01 to 68.56),0.6781,-0.5604,0.0067,68.5638,95%,0.8477
Stard9,Q80TF6,sp|Q80TF6|STAR9_MOUSE,2,833.31 (95% CI:0.15 to 4689412.12),833.3099,9.7027,0.1481,4689412.1235,95%,0.1334
Arf2,Q8BSL7,sp|Q8BSL7|ARF2_MOUSE,2,0.36 (95% CI:0.28 to 0.45),0.3591,-1.4776,0.2842,0.4537,95%,0.0009
Tll2,Q9WVM6,sp|Q9WVM6|TLL2_MOUSE,2,2.81 (95% CI:0.98 to 8.07),2.8139,1.4926,0.9809,8.0722,95%,0.0807
Igkv8-19,A0A140T8M4,tr|A0A140T8M4|A0A140T8M4_MOUSE,2,0.84 (95% CI:0.71 to 1),0.8411,-0.2497,0.7073,1.0001,95%,0.0774
Wfdc18,P62810,sp|P62810|WFD18_MOUSE,2,2.07 (95% CI:1.45 to 2.97),2.0738,1.0523,1.4493,2.9675,95%,0.0104
Vdac1,Q60932,sp|Q60932|VDAC1_MOUSE,2,17.82 (95% CI:8.03 to 39.57),17.8246,4.1558,8.0292,39.57,95%,0.0017
Pabpc2,Q62029,tr|Q62029|Q62029_MOUSE,2,3.15 (95% CI:0.34 to 29.13),3.153,1.6567,0.3413,29.1313,95%,0.2711
Podn,Q7TQ62,sp|Q7TQ62|PODN_MOUSE,2,398.81 (95% CI:0.22 to 710838.26),398.8119,8.6396,0.2238,710838.257,95%,0.1260
Mfap4,Q9D1H9,sp|Q9D1H9|MFAP4_MOUSE,2,14.82 (95% CI:3.43 to 64.07),14.8244,3.8899,3.4303,64.0654,95%,0.0142
Stk4,Q9JI11,sp|Q9JI11|STK4_MOUSE,2,2.78 (95% CI:1.11 to 6.92),2.7751,1.4726,1.1129,6.9204,95%,0.0585
Prelp,Q9JK53,sp|Q9JK53|PRELP_MOUSE,2,26.06 (95% CI:13.73 to 49.47),26.0633,4.704,13.7308,49.4727,95%,0.0006
Trappc3,O55013,sp|O55013|TPPC3_MOUSE,2,1323.21 (95% CI:0.22 to 7944519.5),1323.2129,10.3698,0.2204,7944519.4952,95%,0.1181
Mb,P04247,sp|P04247|MYG_MOUSE,2,0.03 (95% CI:0.01 to 0.05),0.026,-5.2661,0.0147,0.0459,95%,0.0003
Myl3,P09542,sp|P09542|MYL3_MOUSE,2,711.03 (95% CI:1.28 to 394034.46),711.0273,9.4738,1.283,394034.4565,95%,0.0705
Calm1,P0DP26,sp|P0DP26|CALM1_MOUSE,2,0.37 (95% CI:0.16 to 0.83),0.3665,-1.4481,0.1626,0.826,95%,0.0450
Mup4,P11590,sp|P11590|MUP4_MOUSE,2,1.85 (95% CI:0.57 to 6),1.8523,0.8893,0.5719,5.9991,95%,0.2651
Fras1,Q80T14,sp|Q80T14|FRAS1_MOUSE,2,12.05 (95% CI:10.24 to 14.18),12.0504,3.591,10.243,14.1767,95%,0.0000
Mup21,Q80YX8,tr|Q80YX8|Q80YX8_MOUSE,2,71.74 (95% CI:0.01 to 440313.53),71.7358,6.1646,0.0117,440313.5337,95%,0.2916
Suco,Q8C341,sp|Q8C341|SUCO_MOUSE,2,0.27 (95% CI:0.09 to 0.79),0.2699,-1.8895,0.0922,0.7901,95%,0.0465
Hist1h2af,Q8CGP5,sp|Q8CGP5|H2A1F_MOUSE,2,27.79 (95% CI:22.46 to 34.38),27.7876,4.7964,22.4567,34.384,95%,0.0000
Os9,Q8K2C7,sp|Q8K2C7|OS9_MOUSE,2,13.24 (95% CI:1.55 to 113.5),13.243,3.7272,1.5451,113.5047,95%,0.0483
Lman1,Q9D0F3,sp|Q9D0F3|LMAN1_MOUSE,2,1.12 (95% CI:0.74 to 1.7),1.1221,0.1663,0.7408,1.6998,95%,0.5247
Sec23b,Q9D662,sp|Q9D662|SC23B_MOUSE,2,65384.96 (95% CI:54871.2 to 77913.24),65384.9607,15.9967,54871.2043,77913.2358,95%,0.0000
Igkv4-91,A0A075B5L2,tr|A0A075B5L2|A0A075B5L2_MOUSE,2,0.68 (95% CI:0.57 to 0.81),0.6812,-0.5538,0.5732,0.8096,95%,0.0079
Ighv1-20,A0A075B5U6,tr|A0A075B5U6|A0A075B5U6_MOUSE,2,1.5 (95% CI:1.21 to 1.84),1.4956,0.5807,1.213,1.8439,95%,0.0124
Psmb10,O35955,sp|O35955|PSB10_MOUSE,2,59.85 (95% CI:52.08 to 68.79),59.8513,5.9033,52.0768,68.7864,95%,0.0000
Sema3f,O88632,sp|O88632|SEM3F_MOUSE,2,2494.77 (95% CI:0.86 to 7256297.24),2494.7671,11.2847,0.8577,7256297.2414,95%,0.0808
Ncam1,P13595,sp|P13595|NCAM1_MOUSE,2,61.38 (95% CI:20.29 to 185.64),61.3773,5.9396,20.2926,185.6424,95%,0.0015
Rab3a,P63011,sp|P63011|RAB3A_MOUSE,2,6.13 (95% CI:1.82 to 20.69),6.1329,2.6166,1.8182,20.687,95%,0.0264
Antxr2,Q6DFX2,sp|Q6DFX2|ANTR2_MOUSE,2,77.12 (95% CI:3.42 to 1736.57),77.1188,6.269,3.4247,1736.5701,95%,0.0322
C8a,Q8K182,sp|Q8K182|CO8A_MOUSE,2,0.19 (95% CI:0.17 to 0.22),0.1938,-2.3674,0.1687,0.2226,95%,0.0000
Rab27b,Q99P58,sp|Q99P58|RB27B_MOUSE,2,0.65 (95% CI:0.51 to 0.84),0.6535,-0.6138,0.5058,0.8442,95%,0.0194
Capns2,Q9D7J7,sp|Q9D7J7|CPNS2_MOUSE,2,0.62 (95% CI:0.49 to 0.77),0.6153,-0.7006,0.4912,0.7708,95%,0.0087
Igkv3-2,A0A075B5P0,tr|A0A075B5P0|A0A075B5P0_MOUSE,2,1.3 (95% CI:1.15 to 1.47),1.3006,0.3792,1.1519,1.4686,95%,0.0086
Ptprb,B2RU80,sp|B2RU80|PTPRB_MOUSE,2,4.22 (95% CI:2.1 to 8.48),4.2184,2.0767,2.0991,8.4777,95%,0.0100
Mroh8,E9PYI4,tr|E9PYI4|E9PYI4_MOUSE,2,67.76 (95% CI:4.97 to 923.93),67.7567,6.0823,4.969,923.9327,95%,0.0264
Ppia,P17742,sp|P17742|PPIA_MOUSE,2,0.86 (95% CI:0.61 to 1.19),0.8551,-0.2258,0.615,1.1891,95%,0.3032
Ywhag,P61982,sp|P61982|1433G_MOUSE,2,45.85 (95% CI:26.96 to 77.98),45.8503,5.5189,26.9577,77.9832,95%,0.0002
Gas1,Q01721,sp|Q01721|GAS1_MOUSE,2,5550.19 (95% CI:1.37 to 22488701.28),5550.1943,12.4383,1.3698,22488701.2772,95%,0.0707
Mertk,Q60805,sp|Q60805|MERTK_MOUSE,2,1.25 (95% CI:0.89 to 1.75),1.2485,0.3202,0.8925,1.7465,95%,0.1829
Usp7,Q6A4J8,sp|Q6A4J8|UBP7_MOUSE,2,108444.74 (95% CI:84557.52 to 139080.01),108444.7387,16.7266,84557.5247,139080.0096,95%,0.0000
Atp1a1,Q8VDN2,sp|Q8VDN2|AT1A1_MOUSE,2,4.42 (95% CI:2.42 to 8.1),4.4245,2.1455,2.4182,8.0955,95%,0.0056
Ywhab,Q9CQV8,sp|Q9CQV8|1433B_MOUSE,2,30.61 (95% CI:12.89 to 72.68),30.6074,4.9358,12.8899,72.6782,95%,0.0013
Rpl14,Q9CR57,sp|Q9CR57|RL14_MOUSE,2,1.83 (95% CI:1.13 to 2.95),1.8276,0.87,1.1327,2.9489,95%,0.0426
Cst6,Q9D1B1,tr|Q9D1B1|Q9D1B1_MOUSE,2,0.55 (95% CI:0.44 to 0.7),0.5528,-0.8552,0.4385,0.6969,95%,0.0050
Eef1e1,Q9D1M4,sp|Q9D1M4|MCA3_MOUSE,2,7743.3 (95% CI:4553.85 to 13166.59),7743.2958,12.9187,4553.8474,13166.5874,95%,0.0000
Xylt2,Q9EPL0,sp|Q9EPL0|XYLT2_MOUSE,2,3.09 (95% CI:2.33 to 4.11),3.094,1.6295,2.329,4.1103,95%,0.0013
Ces2g,E9PV38,tr|E9PV38|E9PV38_MOUSE,2,0.42 (95% CI:0.31 to 0.56),0.419,-1.2549,0.3146,0.5581,95%,0.0029
L1cam,P11627,sp|P11627|L1CAM_MOUSE,2,10.32 (95% CI:4.81 to 22.15),10.3191,3.3672,4.8081,22.1469,95%,0.0029
Ca6,P18761,sp|P18761|CAH6_MOUSE,2,4421.73 (95% CI:0.94 to 20760460.43),4421.7288,12.1104,0.9418,20760460.4306,95%,0.0787
Rpl36a,P83882,sp|P83882|RL36A_MOUSE,2,73214.24 (95% CI:67416.02 to 79511.14),73214.2383,16.1598,67416.0242,79511.1362,95%,0.0000
Isg15,Q64339,sp|Q64339|ISG15_MOUSE,2,4.81 (95% CI:3.1 to 7.45),4.809,2.2657,3.1025,7.4542,95%,0.0017
Slf2,Q6P9P0,sp|Q6P9P0|SLF2_MOUSE,2,2.6 (95% CI:1.41 to 4.79),2.5991,1.378,1.4099,4.7914,95%,0.0234
Serpina11,Q8CIE0,sp|Q8CIE0|SPA11_MOUSE,2,224956.75 (95% CI:196539.23 to 257483.14),224956.7453,17.7793,196539.2287,257483.1375,95%,0.0000
Ces2c,Q91WG0,sp|Q91WG0|EST2C_MOUSE,2,0.42 (95% CI:0.31 to 0.56),0.419,-1.2549,0.3146,0.5581,95%,0.0029
Hspb2,Q99PR8,sp|Q99PR8|HSPB2_MOUSE,2,2.08 (95% CI:1.15 to 3.76),2.0819,1.0579,1.152,3.7623,95%,0.0447
Coro1c,Q9WUM4,sp|Q9WUM4|COR1C_MOUSE,2,9.69 (95% CI:0.93 to 101.25),9.6869,3.276,0.9267,101.254,95%,0.0834
Ighv2-9-1,A0A075B697,tr|A0A075B697|A0A075B697_MOUSE,2,1.37 (95% CI:1.24 to 1.51),1.3713,0.4556,1.2425,1.5135,95%,0.0025
Gm9044,A0A1W2P6Q8,tr|A0A1W2P6Q8|A0A1W2P6Q8_MOUSE,2,2.65 (95% CI:2.31 to 3.04),2.6506,1.4063,2.3142,3.0358,95%,0.0002
Frmpd4,A2AFR3,sp|A2AFR3|FRPD4_MOUSE,2,34568.82 (95% CI:20183.11 to 59208.11),34568.8249,15.0772,20183.1087,59208.1067,95%,0.0000
Scgb2b19,J3QM75,tr|J3QM75|J3QM75_MOUSE,2,92475.1 (95% CI:67785.05 to 126158.25),92475.0991,16.4968,67785.0536,126158.2532,95%,0.0000
Olfm1,O88998,sp|O88998|NOE1_MOUSE,2,13.33 (95% CI:6.89 to 25.79),13.3333,3.737,6.8939,25.7877,95%,0.0013
Man2a1,P27046,sp|P27046|MA2A1_MOUSE,2,0.67 (95% CI:0.44 to 1.04),0.6745,-0.5681,0.4358,1.0439,95%,0.0974
Rpl18,P35980,sp|P35980|RL18_MOUSE,2,149.68 (95% CI:0 to 5636206.44),149.6792,7.2257,0.004,5636206.438,95%,0.3029
Ctsh,P49935,sp|P49935|CATH_MOUSE,2,10.73 (95% CI:1.93 to 59.6),10.726,3.423,1.9302,59.6033,95%,0.0328
Sec23a,Q01405,sp|Q01405|SC23A_MOUSE,2,0.54 (95% CI:0.32 to 0.93),0.5414,-0.8851,0.3161,0.9275,95%,0.0557
Csnk2a1,Q60737,sp|Q60737|CSK21_MOUSE,2,1908.48 (95% CI:0.33 to 10970862.68),1908.4795,10.8982,0.332,10970862.6799,95%,0.1047
Cltc,Q68FD5,sp|Q68FD5|CLH1_MOUSE,2,4.88 (95% CI:3.83 to 6.2),4.8755,2.2855,3.8346,6.1989,95%,0.0002
Cps1,Q8C196,sp|Q8C196|CPSM_MOUSE,2,1761.67 (95% CI:125.25 to 24777.63),1761.6658,10.7827,125.2528,24777.6288,95%,0.0037
Psmd2,Q8VDM4,sp|Q8VDM4|PSMD2_MOUSE,2,1.69 (95% CI:1.16 to 2.47),1.6921,0.7588,1.1579,2.4728,95%,0.0327
Eif2b2,Q99LD9,sp|Q99LD9|EI2BB_MOUSE,2,97.21 (95% CI:0.02 to 513842.6),97.2089,6.603,0.0184,513842.5971,95%,0.2601
Rpl4,Q9D8E6,sp|Q9D8E6|RL4_MOUSE,2,0.79 (95% CI:0.66 to 0.94),0.7874,-0.3449,0.6583,0.9418,95%,0.0362
Tmem59,Q9QY73,sp|Q9QY73|TMM59_MOUSE,2,17625.74 (95% CI:13984.19 to 22215.56),17625.7378,14.1054,13984.1903,22215.5609,95%,0.0000
Eif1ad11,J3QQ02,tr|J3QQ02|J3QQ02_MOUSE,2,2.14 (95% CI:0.51 to 9),2.1409,1.0982,0.5094,8.9972,95%,0.2612
,P01647,sp|P01647|KV5AE_MOUSE,2,0.87 (95% CI:0.81 to 0.94),0.8711,-0.1991,0.8075,0.9397,95%,0.0147
,P01662,sp|P01662|KV3AA_MOUSE,2,6.44 (95% CI:4.22 to 9.83),6.4367,2.6863,4.2167,9.8253,95%,0.0009
,P01675,sp|P01675|KV6A1_MOUSE,2,0.81 (95% CI:0.72 to 0.9),0.8061,-0.3109,0.7203,0.9023,95%,0.0126
,P01676,sp|P01676|KV6A2_MOUSE,2,0.81 (95% CI:0.72 to 0.9),0.8061,-0.3109,0.7203,0.9023,95%,0.0126
,P01678,sp|P01678|KV6A4_MOUSE,2,0.81 (95% CI:0.72 to 0.9),0.8061,-0.3109,0.7203,0.9023,95%,0.0126
,P01819,sp|P01819|HVM43_MOUSE,2,1.23 (95% CI:1.1 to 1.38),1.233,0.3022,1.1013,1.3804,95%,0.0139
,P01882,sp|P01882|IGHDM_MOUSE,2,2.32 (95% CI:0.65 to 8.26),2.3151,1.2111,0.6486,8.2638,95%,0.1835
Mup6,P02762,sp|P02762|MUP6_MOUSE,2,2.77 (95% CI:2.55 to 3),2.7652,1.4674,2.5492,2.9995,95%,0.0000
Eno3,P21550,sp|P21550|ENOB_MOUSE,2,1.58 (95% CI:1.29 to 1.94),1.5827,0.6624,1.2904,1.9413,95%,0.0076
Il6st,Q00560,sp|Q00560|IL6RB_MOUSE,2,156.54 (95% CI:0.03 to 941216.76),156.5445,7.2904,0.026,941216.7555,95%,0.2278
Thbs2,Q03350,sp|Q03350|TSP2_MOUSE,2,7.91 (95% CI:3.77 to 16.62),7.9134,2.9843,3.7674,16.6217,95%,0.0039
Pcdhgc3,Q91XX1,tr|Q91XX1|Q91XX1_MOUSE,2,8.59 (95% CI:3.32 to 22.25),8.591,3.1028,3.317,22.2505,95%,0.0074
Ndufs7,Q9DC70,sp|Q9DC70|NDUS7_MOUSE,2,583.25 (95% CI:0.02 to 17318793.36),583.2544,9.188,0.0196,17318793.359,95%,0.2053
Gm21680,A0A0G2JGR8,tr|A0A0G2JGR8|A0A0G2JGR8_MOUSE,2,1.03 (95% CI:0.8 to 1.32),1.0285,0.0405,0.8012,1.3203,95%,0.7953
Igkv9-123,A0A140T8N8,tr|A0A140T8N8|A0A140T8N8_MOUSE,2,1.27 (95% CI:0.79 to 2.06),1.273,0.3482,0.7872,2.0585,95%,0.2823
Bhmt,O35490,sp|O35490|BHMT1_MOUSE,2,0.75 (95% CI:0.6 to 0.95),0.7527,-0.4099,0.5973,0.9484,95%,0.0455
,P01631,sp|P01631|KV2A7_MOUSE,2,1.67 (95% CI:1.05 to 2.66),1.6688,0.7388,1.0463,2.6616,95%,0.0613
,P01643,sp|P01643|KV5AA_MOUSE,2,1.02 (95% CI:0.83 to 1.25),1.0202,0.0288,0.8341,1.2477,95%,0.8199
,P01648,sp|P01648|KV5AF_MOUSE,2,0.87 (95% CI:0.81 to 0.94),0.8711,-0.1991,0.8075,0.9397,95%,0.0147
,P01655,sp|P01655|KV3A2_MOUSE,2,3.37 (95% CI:2.53 to 4.5),3.3736,1.7543,2.5285,4.501,95%,0.0010
,P01757,sp|P01757|HVM13_MOUSE,2,1.03 (95% CI:0.94 to 1.13),1.0278,0.0395,0.936,1.1285,95%,0.5045
,P01807,sp|P01807|HVM37_MOUSE,2,0.93 (95% CI:0.83 to 1.03),0.9265,-0.1101,0.8295,1.0348,95%,0.1684
,P01864,sp|P01864|GCAB_MOUSE,2,0.28 (95% CI:0.26 to 0.32),0.2846,-1.8128,0.2571,0.3152,95%,0.0000
,P01881,sp|P01881|IGHD_MOUSE,2,2.32 (95% CI:0.65 to 8.26),2.3151,1.2111,0.6486,8.2638,95%,0.1835
,P06330,sp|P06330|HVM51_MOUSE,2,1.45 (95% CI:1.32 to 1.6),1.4545,0.5405,1.3193,1.6037,95%,0.0014
,P18524,sp|P18524|HVM53_MOUSE,2,1.29 (95% CI:1.14 to 1.47),1.2938,0.3716,1.1399,1.4684,95%,0.0105
Col18a1,P39061,sp|P39061|COIA1_MOUSE,2,9.42 (95% CI:7.08 to 12.53),9.4152,3.235,7.0764,12.5271,95%,0.0001
Vldlr,P98156,sp|P98156|VLDLR_MOUSE,2,2.22 (95% CI:1.47 to 3.34),2.2159,1.1479,1.4702,3.34,95%,0.0121
Eif1ad3,Q3TQZ4,tr|Q3TQZ4|Q3TQZ4_MOUSE,2,2.14 (95% CI:0.51 to 9),2.1409,1.0982,0.5094,8.9972,95%,0.2612
Sbpl,Q3TUY3,tr|Q3TUY3|Q3TUY3_MOUSE,2,0.6 (95% CI:0.19 to 1.93),0.6016,-0.7331,0.1878,1.9274,95%,0.3377
Thrsp,Q62264,sp|Q62264|THRSP_MOUSE,2,0.04 (95% CI:0.02 to 0.08),0.0361,-4.7909,0.0164,0.0794,95%,0.0010
Rrbp1,Q99PL5,sp|Q99PL5|RRBP1_MOUSE,2,0.82 (95% CI:0.47 to 1.42),0.8198,-0.2866,0.4719,1.4243,95%,0.4198
Agrn,A2ASQ1,sp|A2ASQ1|AGRIN_MOUSE,2,2.94 (95% CI:2.51 to 3.45),2.9431,1.5574,2.5139,3.4456,95%,0.0002
Sdcbp,O08992,sp|O08992|SDCB1_MOUSE,2,2.93 (95% CI:1.48 to 5.82),2.9295,1.5507,1.475,5.8184,95%,0.0232
Mt1,P02802,sp|P02802|MT1_MOUSE,2,19840.2 (95% CI:14206.06 to 27708.84),19840.1954,14.2761,14206.0564,27708.8408,95%,0.0000
Ubb,P0CG49,sp|P0CG49|UBB_MOUSE,2,17.81 (95% CI:11.02 to 28.8),17.814,4.1549,11.0206,28.7951,95%,0.0003
Fyn,P39688,sp|P39688|FYN_MOUSE,2,520.08 (95% CI:0.35 to 771135.89),520.0823,9.0226,0.3508,771135.8869,95%,0.1087
Ran,P62827,sp|P62827|RAN_MOUSE,2,14.36 (95% CI:13.44 to 15.34),14.3585,3.8438,13.441,15.3386,95%,0.0000
Selp,Q01102,sp|Q01102|LYAM3_MOUSE,2,4.71 (95% CI:3.05 to 7.28),4.7142,2.237,3.0523,7.281,95%,0.0017
Aox4,Q3TYQ9,sp|Q3TYQ9|AOXD_MOUSE,2,0.87 (95% CI:0.61 to 1.25),0.8747,-0.1931,0.6145,1.2451,95%,0.3973
Nbl1,Q61477,sp|Q61477|NBL1_MOUSE,2,12264.96 (95% CI:3.46 to 43438540.23),12264.9641,13.5823,3.463,43438540.2281,95%,0.0543
Trim28,Q62318,sp|Q62318|TIF1B_MOUSE,2,5541.75 (95% CI:44.52 to 689844.29),5541.7527,12.4361,44.5188,689844.2892,95%,0.0156
Orm3,Q63805,sp|Q63805|A1AG3_MOUSE,2,0.12 (95% CI:0.02 to 0.78),0.1241,-3.0105,0.0198,0.7776,95%,0.0560
Angptl1,Q640P2,sp|Q640P2|ANGL1_MOUSE,2,1.05 (95% CI:0.11 to 9.72),1.0517,0.0727,0.1138,9.7196,95%,0.9576
F12,Q80YC5,sp|Q80YC5|FA12_MOUSE,2,0.06 (95% CI:0.05 to 0.06),0.0567,-4.1408,0.051,0.063,95%,0.0000
Mettl7a1,Q8C6B0,tr|Q8C6B0|Q8C6B0_MOUSE,2,1.99 (95% CI:0.48 to 8.23),1.9879,0.9912,0.4799,8.2336,95%,0.2960
Krt85,Q9Z2T6,sp|Q9Z2T6|KRT85_MOUSE,2,0.91 (95% CI:0.25 to 3.27),0.9077,-0.1397,0.2517,3.2734,95%,0.8639
Igkv1-133,A0A0B4J1H8,tr|A0A0B4J1H8|A0A0B4J1H8_MOUSE,2,1.19 (95% CI:0.65 to 2.2),1.1935,0.2552,0.6466,2.2029,95%,0.5101
Igkc,P01837,sp|P01837|IGKC_MOUSE,2,3.37 (95% CI:2.18 to 5.2),3.3657,1.7509,2.177,5.2035,95%,0.0039
Pdia3,P27773,sp|P27773|PDIA3_MOUSE,2,2.99 (95% CI:1.43 to 6.27),2.9944,1.5823,1.4303,6.2693,95%,0.0268
Psmc1,P62192,sp|P62192|PRS4_MOUSE,2,2.93 (95% CI:1.96 to 4.39),2.9347,1.5532,1.962,4.3898,95%,0.0044
Pcdhgb1,Q91XX8,tr|Q91XX8|Q91XX8_MOUSE,2,6680.95 (95% CI:1409.67 to 31663.58),6680.9512,12.7058,1409.667,31663.5834,95%,0.0004
Mbtps1,Q9WTZ2,sp|Q9WTZ2|MBTP1_MOUSE,2,0.84 (95% CI:0.25 to 2.84),0.8395,-0.2524,0.2482,2.8397,95%,0.7382
Fyb1,O35601,sp|O35601|FYB1_MOUSE,2,16182.41 (95% CI:9253.11 to 28300.79),16182.4071,13.9821,9253.1107,28300.7852,95%,0.0000
Coro1a,O89053,sp|O89053|COR1A_MOUSE,2,0.57 (95% CI:0.37 to 0.86),0.5679,-0.8163,0.3745,0.8613,95%,0.0344
Chga,P26339,sp|P26339|CMGA_MOUSE,2,186.36 (95% CI:72.84 to 476.79),186.3636,7.542,72.8448,476.7861,95%,0.0004
Rab5c,P35278,sp|P35278|RAB5C_MOUSE,2,1.87 (95% CI:0.77 to 4.56),1.8739,0.906,0.7702,4.5594,95%,0.1622
Fbln2,P37889,sp|P37889|FBLN2_MOUSE,2,0.27 (95% CI:0.2 to 0.36),0.2719,-1.8789,0.203,0.3642,95%,0.0009
Sgta,Q8BJU0,sp|Q8BJU0|SGTA_MOUSE,2,146.61 (95% CI:0.02 to 933549.48),146.607,7.1958,0.023,933549.4789,95%,0.2351
Tardbp,Q921F2,sp|Q921F2|TADBP_MOUSE,2,1.51 (95% CI:0.61 to 3.71),1.5076,0.5922,0.6127,3.7093,95%,0.3191
Naxd,Q9CZ42,sp|Q9CZ42|NNRD_MOUSE,2,95.42 (95% CI:0.02 to 602095.14),95.4233,6.5763,0.0151,602095.1382,95%,0.2680
Adgre5,Q9Z0M6,sp|Q9Z0M6|AGRE5_MOUSE,2,8.01 (95% CI:6.68 to 9.61),8.0137,3.0025,6.6811,9.6121,95%,0.0000
Adrm1b,A0A0A6YVU8,tr|A0A0A6YVU8|A0A0A6YVU8_MOUSE,2,44987.42 (95% CI:34082.55 to 59381.35),44987.4205,15.4572,34082.552,59381.3517,95%,0.0000
Ighg3,A0A1Y7VJN6,tr|A0A1Y7VJN6|A0A1Y7VJN6_MOUSE,2,0.2 (95% CI:0.18 to 0.22),0.1983,-2.3343,0.1783,0.2205,95%,0.0000
Loxhd1,C8YR32,sp|C8YR32|LOXH1_MOUSE,2,2.82 (95% CI:2.26 to 3.53),2.8249,1.4982,2.2637,3.5252,95%,0.0007
Dmp1,O55188,sp|O55188|DMP1_MOUSE,2,3.08 (95% CI:1.57 to 6.04),3.0771,1.6216,1.567,6.0424,95%,0.0193
H2-Q9,P14431,sp|P14431|HA19_MOUSE,2,8.17 (95% CI:5.77 to 11.58),8.1738,3.031,5.7683,11.5824,95%,0.0003
Fah,P35505,sp|P35505|FAAA_MOUSE,2,0.02 (95% CI:0 to 0.1),0.0208,-5.5847,0.0042,0.1027,95%,0.0059
Atp5f1b,P56480,sp|P56480|ATPB_MOUSE,2,1.98 (95% CI:0.18 to 21.15),1.9772,0.9834,0.1849,21.1452,95%,0.5115
Rps18,P62270,sp|P62270|RS18_MOUSE,2,1.48 (95% CI:1.33 to 1.65),1.4782,0.5639,1.3277,1.6459,95%,0.0016
Ctsc,P97821,sp|P97821|CATC_MOUSE,2,1.09 (95% CI:0.54 to 2.19),1.0864,0.1195,0.538,2.1936,95%,0.7853
Acaa2,Q8BWT1,sp|Q8BWT1|THIM_MOUSE,2,1.93 (95% CI:0.14 to 25.77),1.9273,0.9466,0.1441,25.7721,95%,0.5593
Eif3h,Q91WK2,sp|Q91WK2|EIF3H_MOUSE,2,7.9 (95% CI:1.91 to 32.6),7.8978,2.9815,1.9136,32.5958,95%,0.0282
Dbn1,Q9QXS6,sp|Q9QXS6|DREB_MOUSE,2,29885.29 (95% CI:22763.26 to 39235.63),29885.294,14.8671,22763.2582,39235.6309,95%,0.0000
Rexo5,D3YW29,tr|D3YW29|D3YW29_MOUSE,2,0.22 (95% CI:0.18 to 0.25),0.2155,-2.2143,0.1839,0.2525,95%,0.0001
Mup7,E9QA79,tr|E9QA79|E9QA79_MOUSE,2,1.17 (95% CI:0.78 to 1.78),1.1738,0.2312,0.776,1.7754,95%,0.3887
Tcp1,P11983,sp|P11983|TCPA_MOUSE,2,7.04 (95% CI:2.55 to 19.41),7.0381,2.8152,2.5517,19.4123,95%,0.0124
Ca3,P16015,sp|P16015|CAH3_MOUSE,2,0.09 (95% CI:0.06 to 0.13),0.0913,-3.4529,0.0623,0.1339,95%,0.0003
Dpep1,P31428,sp|P31428|DPEP1_MOUSE,2,1.58 (95% CI:0.8 to 3.12),1.5766,0.6568,0.7974,3.1171,95%,0.1796
Itgav,P43406,sp|P43406|ITAV_MOUSE,2,860.73 (95% CI:0.13 to 5579025.6),860.7307,9.7494,0.1328,5579025.605,95%,0.1366
Rab6b,P61294,sp|P61294|RAB6B_MOUSE,2,6.13 (95% CI:1.82 to 20.69),6.1329,2.6166,1.8182,20.687,95%,0.0264
Eef1a2,P62631,sp|P62631|EF1A2_MOUSE,2,6.76 (95% CI:2.72 to 16.82),6.7623,2.7575,2.719,16.8183,95%,0.0095
Mea1,Q64327,sp|Q64327|MEA1_MOUSE,2,2794.73 (95% CI:0.92 to 8531307.32),2794.7342,11.4485,0.9155,8531307.3209,95%,0.0793
Huwe1,Q7TMY8,sp|Q7TMY8|HUWE1_MOUSE,2,0.38 (95% CI:0.13 to 1.16),0.383,-1.3846,0.1266,1.1585,95%,0.1060
Iars1,Q8BU30,sp|Q8BU30|SYIC_MOUSE,2,0.77 (95% CI:0.37 to 1.61),0.771,-0.3751,0.3691,1.6105,95%,0.4272
Adgrg3,Q8R0T6,sp|Q8R0T6|AGRG3_MOUSE,2,0.92 (95% CI:0.57 to 1.49),0.9184,-0.1228,0.5658,1.4908,95%,0.6820
Cops8,Q8VBV7,sp|Q8VBV7|CSN8_MOUSE,2,3.05 (95% CI:1.87 to 4.99),3.0522,1.6099,1.8679,4.9873,95%,0.0073
Sel1l,Q9Z2G6,sp|Q9Z2G6|SE1L1_MOUSE,2,330.56 (95% CI:0.03 to 4348603.36),330.557,8.3688,0.0251,4348603.3566,95%,0.2090
Rps18-ps6,F6YVP7,tr|F6YVP7|F6YVP7_MOUSE,2,1.48 (95% CI:1.33 to 1.65),1.4782,0.5639,1.3277,1.6459,95%,0.0016
Gpi,P06745,sp|P06745|G6PI_MOUSE,2,3.24 (95% CI:1.29 to 8.18),3.2422,1.697,1.2852,8.1793,95%,0.0417
Atp6v1a,P50516,sp|P50516|VATA_MOUSE,2,167.62 (95% CI:0.02 to 1338871.69),167.6179,7.389,0.021,1338871.6852,95%,0.2348
Gp1bb,P56400,sp|P56400|GP1BB_MOUSE,2,3.73 (95% CI:2.66 to 5.25),3.7347,1.901,2.6584,5.2466,95%,0.0014
Cdh6,P97326,sp|P97326|CADH6_MOUSE,2,2.2 (95% CI:0.97 to 5),2.2035,1.1398,0.9708,5.0015,95%,0.0840
F8,Q06194,sp|Q06194|FA8_MOUSE,2,2.72 (95% CI:1.98 to 3.72),2.7167,1.4418,1.9849,3.7182,95%,0.0025
Fat2,Q5F226,sp|Q5F226|FAT2_MOUSE,2,7785.18 (95% CI:4.18 to 14494478.59),7785.1836,12.9265,4.1815,14494478.5866,95%,0.0496
Ces2b,Q6PDB7,tr|Q6PDB7|Q6PDB7_MOUSE,2,0.42 (95% CI:0.31 to 0.56),0.419,-1.2549,0.3146,0.5581,95%,0.0029
Leg1,Q8C6C9,sp|Q8C6C9|LEG1H_MOUSE,2,85.43 (95% CI:36.24 to 201.39),85.4264,6.4166,36.2364,201.3907,95%,0.0005
Sash3,Q8K352,sp|Q8K352|SASH3_MOUSE,2,28.35 (95% CI:0.01 to 146577),28.3522,4.8254,0.0055,146576.9968,95%,0.3842
Ddx39a,Q8VDW0,sp|Q8VDW0|DX39A_MOUSE,2,1.68 (95% CI:0.67 to 4.22),1.6842,0.752,0.6724,4.2184,95%,0.2360
Htra4,A2RT60,sp|A2RT60|HTRA4_MOUSE,2,0.02 (95% CI:0.01 to 0.05),0.0215,-5.5404,0.0098,0.0469,95%,0.0006
Trim55,G3X8Y1,tr|G3X8Y1|G3X8Y1_MOUSE,2,14304.28 (95% CI:7205.86 to 28395.3),14304.2847,13.8042,7205.8608,28395.2975,95%,0.0000
Wdr1,O88342,sp|O88342|WDR1_MOUSE,2,0.61 (95% CI:0.49 to 0.75),0.6057,-0.7233,0.4903,0.7482,95%,0.0064
Arf4,P61750,sp|P61750|ARF4_MOUSE,2,0.63 (95% CI:0.46 to 0.84),0.6262,-0.6754,0.4648,0.8435,95%,0.0230
Anp32b,Q9EST5,sp|Q9EST5|AN32B_MOUSE,2,0.45 (95% CI:0.29 to 0.71),0.4499,-1.1522,0.2856,0.7089,95%,0.0164
Ighv9-4,A0A075B5S9,tr|A0A075B5S9|A0A075B5S9_MOUSE,2,1.6 (95% CI:1.24 to 2.05),1.5969,0.6753,1.2427,2.052,95%,0.0136
Cfb,P04186,sp|P04186|CFAB_MOUSE,2,0.03 (95% CI:0.03 to 0.04),0.0319,-4.969,0.0278,0.0367,95%,0.0000
Pltp,P55065,sp|P55065|PLTP_MOUSE,2,10.22 (95% CI:7.14 to 14.63),10.2169,3.3529,7.135,14.6298,95%,0.0003
Acaca,Q5SWU9,sp|Q5SWU9|ACACA_MOUSE,2,180.55 (95% CI:0.02 to 1622488.9),180.5542,7.4963,0.0201,1622488.9023,95%,0.2346
Zfp111,Q9R164,tr|Q9R164|Q9R164_MOUSE,2,0.75 (95% CI:0.03 to 17.67),0.7466,-0.4215,0.0316,17.6653,95%,0.8321
Snx1,Q9WV80,sp|Q9WV80|SNX1_MOUSE,2,1.05 (95% CI:0.05 to 21.72),1.048,0.0676,0.0506,21.7152,95%,0.9716
Igkv4-86,A0A075B5L5,tr|A0A075B5L5|A0A075B5L5_MOUSE,2,0.6 (95% CI:0.5 to 0.72),0.5962,-0.746,0.4955,0.7175,95%,0.0038
Tuba1c,P68373,sp|P68373|TBA1C_MOUSE,2,46.28 (95% CI:21.83 to 98.1),46.2816,5.5324,21.8344,98.1018,95%,0.0006
Serpina3b,Q8BYY9,sp|Q8BYY9|SPA3B_MOUSE,2,0.24 (95% CI:0.18 to 0.33),0.2436,-2.0377,0.1773,0.3346,95%,0.0009
Slc14a1,Q8VHL0,sp|Q8VHL0|UT1_MOUSE,2,3.97 (95% CI:1.25 to 12.58),3.9725,1.9901,1.2545,12.5798,95%,0.0489
Pacsin2,Q9WVE8,sp|Q9WVE8|PACN2_MOUSE,2,0.21 (95% CI:0.16 to 0.27),0.2055,-2.2826,0.1585,0.2664,95%,0.0003
Gm10881,P01642,sp|P01642|KV5A9_MOUSE,2,1.15 (95% CI:1.08 to 1.23),1.1511,0.203,1.0787,1.2282,95%,0.0085
Fkbp4,P30416,sp|P30416|FKBP4_MOUSE,2,0.22 (95% CI:0.15 to 0.31),0.2175,-2.2007,0.1522,0.3108,95%,0.0010
Hspa4l,P48722,sp|P48722|HS74L_MOUSE,2,3.34 (95% CI:1.75 to 6.37),3.3387,1.7393,1.7492,6.3727,95%,0.0137
Raly,Q64012,sp|Q64012|RALY_MOUSE,2,1.41 (95% CI:1.04 to 1.91),1.4133,0.4991,1.044,1.9133,95%,0.0554
Timd4,Q6U7R4,sp|Q6U7R4|TIMD4_MOUSE,2,23325.86 (95% CI:14414.33 to 37746.87),23325.8643,14.5096,14414.3344,37746.8658,95%,0.0000
Ndnf,Q8C119,sp|Q8C119|NDNF_MOUSE,2,259.77 (95% CI:0.01 to 8261227.21),259.7673,8.0211,0.0082,8261227.2067,95%,0.2583
Oaf,Q8QZR4,sp|Q8QZR4|OAF_MOUSE,2,0.86 (95% CI:0.5 to 1.48),0.8618,-0.2146,0.5015,1.481,95%,0.5283
Fuca1,Q99LJ1,sp|Q99LJ1|FUCO_MOUSE,2,96114.14 (95% CI:50471.63 to 183032.08),96114.1393,16.5525,50471.6331,183032.0756,95%,0.0000
Atg3,Q9CPX6,sp|Q9CPX6|ATG3_MOUSE,2,11.78 (95% CI:7.7 to 18.03),11.7793,3.5582,7.6964,18.0281,95%,0.0004
Tbx18,Q9EPZ6,sp|Q9EPZ6|TBX18_MOUSE,2,4.1 (95% CI:1.99 to 8.43),4.0964,2.0344,1.9899,8.4331,95%,0.0119
Erap1,Q9EQH2,sp|Q9EQH2|ERAP1_MOUSE,2,1.06 (95% CI:0.82 to 1.37),1.0614,0.086,0.8249,1.3657,95%,0.5852
Igkv4-61,A0A075B5M2,tr|A0A075B5M2|A0A075B5M2_MOUSE,2,0.99 (95% CI:0.85 to 1.15),0.9892,-0.0156,0.8514,1.1494,95%,0.8707
Ahnak,E9Q616,tr|E9Q616|E9Q616_MOUSE,2,3.56 (95% CI:1.42 to 8.88),3.5551,1.8299,1.424,8.8755,95%,0.0327
Pfkm,P47857,sp|P47857|PFKAM_MOUSE,2,9.53 (95% CI:5.04 to 18.04),9.533,3.2529,5.0387,18.0358,95%,0.0018
Actb,P60710,sp|P60710|ACTB_MOUSE,2,1.53 (95% CI:1.35 to 1.73),1.5313,0.6147,1.3534,1.7325,95%,0.0019
Krt14,Q61781,sp|Q61781|K1C14_MOUSE,2,0.51 (95% CI:0.1 to 2.72),0.5111,-0.9682,0.096,2.7225,95%,0.3733
Vcl,Q64727,sp|Q64727|VINC_MOUSE,2,0.71 (95% CI:0.11 to 4.7),0.709,-0.4962,0.1069,4.7022,95%,0.6723
Krt17,Q9QWL7,sp|Q9QWL7|K1C17_MOUSE,2,0.47 (95% CI:0.1 to 2.17),0.4724,-1.0819,0.1028,2.1699,95%,0.2903
Ruvbl2,Q9WTM5,sp|Q9WTM5|RUVB2_MOUSE,2,1.52 (95% CI:0.72 to 3.23),1.5202,0.6043,0.7154,3.2302,95%,0.2438
Susd5,G3UW60,tr|G3UW60|G3UW60_MOUSE,2,0.93 (95% CI:0.54 to 1.6),0.9326,-0.1007,0.5444,1.5978,95%,0.7643
Capn1,O35350,sp|O35350|CAN1_MOUSE,2,0.03 (95% CI:0.01 to 0.06),0.0301,-5.0546,0.0147,0.0618,95%,0.0006
Ap1m1,P35585,sp|P35585|AP1M1_MOUSE,2,0.08 (95% CI:0.06 to 0.11),0.0782,-3.6772,0.0565,0.1082,95%,0.0001
Idh3a,Q9D6R2,sp|Q9D6R2|IDH3A_MOUSE,2,3.4 (95% CI:0.54 to 21.35),3.4015,1.7662,0.5419,21.3502,95%,0.1803
Cpn1,Q9JJN5,sp|Q9JJN5|CBPN_MOUSE,2,3.38 (95% CI:3.15 to 3.63),3.3809,1.7574,3.1486,3.6303,95%,0.0000
Ndrg2,Q9QYG0,sp|Q9QYG0|NDRG2_MOUSE,2,0.79 (95% CI:0.01 to 106.55),0.7896,-0.3408,0.0059,106.5456,95%,0.9121
Igkv6-32,A0A140T8N9,tr|A0A140T8N9|A0A140T8N9_MOUSE,2,1.39 (95% CI:1.21 to 1.59),1.3852,0.4701,1.2067,1.5901,95%,0.0065
AI182371,A2AS37,tr|A2AS37|A2AS37_MOUSE,2,0.53 (95% CI:0.45 to 0.63),0.5277,-0.9221,0.445,0.6259,95%,0.0015
Pip4k2a,O70172,sp|O70172|PI42A_MOUSE,2,0.41 (95% CI:0.29 to 0.57),0.4111,-1.2824,0.2949,0.5732,95%,0.0044
Alad,P10518,sp|P10518|HEM2_MOUSE,2,5.26 (95% CI:2.78 to 9.95),5.2588,2.3947,2.7799,9.948,95%,0.0048
Col1a1,P11087,sp|P11087|CO1A1_MOUSE,2,0.52 (95% CI:0.19 to 1.44),0.5173,-0.9509,0.1858,1.4401,95%,0.1918
Gaa,P70699,sp|P70699|LYAG_MOUSE,2,1294165.8 (95% CI:1176255.15 to 1423896.1),1294165.8028,20.3036,1176255.1526,1423896.1006,95%,0.0000
Eloc,P83940,sp|P83940|ELOC_MOUSE,2,14.9 (95% CI:3.51 to 63.27),14.8989,3.8971,3.5083,63.2722,95%,0.0136
Rsu1,Q01730,sp|Q01730|RSU1_MOUSE,2,0.3 (95% CI:0.01 to 16.64),0.301,-1.732,0.0054,16.6357,95%,0.4968
Krt76,Q3UV17,sp|Q3UV17|K22O_MOUSE,2,0.65 (95% CI:0.14 to 2.95),0.6487,-0.6243,0.1427,2.9485,95%,0.5137
Cyfip1,Q7TMB8,sp|Q7TMB8|CYFP1_MOUSE,2,2.29 (95% CI:0.9 to 5.79),2.2889,1.1947,0.9041,5.7948,95%,0.0999
Ankfy1,Q810B6,sp|Q810B6|ANFY1_MOUSE,2,1.35 (95% CI:0.35 to 5.2),1.3504,0.4334,0.3505,5.2023,95%,0.6074
H6pd,Q8CFX1,sp|Q8CFX1|G6PE_MOUSE,2,0.41 (95% CI:0.23 to 0.74),0.4122,-1.2786,0.2293,0.7411,95%,0.0258
Adamts5,Q9R001,sp|Q9R001|ATS5_MOUSE,2,0.39 (95% CI:0.05 to 2.98),0.3888,-1.3628,0.0507,2.9805,95%,0.3130
Igkv1-99,A0A075B5K8,tr|A0A075B5K8|A0A075B5K8_MOUSE,2,4.32 (95% CI:2.32 to 8.04),4.3191,2.1107,2.3203,8.04,95%,0.0065
Igkv4-78,A0A0A6YYE5,tr|A0A0A6YYE5|A0A0A6YYE5_MOUSE,2,0.74 (95% CI:0.61 to 0.91),0.7446,-0.4255,0.6118,0.9062,95%,0.0262
Ighv10-1,A0A0B4J1J6,tr|A0A0B4J1J6|A0A0B4J1J6_MOUSE,2,2.8 (95% CI:1.23 to 6.37),2.7982,1.4845,1.2283,6.3748,95%,0.0436
Snca,O55042,sp|O55042|SYUA_MOUSE,2,2.15 (95% CI:1.13 to 4.08),2.145,1.101,1.1283,4.0781,95%,0.0498
Cd14,P10810,sp|P10810|CD14_MOUSE,2,0.43 (95% CI:0.36 to 0.51),0.4323,-1.2098,0.364,0.5134,95%,0.0006
Slc3a2,P10852,sp|P10852|4F2_MOUSE,2,0.15 (95% CI:0.11 to 0.2),0.1464,-2.7725,0.1076,0.1991,95%,0.0003
Egfbp2,P36368,sp|P36368|EGFB2_MOUSE,2,1.13 (95% CI:0.71 to 1.8),1.1286,0.1745,0.7084,1.798,95%,0.5498
Inhbb,Q04999,sp|Q04999|INHBB_MOUSE,2,12.48 (95% CI:0.82 to 190.21),12.4834,3.6419,0.8193,190.2094,95%,0.0917
Septin8,Q8CHH9,sp|Q8CHH9|SEPT8_MOUSE,2,2060.92 (95% CI:0.72 to 5884231.09),2060.9229,11.0091,0.7218,5884231.0888,95%,0.0847
H2aj,Q8R1M2,sp|Q8R1M2|H2AJ_MOUSE,2,27.79 (95% CI:22.46 to 34.38),27.7876,4.7964,22.4567,34.384,95%,0.0000
Rars1,Q9D0I9,sp|Q9D0I9|SYRC_MOUSE,2,2.63 (95% CI:1.59 to 4.35),2.6262,1.393,1.5854,4.3504,95%,0.0126
Ptms,Q9D0J8,sp|Q9D0J8|PTMS_MOUSE,2,18.67 (95% CI:11.16 to 31.25),18.6721,4.2228,11.1571,31.249,95%,0.0004
Clstn1,Q9EPL2,sp|Q9EPL2|CSTN1_MOUSE,2,2.45 (95% CI:0.88 to 6.83),2.454,1.2952,0.8814,6.8323,95%,0.1035
Tubb3,Q9ERD7,sp|Q9ERD7|TBB3_MOUSE,2,19.5 (95% CI:14.28 to 26.63),19.5021,4.2856,14.2827,26.6287,95%,0.0001
Ptpn11,P35235,sp|P35235|PTN11_MOUSE,2,0.02 (95% CI:0 to 525.41),0.0163,-5.9381,0,525.4125,95%,0.3785
Colec10,Q8CF98,sp|Q8CF98|COL10_MOUSE,2,39.11 (95% CI:32.51 to 47.04),39.1062,5.2893,32.5112,47.039,95%,0.0000
Cdk5rap2,Q8K389,sp|Q8K389|CK5P2_MOUSE,2,3.66 (95% CI:0.63 to 21.2),3.6631,1.8731,0.633,21.1962,95%,0.1488
Rasgrp2,Q9QUG9,sp|Q9QUG9|GRP2_MOUSE,2,2.31 (95% CI:0.85 to 6.28),2.3075,1.2063,0.8473,6.2843,95%,0.1154
Gnmt,Q9QXF8,sp|Q9QXF8|GNMT_MOUSE,2,1.01 (95% CI:0.68 to 1.48),1.0056,0.008,0.6812,1.4844,95%,0.9737
Psma7,Q9Z2U0,sp|Q9Z2U0|PSA7_MOUSE,2,28.46 (95% CI:22.02 to 36.79),28.4577,4.8307,22.0155,36.7852,95%,0.0000
Pld3,O35405,sp|O35405|PLD3_MOUSE,2,8.4 (95% CI:1.44 to 49.1),8.3983,3.0701,1.4365,49.0996,95%,0.0480
Hbb-b2,P02089,sp|P02089|HBB2_MOUSE,2,0.08 (95% CI:0.07 to 0.09),0.0803,-3.638,0.0701,0.0921,95%,0.0000
Klk1b8,P07628,sp|P07628|K1KB8_MOUSE,2,0.1 (95% CI:0.09 to 0.11),0.0978,-3.3534,0.0863,0.1109,95%,0.0000
Plin2,P43883,sp|P43883|PLIN2_MOUSE,2,0.14 (95% CI:0.11 to 0.17),0.1355,-2.884,0.1056,0.1737,95%,0.0001
Capza2,P47754,sp|P47754|CAZA2_MOUSE,2,1.41 (95% CI:0.4 to 4.96),1.4132,0.4989,0.403,4.9555,95%,0.5271
Capzb,P47757,sp|P47757|CAPZB_MOUSE,2,3.05 (95% CI:0.51 to 18.39),3.0472,1.6075,0.5051,18.3852,95%,0.2045
Smyd5,Q3TYX3,sp|Q3TYX3|SMYD5_MOUSE,2,4.45 (95% CI:1.18 to 16.75),4.4469,2.1528,1.1803,16.7537,95%,0.0576
Niban1,Q3UW53,sp|Q3UW53|NIBA1_MOUSE,2,0.47 (95% CI:0.4 to 0.54),0.4658,-1.1023,0.4027,0.5388,95%,0.0005
Vwa1,Q8R2Z5,sp|Q8R2Z5|VWA1_MOUSE,2,8571.75 (95% CI:4885.87 to 15038.25),8571.7547,13.0654,4885.8713,15038.2548,95%,0.0000
Ftcd,Q91XD4,sp|Q91XD4|FTCD_MOUSE,2,11.7 (95% CI:1.33 to 103.25),11.7042,3.549,1.3268,103.2461,95%,0.0570
Tinagl1,Q99JR5,sp|Q99JR5|TINAL_MOUSE,2,3.01 (95% CI:0.08 to 109.22),3.0089,1.5892,0.0829,109.2165,95%,0.4870
Igkv4-80,A0A075B5L7,tr|A0A075B5L7|A0A075B5L7_MOUSE,2,1.9 (95% CI:1.62 to 2.22),1.8982,0.9246,1.6204,2.2235,95%,0.0012
Ighv1-26,A0A075B5V0,tr|A0A075B5V0|A0A075B5V0_MOUSE,2,2.08 (95% CI:1.83 to 2.36),2.0809,1.0572,1.8312,2.3646,95%,0.0004
Kif16b,B1AVY7,sp|B1AVY7|KI16B_MOUSE,2,833.31 (95% CI:0.15 to 4689412.12),833.3099,9.7027,0.1481,4689412.1235,95%,0.1334
Eif4a3l1,E9PV04,tr|E9PV04|E9PV04_MOUSE,2,0.75 (95% CI:0.49 to 1.17),0.7539,-0.4075,0.4872,1.1666,95%,0.1904
Amy1,P00687,sp|P00687|AMY1_MOUSE,2,0.01 (95% CI:0.01 to 0.02),0.0101,-6.6328,0.0055,0.0186,95%,0.0002
Dspp,P97399,sp|P97399|DSPP_MOUSE,2,93.52 (95% CI:42.01 to 208.15),93.5169,6.5472,42.0139,208.1549,95%,0.0004
Cpe,Q00493,sp|Q00493|CBPE_MOUSE,2,420.93 (95% CI:0.09 to 1871504.02),420.9297,8.7174,0.0947,1871504.0179,95%,0.1572
Myl12b,Q3THE2,sp|Q3THE2|ML12B_MOUSE,2,17115.42 (95% CI:3.34 to 87581350.65),17115.4183,14.063,3.3447,87581350.6529,95%,0.0555
H2bc9,Q64478,sp|Q64478|H2B1H_MOUSE,2,18.5 (95% CI:14.58 to 23.49),18.502,4.2096,14.5759,23.4855,95%,0.0000
Tsku,Q8CBR6,sp|Q8CBR6|TSK_MOUSE,2,6.42 (95% CI:1.83 to 22.46),6.4184,2.6822,1.8339,22.4636,95%,0.0268
Eif4a3,Q91VC3,sp|Q91VC3|IF4A3_MOUSE,2,0.75 (95% CI:0.49 to 1.17),0.7539,-0.4075,0.4872,1.1666,95%,0.1904
Ogfr,Q99PG2,sp|Q99PG2|OGFR_MOUSE,2,0.54 (95% CI:0.45 to 0.64),0.5374,-0.8961,0.4519,0.6389,95%,0.0017
Pfn2,Q9JJV2,sp|Q9JJV2|PROF2_MOUSE,2,0.15 (95% CI:0.07 to 0.31),0.1486,-2.7502,0.0716,0.3085,95%,0.0047
Vnn1,Q9Z0K8,sp|Q9Z0K8|VNN1_MOUSE,2,1.04 (95% CI:0.91 to 1.2),1.043,0.0608,0.9092,1.1966,95%,0.4870
Ighv8-9,A0A075B5X1,tr|A0A075B5X1|A0A075B5X1_MOUSE,2,1.45 (95% CI:0.99 to 2.12),1.447,0.5331,0.9875,2.1203,95%,0.0834
Kif1c,O35071,sp|O35071|KIF1C_MOUSE,2,833.31 (95% CI:0.15 to 4689412.12),833.3099,9.7027,0.1481,4689412.1235,95%,0.1334
Tuba1b,P05213,sp|P05213|TBA1B_MOUSE,2,43.07 (95% CI:23.1 to 80.3),43.0675,5.4285,23.0988,80.299,95%,0.0003
Itgal,P24063,sp|P24063|ITAL_MOUSE,2,63695.43 (95% CI:4125.82 to 983346.23),63695.4324,15.9589,4125.8185,983346.2323,95%,0.0012
Cycs,P62897,sp|P62897|CYC_MOUSE,2,0.48 (95% CI:0.27 to 0.84),0.4767,-1.0688,0.2704,0.8404,95%,0.0385
Cacul1,Q8R0X2,sp|Q8R0X2|CACL1_MOUSE,2,2.21 (95% CI:0.03 to 173.51),2.2074,1.1424,0.0281,173.5082,95%,0.6726
Ppif,Q99KR7,sp|Q99KR7|PPIF_MOUSE,2,24.75 (95% CI:0 to 211601.92),24.7513,4.6294,0.0029,211601.9223,95%,0.4257
Gstz1,Q9WVL0,sp|Q9WVL0|MAAI_MOUSE,2,0.47 (95% CI:0.2 to 1.09),0.4708,-1.0867,0.203,1.0921,95%,0.0989
Stk25,Q9Z2W1,sp|Q9Z2W1|STK25_MOUSE,2,42840.1 (95% CI:17.76 to 103308763.05),42840.0963,15.3867,17.7649,103308763.0506,95%,0.0338
Ighv14-1,A0A075B5R4,tr|A0A075B5R4|A0A075B5R4_MOUSE,2,1.97 (95% CI:1.55 to 2.5),1.9687,0.9772,1.5526,2.4963,95%,0.0036
Ighv1-58,A0A075B5W9,tr|A0A075B5W9|A0A075B5W9_MOUSE,2,4.27 (95% CI:2.04 to 8.94),4.2722,2.095,2.0421,8.9377,95%,0.0116
Ighv5-8,A0A075B676,tr|A0A075B676|A0A075B676_MOUSE,2,26.64 (95% CI:13.71 to 51.78),26.6428,4.7357,13.7086,51.7804,95%,0.0006
Wars1,P32921,sp|P32921|SYWC_MOUSE,2,21311.92 (95% CI:12737.08 to 35659.5),21311.921,14.3794,12737.0828,35659.498,95%,0.0000
Cd55b,Q61476,sp|Q61476|DAF2_MOUSE,2,4.32 (95% CI:1.72 to 10.87),4.3192,2.1107,1.7169,10.8657,95%,0.0224
Actn1,Q7TPR4,sp|Q7TPR4|ACTN1_MOUSE,2,0.85 (95% CI:0.36 to 2.02),0.8533,-0.2288,0.3603,2.0209,95%,0.6687
Rhoq,Q8R527,sp|Q8R527|RHOQ_MOUSE,2,25.86 (95% CI:3.31 to 202.1),25.8569,4.6925,3.3082,202.0987,95%,0.0225
Prg4,Q9JM99,sp|Q9JM99|PRG4_MOUSE,2,13.73 (95% CI:12.3 to 15.32),13.7262,3.7789,12.2981,15.3202,95%,0.0000
Gstp1,P19157,sp|P19157|GSTP1_MOUSE,2,3.04 (95% CI:1.96 to 4.7),3.0394,1.6038,1.9642,4.7033,95%,0.0051
Loxl1,P97873,sp|P97873|LOXL1_MOUSE,2,0.97 (95% CI:0.55 to 1.69),0.9658,-0.0502,0.551,1.6929,95%,0.8874
Galnt12,Q8BGT9,sp|Q8BGT9|GLT12_MOUSE,2,0.51 (95% CI:0.44 to 0.59),0.5063,-0.982,0.4352,0.589,95%,0.0008
Colgalt1,Q8K297,sp|Q8K297|GT251_MOUSE,2,4.29 (95% CI:2.1 to 8.76),4.2879,2.1003,2.0989,8.7598,95%,0.0104
Gmppa,Q922H4,sp|Q922H4|GMPPA_MOUSE,2,4.2 (95% CI:1.42 to 12.4),4.1972,2.0694,1.4209,12.398,95%,0.0370
Bccip,Q9CWI3,sp|Q9CWI3|BCCIP_MOUSE,2,2.86 (95% CI:0.95 to 8.63),2.8607,1.5164,0.9484,8.6287,95%,0.0861
Vps35,Q9EQH3,sp|Q9EQH3|VPS35_MOUSE,2,23246.93 (95% CI:16537.51 to 32678.43),23246.9347,14.5048,16537.5122,32678.4322,95%,0.0000
Fbxo6,Q9QZN4,sp|Q9QZN4|FBX6_MOUSE,2,10.12 (95% CI:0.23 to 452.73),10.1186,3.3389,0.2262,452.7328,95%,0.2105
Gbp6,A0A0G2JDV3,sp|A0A0G2JDV3|GBP6_MOUSE,2,427.75 (95% CI:0.02 to 9815014.06),427.7486,8.7406,0.0186,9815014.0617,95%,0.2137
Eif1ad13,A0A1Y7VJE9,tr|A0A1Y7VJE9|A0A1Y7VJE9_MOUSE,2,2.14 (95% CI:0.51 to 9),2.1409,1.0982,0.5094,8.9972,95%,0.2612
Gm8978,A0A494BBH0,tr|A0A494BBH0|A0A494BBH0_MOUSE,2,77.42 (95% CI:0.01 to 585816.4),77.4216,6.2747,0.0102,585816.4016,95%,0.2940
Abcc3,B2RX12,sp|B2RX12|MRP3_MOUSE,2,71831.03 (95% CI:53796.07 to 95912.14),71831.0252,16.1323,53796.0713,95912.1374,95%,0.0000
Spata31d1c,E9QAF1,tr|E9QAF1|E9QAF1_MOUSE,2,10.45 (95% CI:8.29 to 13.17),10.4513,3.3856,8.2923,13.1723,95%,0.0001
H2-K1,P01901,sp|P01901|HA1B_MOUSE,2,10.53 (95% CI:6.55 to 16.93),10.5323,3.3967,6.5526,16.9289,95%,0.0006
Mst1,P26928,sp|P26928|HGFL_MOUSE,2,0.16 (95% CI:0.08 to 0.29),0.1574,-2.6678,0.085,0.2914,95%,0.0030
Tpbpb,Q9CQC0,tr|Q9CQC0|Q9CQC0_MOUSE,2,131.76 (95% CI:0.02 to 976122.61),131.7594,7.0418,0.0178,976122.6111,95%,0.2493
Erp44,Q9D1Q6,sp|Q9D1Q6|ERP44_MOUSE,2,2.49 (95% CI:0.64 to 9.7),2.4947,1.3189,0.6418,9.6974,95%,0.1768
Esd,Q9R0P3,sp|Q9R0P3|ESTD_MOUSE,2,2.96 (95% CI:1.23 to 7.13),2.9574,1.5643,1.2272,7.1269,95%,0.0452
Vamp5,Q9Z2P8,sp|Q9Z2P8|VAMP5_MOUSE,2,29.76 (95% CI:5.66 to 156.54),29.7611,4.8954,5.6582,156.5367,95%,0.0103
Igkv4-90,A0A075B5L3,tr|A0A075B5L3|A0A075B5L3_MOUSE,2,1.56 (95% CI:0.94 to 2.6),1.5623,0.6437,0.9389,2.5998,95%,0.1036
Gm32717,A0A1W2P7S8,tr|A0A1W2P7S8|A0A1W2P7S8_MOUSE,2,2.65 (95% CI:2.31 to 3.04),2.6506,1.4063,2.3142,3.0358,95%,0.0002
Prdx4,O08807,sp|O08807|PRDX4_MOUSE,2,2.15 (95% CI:1.58 to 2.93),2.1504,1.1046,1.5793,2.9279,95%,0.0055
Lyn,P25911,sp|P25911|LYN_MOUSE,2,520.08 (95% CI:0.35 to 771135.89),520.0823,9.0226,0.3508,771135.8869,95%,0.1087
Fst,P47931,sp|P47931|FST_MOUSE,2,1205.26 (95% CI:0.27 to 5463553.46),1205.2629,10.2351,0.2659,5463553.4577,95%,0.1128
St8sia5,P70126,sp|P70126|SIA8E_MOUSE,2,9.51 (95% CI:6.82 to 13.27),9.5117,3.2497,6.8203,13.2651,95%,0.0002
Mpp1,P70290,sp|P70290|EM55_MOUSE,2,30.68 (95% CI:1.5 to 628.83),30.6793,4.9392,1.4968,628.8282,95%,0.0565
Fgfr4,Q03142,sp|Q03142|FGFR4_MOUSE,2,0.13 (95% CI:0.08 to 0.2),0.128,-2.9663,0.082,0.1998,95%,0.0008
A2m,Q6GQT1,sp|Q6GQT1|A2MG_MOUSE,2,0.17 (95% CI:0.16 to 0.19),0.1744,-2.5198,0.1603,0.1897,95%,0.0000
Gbp9,Q8BTS3,tr|Q8BTS3|Q8BTS3_MOUSE,2,427.75 (95% CI:0.02 to 9815014.06),427.7486,8.7406,0.0186,9815014.0617,95%,0.2137
Fermt3,Q8K1B8,sp|Q8K1B8|URP2_MOUSE,2,12.47 (95% CI:3.77 to 41.29),12.4736,3.6408,3.7681,41.2918,95%,0.0093
Nsfl1c,Q9CZ44,sp|Q9CZ44|NSF1C_MOUSE,2,2.22 (95% CI:1.12 to 4.41),2.2218,1.1517,1.1206,4.4052,95%,0.0524
Igkv9-124,A0A075B5K2,tr|A0A075B5K2|A0A075B5K2_MOUSE,2,1.39 (95% CI:1.11 to 1.74),1.3893,0.4743,1.107,1.7435,95%,0.0288
Irgm2,A0A140LIF8,tr|A0A140LIF8|A0A140LIF8_MOUSE,2,484.77 (95% CI:0.1 to 2466174.05),484.7695,8.9212,0.0953,2466174.0478,95%,0.1549
Mup6,A2AV72,tr|A2AV72|A2AV72_MOUSE,2,71.74 (95% CI:0.01 to 440313.53),71.7358,6.1646,0.0117,440313.5337,95%,0.2916
H2-T24,F8VQG4,tr|F8VQG4|F8VQG4_MOUSE,2,1.97 (95% CI:0.48 to 8.04),1.9732,0.9806,0.4843,8.0397,95%,0.2960
Hspb1,P14602,sp|P14602|HSPB1_MOUSE,2,626.6 (95% CI:0.03 to 13247113.43),626.596,9.2914,0.0296,13247113.4302,95%,0.1905
Nme1,P15532,sp|P15532|NDKA_MOUSE,2,0.42 (95% CI:0.38 to 0.48),0.4224,-1.2433,0.3751,0.4757,95%,0.0002
Nefh,P19246,sp|P19246|NFH_MOUSE,2,0.74 (95% CI:0.24 to 2.25),0.7395,-0.4354,0.2427,2.253,95%,0.5329
Ctse,P70269,sp|P70269|CATE_MOUSE,2,10.11 (95% CI:9.38 to 10.89),10.109,3.3376,9.3803,10.8943,95%,0.0000
Apoa1,Q00623,sp|Q00623|APOA1_MOUSE,2,0.92 (95% CI:0.84 to 1.02),0.9231,-0.1154,0.8372,1.0179,95%,0.1204
Rab26,Q504M8,sp|Q504M8|RAB26_MOUSE,2,6.13 (95% CI:1.82 to 20.69),6.1329,2.6166,1.8182,20.687,95%,0.0264
Mup20,Q5FW60,sp|Q5FW60|MUP20_MOUSE,2,17.1 (95% CI:12.04 to 24.29),17.1013,4.096,12.0417,24.2869,95%,0.0001
Mybpc2,Q5XKE0,sp|Q5XKE0|MYPC2_MOUSE,2,0.58 (95% CI:0.42 to 0.8),0.5808,-0.784,0.4225,0.7983,95%,0.0179
Mcm7,Q61881,sp|Q61881|MCM7_MOUSE,2,0.9 (95% CI:0.02 to 43.63),0.9027,-0.1476,0.0187,43.6297,95%,0.9506
C1rb,Q8CFG9,sp|Q8CFG9|C1RB_MOUSE,2,11.02 (95% CI:10.28 to 11.81),11.0165,3.4616,10.2777,11.8083,95%,0.0000
Cytip,Q91VY6,sp|Q91VY6|CYTIP_MOUSE,2,3223.57 (95% CI:0.53 to 19640997.33),3223.5737,11.6544,0.5291,19640997.3256,95%,0.0917
Hnrnpll,Q921F4,sp|Q921F4|HNRLL_MOUSE,2,1.52 (95% CI:0.22 to 10.65),1.5177,0.6019,0.2162,10.6529,95%,0.6191
Pgd,Q9DCD0,sp|Q9DCD0|6PGD_MOUSE,2,0.49 (95% CI:0.39 to 0.62),0.4941,-1.0172,0.3937,0.6199,95%,0.0027
Igkv6-13,A0A075B5N7,tr|A0A075B5N7|A0A075B5N7_MOUSE,2,1.2 (95% CI:1.1 to 1.31),1.1971,0.2596,1.0958,1.3079,95%,0.0105
Gpld1,O70362,sp|O70362|PHLD_MOUSE,2,2.19 (95% CI:2 to 2.4),2.1924,1.1325,2.003,2.3998,95%,0.0001
Cops3,O88543,sp|O88543|CSN3_MOUSE,2,0.47 (95% CI:0.2 to 1.1),0.4674,-1.0974,0.1983,1.1013,95%,0.0923
Ncl,P09405,sp|P09405|NUCL_MOUSE,2,1.16 (95% CI:0.78 to 1.71),1.156,0.2091,0.7828,1.707,95%,0.4059
Lmnb1,P14733,sp|P14733|LMNB1_MOUSE,2,3.19 (95% CI:1.95 to 5.22),3.1939,1.6753,1.9524,5.225,95%,0.0065
Rpl5,P47962,sp|P47962|RL5_MOUSE,2,0.1 (95% CI:0.01 to 1.26),0.1045,-3.2582,0.0087,1.2591,95%,0.0961
Camp,P51437,sp|P51437|CAMP_MOUSE,2,51.4 (95% CI:31.4 to 84.14),51.4011,5.6837,31.4012,84.1392,95%,0.0001
Arf6,P62331,sp|P62331|ARF6_MOUSE,2,2.7 (95% CI:1.01 to 7.25),2.7005,1.4332,1.0065,7.2454,95%,0.0760
Atp2b3,Q0VF55,tr|Q0VF55|Q0VF55_MOUSE,2,473.07 (95% CI:0.16 to 1414186.81),473.0718,8.8859,0.1583,1414186.8086,95%,0.1366
Chi3l1,Q61362,sp|Q61362|CH3L1_MOUSE,2,1.09 (95% CI:0.28 to 4.17),1.0889,0.1229,0.2842,4.1722,95%,0.8849
Ostf1,Q62422,sp|Q62422|OSTF1_MOUSE,2,15.33 (95% CI:5.36 to 43.85),15.3303,3.9383,5.359,43.8546,95%,0.0048
Krt87,Q6IMF0,sp|Q6IMF0|KRT87_MOUSE,2,0.8 (95% CI:0.2 to 3.19),0.8028,-0.317,0.202,3.1907,95%,0.7101
Flnb,Q80X90,sp|Q80X90|FLNB_MOUSE,2,1.9 (95% CI:0.1 to 38.06),1.9042,0.9292,0.0953,38.057,95%,0.6177
Eif3l,Q8QZY1,sp|Q8QZY1|EIF3L_MOUSE,2,1.72 (95% CI:1.23 to 2.4),1.7155,0.7787,1.2256,2.4014,95%,0.0216
Nup85,Q8R480,sp|Q8R480|NUP85_MOUSE,2,0.03 (95% CI:0.01 to 0.05),0.0262,-5.2539,0.014,0.0491,95%,0.0004
Actr1b,Q8R5C5,sp|Q8R5C5|ACTY_MOUSE,2,142.25 (95% CI:22.38 to 904.24),142.2472,7.1523,22.3771,904.2401,95%,0.0044
Themis2,Q91YX0,sp|Q91YX0|THMS2_MOUSE,2,7669.16 (95% CI:5782.34 to 10171.67),7669.1632,12.9049,5782.3398,10171.6723,95%,0.0000
Nasp,Q99MD9,sp|Q99MD9|NASP_MOUSE,2,10.57 (95% CI:2.15 to 52.09),10.5722,3.4022,2.1457,52.0894,95%,0.0271
Phf2,Q9WTU0,sp|Q9WTU0|PHF2_MOUSE,2,0.43 (95% CI:0 to 111160.06),0.4305,-1.216,0,111160.0589,95%,0.8778
Gm7298,A0A0N4SVU1,tr|A0A0N4SVU1|A0A0N4SVU1_MOUSE,2,0.49 (95% CI:0.45 to 0.53),0.4866,-1.0392,0.4481,0.5284,95%,0.0001
Mup17,B5X0G2,sp|B5X0G2|MUP17_MOUSE,2,2.77 (95% CI:2.55 to 3),2.7652,1.4674,2.5492,2.9995,95%,0.0000
Fh,P97807,sp|P97807|FUMH_MOUSE,2,0.54 (95% CI:0.27 to 1.09),0.5436,-0.8795,0.2719,1.0868,95%,0.1028
Ccar1,Q8CH18,sp|Q8CH18|CCAR1_MOUSE,2,10571.24 (95% CI:3112.31 to 35906.21),10571.2449,13.3679,3112.3092,35906.2075,95%,0.0002
C1qtnf5,Q8K479,sp|Q8K479|C1QT5_MOUSE,2,12562.06 (95% CI:7285.03 to 21661.58),12562.0601,13.6168,7285.0349,21661.5783,95%,0.0000
Idh3b,Q91VA7,tr|Q91VA7|Q91VA7_MOUSE,2,2.97 (95% CI:0.71 to 12.47),2.9714,1.5711,0.7081,12.4691,95%,0.1407
Copb1,Q9JIF7,sp|Q9JIF7|COPB_MOUSE,2,0.43 (95% CI:0.01 to 19.23),0.4296,-1.219,0.0096,19.2257,95%,0.6074
Eif1ad18,A0A1Y7VNG9,tr|A0A1Y7VNG9|A0A1Y7VNG9_MOUSE,2,2.14 (95% CI:0.51 to 9),2.1409,1.0982,0.5094,8.9972,95%,0.2612
Col6a3,E9PWQ3,tr|E9PWQ3|E9PWQ3_MOUSE,2,3.78 (95% CI:1.96 to 7.28),3.7798,1.9183,1.9636,7.2759,95%,0.0105
H2-Q1,O19441,tr|O19441|O19441_MOUSE,2,15.07 (95% CI:12.53 to 18.12),15.0685,3.9135,12.5326,18.1175,95%,0.0000
Wfdc3,Q14AE4,sp|Q14AE4|WFDC3_MOUSE,2,258607.22 (95% CI:228781.34 to 292321.44),258607.2171,17.9804,228781.343,292321.4449,95%,0.0000
Spata5,Q3UMC0,sp|Q3UMC0|SPAT5_MOUSE,2,0.13 (95% CI:0.11 to 0.15),0.1296,-2.9483,0.1119,0.15,95%,0.0000
P4ha1,Q60715,sp|Q60715|P4HA1_MOUSE,2,2.21 (95% CI:1.48 to 3.3),2.2107,1.1445,1.4817,3.2983,95%,0.0114
Rasl2-9,Q61820,sp|Q61820|RANT_MOUSE,2,26.46 (95% CI:5.85 to 119.76),26.4629,4.7259,5.8476,119.755,95%,0.0085
Ip6k1,Q6PD10,sp|Q6PD10|IP6K1_MOUSE,2,0.37 (95% CI:0.24 to 0.57),0.3704,-1.433,0.2413,0.5685,95%,0.0068
Gnptg,Q6S5C2,sp|Q6S5C2|GNPTG_MOUSE,2,4.68 (95% CI:0.4 to 54.29),4.6751,2.225,0.4026,54.2913,95%,0.1994
Adcy10,Q8C0T9,sp|Q8C0T9|ADCYA_MOUSE,2,108600.72 (95% CI:82363.8 to 143195.4),108600.7249,16.7287,82363.8023,143195.3979,95%,0.0000
St3gal4,Q91Y74,sp|Q91Y74|SIA4C_MOUSE,2,564.17 (95% CI:0.01 to 28015093.39),564.1713,9.14,0.0114,28015093.3919,95%,0.2248
Vars1,Q9Z1Q9,sp|Q9Z1Q9|SYVC_MOUSE,2,1.32 (95% CI:0.48 to 3.64),1.3206,0.4012,0.4785,3.6445,95%,0.5291
Igkv4-79,A0A075B5L8,tr|A0A075B5L8|A0A075B5L8_MOUSE,2,0.72 (95% CI:0.59 to 0.89),0.7218,-0.4704,0.5878,0.8862,95%,0.0223
,P01630,sp|P01630|KV2A6_MOUSE,2,2.48 (95% CI:1.61 to 3.81),2.4773,1.3088,1.6123,3.8062,95%,0.0093
,P01668,sp|P01668|KV3AG_MOUSE,2,4.95 (95% CI:3.59 to 6.83),4.9503,2.3075,3.5885,6.829,95%,0.0006
,P01677,sp|P01677|KV6A3_MOUSE,2,0.81 (95% CI:0.72 to 0.9),0.8061,-0.3109,0.7203,0.9023,95%,0.0126
,P01680,sp|P01680|KV4A1_MOUSE,2,0.69 (95% CI:0.6 to 0.8),0.6922,-0.5308,0.5954,0.8046,95%,0.0058
,P01750,sp|P01750|HVM06_MOUSE,2,1.93 (95% CI:1.31 to 2.83),1.9273,0.9466,1.3127,2.8297,95%,0.0179
,P01786,sp|P01786|HVM17_MOUSE,2,1.42 (95% CI:1.21 to 1.67),1.4182,0.504,1.2053,1.6686,95%,0.0088
,P01788,sp|P01788|HVM19_MOUSE,2,6.23 (95% CI:3.97 to 9.77),6.2269,2.6385,3.9704,9.7659,95%,0.0012
,P01791,sp|P01791|HVM22_MOUSE,2,6.23 (95% CI:3.97 to 9.77),6.2269,2.6385,3.9704,9.7659,95%,0.0012
,P01794,sp|P01794|HVM25_MOUSE,2,5.91 (95% CI:3.53 to 9.91),5.9121,2.5637,3.5264,9.9116,95%,0.0019
,P01796,sp|P01796|HVM27_MOUSE,2,2.83 (95% CI:2.55 to 3.14),2.8318,1.5017,2.554,3.1398,95%,0.0001
,P01803,sp|P01803|HVM34_MOUSE,2,2.05 (95% CI:1.87 to 2.25),2.0523,1.0372,1.8682,2.2544,95%,0.0002
,P01810,sp|P01810|HVM40_MOUSE,2,0.92 (95% CI:0.82 to 1.04),0.9244,-0.1134,0.8205,1.0414,95%,0.1835
,P01878,sp|P01878|IGHA_MOUSE,2,4.91 (95% CI:4.66 to 5.19),4.9144,2.297,4.6574,5.1856,95%,0.0000
,P03977,sp|P03977|KV3A4_MOUSE,2,3.43 (95% CI:2.61 to 4.51),3.4278,1.7773,2.6081,4.5051,95%,0.0008
,P10404,sp|P10404|ENV1_MOUSE,2,0.85 (95% CI:0.65 to 1.12),0.8545,-0.2269,0.6494,1.1244,95%,0.2333
Selenbp1,P17563,sp|P17563|SBP1_MOUSE,2,118.48 (95% CI:0.02 to 724675.46),118.4839,6.8885,0.0194,724675.4614,95%,0.2493
Fgfr2,P21803,sp|P21803|FGFR2_MOUSE,2,0.19 (95% CI:0.14 to 0.25),0.1879,-2.412,0.1421,0.2485,95%,0.0003
S100a8,P27005,sp|P27005|S10A8_MOUSE,2,230.32 (95% CI:0.01 to 3875525.15),230.3151,7.8475,0.0137,3875525.1496,95%,0.2417
S100a11,P50543,sp|P50543|S10AB_MOUSE,2,4.58 (95% CI:0.43 to 48.99),4.5796,2.1952,0.4281,48.9892,95%,0.1925
,P84750,sp|P84750|KVM5_MOUSE,2,2.54 (95% CI:1.87 to 3.44),2.5369,1.343,1.8727,3.4366,95%,0.0028
Serpinf2,Q61247,sp|Q61247|A2AP_MOUSE,2,1.57 (95% CI:1.5 to 1.65),1.5711,0.6518,1.4981,1.6477,95%,0.0001
Senp5,Q6NXL6,sp|Q6NXL6|SENP5_MOUSE,2,1.51 (95% CI:0.9 to 2.53),1.5097,0.5943,0.8995,2.5338,95%,0.1275
Setd7,Q8VHL1,sp|Q8VHL1|SETD7_MOUSE,2,1.11 (95% CI:0.23 to 5.33),1.1062,0.1456,0.2298,5.3253,95%,0.8836
Taldo1,Q93092,sp|Q93092|TALDO_MOUSE,2,0.88 (95% CI:0.64 to 1.21),0.8805,-0.1836,0.6423,1.2071,95%,0.3712
Pacsin3,Q99JB8,sp|Q99JB8|PACN3_MOUSE,2,0.31 (95% CI:0.17 to 0.59),0.3134,-1.6738,0.1661,0.5916,95%,0.0146
Actr3,Q99JY9,sp|Q99JY9|ARP3_MOUSE,2,0.54 (95% CI:0.25 to 1.17),0.5407,-0.8872,0.2509,1.1652,95%,0.1258
Stk24,Q99KH8,sp|Q99KH8|STK24_MOUSE,2,20.44 (95% CI:5.27 to 79.26),20.4396,4.3533,5.2712,79.2564,95%,0.0078
Scrn1,Q9CZC8,sp|Q9CZC8|SCRN1_MOUSE,2,14311.67 (95% CI:13289.47 to 15412.51),14311.6731,13.8049,13289.4662,15412.5067,95%,0.0000
Tfpi,O54819,sp|O54819|TFPI1_MOUSE,2,13.68 (95% CI:10.68 to 17.53),13.679,3.7739,10.6752,17.528,95%,0.0001
Banf1,O54962,sp|O54962|BAF_MOUSE,2,29.75 (95% CI:7.51 to 117.86),29.7462,4.8946,7.5078,117.8555,95%,0.0056
Krt6a,P50446,sp|P50446|K2C6A_MOUSE,2,0.75 (95% CI:0.32 to 1.73),0.7477,-0.4194,0.3225,1.7338,95%,0.4355
Ctsw,P56203,sp|P56203|CATW_MOUSE,2,582.06 (95% CI:0.06 to 5425849.9),582.0608,9.185,0.0624,5425849.8978,95%,0.1661
Gspt2,Q149F3,sp|Q149F3|ERF3B_MOUSE,2,1.35 (95% CI:0.89 to 2.04),1.3495,0.4324,0.8947,2.0354,95%,0.1532
Sf3a2,Q62203,sp|Q62203|SF3A2_MOUSE,2,3.29 (95% CI:1.24 to 8.7),3.2876,1.717,1.2428,8.6964,95%,0.0461
Ces1,Q8VCC2,sp|Q8VCC2|EST1_MOUSE,2,0.23 (95% CI:0.21 to 0.26),0.232,-2.1079,0.2085,0.2581,95%,0.0000
Krt5,Q922U2,sp|Q922U2|K2C5_MOUSE,2,1.04 (95% CI:0.31 to 3.53),1.042,0.0593,0.3079,3.5262,95%,0.9375
Ighv1-81,A0A075B5Y4,tr|A0A075B5Y4|A0A075B5Y4_MOUSE,2,1.69 (95% CI:1.48 to 1.94),1.6927,0.7593,1.4769,1.94,95%,0.0014
Igkv5-43,A0A0B4J1J2,tr|A0A0B4J1J2|A0A0B4J1J2_MOUSE,2,0.9 (95% CI:0.78 to 1.03),0.8973,-0.1564,0.7835,1.0275,95%,0.1260
Gm9048,A0A1W2P7H4,tr|A0A1W2P7H4|A0A1W2P7H4_MOUSE,2,2.65 (95% CI:2.31 to 3.04),2.6506,1.4063,2.3142,3.0358,95%,0.0002
Rpl36a-ps1,A0A2I3BPG9,tr|A0A2I3BPG9|A0A2I3BPG9_MOUSE,2,73214.24 (95% CI:67416.02 to 79511.14),73214.2383,16.1598,67416.0242,79511.1362,95%,0.0000
Cd300ld4,A2A7W1,tr|A2A7W1|A2A7W1_MOUSE,2,0.71 (95% CI:0.15 to 3.36),0.7095,-0.4951,0.15,3.3561,95%,0.6092
Ighm,P01872,sp|P01872|IGHM_MOUSE,2,4.92 (95% CI:4.55 to 5.32),4.9171,2.2978,4.5479,5.3162,95%,0.0000
Lsm3,P62311,sp|P62311|LSM3_MOUSE,2,51.73 (95% CI:9.45 to 283.13),51.7342,5.693,9.453,283.1283,95%,0.0068
G3bp1,P97855,sp|P97855|G3BP1_MOUSE,2,3.16 (95% CI:1.27 to 7.83),3.1571,1.6586,1.2729,7.8301,95%,0.0422
Dbnl,Q62418,sp|Q62418|DBNL_MOUSE,2,2.15 (95% CI:0.36 to 12.66),2.1453,1.1012,0.3636,12.6572,95%,0.3434
Try10,Q792Z1,tr|Q792Z1|Q792Z1_MOUSE,2,16.47 (95% CI:11.29 to 24.02),16.4651,4.0413,11.2886,24.0154,95%,0.0002
H2ac25,Q8BFU2,sp|Q8BFU2|H2A3_MOUSE,2,27.79 (95% CI:22.46 to 34.38),27.7876,4.7964,22.4567,34.384,95%,0.0000
Fat3,Q8BNA6,sp|Q8BNA6|FAT3_MOUSE,2,18.03 (95% CI:2.5 to 129.92),18.0298,4.1723,2.502,129.9241,95%,0.0279
Apeh,Q8R146,sp|Q8R146|APEH_MOUSE,2,1.31 (95% CI:0.51 to 3.33),1.3075,0.3869,0.5133,3.3306,95%,0.5126
Rab37,Q9JKM7,sp|Q9JKM7|RAB37_MOUSE,2,7.12 (95% CI:2.04 to 24.84),7.1208,2.832,2.0414,24.8386,95%,0.0230
Igkv8-26,A0A075B5N5,tr|A0A075B5N5|A0A075B5N5_MOUSE,2,0.27 (95% CI:0.23 to 0.32),0.2705,-1.8863,0.2297,0.3186,95%,0.0001
Ighv1-31,A0A075B5V1,tr|A0A075B5V1|A0A075B5V1_MOUSE,2,1.47 (95% CI:1.32 to 1.63),1.4663,0.5522,1.3159,1.634,95%,0.0018
Mybpc1,A0A571BEN1,tr|A0A571BEN1|A0A571BEN1_MOUSE,2,0.87 (95% CI:0.57 to 1.32),0.865,-0.2092,0.568,1.3174,95%,0.4366
Psmd4,O35226,sp|O35226|PSMD4_MOUSE,2,0.12 (95% CI:0 to 6.73),0.1244,-3.0073,0.0023,6.7284,95%,0.2669
Ugdh,O70475,sp|O70475|UGDH_MOUSE,2,12918.8 (95% CI:2.5 to 66816383.53),12918.7983,13.6572,2.4978,66816383.5334,95%,0.0598
Ace,P09470,sp|P09470|ACE_MOUSE,2,0.12 (95% CI:0.02 to 0.66),0.1203,-3.055,0.0218,0.6631,95%,0.0445
Eno2,P17183,sp|P17183|ENOG_MOUSE,2,2.18 (95% CI:1.62 to 2.94),2.1803,1.1245,1.6175,2.9389,95%,0.0047
Vim,P20152,sp|P20152|VIME_MOUSE,2,3.58 (95% CI:1.77 to 7.24),3.5804,1.8401,1.7718,7.2353,95%,0.0149
Ppib,P24369,sp|P24369|PPIB_MOUSE,2,5.56 (95% CI:3.55 to 8.7),5.5565,2.4742,3.5469,8.7047,95%,0.0014
Cct7,P80313,sp|P80313|TCPH_MOUSE,2,1.66 (95% CI:1.19 to 2.32),1.6593,0.7306,1.1856,2.3222,95%,0.0259
Sri,Q6P069,sp|Q6P069|SORCN_MOUSE,2,31.18 (95% CI:0 to 278543.86),31.1776,4.9624,0.0035,278543.8633,95%,0.3985
Lpin2,Q99PI5,sp|Q99PI5|LPIN2_MOUSE,2,116.99 (95% CI:0.05 to 278825.67),116.991,6.8703,0.0491,278825.6681,95%,0.2086
Serpinb1a,Q9D154,sp|Q9D154|ILEUA_MOUSE,2,1.1 (95% CI:0.69 to 1.74),1.098,0.1349,0.6933,1.7391,95%,0.6370
Chmp4b,Q9D8B3,sp|Q9D8B3|CHM4B_MOUSE,2,1.65 (95% CI:0.76 to 3.59),1.6535,0.7256,0.7611,3.5926,95%,0.1900
Napa,Q9DB05,sp|Q9DB05|SNAA_MOUSE,2,63.8 (95% CI:0.01 to 302200.68),63.799,5.9955,0.0135,302200.6778,95%,0.2909
Plin3,Q9DBG5,sp|Q9DBG5|PLIN3_MOUSE,2,30283.85 (95% CI:21035.38 to 43598.52),30283.8493,14.8863,21035.3801,43598.5242,95%,0.0000
Tfr2,Q9JKX3,sp|Q9JKX3|TFR2_MOUSE,2,4.2 (95% CI:2.14 to 8.23),4.195,2.0687,2.1392,8.2264,95%,0.0090
Matn2,O08746,sp|O08746|MATN2_MOUSE,2,0.77 (95% CI:0.2 to 2.86),0.7655,-0.3855,0.2047,2.8628,95%,0.6381
Septin7,O55131,sp|O55131|SEPT7_MOUSE,2,2060.92 (95% CI:0.72 to 5884231.09),2060.9229,11.0091,0.7218,5884231.0888,95%,0.0847
Ezr,P26040,sp|P26040|EZRI_MOUSE,2,1.51 (95% CI:0.65 to 3.52),1.5089,0.5935,0.6464,3.5225,95%,0.2950
Pfn1,P62962,sp|P62962|PROF1_MOUSE,2,0.33 (95% CI:0.18 to 0.61),0.3282,-1.6073,0.1753,0.6144,95%,0.0158
Arf1,P84078,sp|P84078|ARF1_MOUSE,2,0.46 (95% CI:0.37 to 0.58),0.4599,-1.1207,0.3652,0.5791,95%,0.0021
Fcgrt,Q61559,sp|Q61559|FCGRN_MOUSE,2,13328.88 (95% CI:6657.82 to 26684.26),13328.8812,13.7023,6657.8222,26684.262,95%,0.0000
Apobr,Q8VBT6,sp|Q8VBT6|APOBR_MOUSE,2,3.51 (95% CI:0.62 to 19.76),3.5056,1.8097,0.622,19.7569,95%,0.1548
Masp2,Q91WP0,sp|Q91WP0|MASP2_MOUSE,2,10.61 (95% CI:9.95 to 11.32),10.6141,3.4079,9.9482,11.3245,95%,0.0000
Esm1,Q9QYY7,sp|Q9QYY7|ESM1_MOUSE,2,28.01 (95% CI:11.71 to 67.02),28.0132,4.808,11.7098,67.0155,95%,0.0014
Ighv1-47,A0A075B5V8,tr|A0A075B5V8|A0A075B5V8_MOUSE,2,2.45 (95% CI:2.28 to 2.63),2.4481,1.2917,2.2818,2.6265,95%,0.0000
Lao1,B1ARV3,tr|B1ARV3|B1ARV3_MOUSE,2,14.93 (95% CI:10.6 to 21.04),14.9307,3.9002,10.5961,21.0385,95%,0.0001
Calu,O35887,sp|O35887|CALU_MOUSE,2,8.75 (95% CI:2.07 to 36.93),8.7457,3.1286,2.0713,36.9281,95%,0.0260
Ctsg,P28293,sp|P28293|CATG_MOUSE,2,2.31 (95% CI:1.48 to 3.61),2.3086,1.207,1.4762,3.6103,95%,0.0135
Ptpn6,P29351,sp|P29351|PTN6_MOUSE,2,4594.05 (95% CI:2277.23 to 9267.98),4594.0545,12.1656,2277.2308,9267.9835,95%,0.0000
Rpl19,P84099,sp|P84099|RL19_MOUSE,2,0.23 (95% CI:0 to 55.8),0.2342,-2.094,0.001,55.8037,95%,0.5413
H2ac21,Q64522,sp|Q64522|H2A2B_MOUSE,2,21.42 (95% CI:16.56 to 27.7),21.4178,4.4207,16.5621,27.6969,95%,0.0000
Krt77,Q6IFZ6,sp|Q6IFZ6|K2C1B_MOUSE,2,0.94 (95% CI:0.19 to 4.74),0.9399,-0.0894,0.1864,4.7393,95%,0.9287
Rab43,Q8CG50,sp|Q8CG50|RAB43_MOUSE,2,3.62 (95% CI:0.7 to 18.8),3.621,1.8564,0.6973,18.8048,95%,0.1328
Eif3b,Q8JZQ9,sp|Q8JZQ9|EIF3B_MOUSE,2,4.69 (95% CI:3.24 to 6.77),4.6878,2.2289,3.2443,6.7735,95%,0.0011
Ccne2,Q9Z238,sp|Q9Z238|CCNE2_MOUSE,2,1.65 (95% CI:0.94 to 2.92),1.6549,0.7268,0.9366,2.9242,95%,0.1015
Krt27,Q9Z320,sp|Q9Z320|K1C27_MOUSE,2,0.86 (95% CI:0.13 to 5.59),0.8638,-0.2113,0.1335,5.59,95%,0.8588
H2-Bl,V9GXR0,tr|V9GXR0|V9GXR0_MOUSE,2,5.81 (95% CI:3.56 to 9.5),5.8146,2.5397,3.5579,9.5027,95%,0.0017
Ighv2-9,A0A075B5Q5,tr|A0A075B5Q5|A0A075B5Q5_MOUSE,2,2.92 (95% CI:2.2 to 3.88),2.9193,1.5456,2.1962,3.8805,95%,0.0015
Ilk,O55222,sp|O55222|ILK_MOUSE,2,4.01 (95% CI:1.3 to 12.37),4.0074,2.0027,1.2986,12.3664,95%,0.0453
H2-L,P01897,sp|P01897|HA1L_MOUSE,2,13.93 (95% CI:10.71 to 18.11),13.9264,3.7998,10.7102,18.1086,95%,0.0001
Fv4,P11370,sp|P11370|ENV2_MOUSE,2,8.55 (95% CI:5.59 to 13.1),8.5525,3.0963,5.5856,13.0951,95%,0.0006
Lum,P51885,sp|P51885|LUM_MOUSE,2,30.81 (95% CI:24.38 to 38.94),30.813,4.9455,24.3793,38.9446,95%,0.0000
Lipe,P54310,sp|P54310|LIPS_MOUSE,2,10.45 (95% CI:5.04 to 21.67),10.4506,3.3855,5.0403,21.6686,95%,0.0024
Cct6a,P80317,sp|P80317|TCPZ_MOUSE,2,1.81 (95% CI:0.24 to 13.5),1.8138,0.859,0.2437,13.5,95%,0.2093
C1qc,Q02105,sp|Q02105|C1QC_MOUSE,2,0.24 (95% CI:0.22 to 0.27),0.2431,-2.0405,0.2224,0.2657,95%,0.0000
Camk2d,Q6PHZ2,sp|Q6PHZ2|KCC2D_MOUSE,2,2.95 (95% CI:0.61 to 14.33),2.9529,1.5622,0.6087,14.3259,95%,0.1710
Trim54,Q9ERP3,sp|Q9ERP3|TRI54_MOUSE,2,14304.28 (95% CI:7205.86 to 28395.3),14304.2847,13.8042,7205.8608,28395.2975,95%,0.0000
Serpina3j,D3Z451,tr|D3Z451|D3Z451_MOUSE,2,0.22 (95% CI:0.16 to 0.31),0.2245,-2.1554,0.1603,0.3143,95%,0.0009
Pkd1,O08852,sp|O08852|PKD1_MOUSE,2,3353.24 (95% CI:0.92 to 12286683.82),3353.244,11.7113,0.9152,12286683.8181,95%,0.0793
Ldhc,P00342,sp|P00342|LDHC_MOUSE,2,0.48 (95% CI:0.41 to 0.55),0.4772,-1.0673,0.4113,0.5536,95%,0.0006
Ighg1,P01869,sp|P01869|IGH1M_MOUSE,2,0.17 (95% CI:0.15 to 0.2),0.1716,-2.5427,0.1491,0.1975,95%,0.0000
Fabp3,P11404,sp|P11404|FABPH_MOUSE,2,0.25 (95% CI:0.16 to 0.4),0.2508,-1.9952,0.158,0.3982,95%,0.0031
Folr1,P35846,sp|P35846|FOLR1_MOUSE,2,42140.15 (95% CI:18636.03 to 95288.13),42140.1476,15.3629,18636.0257,95288.1302,95%,0.0000
Prdx5,P99029,sp|P99029|PRDX5_MOUSE,2,14442.47 (95% CI:6707.48 to 31097.35),14442.4698,13.818,6707.4823,31097.3514,95%,0.0000
Btn1a1,Q62556,sp|Q62556|BT1A1_MOUSE,2,1.81 (95% CI:0.35 to 9.27),1.8132,0.8586,0.3548,9.268,95%,0.4142
Glt28d2,Q8BML3,tr|Q8BML3|Q8BML3_MOUSE,2,2.78 (95% CI:0.57 to 13.6),2.776,1.473,0.5668,13.5958,95%,0.1924
Mpc2,Q9D023,sp|Q9D023|MPC2_MOUSE,2,42586.77 (95% CI:38837.97 to 46697.42),42586.7702,15.3781,38837.9688,46697.4215,95%,0.0000
Tmed10,Q9D1D4,sp|Q9D1D4|TMEDA_MOUSE,2,4508.76 (95% CI:2.26 to 8997362.23),4508.7579,12.1385,2.2594,8997362.2311,95%,0.0598
Rabl3,Q9D4V7,sp|Q9D4V7|RABL3_MOUSE,2,19.99 (95% CI:0 to 1239309.71),19.9896,4.3212,0.0003,1239309.7069,95%,0.5327
Ighv1-62-3,P01754,sp|P01754|HVM10_MOUSE,2,3.18 (95% CI:1.6 to 6.31),3.1799,1.669,1.6032,6.3075,95%,0.0184
Tpm1,P58771,sp|P58771|TPM1_MOUSE,2,7.68 (95% CI:4.41 to 13.39),7.6797,2.9411,4.4055,13.3873,95%,0.0016
Galnt10,Q6P9S7,sp|Q6P9S7|GLT10_MOUSE,2,0.05 (95% CI:0.02 to 0.12),0.0493,-4.3432,0.0207,0.117,95%,0.0019
Gprin3,Q8BWS5,sp|Q8BWS5|GRIN3_MOUSE,2,0.43 (95% CI:0.11 to 1.61),0.4268,-1.2283,0.1134,1.6064,95%,0.1925
Cd177,Q8R2S8,sp|Q8R2S8|CD177_MOUSE,2,1.54 (95% CI:0.9 to 2.63),1.5365,0.6197,0.898,2.629,95%,0.1260
Eif3m,Q99JX4,sp|Q99JX4|EIF3M_MOUSE,2,2.89 (95% CI:0.88 to 9.43),2.8866,1.5294,0.8834,9.4323,95%,0.0989
Ggh,Q9Z0L8,sp|Q9Z0L8|GGH_MOUSE,2,8.32 (95% CI:3.02 to 22.93),8.3179,3.0562,3.0175,22.9287,95%,0.0096
Scgb2b11,A0A087WR49,tr|A0A087WR49|A0A087WR49_MOUSE,2,92475.1 (95% CI:67785.05 to 126158.25),92475.0991,16.4968,67785.0536,126158.2532,95%,0.0000
Svep1,A2AVA0,sp|A2AVA0|SVEP1_MOUSE,2,0.68 (95% CI:0.09 to 4.89),0.6793,-0.5578,0.0943,4.8925,95%,0.6494
Fga,E9PV24,sp|E9PV24|FIBA_MOUSE,2,5.67 (95% CI:5.04 to 6.37),5.6678,2.5028,5.0434,6.3694,95%,0.0000
Pgrmc1,O55022,sp|O55022|PGRC1_MOUSE,2,1.85 (95% CI:0.48 to 7.18),1.85,0.8875,0.4766,7.1817,95%,0.3213
Fcn1,O70165,sp|O70165|FCN1_MOUSE,2,1.08 (95% CI:0.71 to 1.67),1.0848,0.1174,0.7067,1.6653,95%,0.6585
Pla2g4a,P47713,sp|P47713|PA24A_MOUSE,2,0.21 (95% CI:0.11 to 0.42),0.2109,-2.2456,0.1066,0.4173,95%,0.0073
Pklr,P53657,sp|P53657|KPYR_MOUSE,2,0.91 (95% CI:0.52 to 1.6),0.9097,-0.1366,0.5185,1.5961,95%,0.6948
Stom,P54116,sp|P54116|STOM_MOUSE,2,3.57 (95% CI:0.42 to 30.16),3.5694,1.8357,0.4225,30.1562,95%,0.2183
Hnrnpk,P61979,sp|P61979|HNRPK_MOUSE,2,1.7 (95% CI:0.7 to 4.15),1.7046,0.7694,0.6998,4.1519,95%,0.2164
Rhog,P84096,sp|P84096|RHOG_MOUSE,2,3.12 (95% CI:2.24 to 4.33),3.1161,1.6397,2.2412,4.3325,95%,0.0019
9930111J21Rik1,Q5SVP0,tr|Q5SVP0|Q5SVP0_MOUSE,2,142.06 (95% CI:0.06 to 327871.34),142.0591,7.1503,0.0616,327871.3443,95%,0.1931
Pmel,Q60696,sp|Q60696|PMEL_MOUSE,2,16.46 (95% CI:10.69 to 25.34),16.4588,4.0408,10.6918,25.3364,95%,0.0003
Vdac2,Q60930,sp|Q60930|VDAC2_MOUSE,2,4.45 (95% CI:2.53 to 7.85),4.4545,2.1553,2.5284,7.848,95%,0.0046
Srsf1,Q6PDM2,sp|Q6PDM2|SRSF1_MOUSE,2,136978.13 (95% CI:29.53 to 635470977.41),136978.1311,17.0636,29.5261,635470977.4075,95%,0.0318
Fntb,Q8K2I1,sp|Q8K2I1|FNTB_MOUSE,2,16323.5 (95% CI:9025.29 to 29523.35),16323.5021,13.9947,9025.286,29523.3548,95%,0.0000
Sdhb,Q9CQA3,sp|Q9CQA3|SDHB_MOUSE,2,5.13 (95% CI:1.74 to 15.11),5.1272,2.3582,1.7402,15.1063,95%,0.0258
Ap2b1,Q9DBG3,sp|Q9DBG3|AP2B1_MOUSE,2,0.49 (95% CI:0.28 to 0.85),0.4887,-1.0329,0.2814,0.8488,95%,0.0393
Thbs4,Q9Z1T2,sp|Q9Z1T2|TSP4_MOUSE,2,41.55 (95% CI:26.94 to 64.09),41.5542,5.3769,26.9409,64.094,95%,0.0001
Igkv3-1,A0A075B5P1,tr|A0A075B5P1|A0A075B5P1_MOUSE,2,1.38 (95% CI:0.46 to 4.19),1.3826,0.4674,0.4562,4.1899,95%,0.5052
Ighv1-19,A0A075B5U5,tr|A0A075B5U5|A0A075B5U5_MOUSE,2,1.26 (95% CI:0.86 to 1.87),1.2641,0.3381,0.8567,1.8652,95%,0.2141
Ube3a,O08759,sp|O08759|UBE3A_MOUSE,2,10350.13 (95% CI:5457.54 to 19628.84),10350.132,13.3374,5457.5426,19628.8405,95%,0.0000
Pak1,O88643,sp|O88643|PAK1_MOUSE,2,0.11 (95% CI:0.08 to 0.14),0.1098,-3.1866,0.0846,0.1426,95%,0.0001
Klk1b26,P36369,sp|P36369|K1B26_MOUSE,2,0.2 (95% CI:0.18 to 0.24),0.2045,-2.2896,0.178,0.2351,95%,0.0000
Tpm2,P58774,sp|P58774|TPM2_MOUSE,2,2.89 (95% CI:1.85 to 4.51),2.8886,1.5304,1.8498,4.5109,95%,0.0063
Ywhah,P68510,sp|P68510|1433F_MOUSE,2,17.21 (95% CI:11.19 to 26.48),17.2112,4.1053,11.1887,26.4753,95%,0.0002
Prdx2,Q61171,sp|Q61171|PRDX2_MOUSE,2,0.52 (95% CI:0.41 to 0.66),0.5194,-0.9451,0.4107,0.6569,95%,0.0039
Tmem132e,Q6IEE6,sp|Q6IEE6|T132E_MOUSE,2,10.82 (95% CI:2.66 to 44.09),10.8236,3.4361,2.657,44.0908,95%,0.0183
Kazald1,Q8BJ66,sp|Q8BJ66|KAZD1_MOUSE,2,272163.57 (95% CI:220620.41 to 335748.67),272163.569,18.0541,220620.4073,335748.6699,95%,0.0000
Mmrn1,B2RPV6,sp|B2RPV6|MMRN1_MOUSE,2,7.55 (95% CI:0.52 to 109.06),7.5516,2.9168,0.5229,109.0639,95%,0.1415
Bin1,O08539,sp|O08539|BIN1_MOUSE,2,5.9 (95% CI:1.01 to 34.27),5.8956,2.5596,1.0142,34.2705,95%,0.0758
Prkar2b,P31324,sp|P31324|KAP3_MOUSE,2,2.73 (95% CI:0.88 to 8.53),2.7327,1.4503,0.8753,8.531,95%,0.1019
Asah1,Q9WV54,sp|Q9WV54|ASAH1_MOUSE,2,5301.12 (95% CI:1.63 to 17201504.41),5301.1192,12.3721,1.6337,17201504.4057,95%,0.0672
C6,E9Q6D8,tr|E9Q6D8|E9Q6D8_MOUSE,2,0.24 (95% CI:0.22 to 0.26),0.2363,-2.0816,0.2155,0.259,95%,0.0000
Sod3,O09164,sp|O09164|SODE_MOUSE,2,8.06 (95% CI:5.88 to 11.03),8.0556,3.01,5.8845,11.0278,95%,0.0002
Gzmb,P04187,sp|P04187|GRAB_MOUSE,2,85.51 (95% CI:0 to 2600875.49),85.5142,6.4181,0.0028,2600875.4922,95%,0.3428
Igfbp3,P47878,sp|P47878|IBP3_MOUSE,2,0.55 (95% CI:0.37 to 0.82),0.5541,-0.8518,0.3745,0.8197,95%,0.0259
Rpl30,P62889,sp|P62889|RL30_MOUSE,2,0.19 (95% CI:0.09 to 0.39),0.1876,-2.4143,0.0896,0.393,95%,0.0074
Tnpo1,Q8BFY9,sp|Q8BFY9|TNPO1_MOUSE,2,2.76 (95% CI:0.62 to 12.39),2.7626,1.466,0.6158,12.3937,95%,0.1751
Aifm1,Q9Z0X1,sp|Q9Z0X1|AIFM1_MOUSE,2,4.77 (95% CI:0.37 to 60.92),4.7694,2.2538,0.3734,60.9151,95%,0.2083
Ighv15-2,A0A075B5T8,tr|A0A075B5T8|A0A075B5T8_MOUSE,2,1.89 (95% CI:1.04 to 3.43),1.8939,0.9214,1.0449,3.4329,95%,0.0649
Mup18,A2BIM8,sp|A2BIM8|MUP18_MOUSE,2,2.77 (95% CI:2.55 to 3),2.7652,1.4674,2.5492,2.9995,95%,0.0000
Aldoart1,A6ZI46,tr|A6ZI46|A6ZI46_MOUSE,2,0.43 (95% CI:0.4 to 0.47),0.4304,-1.2162,0.3972,0.4664,95%,0.0001
Gpx4,O70325,sp|O70325|GPX4_MOUSE,2,1.22 (95% CI:0.72 to 2.1),1.2247,0.2925,0.7156,2.096,95%,0.3992
Avil,O88398,sp|O88398|AVIL_MOUSE,2,6.66 (95% CI:0.83 to 53.37),6.6569,2.7349,0.8302,53.3749,95%,0.0953
Gna14,P30677,sp|P30677|GNA14_MOUSE,2,1.87 (95% CI:0.52 to 6.78),1.8702,0.9032,0.5159,6.7804,95%,0.2944
Puf60,Q3UEB3,sp|Q3UEB3|PUF60_MOUSE,2,857.81 (95% CI:0.29 to 2514888.98),857.8133,9.7445,0.2926,2514888.9809,95%,0.1118
Pdcd10,Q8VE70,sp|Q8VE70|PDC10_MOUSE,2,0.83 (95% CI:0.04 to 16.16),0.8323,-0.2648,0.0429,16.1579,95%,0.8874
Igkv4-58,A0A075B5M3,tr|A0A075B5M3|A0A075B5M3_MOUSE,2,0.7 (95% CI:0.61 to 0.81),0.7033,-0.5078,0.6075,0.8142,95%,0.0061
Igkv8-28,A0A075B5N3,tr|A0A075B5N3|A0A075B5N3_MOUSE,2,1.09 (95% CI:0.94 to 1.27),1.0914,0.1262,0.9394,1.2681,95%,0.2265
Ldlr,P35951,sp|P35951|LDLR_MOUSE,2,6.34 (95% CI:4.85 to 8.27),6.3374,2.6639,4.8541,8.274,95%,0.0002
Ambp,Q07456,sp|Q07456|AMBP_MOUSE,2,37.78 (95% CI:24.58 to 58.08),37.7806,5.2396,24.5763,58.0792,95%,0.0001
NARS1,Q8BP47,sp|Q8BP47|SYNC_MOUSE,2,0.74 (95% CI:0.53 to 1.03),0.7365,-0.4412,0.5254,1.0325,95%,0.0966
Atp2a1,Q8R429,sp|Q8R429|AT2A1_MOUSE,2,0.4 (95% CI:0.31 to 0.51),0.3974,-1.3313,0.3087,0.5116,95%,0.0016
Slc46a3,Q9DC26,sp|Q9DC26|S46A3_MOUSE,2,134.64 (95% CI:39.04 to 464.33),134.6387,7.0729,39.0407,464.3256,95%,0.0013
Sdf2,Q9DCT5,sp|Q9DCT5|SDF2_MOUSE,2,62644.86 (95% CI:48040.42 to 81689.09),62644.8568,15.9349,48040.4167,81689.0934,95%,0.0000
Htra1,Q9R118,sp|Q9R118|HTRA1_MOUSE,2,3.68 (95% CI:1.43 to 9.48),3.6779,1.8789,1.4267,9.4815,95%,0.0333
Ighv7-2,A0A075B5R3,tr|A0A075B5R3|A0A075B5R3_MOUSE,2,1.55 (95% CI:1.3 to 1.84),1.548,0.6304,1.3033,1.8388,95%,0.0052
Ighv1-16,A0A075B5U1,tr|A0A075B5U1|A0A075B5U1_MOUSE,2,1 (95% CI:0.02 to 58.38),0.9962,-0.0054,0.017,58.3827,95%,0.9985
Anxa5,P48036,sp|P48036|ANXA5_MOUSE,2,1.3 (95% CI:0.01 to 130.98),1.2952,0.3732,0.0128,130.9765,95%,0.8978
Rps15a,P62245,sp|P62245|RS15A_MOUSE,2,2.43 (95% CI:0.89 to 6.65),2.4265,1.2789,0.8854,6.6502,95%,0.1029
Hs1bp3,Q3TC93,sp|Q3TC93|H1BP3_MOUSE,2,2.51 (95% CI:1.97 to 3.21),2.5112,1.3284,1.9676,3.205,95%,0.0015
C1rl,Q3UZ09,sp|Q3UZ09|C1RL_MOUSE,2,34.6 (95% CI:23.8 to 50.31),34.6035,5.1128,23.8008,50.3093,95%,0.0001
Ces3a,Q63880,sp|Q63880|EST3A_MOUSE,2,3.56 (95% CI:0.85 to 14.87),3.5611,1.8323,0.8531,14.8657,95%,0.0922
Hspe1,Q64433,sp|Q64433|CH10_MOUSE,2,0.88 (95% CI:0.54 to 1.44),0.8837,-0.1784,0.5421,1.4405,95%,0.5593
Eif3i,Q9QZD9,sp|Q9QZD9|EIF3I_MOUSE,2,2.53 (95% CI:1.51 to 4.25),2.5283,1.3382,1.5057,4.2454,95%,0.0155
Ighv1-34,A0A075B5V2,tr|A0A075B5V2|A0A075B5V2_MOUSE,2,2.24 (95% CI:1.95 to 2.57),2.2405,1.1638,1.951,2.5731,95%,0.0004
Metap2,O08663,sp|O08663|MAP2_MOUSE,2,5.75 (95% CI:2.25 to 14.73),5.7507,2.5237,2.2458,14.7257,95%,0.0138
Saa1,P05366,sp|P05366|SAA1_MOUSE,2,1.9 (95% CI:1.74 to 2.07),1.8964,0.9233,1.7376,2.0697,95%,0.0002
Tpi1,P17751,sp|P17751|TPIS_MOUSE,2,0.21 (95% CI:0.16 to 0.28),0.2149,-2.2183,0.1644,0.2809,95%,0.0004
Gstp2,P46425,sp|P46425|GSTP2_MOUSE,2,3.04 (95% CI:1.96 to 4.7),3.0394,1.6038,1.9642,4.7033,95%,0.0051
Rab5b,P61021,sp|P61021|RAB5B_MOUSE,2,2.98 (95% CI:1.76 to 5.05),2.9818,1.5762,1.761,5.0486,95%,0.0098
Ddb1,Q3U1J4,sp|Q3U1J4|DDB1_MOUSE,2,0.3 (95% CI:0.01 to 9.44),0.298,-1.7465,0.0094,9.4362,95%,0.4303
Kcmf1,Q80UY2,sp|Q80UY2|KCMF1_MOUSE,2,0.05 (95% CI:0.03 to 0.08),0.0504,-4.3116,0.03,0.0847,95%,0.0004
Farsa,Q8C0C7,sp|Q8C0C7|SYFA_MOUSE,2,579.3 (95% CI:0.09 to 3719699.01),579.296,9.1782,0.0902,3719699.0075,95%,0.1548
Uqcr10,Q8R1I1,sp|Q8R1I1|QCR9_MOUSE,2,331925.8 (95% CI:308483.89 to 357149.08),331925.8041,18.3405,308483.892,357149.0839,95%,0.0000
Psmd8,Q9CX56,sp|Q9CX56|PSMD8_MOUSE,2,0.32 (95% CI:0.21 to 0.49),0.3232,-1.6297,0.2111,0.4946,95%,0.0045
Ndufa13,Q9ERS2,sp|Q9ERS2|NDUAD_MOUSE,2,0.47 (95% CI:0.17 to 1.27),0.4687,-1.0932,0.1737,1.2651,95%,0.1392
Iglv3,A0A0B4J1K5,tr|A0A0B4J1K5|A0A0B4J1K5_MOUSE,2,17.11 (95% CI:0 to 541720.79),17.1057,4.0964,0.0005,541720.7865,95%,0.5291
Ces1a,E9PYP1,tr|E9PYP1|E9PYP1_MOUSE,2,0.25 (95% CI:0.21 to 0.29),0.2468,-2.0186,0.2135,0.2852,95%,0.0001
Angpt1,O08538,sp|O08538|ANGP1_MOUSE,2,1.04 (95% CI:0.66 to 1.65),1.0431,0.0609,0.659,1.6511,95%,0.8328
Pcyt1a,P49586,sp|P49586|PCY1A_MOUSE,2,899.3 (95% CI:0.08 to 10650289.82),899.3002,9.8127,0.0759,10650289.8201,95%,0.1548
Idh2,P54071,sp|P54071|IDHP_MOUSE,2,29733.88 (95% CI:22041.95 to 40110.05),29733.878,14.8598,22041.9465,40110.0465,95%,0.0000
Cd36,Q08857,sp|Q08857|CD36_MOUSE,2,8.97 (95% CI:6.45 to 12.48),8.9725,3.1655,6.4483,12.4848,95%,0.0002
Iqsec3,Q3TES0,sp|Q3TES0|IQEC3_MOUSE,2,933.82 (95% CI:0.33 to 2645344.17),933.8229,9.867,0.3296,2645344.1662,95%,0.1077
Arsg,Q3TYD4,sp|Q3TYD4|ARSG_MOUSE,2,58.2 (95% CI:21.01 to 161.19),58.196,5.8628,21.0107,161.1929,95%,0.0012
Tnn,Q80Z71,sp|Q80Z71|TENN_MOUSE,2,2.18 (95% CI:1.41 to 3.36),2.175,1.121,1.408,3.3598,95%,0.0156
BC048507,Q80ZS7,tr|Q80ZS7|Q80ZS7_MOUSE,2,570.33 (95% CI:0.26 to 1261161.56),570.3329,9.1557,0.2579,1261161.5574,95%,0.1186
Emilin1,Q99K41,sp|Q99K41|EMIL1_MOUSE,2,6.96 (95% CI:3.03 to 16.02),6.964,2.7999,3.0273,16.0198,95%,0.0067
Ak1,Q9R0Y5,sp|Q9R0Y5|KAD1_MOUSE,2,33.75 (95% CI:0 to 305899.73),33.7542,5.077,0.0037,305899.7306,95%,0.3896
Igkv10-95,A0A075B5L0,tr|A0A075B5L0|A0A075B5L0_MOUSE,2,1.03 (95% CI:0.83 to 1.28),1.0288,0.041,0.8267,1.2804,95%,0.7642
Igkv13-85,A0A075B666,tr|A0A075B666|A0A075B666_MOUSE,2,0.52 (95% CI:0.46 to 0.6),0.5242,-0.9319,0.4604,0.5968,95%,0.0006
Aox3,G3X982,sp|G3X982|AOXC_MOUSE,2,0.87 (95% CI:0.61 to 1.25),0.8747,-0.1931,0.6145,1.2451,95%,0.3973
Sprr2k,O70562,sp|O70562|SPR2K_MOUSE,2,0.08 (95% CI:0.01 to 0.42),0.0773,-3.6937,0.0142,0.4213,95%,0.0258
Ldha,P06151,sp|P06151|LDHA_MOUSE,2,0.58 (95% CI:0.54 to 0.63),0.5817,-0.7816,0.5389,0.628,95%,0.0002
Adk,P55264,sp|P55264|ADK_MOUSE,2,0.15 (95% CI:0.08 to 0.26),0.1458,-2.7778,0.0823,0.2584,95%,0.0021
Vcan,Q62059,sp|Q62059|CSPG2_MOUSE,2,1.64 (95% CI:1.27 to 2.12),1.6448,0.718,1.2748,2.1223,95%,0.0119
Dag1,Q62165,sp|Q62165|DAG1_MOUSE,2,3.01 (95% CI:1.15 to 7.83),3.0064,1.588,1.1539,7.8332,95%,0.0546
Chpf,Q6IQX7,sp|Q6IQX7|CHSS2_MOUSE,2,10057.07 (95% CI:2305.41 to 43872.84),10057.0707,13.2959,2305.4053,43872.8365,95%,0.0003
Tifa,Q793I8,sp|Q793I8|TIFA_MOUSE,2,1.4 (95% CI:0.31 to 6.39),1.3999,0.4853,0.3065,6.3931,95%,0.6086
Tbcd,Q8BYA0,sp|Q8BYA0|TBCD_MOUSE,2,86.13 (95% CI:0.03 to 287928.23),86.1276,6.4284,0.0258,287928.2345,95%,0.2485
Gnai3,Q9DC51,sp|Q9DC51|GNAI3_MOUSE,2,0.06 (95% CI:0.02 to 0.14),0.0581,-4.1047,0.0235,0.1435,95%,0.0026
Eif2s3y,Q9Z0N2,sp|Q9Z0N2|IF2H_MOUSE,2,1.74 (95% CI:1.06 to 2.86),1.7432,0.8018,1.0631,2.8585,95%,0.0577
Ighv1-15,A0A0A6YXA5,tr|A0A0A6YXA5|A0A0A6YXA5_MOUSE,2,2.6 (95% CI:2.33 to 2.9),2.5988,1.3778,2.3294,2.8994,95%,0.0001
Cdh19,E9Q3A7,tr|E9Q3A7|E9Q3A7_MOUSE,2,4.15 (95% CI:0.8 to 21.56),4.15,2.0531,0.7989,21.5586,95%,0.1069
Igf1,P05017,sp|P05017|IGF1_MOUSE,2,3.43 (95% CI:0.39 to 29.86),3.4332,1.7796,0.3947,29.8631,95%,0.2348
Nefl,P08551,sp|P08551|NFL_MOUSE,2,88823.73 (95% CI:54276.65 to 145360.01),88823.727,16.4387,54276.6497,145360.0124,95%,0.0000
Pdha1,P35486,sp|P35486|ODPA_MOUSE,2,0.15 (95% CI:0 to 288421.04),0.1464,-2.7717,0,288421.044,95%,0.7594
Tnfsf9,P41274,sp|P41274|TNFL9_MOUSE,2,0.08 (95% CI:0.04 to 0.16),0.0802,-3.641,0.0405,0.1586,95%,0.0016
Uba1,Q02053,sp|Q02053|UBA1_MOUSE,2,1.21 (95% CI:0.13 to 11.18),1.2117,0.277,0.1313,11.1826,95%,0.8434
Serpina3g,Q5I2A0,sp|Q5I2A0|SPA3G_MOUSE,2,0.26 (95% CI:0.24 to 0.28),0.2592,-1.9478,0.2425,0.2771,95%,0.0000
Cd300ld3,Q6SJQ5,sp|Q6SJQ5|CLM3_MOUSE,2,0.71 (95% CI:0.15 to 3.36),0.7095,-0.4951,0.15,3.3561,95%,0.6092
Fhl4,Q8CDC8,tr|Q8CDC8|Q8CDC8_MOUSE,2,25.66 (95% CI:18.01 to 36.55),25.6569,4.6813,18.0113,36.5478,95%,0.0001
Prps1,Q9D7G0,sp|Q9D7G0|PRPS1_MOUSE,2,1.3 (95% CI:0.4 to 4.23),1.2998,0.3783,0.3994,4.2297,95%,0.6074
Igkv12-89,A0A075B5L4,tr|A0A075B5L4|A0A075B5L4_MOUSE,2,3.92 (95% CI:2.8 to 5.49),3.9224,1.9717,2.8009,5.4928,95%,0.0012
Ighv2-5,A0A075B5Q3,tr|A0A075B5Q3|A0A075B5Q3_MOUSE,2,2.02 (95% CI:1.66 to 2.46),2.0191,1.0137,1.6593,2.4569,95%,0.0017
Ighv5-16,A0A075B5R0,tr|A0A075B5R0|A0A075B5R0_MOUSE,2,3.19 (95% CI:2.95 to 3.46),3.193,1.6749,2.9454,3.4615,95%,0.0000
Igkv14-111,A0A140T8P9,tr|A0A140T8P9|A0A140T8P9_MOUSE,2,0.96 (95% CI:0.91 to 1),0.9562,-0.0646,0.9107,1.004,95%,0.0937
Ngp,O08692,sp|O08692|NGP_MOUSE,2,10.07 (95% CI:7.05 to 14.38),10.0671,3.3316,7.0455,14.3847,95%,0.0003
Kpna6,O35345,sp|O35345|IMA7_MOUSE,2,8.41 (95% CI:4.67 to 15.15),8.4095,3.072,4.6688,15.1473,95%,0.0017
Aldh1a7,O35945,sp|O35945|AL1A7_MOUSE,2,1.48 (95% CI:1.28 to 1.72),1.4818,0.5673,1.2758,1.7211,95%,0.0046
,P01806,sp|P01806|HVM36_MOUSE,2,0.93 (95% CI:0.83 to 1.03),0.9265,-0.1101,0.8295,1.0348,95%,0.1684
Plat,P11214,sp|P11214|TPA_MOUSE,2,2.58 (95% CI:1.26 to 5.31),2.5838,1.3695,1.2566,5.3128,95%,0.0377
Lgals1,P16045,sp|P16045|LEG1_MOUSE,2,0.12 (95% CI:0.11 to 0.13),0.1231,-3.0226,0.1148,0.1319,95%,0.0000
Xdh,Q00519,sp|Q00519|XDH_MOUSE,2,0.25 (95% CI:0.21 to 0.29),0.2481,-2.0111,0.2125,0.2896,95%,0.0001
Man2a2,Q8BRK9,sp|Q8BRK9|MA2A2_MOUSE,2,1.97 (95% CI:1.62 to 2.4),1.9718,0.9795,1.6192,2.401,95%,0.0019
Ighv9-1,A0A075B5S1,tr|A0A075B5S1|A0A075B5S1_MOUSE,2,2.13 (95% CI:1.8 to 2.53),2.13,1.0909,1.7966,2.5254,95%,0.0009
Cad,B2RQC6,sp|B2RQC6|PYR1_MOUSE,2,8.72 (95% CI:0.04 to 2150.29),8.7221,3.1247,0.0354,2150.2929,95%,0.3819
Slk,O54988,sp|O54988|SLK_MOUSE,2,1.3 (95% CI:0.54 to 3.11),1.2977,0.376,0.5408,3.1142,95%,0.4986
Tcn2,O88968,sp|O88968|TCO2_MOUSE,2,0.9 (95% CI:0.84 to 0.96),0.8981,-0.1551,0.8364,0.9643,95%,0.0258
Cp,Q61147,sp|Q61147|CERU_MOUSE,2,1.1 (95% CI:1.03 to 1.17),1.0969,0.1335,1.0306,1.1675,95%,0.0268
Lbp,Q61805,sp|Q61805|LBP_MOUSE,2,14.38 (95% CI:12.22 to 16.92),14.3786,3.8459,12.2185,16.9205,95%,0.0000
Ndrg1,Q62433,sp|Q62433|NDRG1_MOUSE,2,3.19 (95% CI:0.09 to 118.75),3.1868,1.6721,0.0855,118.7457,95%,0.4689
Dlat,Q8BMF4,sp|Q8BMF4|ODP2_MOUSE,2,9.16 (95% CI:5.3 to 15.85),9.1627,3.1958,5.2959,15.853,95%,0.0012
Usp15,Q8R5H1,sp|Q8R5H1|UBP15_MOUSE,2,1.61 (95% CI:0.32 to 7.99),1.606,0.6835,0.3229,7.9881,95%,0.5015
Apof,Q91V80,sp|Q91V80|APOF_MOUSE,2,8.04 (95% CI:6.7 to 9.63),8.0359,3.0065,6.7026,9.6344,95%,0.0000
Mgst3,Q9CPU4,sp|Q9CPU4|MGST3_MOUSE,2,11.46 (95% CI:0 to 258697.86),11.4552,3.5179,0.0005,258697.859,95%,0.5747
Cilk1,Q9JKV2,sp|Q9JKV2|CILK1_MOUSE,2,346.17 (95% CI:0.23 to 513266.83),346.1698,8.4353,0.2335,513266.8317,95%,0.1258
Serpinb6c,W4VSP4,tr|W4VSP4|W4VSP4_MOUSE,2,0.02 (95% CI:0.01 to 0.03),0.0181,-5.789,0.0097,0.0336,95%,0.0003
Ighv13-2,A0A087WPN7,tr|A0A087WPN7|A0A087WPN7_MOUSE,2,1.57 (95% CI:1.08 to 2.27),1.568,0.6489,1.0843,2.2674,95%,0.0465
Crp,P14847,sp|P14847|CRP_MOUSE,2,0.08 (95% CI:0.05 to 0.14),0.0834,-3.5832,0.0493,0.1411,95%,0.0007
Csn1s1,P19228,sp|P19228|CASA1_MOUSE,2,46.45 (95% CI:35.24 to 61.23),46.451,5.5376,35.2414,61.2262,95%,0.0000
Sftpa1,P35242,sp|P35242|SFTPA_MOUSE,2,36.2 (95% CI:0 to 350017.32),36.198,5.1778,0.0037,350017.3196,95%,0.3842
Itih1,Q61702,sp|Q61702|ITIH1_MOUSE,2,40.92 (95% CI:30.39 to 55.09),40.919,5.3547,30.3906,55.0949,95%,0.0000
Sptbn2,Q68FG2,tr|Q68FG2|Q68FG2_MOUSE,2,21 (95% CI:5.9 to 74.79),21.0003,4.3923,5.897,74.786,95%,0.0062
Fgb,Q8K0E8,sp|Q8K0E8|FIBB_MOUSE,2,7.45 (95% CI:6.6 to 8.4),7.4453,2.8963,6.6,8.399,95%,0.0000
Chm,Q9QXG2,sp|Q9QXG2|RAE1_MOUSE,2,6.08 (95% CI:3.84 to 9.63),6.0793,2.6039,3.8372,9.6316,95%,0.0013
Ighv7-4,A0A075B5S5,tr|A0A075B5S5|A0A075B5S5_MOUSE,2,1.27 (95% CI:0.59 to 2.71),1.2685,0.3432,0.5935,2.7114,95%,0.4784
Ighv1-82,A0A0B4J1J7,tr|A0A0B4J1J7|A0A0B4J1J7_MOUSE,2,1.17 (95% CI:1.12 to 1.23),1.172,0.229,1.1159,1.231,95%,0.0024
Krt13,P08730,sp|P08730|K1C13_MOUSE,2,0.47 (95% CI:0.1 to 2.16),0.4698,-1.0899,0.1022,2.16,95%,0.2878
Fmod,P50608,sp|P50608|FMOD_MOUSE,2,3553.69 (95% CI:1.54 to 8210558.54),3553.6896,11.7951,1.5381,8210558.5381,95%,0.0679
Nme2,Q01768,sp|Q01768|NDKB_MOUSE,2,0.38 (95% CI:0.3 to 0.48),0.3792,-1.3992,0.3022,0.4757,95%,0.0010
Srsf6,Q3TWW8,sp|Q3TWW8|SRSF6_MOUSE,2,1.46 (95% CI:0.31 to 6.82),1.4577,0.5437,0.3114,6.8244,95%,0.5734
Lrrn1,Q61809,sp|Q61809|LRRN1_MOUSE,2,0.6 (95% CI:0.03 to 10.86),0.5999,-0.7371,0.0331,10.858,95%,0.6809
Fam20a,Q8CID3,sp|Q8CID3|FA20A_MOUSE,2,0.3 (95% CI:0.05 to 1.69),0.2998,-1.7381,0.0531,1.6918,95%,0.1662
Mical1,Q8VDP3,sp|Q8VDP3|MICA1_MOUSE,2,1.42 (95% CI:0.41 to 4.99),1.4238,0.5098,0.4065,4.9872,95%,0.5189
Psma4,Q9R1P0,sp|Q9R1P0|PSA4_MOUSE,2,54.52 (95% CI:34.31 to 86.64),54.5191,5.7687,34.3064,86.6409,95%,0.0001
Ighv6-3,A0A075B5T2,tr|A0A075B5T2|A0A075B5T2_MOUSE,2,3.04 (95% CI:2.72 to 3.39),3.0395,1.6038,2.7229,3.3929,95%,0.0001
Safb,D3YXK2,sp|D3YXK2|SAFB1_MOUSE,2,1.56 (95% CI:0.34 to 7.25),1.564,0.6453,0.3375,7.2476,95%,0.5059
Igkv4-62,J3QNZ9,tr|J3QNZ9|J3QNZ9_MOUSE,2,2.77 (95% CI:2.58 to 2.98),2.772,1.4709,2.579,2.9795,95%,0.0000
Psma2,P49722,sp|P49722|PSA2_MOUSE,2,52.84 (95% CI:25.68 to 108.72),52.843,5.7236,25.6834,108.7232,95%,0.0004
Gdi1,P50396,sp|P50396|GDIA_MOUSE,2,0.01 (95% CI:0 to 0.18),0.0147,-6.0905,0.0012,0.1787,95%,0.0184
Ppp1r7,Q3UM45,sp|Q3UM45|PP1R7_MOUSE,2,560.81 (95% CI:0.07 to 4403954.74),560.8072,9.1314,0.0714,4403954.742,95%,0.1624
Pls1,Q3V0K9,sp|Q3V0K9|PLSI_MOUSE,2,33.14 (95% CI:11.15 to 98.5),33.14,5.0505,11.1494,98.504,95%,0.0024
Tgoln2,Q62314,sp|Q62314|TGON2_MOUSE,2,60196.25 (95% CI:50549.93 to 71683.35),60196.2505,15.8774,50549.9299,71683.355,95%,0.0000
Dcaf8,Q8N7N5,sp|Q8N7N5|DCAF8_MOUSE,2,0.84 (95% CI:0.73 to 0.97),0.8441,-0.2446,0.7346,0.9698,95%,0.0463
Dars1,Q922B2,sp|Q922B2|SYDC_MOUSE,2,0.31 (95% CI:0.09 to 1.02),0.3061,-1.7077,0.0921,1.0179,95%,0.0800
Rtn4,Q99P72,sp|Q99P72|RTN4_MOUSE,2,8.26 (95% CI:0.58 to 118.49),8.2557,3.0454,0.5752,118.4857,95%,0.1285
Dynll2,Q9D0M5,sp|Q9D0M5|DYL2_MOUSE,2,570.33 (95% CI:0.26 to 1261161.56),570.3329,9.1557,0.2579,1261161.5574,95%,0.1186
Hrg,Q9ESB3,sp|Q9ESB3|HRG_MOUSE,2,0.57 (95% CI:0.52 to 0.63),0.5735,-0.8021,0.5205,0.6319,95%,0.0012
Ighv8-4,A0A075B693,tr|A0A075B693|A0A075B693_MOUSE,2,126.89 (95% CI:0.06 to 291784.97),126.8898,6.9874,0.0552,291784.9663,95%,0.2009
Ly6g6f,B2RXM6,tr|B2RXM6|B2RXM6_MOUSE,2,55212.17 (95% CI:30758.93 to 99105.67),55212.1735,15.7527,30758.9269,99105.6716,95%,0.0000
Myh15,E9Q264,tr|E9Q264|E9Q264_MOUSE,2,0.65 (95% CI:0.41 to 1.03),0.6461,-0.6301,0.4061,1.0279,95%,0.0887
Lalba,P29752,sp|P29752|LALBA_MOUSE,2,25826.24 (95% CI:6.69 to 99650231.84),25826.2407,14.6566,6.6934,99650231.8363,95%,0.0454
Man1a1,P45700,sp|P45700|MA1A1_MOUSE,2,0.38 (95% CI:0.06 to 2.46),0.3803,-1.3948,0.0589,2.457,95%,0.2700
Timm13,P62075,sp|P62075|TIM13_MOUSE,2,0.56 (95% CI:0.07 to 4.5),0.5593,-0.8384,0.0694,4.5047,95%,0.5233
Igfals,P70389,sp|P70389|ALS_MOUSE,2,4.32 (95% CI:3.78 to 4.94),4.3198,2.111,3.7753,4.9428,95%,0.0001
Col5a2,Q3U962,sp|Q3U962|CO5A2_MOUSE,2,0.12 (95% CI:0.12 to 0.13),0.1226,-3.0275,0.117,0.1286,95%,0.0000
Krt33b,Q61897,sp|Q61897|KT33B_MOUSE,2,0.34 (95% CI:0.07 to 1.57),0.3414,-1.5503,0.0741,1.5735,95%,0.1630
Piga,Q64323,sp|Q64323|PIGA_MOUSE,2,0.32 (95% CI:0.17 to 0.61),0.3169,-1.6579,0.1658,0.6056,95%,0.0159
C8b,Q8BH35,sp|Q8BH35|CO8B_MOUSE,2,0.19 (95% CI:0.18 to 0.2),0.1906,-2.3917,0.1789,0.203,95%,0.0000
Qsox1,Q8BND5,sp|Q8BND5|QSOX1_MOUSE,2,0.87 (95% CI:0.82 to 0.92),0.8674,-0.2053,0.8174,0.9205,95%,0.0062
Umod,Q91X17,sp|Q91X17|UROM_MOUSE,2,0.33 (95% CI:0.24 to 0.45),0.3295,-1.6017,0.2437,0.4455,95%,0.0016
Cd5l,Q9QWK4,sp|Q9QWK4|CD5L_MOUSE,2,4.48 (95% CI:3.98 to 5.04),4.4788,2.1631,3.9775,5.0434,95%,0.0000
Igkv4-57-1,A0A075B5M4,tr|A0A075B5M4|A0A075B5M4_MOUSE,2,0.76 (95% CI:0.62 to 0.94),0.7601,-0.3957,0.6168,0.9366,95%,0.0379
Igkv1-122,A0A140T8M9,tr|A0A140T8M9|A0A140T8M9_MOUSE,2,4.32 (95% CI:2.32 to 8.04),4.3191,2.1107,2.3203,8.04,95%,0.0065
Abi3bp,A0A338P6S8,tr|A0A338P6S8|A0A338P6S8_MOUSE,2,0.95 (95% CI:0.68 to 1.32),0.9522,-0.0707,0.6849,1.3238,95%,0.7286
Lsm2,O35900,sp|O35900|LSM2_MOUSE,2,1032.62 (95% CI:1.19 to 898218.85),1032.6242,10.0121,1.1871,898218.8519,95%,0.0729
H3-5,P02301,sp|P02301|H3C_MOUSE,2,39.16 (95% CI:16.22 to 94.5),39.1558,5.2912,16.2238,94.5014,95%,0.0011
Cd81,P35762,sp|P35762|CD81_MOUSE,2,397537.96 (95% CI:362723.29 to 435694.18),397537.9562,18.6007,362723.2893,435694.1815,95%,0.0000
Ddx42,Q810A7,sp|Q810A7|DDX42_MOUSE,2,8192.68 (95% CI:2578.66 to 26029),8192.6791,13.0001,2578.6616,26029.003,95%,0.0001
Igkv12-38,A0A075B5M8,tr|A0A075B5M8|A0A075B5M8_MOUSE,2,0.65 (95% CI:0.61 to 0.7),0.6538,-0.6131,0.6069,0.7043,95%,0.0004
Igkv1-110,A0A0B4J1I0,tr|A0A0B4J1I0|A0A0B4J1I0_MOUSE,2,3.3 (95% CI:2.21 to 4.95),3.3035,1.724,2.2066,4.9455,95%,0.0032
Ttn,A2ASS6,sp|A2ASS6|TITIN_MOUSE,2,1.65 (95% CI:1.36 to 2.01),1.6544,0.7263,1.3634,2.0076,95%,0.0048
Gfap,P03995,sp|P03995|GFAP_MOUSE,2,0.91 (95% CI:0.25 to 3.27),0.9077,-0.1397,0.2517,3.2734,95%,0.8639
Myh3,P13541,sp|P13541|MYH3_MOUSE,2,1.17 (95% CI:0.75 to 1.83),1.169,0.2253,0.747,1.8293,95%,0.4320
Rpl36,P47964,sp|P47964|RL36_MOUSE,2,2475.45 (95% CI:0.72 to 8477815.32),2475.4524,11.2735,0.7228,8477815.3155,95%,0.0847
Snrpd3,P62320,sp|P62320|SMD3_MOUSE,2,10.06 (95% CI:8.49 to 11.92),10.0601,3.3306,8.4901,11.9205,95%,0.0000
Rps26,P62855,sp|P62855|RS26_MOUSE,2,2055.79 (95% CI:5.18 to 816668.33),2055.7877,11.0055,5.175,816668.3302,95%,0.0413
B4galnt1,Q09200,sp|Q09200|B4GN1_MOUSE,2,2.02 (95% CI:0.84 to 4.84),2.0209,1.015,0.8444,4.8368,95%,0.1245
Pcolce,Q61398,sp|Q61398|PCOC1_MOUSE,2,1.21 (95% CI:0.92 to 1.59),1.2121,0.2776,0.924,1.5901,95%,0.1614
Adamtsl2,Q7TSK7,sp|Q7TSK7|ATL2_MOUSE,2,13.58 (95% CI:6.28 to 29.36),13.5784,3.7632,6.279,29.3637,95%,0.0021
Sf3a3,Q9D554,sp|Q9D554|SF3A3_MOUSE,2,3.09 (95% CI:1.42 to 6.73),3.0892,1.6272,1.4191,6.7251,95%,0.0287
Hs3st3b1,Q9QZS6,sp|Q9QZS6|HS3SB_MOUSE,2,447.85 (95% CI:0.12 to 1657287.7),447.8544,8.8069,0.121,1657287.6978,95%,0.1473
Dnpep,Q9Z2W0,sp|Q9Z2W0|DNPEP_MOUSE,2,1.31 (95% CI:0.62 to 2.8),1.3134,0.3933,0.6163,2.7989,95%,0.4193
Prps1l3,G3UXL2,tr|G3UXL2|G3UXL2_MOUSE,2,1.3 (95% CI:0.4 to 4.23),1.2998,0.3783,0.3994,4.2297,95%,0.6074
,P01634,sp|P01634|KV5A2_MOUSE,2,2.17 (95% CI:2.06 to 2.3),2.1742,1.1205,2.0582,2.2968,95%,0.0000
,P01636,sp|P01636|KV5A4_MOUSE,2,0.77 (95% CI:0.67 to 0.87),0.7662,-0.3842,0.672,0.8736,95%,0.0105
,P01638,sp|P01638|KV5A6_MOUSE,2,0.96 (95% CI:0.91 to 1),0.9562,-0.0646,0.9107,1.004,95%,0.0937
,P01644,sp|P01644|KV5AB_MOUSE,2,0.85 (95% CI:0.8 to 0.89),0.8466,-0.2403,0.8013,0.8944,95%,0.0029
,P01645,sp|P01645|KV5AC_MOUSE,2,0.85 (95% CI:0.8 to 0.89),0.8466,-0.2403,0.8013,0.8944,95%,0.0029
,P01652,sp|P01652|KV5AK_MOUSE,2,1.04 (95% CI:0.51 to 2.14),1.0431,0.0608,0.5085,2.1395,95%,0.8933
,P01654,sp|P01654|KV3A1_MOUSE,2,3.4 (95% CI:2.57 to 4.48),3.3973,1.7644,2.5736,4.4845,95%,0.0009
,P01669,sp|P01669|KV3AH_MOUSE,2,4.91 (95% CI:3.64 to 6.61),4.9055,2.2944,3.6419,6.6077,95%,0.0005
,P01673,sp|P01673|KV3AL_MOUSE,2,4.24 (95% CI:2.94 to 6.11),4.238,2.0834,2.9418,6.1053,95%,0.0013
,P01726,sp|P01726|LV1D_MOUSE,2,2.8 (95% CI:2.41 to 3.24),2.7969,1.4838,2.4135,3.2413,95%,0.0002
,P01753,sp|P01753|HVM09_MOUSE,2,3.18 (95% CI:1.6 to 6.31),3.1799,1.669,1.6032,6.3075,95%,0.0184
,P01790,sp|P01790|HVM21_MOUSE,2,6.23 (95% CI:3.97 to 9.77),6.2269,2.6385,3.9704,9.7659,95%,0.0012
,P01792,sp|P01792|HVM23_MOUSE,2,6.54 (95% CI:4.56 to 9.38),6.5374,2.7087,4.5552,9.3822,95%,0.0005
,P01793,sp|P01793|HVM24_MOUSE,2,6.04 (95% CI:3.96 to 9.19),6.037,2.5938,3.9646,9.1927,95%,0.0010
,P01802,sp|P01802|HVM33_MOUSE,2,3.8 (95% CI:3.34 to 4.32),3.7954,1.9243,3.3351,4.3193,95%,0.0001
,P01809,sp|P01809|HVM39_MOUSE,2,1.08 (95% CI:1.06 to 1.1),1.0794,0.1102,1.0614,1.0977,95%,0.0008
H2bc15,P10853,sp|P10853|H2B1F_MOUSE,2,18.5 (95% CI:14.58 to 23.49),18.502,4.2096,14.5759,23.4855,95%,0.0000
Cox5a,P12787,sp|P12787|COX5A_MOUSE,2,0.54 (95% CI:0.46 to 0.64),0.5396,-0.89,0.4552,0.6397,95%,0.0017
Calr,P14211,sp|P14211|CALR_MOUSE,2,10.76 (95% CI:8.64 to 13.41),10.763,3.428,8.6354,13.4149,95%,0.0001
F9,P16294,sp|P16294|FA9_MOUSE,2,67.54 (95% CI:43.42 to 105.06),67.5389,6.0776,43.4184,105.0594,95%,0.0001
,P18529,sp|P18529|HVM58_MOUSE,2,1.18 (95% CI:0.75 to 1.86),1.1782,0.2366,0.7484,1.855,95%,0.4182
,P18532,sp|P18532|HVM61_MOUSE,2,2866.79 (95% CI:0.85 to 9614837.67),2866.7857,11.4852,0.8548,9614837.6667,95%,0.0808
Lama5,Q61001,sp|Q61001|LAMA5_MOUSE,2,2.18 (95% CI:0.21 to 23.03),2.1775,1.1227,0.2059,23.0328,95%,0.4565
Eif4g3,Q80XI3,sp|Q80XI3|IF4G3_MOUSE,2,8.26 (95% CI:0.97 to 70.64),8.2648,3.047,0.967,70.6395,95%,0.0801
Acat1,Q8QZT1,sp|Q8QZT1|THIL_MOUSE,2,14.96 (95% CI:0 to 912562.13),14.9607,3.9031,0.0002,912562.126,95%,0.5712
Minpp1,Q9Z2L6,sp|Q9Z2L6|MINP1_MOUSE,2,1.61 (95% CI:1.26 to 2.05),1.6064,0.6838,1.2598,2.0484,95%,0.0119
Igkv8-34,A0A0G2JDU0,tr|A0A0G2JDU0|A0A0G2JDU0_MOUSE,2,6.83 (95% CI:1 to 46.81),6.8297,2.7718,0.9965,46.8087,95%,0.0775
Pwwp4d,A2BG95,tr|A2BG95|A2BG95_MOUSE,2,3.16 (95% CI:0.26 to 38.2),3.1583,1.6591,0.2611,38.1963,95%,0.3147
Cdh16,O88338,sp|O88338|CAD16_MOUSE,2,5.42 (95% CI:1.28 to 22.98),5.4214,2.4387,1.279,22.9795,95%,0.0519
Cbr2,P08074,sp|P08074|CBR2_MOUSE,2,1.89 (95% CI:0.83 to 4.32),1.8885,0.9172,0.8265,4.3153,95%,0.1367
Cdc42,P60766,sp|P60766|CDC42_MOUSE,2,36.06 (95% CI:19.75 to 65.83),36.0569,5.1722,19.7506,65.8259,95%,0.0003
Rock1,P70335,sp|P70335|ROCK1_MOUSE,2,0.09 (95% CI:0.05 to 0.18),0.0891,-3.4876,0.0454,0.175,95%,0.0017
Srsf3,P84104,sp|P84104|SRSF3_MOUSE,2,0.08 (95% CI:0.05 to 0.11),0.0783,-3.6742,0.0535,0.1147,95%,0.0002
Il1rap,Q61730,sp|Q61730|IL1AP_MOUSE,2,0.2 (95% CI:0.17 to 0.24),0.2036,-2.2961,0.1701,0.2438,95%,0.0001
Eif2b4,Q61749,sp|Q61749|EI2BD_MOUSE,2,3548.84 (95% CI:1916.87 to 6570.24),3548.8436,11.7931,1916.8696,6570.2389,95%,0.0000
Ighv1-22,A0A075B5U7,tr|A0A075B5U7|A0A075B5U7_MOUSE,2,2.15 (95% CI:1.86 to 2.48),2.1454,1.1012,1.8589,2.4759,95%,0.0005
Ighv1-63,A0A075B5X2,tr|A0A075B5X2|A0A075B5X2_MOUSE,2,2.98 (95% CI:1.19 to 7.43),2.9782,1.5744,1.1944,7.4259,95%,0.0491
Ighv1-62-1,A0A075B684,tr|A0A075B684|A0A075B684_MOUSE,2,5.77 (95% CI:4.52 to 7.36),5.7662,2.5276,4.5206,7.3551,95%,0.0002
Ighv1-77,A0A0B4J1M0,tr|A0A0B4J1M0|A0A0B4J1M0_MOUSE,2,1.89 (95% CI:1.54 to 2.32),1.8886,0.9173,1.5353,2.3232,95%,0.0028
Clca3b,E9PUL3,tr|E9PUL3|E9PUL3_MOUSE,2,6.46 (95% CI:1.54 to 27.08),6.4624,2.6921,1.542,27.0829,95%,0.0389
,P04945,sp|P04945|KV6AB_MOUSE,2,0.9 (95% CI:0.76 to 1.06),0.9003,-0.1515,0.7649,1.0597,95%,0.1915
Rps24,P62849,sp|P62849|RS24_MOUSE,2,197.46 (95% CI:0.02 to 2057252.77),197.4598,7.6254,0.019,2057252.7657,95%,0.2343
Adamts13,Q769J6,sp|Q769J6|ATS13_MOUSE,2,3.11 (95% CI:2.03 to 4.78),3.1138,1.6387,2.0291,4.7783,95%,0.0045
Amph,Q7TQF7,sp|Q7TQF7|AMPH_MOUSE,2,6050.16 (95% CI:1.14 to 32040222.99),6050.1565,12.5628,1.1425,32040222.9921,95%,0.0743
Angptl6,Q8R0Z6,sp|Q8R0Z6|ANGL6_MOUSE,2,8.83 (95% CI:4.22 to 18.51),8.833,3.1429,4.216,18.5062,95%,0.0032
Ppp6r3,Q922D4,sp|Q922D4|PP6R3_MOUSE,2,149.57 (95% CI:1.52 to 14712.82),149.5677,7.2247,1.5205,14712.8184,95%,0.0622
Ighv1-74,A0A075B5Y1,tr|A0A075B5Y1|A0A075B5Y1_MOUSE,2,1.93 (95% CI:1.31 to 2.83),1.9273,0.9466,1.3127,2.8297,95%,0.0179
Gm43218,A0A0G2JGT0,tr|A0A0G2JGT0|A0A0G2JGT0_MOUSE,2,0.06 (95% CI:0.03 to 0.13),0.0592,-4.0792,0.0275,0.1272,95%,0.0016
Krt83,E9Q1Y9,tr|E9Q1Y9|E9Q1Y9_MOUSE,2,0.8 (95% CI:0.2 to 3.19),0.8028,-0.317,0.202,3.1907,95%,0.7101
Cyb5a,P56395,sp|P56395|CYB5_MOUSE,2,1.05 (95% CI:0.27 to 4.12),1.0539,0.0757,0.2695,4.1214,95%,0.9287
Rp1,P56716,sp|P56716|RP1_MOUSE,2,5.4 (95% CI:3.88 to 7.52),5.4007,2.4331,3.8808,7.5159,95%,0.0006
Rab3c,P62823,sp|P62823|RAB3C_MOUSE,2,6.13 (95% CI:1.82 to 20.69),6.1329,2.6166,1.8182,20.687,95%,0.0264
Col6a2,Q02788,sp|Q02788|CO6A2_MOUSE,2,3.46 (95% CI:1.66 to 7.21),3.4628,1.7919,1.6636,7.208,95%,0.0183
Fn3krp,Q8K274,sp|Q8K274|KT3K_MOUSE,2,35649.11 (95% CI:30409.43 to 41791.61),35649.1139,15.1216,30409.4341,41791.6135,95%,0.0000
Fgg,Q8VCM7,sp|Q8VCM7|FIBG_MOUSE,2,5.7 (95% CI:5.21 to 6.23),5.6993,2.5108,5.2136,6.2302,95%,0.0000
Hpx,Q91X72,sp|Q91X72|HEMO_MOUSE,2,0.01 (95% CI:0.01 to 0.02),0.0136,-6.2,0.0123,0.015,95%,0.0000
Hic2,Q9JLZ6,sp|Q9JLZ6|HIC2_MOUSE,2,1.6 (95% CI:0.82 to 3.1),1.5977,0.676,0.8247,3.095,95%,0.1615
Pfkp,Q9WUA3,sp|Q9WUA3|PFKAP_MOUSE,2,5.3 (95% CI:2.79 to 10.07),5.3038,2.407,2.793,10.0718,95%,0.0048
Mmrn2,A6H6E2,sp|A6H6E2|MMRN2_MOUSE,2,1.32 (95% CI:1.04 to 1.69),1.3212,0.4018,1.0354,1.6858,95%,0.0554
Mug2,P28666,sp|P28666|MUG2_MOUSE,2,0.45 (95% CI:0.43 to 0.48),0.4541,-1.139,0.429,0.4807,95%,0.0000
Brcc3,P46737,sp|P46737|BRCC3_MOUSE,2,19.2 (95% CI:0.71 to 520.13),19.2011,4.2631,0.7088,520.1266,95%,0.0989
Slc25a4,P48962,sp|P48962|ADT1_MOUSE,2,7.31 (95% CI:4.75 to 11.24),7.3056,2.869,4.7469,11.2433,95%,0.0008
Inhbc,P55104,sp|P55104|INHBC_MOUSE,2,0.11 (95% CI:0.08 to 0.16),0.1105,-3.1782,0.0758,0.1611,95%,0.0004
Colec11,Q3SXB8,sp|Q3SXB8|COL11_MOUSE,2,49.61 (95% CI:17.98 to 136.88),49.6099,5.6326,17.9803,136.8802,95%,0.0014
Pxdn,Q3UQ28,sp|Q3UQ28|PXDN_MOUSE,2,0.7 (95% CI:0.33 to 1.5),0.7025,-0.5094,0.3294,1.4984,95%,0.3111
Col11a2,Q64739,sp|Q64739|COBA2_MOUSE,2,2.91 (95% CI:0.24 to 36.01),2.9093,1.5407,0.2351,36.0061,95%,0.3492
Itgbl1,Q8VDV0,sp|Q8VDV0|ITGBL_MOUSE,2,6.79 (95% CI:2.69 to 17.17),6.7945,2.7644,2.6881,17.1738,95%,0.0099
Snx2,Q9CWK8,sp|Q9CWK8|SNX2_MOUSE,2,2.78 (95% CI:0.31 to 24.97),2.7759,1.4729,0.3086,24.9719,95%,0.3122
Bmp10,Q9R229,sp|Q9R229|BMP10_MOUSE,2,129.5 (95% CI:0.14 to 122191.27),129.5033,7.0168,0.1373,122191.2698,95%,0.1609
Cat,P24270,sp|P24270|CATA_MOUSE,2,1.36 (95% CI:0.79 to 2.32),1.355,0.4383,0.7928,2.3161,95%,0.2364
Klk1b24,Q61754,sp|Q61754|K1B24_MOUSE,2,0.85 (95% CI:0.71 to 1.01),0.8469,-0.2397,0.7094,1.0111,95%,0.0893
Atp2a3,Q64518,sp|Q64518|AT2A3_MOUSE,2,6.18 (95% CI:1.08 to 35.45),6.1824,2.6282,1.0783,35.4453,95%,0.0700
Rhoa,Q9QUI0,sp|Q9QUI0|RHOA_MOUSE,2,7.46 (95% CI:1.74 to 31.93),7.4578,2.8987,1.7416,31.9345,95%,0.0329
Angptl3,Q9R182,sp|Q9R182|ANGL3_MOUSE,2,0.58 (95% CI:0.17 to 1.94),0.5792,-0.7879,0.1727,1.9426,95%,0.3234
Ighv2-2,A0A075B5P8,tr|A0A075B5P8|A0A075B5P8_MOUSE,2,2.52 (95% CI:2.21 to 2.87),2.5169,1.3316,2.209,2.8676,95%,0.0007
Plxnb2,B2RXS4,sp|B2RXS4|PLXB2_MOUSE,2,5.05 (95% CI:1.44 to 17.76),5.0523,2.3369,1.4373,17.7593,95%,0.0401
Purb,O35295,sp|O35295|PURB_MOUSE,2,3.03 (95% CI:1.08 to 8.5),3.0332,1.6008,1.0826,8.4986,95%,0.0644
Mbl2,P41317,sp|P41317|MBL2_MOUSE,2,61.81 (95% CI:39.53 to 96.67),61.8137,5.9499,39.5262,96.6682,95%,0.0001
Aplp1,Q03157,sp|Q03157|APLP1_MOUSE,2,7.68 (95% CI:2 to 29.53),7.6769,2.9405,1.9959,29.5275,95%,0.0258
H2-Q4,Q8HWB2,tr|Q8HWB2|Q8HWB2_MOUSE,2,13.84 (95% CI:12.21 to 15.69),13.84,3.7908,12.2076,15.6905,95%,0.0000
Ifih1,Q8R5F7,sp|Q8R5F7|IFIH1_MOUSE,2,56093.47 (95% CI:44051.05 to 71427.97),56093.4652,15.7755,44051.0497,71427.965,95%,0.0000
Ifi27l2b,Q8VC49,sp|Q8VC49|IF27B_MOUSE,2,2633.85 (95% CI:4.79 to 1449325.95),2633.8476,11.363,4.7865,1449325.9549,95%,0.0438
Tuba8,Q9JJZ2,sp|Q9JJZ2|TBA8_MOUSE,2,2 (95% CI:1.51 to 2.65),2.0038,1.0027,1.5149,2.6504,95%,0.0055
Gda,Q9R111,sp|Q9R111|GUAD_MOUSE,2,0.61 (95% CI:0.3 to 1.24),0.6118,-0.7088,0.3021,1.239,95%,0.1662
Ighv5-9-1,A0A075B5Q6,tr|A0A075B5Q6|A0A075B5Q6_MOUSE,2,1.94 (95% CI:1.7 to 2.22),1.9424,0.9578,1.6977,2.2224,95%,0.0006
Gm9045,A0A1W2P7Z8,tr|A0A1W2P7Z8|A0A1W2P7Z8_MOUSE,2,2.65 (95% CI:2.31 to 3.04),2.6506,1.4063,2.3142,3.0358,95%,0.0002
Prss2,P07146,sp|P07146|TRY2_MOUSE,2,5.65 (95% CI:4.21 to 7.58),5.6498,2.4982,4.2138,7.5752,95%,0.0004
Csn2,P10598,sp|P10598|CASB_MOUSE,2,55.7 (95% CI:12.53 to 247.58),55.6987,5.7996,12.5309,247.576,95%,0.0043
Ighv3-5,P18533,sp|P18533|HVM62_MOUSE,2,45002.51 (95% CI:39885.32 to 50776.22),45002.5093,15.4577,39885.3181,50776.224,95%,0.0000
Ahcy,P50247,sp|P50247|SAHH_MOUSE,2,0.43 (95% CI:0.11 to 1.76),0.4338,-1.2047,0.1069,1.7611,95%,0.2183
Top2b,Q64511,sp|Q64511|TOP2B_MOUSE,2,18979.19 (95% CI:12577.93 to 28638.23),18979.1919,14.2121,12577.9329,28638.2292,95%,0.0000
Txnl1,Q8CDN6,sp|Q8CDN6|TXNL1_MOUSE,2,0.18 (95% CI:0.16 to 0.2),0.1798,-2.4753,0.1603,0.2017,95%,0.0000
Copa,Q8CIE6,sp|Q8CIE6|COPA_MOUSE,2,2.52 (95% CI:1.44 to 4.42),2.5234,1.3354,1.4404,4.4207,95%,0.0198
Clip1,Q922J3,sp|Q922J3|CLIP1_MOUSE,2,2.97 (95% CI:1.45 to 6.06),2.9657,1.5684,1.4524,6.0557,95%,0.0253
Igkv5-45,A0A0B4J1J1,tr|A0A0B4J1J1|A0A0B4J1J1_MOUSE,2,0.86 (95% CI:0.75 to 1),0.8635,-0.2117,0.7478,0.9971,95%,0.0736
Rplp2-ps1,A0A5F8MPY2,tr|A0A5F8MPY2|A0A5F8MPY2_MOUSE,2,26.52 (95% CI:10.52 to 66.82),26.5153,4.7288,10.5224,66.8156,95%,0.0018
Prkcsh,O08795,sp|O08795|GLU2B_MOUSE,2,4.49 (95% CI:3.79 to 5.32),4.4862,2.1655,3.7864,5.3153,95%,0.0001
Tgfb1,P04202,sp|P04202|TGFB1_MOUSE,2,23.12 (95% CI:14.83 to 36.07),23.1233,4.5313,14.8251,36.0665,95%,0.0002
Psmb9,P28076,sp|P28076|PSB9_MOUSE,2,18.13 (95% CI:13.06 to 25.16),18.1285,4.1802,13.0615,25.1613,95%,0.0001
Apod,P51910,sp|P51910|APOD_MOUSE,2,6.87 (95% CI:6.31 to 7.48),6.8714,2.7806,6.3141,7.4779,95%,0.0000
Gm94,Q3V2D2,sp|Q3V2D2|CE046_MOUSE,2,40.52 (95% CI:12.99 to 126.36),40.5206,5.3406,12.9939,126.3609,95%,0.0023
Myh9,Q8VDD5,sp|Q8VDD5|MYH9_MOUSE,2,2.33 (95% CI:1.38 to 3.93),2.3321,1.2216,1.3844,3.9284,95%,0.0208
Lpin1,Q91ZP3,sp|Q91ZP3|LPIN1_MOUSE,2,168.76 (95% CI:0.07 to 402366.19),168.7639,7.3989,0.0708,402366.1855,95%,0.1835
Macrod1,Q922B1,sp|Q922B1|MACD1_MOUSE,2,0.74 (95% CI:0.16 to 3.47),0.7354,-0.4435,0.1557,3.474,95%,0.6457
Rab13,Q9DD03,sp|Q9DD03|RAB13_MOUSE,2,18.48 (95% CI:3.07 to 111.26),18.4846,4.2083,3.071,111.2611,95%,0.0208
Clca3a2,Q9EQR4,tr|Q9EQR4|Q9EQR4_MOUSE,2,0.87 (95% CI:0.77 to 0.98),0.8672,-0.2055,0.7702,0.9766,95%,0.0486
Prss1,Q9Z1R9,tr|Q9Z1R9|Q9Z1R9_MOUSE,2,6.77 (95% CI:6 to 7.64),6.7728,2.7597,6.0023,7.6421,95%,0.0000
Igkv4-57,A0A0A6YYE7,tr|A0A0A6YYE7|A0A0A6YYE7_MOUSE,2,0.91 (95% CI:0.8 to 1.03),0.906,-0.1425,0.7964,1.0306,95%,0.1379
Cytl1,A1E5L0,tr|A1E5L0|A1E5L0_MOUSE,2,2.16 (95% CI:0.36 to 13.02),2.159,1.1103,0.358,13.0198,95%,0.3452
Dsg2,O55111,sp|O55111|DSG2_MOUSE,2,4.8 (95% CI:2.35 to 9.8),4.8037,2.2642,2.3541,9.8026,95%,0.0081
Mup1,P11588,sp|P11588|MUP1_MOUSE,2,2.56 (95% CI:2.43 to 2.71),2.5648,1.3589,2.4319,2.705,95%,0.0000
Rfx1,P48377,sp|P48377|RFX1_MOUSE,2,4.87 (95% CI:3.93 to 6.03),4.8668,2.283,3.9273,6.0311,95%,0.0002
Scgb1a1,Q06318,sp|Q06318|UTER_MOUSE,2,0.1 (95% CI:0.08 to 0.13),0.1001,-3.3198,0.078,0.1286,95%,0.0001
Caprin1,Q60865,sp|Q60865|CAPR1_MOUSE,2,97.07 (95% CI:0.03 to 334393.4),97.0733,6.601,0.0282,334393.3969,95%,0.2400
Pex19,Q8VCI5,sp|Q8VCI5|PEX19_MOUSE,2,18052.45 (95% CI:12372.48 to 26339.99),18052.4502,14.1399,12372.4769,26339.9932,95%,0.0000
Cavin3,Q91VJ2,sp|Q91VJ2|CAVN3_MOUSE,2,40568.94 (95% CI:27232.87 to 60435.76),40568.9432,15.3081,27232.8687,60435.7612,95%,0.0000
Etfb,Q9DCW4,sp|Q9DCW4|ETFB_MOUSE,2,4.68 (95% CI:0.31 to 71.21),4.6817,2.227,0.3078,71.2123,95%,0.2363
Fbln5,Q9WVH9,sp|Q9WVH9|FBLN5_MOUSE,2,31.24 (95% CI:20.01 to 48.78),31.2402,4.9653,20.0056,48.7839,95%,0.0002
Cd320,Q9Z1P5,sp|Q9Z1P5|CD320_MOUSE,2,143243.2 (95% CI:130512.77 to 157215.38),143243.2041,17.1281,130512.7729,157215.3826,95%,0.0000
Ighv14-2,A0A075B5R7,tr|A0A075B5R7|A0A075B5R7_MOUSE,2,2.33 (95% CI:1.74 to 3.12),2.333,1.2222,1.7428,3.123,95%,0.0034
Ltbp2,O08999,sp|O08999|LTBP2_MOUSE,2,2.8 (95% CI:1.36 to 5.74),2.7994,1.4851,1.3645,5.7429,95%,0.0297
Tfpi2,O35536,sp|O35536|TFPI2_MOUSE,2,9.97 (95% CI:6.15 to 16.16),9.9688,3.3174,6.1496,16.1599,95%,0.0007
Orm2,P07361,sp|P07361|A1AG2_MOUSE,2,0.09 (95% CI:0.07 to 0.11),0.0886,-3.4965,0.0731,0.1074,95%,0.0000
Gnaq,P21279,sp|P21279|GNAQ_MOUSE,2,1.87 (95% CI:0.52 to 6.78),1.8702,0.9032,0.5159,6.7804,95%,0.2944
Elob,P62869,sp|P62869|ELOB_MOUSE,2,33367.14 (95% CI:3072.62 to 362350.35),33367.142,15.0261,3072.6234,362350.3517,95%,0.0009
Bmp1,P98063,sp|P98063|BMP1_MOUSE,2,0.11 (95% CI:0.08 to 0.15),0.1097,-3.1887,0.0821,0.1465,95%,0.0002
Ppp6r1,Q7TSI3,sp|Q7TSI3|PP6R1_MOUSE,2,141.9 (95% CI:0.01 to 1670946.59),141.8961,7.1487,0.012,1670946.5865,95%,0.2621
Tufm,Q8BFR5,sp|Q8BFR5|EFTU_MOUSE,2,23679.87 (95% CI:16616.96 to 33744.83),23679.8722,14.5314,16616.9554,33744.8308,95%,0.0000
Pm20d1,Q8C165,sp|Q8C165|P20D1_MOUSE,2,6.35 (95% CI:3.07 to 13.15),6.3541,2.6677,3.0712,13.1461,95%,0.0051
Aimp2,Q8R010,sp|Q8R010|AIMP2_MOUSE,2,22729.11 (95% CI:14790.72 to 34928.16),22729.1136,14.4723,14790.7172,34928.1644,95%,0.0000
Ranbp3,Q9CT10,sp|Q9CT10|RANB3_MOUSE,2,2.77 (95% CI:0.31 to 24.94),2.7686,1.4692,0.3074,24.9371,95%,0.3134
Mbd3l1,Q9D9H3,sp|Q9D9H3|MB3L1_MOUSE,2,0.27 (95% CI:0.06 to 1.16),0.2696,-1.891,0.0624,1.164,95%,0.0988
Igkv14-100,A0A075B5K7,tr|A0A075B5K7|A0A075B5K7_MOUSE,2,0.6 (95% CI:0.47 to 0.77),0.5967,-0.7448,0.4654,0.7652,95%,0.0098
Itgb5,O70309,sp|O70309|ITB5_MOUSE,2,72.73 (95% CI:0.01 to 370764.33),72.7262,6.1844,0.0143,370764.3301,95%,0.2823
Csf1r,P09581,sp|P09581|CSF1R_MOUSE,2,0.16 (95% CI:0.09 to 0.28),0.1562,-2.6789,0.0868,0.2808,95%,0.0026
Cct4,P80315,sp|P80315|TCPD_MOUSE,2,0.28 (95% CI:0.19 to 0.43),0.2817,-1.828,0.1864,0.4255,95%,0.0028
Serpina1e,Q00898,sp|Q00898|A1AT5_MOUSE,2,0.46 (95% CI:0.33 to 0.64),0.4613,-1.1162,0.3346,0.6361,95%,0.0061
Pwwp4a,Q52KH6,tr|Q52KH6|Q52KH6_MOUSE,2,3.16 (95% CI:0.26 to 38.2),3.1583,1.6591,0.2611,38.1963,95%,0.3147
Krt75,Q8BGZ7,sp|Q8BGZ7|K2C75_MOUSE,2,1.01 (95% CI:0.3 to 3.4),1.0132,0.0189,0.3018,3.4011,95%,0.9797
H2bc26,Q8CGP0,sp|Q8CGP0|H2B3B_MOUSE,2,24.64 (95% CI:18.14 to 33.46),24.6384,4.6228,18.143,33.4594,95%,0.0001
Mri1,Q9CQT1,sp|Q9CQT1|MTNA_MOUSE,2,2.05 (95% CI:0.19 to 21.94),2.0513,1.0365,0.1918,21.9424,95%,0.4916
Eif3f,Q9DCH4,sp|Q9DCH4|EIF3F_MOUSE,2,1.37 (95% CI:0.66 to 2.87),1.374,0.4584,0.6577,2.8707,95%,0.3426
Parvb,Q9ES46,sp|Q9ES46|PARVB_MOUSE,2,0.21 (95% CI:0.04 to 1.16),0.206,-2.2794,0.0365,1.1634,95%,0.0949
Angptl2,Q9R045,sp|Q9R045|ANGL2_MOUSE,2,4.74 (95% CI:1.5 to 14.99),4.7433,2.2459,1.5013,14.9856,95%,0.0348
Igkv2-109,A0A075B5K6,tr|A0A075B5K6|A0A075B5K6_MOUSE,2,1.26 (95% CI:0.48 to 3.27),1.2567,0.3297,0.4824,3.2738,95%,0.5816
Neu1,O35657,sp|O35657|NEUR1_MOUSE,2,1.6 (95% CI:0.8 to 3.22),1.601,0.679,0.7957,3.2213,95%,0.1769
Vps26a,P40336,sp|P40336|VP26A_MOUSE,2,71.23 (95% CI:0.01 to 646954.13),71.2295,6.1544,0.0078,646954.1277,95%,0.3095
Rpl18a,P62717,sp|P62717|RL18A_MOUSE,2,1.26 (95% CI:1.06 to 1.5),1.261,0.3345,1.0591,1.5013,95%,0.0366
Bpifa1,P97361,sp|P97361|BPIA1_MOUSE,2,18.27 (95% CI:0.08 to 4429.05),18.2712,4.1915,0.0754,4429.0458,95%,0.2617
Psmb4,P99026,sp|P99026|PSB4_MOUSE,2,84.6 (95% CI:65.67 to 108.99),84.5991,6.4026,65.667,108.9894,95%,0.0000
Fbn1,Q61554,sp|Q61554|FBN1_MOUSE,2,0.63 (95% CI:0.52 to 0.77),0.6323,-0.6614,0.5165,0.7741,95%,0.0074
Armh4,Q8BT18,sp|Q8BT18|ARMD4_MOUSE,2,0.5 (95% CI:0.05 to 4.68),0.5035,-0.9899,0.0542,4.6793,95%,0.4859
Adam17,Q9Z0F8,sp|Q9Z0F8|ADA17_MOUSE,2,0.3 (95% CI:0.18 to 0.5),0.2988,-1.7427,0.179,0.4987,95%,0.0065
Hsp90aa1,P07901,sp|P07901|HS90A_MOUSE,2,24.97 (95% CI:17.61 to 35.4),24.9674,4.642,17.6111,35.3965,95%,0.0001
Hck,P08103,sp|P08103|HCK_MOUSE,2,520.08 (95% CI:0.35 to 771135.89),520.0823,9.0226,0.3508,771135.8869,95%,0.1087
Pgk1,P09411,sp|P09411|PGK1_MOUSE,2,0.2 (95% CI:0.16 to 0.25),0.2014,-2.3121,0.1622,0.2499,95%,0.0002
Myh8,P13542,sp|P13542|MYH8_MOUSE,2,0.22 (95% CI:0.17 to 0.29),0.2232,-2.1638,0.1716,0.2903,95%,0.0004
Pnp,P23492,sp|P23492|PNPH_MOUSE,2,2.26 (95% CI:0.53 to 9.75),2.2646,1.1792,0.5262,9.7469,95%,0.2410
Faf1,P54731,sp|P54731|FAF1_MOUSE,2,1.17 (95% CI:0.89 to 1.56),1.1733,0.2306,0.8851,1.5553,95%,0.2363
Arpc4,P59999,sp|P59999|ARPC4_MOUSE,2,2.8 (95% CI:0.88 to 8.9),2.7978,1.4843,0.8793,8.9021,95%,0.1006
Neo1,P97798,sp|P97798|NEO1_MOUSE,2,2.38 (95% CI:1.44 to 3.95),2.3842,1.2535,1.4408,3.9451,95%,0.0174
Scgb2b24,Q7M747,sp|Q7M747|S2B24_MOUSE,2,14.58 (95% CI:9.98 to 21.3),14.5758,3.8655,9.9752,21.2984,95%,0.0002
Etf1,Q8BWY3,sp|Q8BWY3|ERF1_MOUSE,2,5.35 (95% CI:2.55 to 11.22),5.3451,2.4182,2.5468,11.2179,95%,0.0074
Ldb3,Q9JKS4,sp|Q9JKS4|LDB3_MOUSE,2,22864.19 (95% CI:9728.59 to 53735.54),22864.1924,14.4808,9728.5941,53735.5437,95%,0.0000
Igkv8-16,A0A075B5N6,tr|A0A075B5N6|A0A075B5N6_MOUSE,2,0.06 (95% CI:0.03 to 0.13),0.0592,-4.0792,0.0275,0.1272,95%,0.0016
Prrt4,B2RU40,sp|B2RU40|PRRT4_MOUSE,2,2272.99 (95% CI:0.53 to 9710793.09),2272.9903,11.1504,0.532,9710793.0937,95%,0.0923
Strn,O55106,sp|O55106|STRN_MOUSE,2,0.36 (95% CI:0.25 to 0.53),0.3604,-1.4721,0.2461,0.5279,95%,0.0044
Gpx5,P21765,sp|P21765|GPX5_MOUSE,2,2.14 (95% CI:1.87 to 2.45),2.1403,1.0978,1.8726,2.4461,95%,0.0004
Slc25a5,P51881,sp|P51881|ADT2_MOUSE,2,5.6 (95% CI:4.05 to 7.74),5.6024,2.4861,4.0548,7.7408,95%,0.0005
Rab2a,P53994,sp|P53994|RAB2A_MOUSE,2,0.92 (95% CI:0.42 to 2.01),0.9214,-0.1181,0.422,2.012,95%,0.8093
Ctu2,Q3U308,sp|Q3U308|CTU2_MOUSE,2,1.57 (95% CI:0.45 to 5.42),1.5683,0.6492,0.4535,5.4231,95%,0.4166
Psmd5,Q8BJY1,sp|Q8BJY1|PSMD5_MOUSE,2,0.3 (95% CI:0.01 to 8.87),0.2967,-1.7531,0.0099,8.8698,95%,0.4223
Katnal2,Q9D3R6,sp|Q9D3R6|KATL2_MOUSE,2,0.13 (95% CI:0.11 to 0.15),0.1296,-2.9483,0.1119,0.15,95%,0.0000
Krt6b,Q9Z331,sp|Q9Z331|K2C6B_MOUSE,2,0.75 (95% CI:0.32 to 1.73),0.7477,-0.4194,0.3225,1.7338,95%,0.4355
Eif1ad17,J3QMW5,tr|J3QMW5|J3QMW5_MOUSE,2,2.14 (95% CI:0.51 to 9),2.1409,1.0982,0.5094,8.9972,95%,0.2612
Gm5862,K7N5V5,tr|K7N5V5|K7N5V5_MOUSE,2,1.03 (95% CI:0.8 to 1.32),1.0285,0.0405,0.8012,1.3203,95%,0.7953
Nudc,O35685,sp|O35685|NUDC_MOUSE,2,2.39 (95% CI:0.97 to 5.88),2.3863,1.2548,0.968,5.8827,95%,0.0840
Eef1b,O70251,sp|O70251|EF1B_MOUSE,2,0.84 (95% CI:0.04 to 17.55),0.8352,-0.2597,0.0398,17.5499,95%,0.8927
Igh-VJ558,P01758,sp|P01758|HVM14_MOUSE,2,0.88 (95% CI:0.63 to 1.23),0.8825,-0.1803,0.631,1.2342,95%,0.4050
Ctla2a,P12399,sp|P12399|CTL2A_MOUSE,2,17.92 (95% CI:14.96 to 21.47),17.9239,4.1638,14.9616,21.4727,95%,0.0000
Rab12,P35283,sp|P35283|RAB12_MOUSE,2,6.13 (95% CI:1.82 to 20.69),6.1329,2.6166,1.8182,20.687,95%,0.0264
Uba52,P62984,sp|P62984|RL40_MOUSE,2,17.81 (95% CI:11.02 to 28.8),17.814,4.1549,11.0206,28.7951,95%,0.0003
Tgfbi,P82198,sp|P82198|BGH3_MOUSE,2,9.23 (95% CI:7.25 to 11.74),9.2267,3.2058,7.2538,11.7361,95%,0.0001
Pds5b,Q4VA53,sp|Q4VA53|PDS5B_MOUSE,2,19170.96 (95% CI:2.17 to 169009037.55),19170.9622,14.2266,2.1746,169009037.5545,95%,0.0631
Hist1h2bp,Q8CGP2,sp|Q8CGP2|H2B1P_MOUSE,2,18.5 (95% CI:14.58 to 23.49),18.502,4.2096,14.5759,23.4855,95%,0.0000
Naga,Q9QWR8,sp|Q9QWR8|NAGAB_MOUSE,2,1.63 (95% CI:0.47 to 5.67),1.628,0.7031,0.4671,5.6741,95%,0.3849
Ly6g2,A0A087WQT1,tr|A0A087WQT1|A0A087WQT1_MOUSE,2,19.78 (95% CI:9.18 to 42.62),19.7767,4.3057,9.176,42.6241,95%,0.0013
Kcnh4,A2A5F7,tr|A2A5F7|A2A5F7_MOUSE,2,947.18 (95% CI:0.79 to 1134725.7),947.1842,9.8875,0.7906,1134725.7004,95%,0.0834
Igkv4-71,L7N239,tr|L7N239|L7N239_MOUSE,2,3.38 (95% CI:2.94 to 3.88),3.3789,1.7565,2.9444,3.8775,95%,0.0001
Gp5,O08742,sp|O08742|GPV_MOUSE,2,0.27 (95% CI:0.08 to 0.86),0.2667,-1.9067,0.0824,0.8634,95%,0.0576
Ppic,P30412,sp|P30412|PPIC_MOUSE,2,0.57 (95% CI:0.24 to 1.39),0.573,-0.8035,0.2358,1.3919,95%,0.2001
H2-Q6,P79568,tr|P79568|P79568_MOUSE,2,10.61 (95% CI:9.78 to 11.52),10.6145,3.408,9.7785,11.522,95%,0.0000
Serpine2,Q07235,sp|Q07235|GDN_MOUSE,2,5.6 (95% CI:5.01 to 6.25),5.5986,2.4851,5.0118,6.2542,95%,0.0000
Ggt1,Q60928,sp|Q60928|GGT1_MOUSE,2,0.14 (95% CI:0.1 to 0.19),0.137,-2.868,0.0972,0.193,95%,0.0004
Cdc5l,Q6A068,sp|Q6A068|CDC5L_MOUSE,2,2.65 (95% CI:2.31 to 3.04),2.6506,1.4063,2.3142,3.0358,95%,0.0002
Adgrg2,Q8CJ12,sp|Q8CJ12|AGRG2_MOUSE,2,0.4 (95% CI:0.3 to 0.54),0.4023,-1.3136,0.3009,0.5379,95%,0.0026
Ces1d,Q8VCT4,sp|Q8VCT4|EST1D_MOUSE,2,0.23 (95% CI:0.21 to 0.26),0.231,-2.1143,0.208,0.2565,95%,0.0000
Crip2,Q9DCT8,sp|Q9DCT8|CRIP2_MOUSE,2,23 (95% CI:0 to 209269.98),23.0024,4.5237,0.0025,209269.985,95%,0.4374
Cpb2,Q9JHH6,sp|Q9JHH6|CBPB2_MOUSE,2,0.25 (95% CI:0.23 to 0.28),0.2534,-1.9806,0.2321,0.2766,95%,0.0000
Arih2,Q9Z1K6,sp|Q9Z1K6|ARI2_MOUSE,2,1.31 (95% CI:0.89 to 1.93),1.3142,0.3942,0.8928,1.9345,95%,0.1621
Ighv1-62-2,A0A075B680,tr|A0A075B680|A0A075B680_MOUSE,2,1.63 (95% CI:1.5 to 1.77),1.6319,0.7066,1.5042,1.7706,95%,0.0003
Eif4a3l2,A0A0N4SVP8,tr|A0A0N4SVP8|A0A0N4SVP8_MOUSE,2,0.75 (95% CI:0.49 to 1.17),0.7539,-0.4075,0.4872,1.1666,95%,0.1904
Cd9,P40240,sp|P40240|CD9_MOUSE,2,378963.45 (95% CI:358017.23 to 401135.15),378963.4486,18.5317,358017.2298,401135.1505,95%,0.0000
Csrp3,P50462,sp|P50462|CSRP3_MOUSE,2,0.08 (95% CI:0 to 22.58),0.0781,-3.6784,0.0003,22.5792,95%,0.3247
Clu,Q06890,sp|Q06890|CLUS_MOUSE,2,17.05 (95% CI:12.6 to 23.07),17.0532,4.092,12.6043,23.0726,95%,0.0001
Psmb6,Q60692,sp|Q60692|PSB6_MOUSE,2,0.77 (95% CI:0.68 to 0.87),0.7676,-0.3816,0.676,0.8716,95%,0.0097
Vdac3,Q60931,sp|Q60931|VDAC3_MOUSE,2,87243.51 (95% CI:25658.53 to 296643.27),87243.5052,16.4128,25658.5265,296643.2698,95%,0.0001
Creg1,O88668,sp|O88668|CREG1_MOUSE,2,4.86 (95% CI:3.33 to 7.08),4.8587,2.2806,3.333,7.0827,95%,0.0011
Mdh2,P08249,sp|P08249|MDHM_MOUSE,2,2.91 (95% CI:2.29 to 3.7),2.9137,1.5429,2.2925,3.7033,95%,0.0009
Rdx,P26043,sp|P26043|RADI_MOUSE,2,1.57 (95% CI:0.65 to 3.81),1.5694,0.6502,0.6465,3.8096,95%,0.2778
Canx,P35564,sp|P35564|CALX_MOUSE,2,2.22 (95% CI:0.46 to 10.7),2.225,1.1538,0.4627,10.6998,95%,0.2772
Serpinf1,P97298,sp|P97298|PEDF_MOUSE,2,0.58 (95% CI:0.43 to 0.78),0.5766,-0.7943,0.4283,0.7763,95%,0.0191
Rbm31y,Q9D3U4,tr|Q9D3U4|Q9D3U4_MOUSE,2,1168.79 (95% CI:6.08 to 224838.3),1168.7889,10.1908,6.0758,224838.3049,95%,0.0356
Tnnt3,Q9QZ47,sp|Q9QZ47|TNNT3_MOUSE,2,27.93 (95% CI:11.8 to 66.1),27.9329,4.8039,11.8043,66.0983,95%,0.0014
Gm3839,S4R1W1,tr|S4R1W1|S4R1W1_MOUSE,2,16.33 (95% CI:11.31 to 23.59),16.3348,4.0299,11.3111,23.5897,95%,0.0002
Igkv19-93,A0A075B6D5,tr|A0A075B6D5|A0A075B6D5_MOUSE,2,10.51 (95% CI:6.52 to 16.94),10.5105,3.3938,6.5222,16.9376,95%,0.0006
Ngf,P01139,sp|P01139|NGF_MOUSE,2,0.76 (95% CI:0.54 to 1.07),0.7599,-0.3962,0.5374,1.0744,95%,0.1285
Krt18,P05784,sp|P05784|K1C18_MOUSE,2,0.46 (95% CI:0.14 to 1.56),0.4605,-1.1187,0.1359,1.5605,95%,0.1955
Tpm3,P21107,sp|P21107|TPM3_MOUSE,2,0.49 (95% CI:0.3 to 0.83),0.4944,-1.0164,0.2951,0.8281,95%,0.0340
Bgn,P28653,sp|P28653|PGS1_MOUSE,2,1.82 (95% CI:1.17 to 2.81),1.8169,0.8615,1.1727,2.815,95%,0.0341
Por,P37040,sp|P37040|NCPR_MOUSE,2,2.1 (95% CI:1.49 to 2.95),2.0995,1.07,1.492,2.9543,95%,0.0085
Prtn3,Q61096,sp|Q61096|PRTN3_MOUSE,2,10239.04 (95% CI:0.65 to 160518462.66),10239.0399,13.3218,0.6531,160518462.662,95%,0.0852
Krt72,Q6IME9,sp|Q6IME9|K2C72_MOUSE,2,2.46 (95% CI:0.48 to 12.56),2.4614,1.2995,0.4822,12.5634,95%,0.2459
Myl6b,Q8CI43,sp|Q8CI43|MYL6B_MOUSE,2,25035.63 (95% CI:0.89 to 706762027.23),25035.6329,14.6117,0.8868,706762027.2289,95%,0.0794
Angptl4,Q9Z1P8,sp|Q9Z1P8|ANGL4_MOUSE,2,8.44 (95% CI:3.83 to 18.59),8.4355,3.0765,3.8283,18.5872,95%,0.0043
Igkv4-81,A0A075B5L6,tr|A0A075B5L6|A0A075B5L6_MOUSE,2,1.53 (95% CI:0.65 to 3.59),1.5321,0.6155,0.654,3.5892,95%,0.2829
Hbb-b1,P02088,sp|P02088|HBB1_MOUSE,2,0.08 (95% CI:0.07 to 0.09),0.0839,-3.5758,0.0741,0.0949,95%,0.0000
Sparc,P07214,sp|P07214|SPRC_MOUSE,2,10.82 (95% CI:1.42 to 82.76),10.8219,3.4359,1.415,82.7641,95%,0.0519
Gpx1,P11352,sp|P11352|GPX1_MOUSE,2,1.9 (95% CI:0.92 to 3.93),1.9025,0.9279,0.9216,3.9275,95%,0.1009
Chgb,P16014,sp|P16014|SCG1_MOUSE,2,0.41 (95% CI:0.33 to 0.52),0.4134,-1.2744,0.3262,0.5238,95%,0.0015
Gba1,P17439,sp|P17439|GBA1_MOUSE,2,0.16 (95% CI:0.02 to 1.49),0.1586,-2.6566,0.0169,1.4917,95%,0.1194
Serpina6,Q06770,sp|Q06770|CBG_MOUSE,2,0.08 (95% CI:0.06 to 0.1),0.082,-3.6081,0.0643,0.1047,95%,0.0001
Cfi,Q61129,sp|Q61129|CFAI_MOUSE,2,0.1 (95% CI:0.09 to 0.1),0.0967,-3.3707,0.0892,0.1048,95%,0.0000
Itih3,Q61704,sp|Q61704|ITIH3_MOUSE,2,34.37 (95% CI:19.03 to 62.08),34.3685,5.103,19.0274,62.0786,95%,0.0003
Ppp2r1a,Q76MZ3,sp|Q76MZ3|2AAA_MOUSE,2,1.62 (95% CI:1.32 to 1.99),1.6186,0.6947,1.3163,1.9902,95%,0.0067
Snd1,Q78PY7,sp|Q78PY7|SND1_MOUSE,2,3.17 (95% CI:0.38 to 26.82),3.172,1.6654,0.3751,26.8214,95%,0.2547
Serpina3f,Q80X76,sp|Q80X76|SPA3F_MOUSE,2,0.24 (95% CI:0.22 to 0.26),0.2379,-2.0717,0.2209,0.2561,95%,0.0000
Ces2e,Q8BK48,sp|Q8BK48|EST2E_MOUSE,2,0.7 (95% CI:0.54 to 0.9),0.6969,-0.521,0.5409,0.898,95%,0.0302
Vasn,Q9CZT5,sp|Q9CZT5|VASN_MOUSE,2,2.23 (95% CI:0.35 to 14.12),2.235,1.1602,0.3538,14.1191,95%,0.3377
Adamdec1,Q9R0X2,sp|Q9R0X2|ADEC1_MOUSE,2,1.04 (95% CI:0.73 to 1.47),1.0382,0.054,0.7313,1.4738,95%,0.8056
Igkv17-127,A0A075B5J9,tr|A0A075B5J9|A0A075B5J9_MOUSE,2,12.02 (95% CI:10.69 to 13.51),12.0201,3.5874,10.6941,13.5104,95%,0.0000
Mgam,A0A571BF69,tr|A0A571BF69|A0A571BF69_MOUSE,2,190.83 (95% CI:29.73 to 1225.08),190.8329,7.5762,29.7263,1225.0828,95%,0.0037
Gnai1,B2RSH2,sp|B2RSH2|GNAI1_MOUSE,2,0.07 (95% CI:0.04 to 0.14),0.0735,-3.7662,0.038,0.1423,95%,0.0013
Lrrn4,P59383,sp|P59383|LRRN4_MOUSE,2,5.39 (95% CI:1.6 to 18.17),5.3884,2.4299,1.5976,18.174,95%,0.0327
Pros1,Q08761,sp|Q08761|PROS_MOUSE,2,54.82 (95% CI:34.46 to 87.22),54.822,5.7767,34.4567,87.224,95%,0.0001
Znf532,Q6NXK2,sp|Q6NXK2|ZN532_MOUSE,2,181.12 (95% CI:0.04 to 879985.97),181.1236,7.5008,0.0373,879985.9702,95%,0.2086
Prap1,Q80XD8,sp|Q80XD8|PRAP1_MOUSE,2,30394.12 (95% CI:21594.99 to 42778.55),30394.1153,14.8915,21594.9886,42778.5475,95%,0.0000
H2bu2,Q9D2U9,sp|Q9D2U9|H2B3A_MOUSE,2,24.64 (95% CI:18.14 to 33.46),24.6384,4.6228,18.143,33.4594,95%,0.0001
Htra2,Q9JIY5,sp|Q9JIY5|HTRA2_MOUSE,2,0.33 (95% CI:0.06 to 1.64),0.326,-1.6171,0.0647,1.6422,95%,0.1674
Reep6,Q9JM62,sp|Q9JM62|REEP6_MOUSE,2,170.89 (95% CI:0.01 to 3483968.9),170.8862,7.4169,0.0084,3483968.8952,95%,0.2700
Igkv12-98,A0A075B5K9,tr|A0A075B5K9|A0A075B5K9_MOUSE,2,4.71 (95% CI:1.67 to 13.32),4.7102,2.2358,1.6661,13.3155,95%,0.0264
Eif1ad14,J3QP87,tr|J3QP87|J3QP87_MOUSE,2,2.14 (95% CI:0.51 to 9),2.1409,1.0982,0.5094,8.9972,95%,0.2612
Egf,P01132,sp|P01132|EGF_MOUSE,2,0.55 (95% CI:0.08 to 4.05),0.554,-0.8522,0.0758,4.0471,95%,0.4995
Rpl9,P51410,sp|P51410|RL9_MOUSE,2,2397.34 (95% CI:2.29 to 2509847.52),2397.3367,11.2272,2.2899,2509847.5244,95%,0.0582
Hectd3,Q3U487,sp|Q3U487|HECD3_MOUSE,2,5214.5 (95% CI:11.71 to 2322537.68),5214.4959,12.3483,11.7074,2322537.6764,95%,0.0316
Aldh16a1,Q571I9,sp|Q571I9|A16A1_MOUSE,2,3.04 (95% CI:2.1 to 4.39),3.0403,1.6042,2.1044,4.3924,95%,0.0029
Myh4,Q5SX39,sp|Q5SX39|MYH4_MOUSE,2,0.28 (95% CI:0.22 to 0.36),0.2805,-1.8341,0.2201,0.3575,95%,0.0005
Reep5,Q60870,sp|Q60870|REEP5_MOUSE,2,28236.31 (95% CI:24632.95 to 32366.77),28236.3085,14.7853,24632.951,32366.7723,95%,0.0000
Ccar2,Q8VDP4,sp|Q8VDP4|CCAR2_MOUSE,2,0.1 (95% CI:0.08 to 0.13),0.1042,-3.2625,0.0812,0.1337,95%,0.0001
Psma8,Q9CWH6,sp|Q9CWH6|PSMA8_MOUSE,2,117.44 (95% CI:86 to 160.37),117.4389,6.8758,85.9993,160.3721,95%,0.0000
Ighv1-85,A0A075B5Y6,tr|A0A075B5Y6|A0A075B5Y6_MOUSE,2,0.72 (95% CI:0.41 to 1.25),0.7189,-0.4761,0.4128,1.2519,95%,0.2189
Amy2a1,E9PV85,tr|E9PV85|E9PV85_MOUSE,2,0.01 (95% CI:0.01 to 0.01),0.0108,-6.5393,0.0091,0.0127,95%,0.0000
Gclm,O09172,sp|O09172|GSH0_MOUSE,2,35583.54 (95% CI:17866.14 to 70870.84),35583.5363,15.1189,17866.1369,70870.8358,95%,0.0000
Slc16a1,P53986,sp|P53986|MOT1_MOUSE,2,3.62 (95% CI:0.33 to 40.28),3.6244,1.8578,0.3261,40.2825,95%,0.2595
1700009N14Rik,Q14AA6,tr|Q14AA6|Q14AA6_MOUSE,2,10.82 (95% CI:9.73 to 12.04),10.8208,3.4357,9.7274,12.037,95%,0.0000
Eif1ax,Q8BMJ3,sp|Q8BMJ3|IF1AX_MOUSE,2,1.42 (95% CI:0.97 to 2.08),1.4197,0.5056,0.9704,2.077,95%,0.0930
Pcdhgb7,Q91XX3,tr|Q91XX3|Q91XX3_MOUSE,2,6680.95 (95% CI:1409.67 to 31663.58),6680.9512,12.7058,1409.667,31663.5834,95%,0.0004
Rab30,Q923S9,sp|Q923S9|RAB30_MOUSE,2,6.13 (95% CI:1.82 to 20.69),6.1329,2.6166,1.8182,20.687,95%,0.0264
Ighv1-80,A0A075B5Y3,tr|A0A075B5Y3|A0A075B5Y3_MOUSE,2,2.19 (95% CI:1.59 to 3.01),2.1873,1.1292,1.5918,3.0058,95%,0.0056
Sprr2b,O70554,sp|O70554|SPR2B_MOUSE,2,0.08 (95% CI:0.01 to 0.42),0.0773,-3.6937,0.0142,0.4213,95%,0.0258
Cct8,P42932,sp|P42932|TCPQ_MOUSE,2,1.94 (95% CI:0.63 to 5.98),1.939,0.9553,0.629,5.977,95%,0.2234
Pcbp3,P57722,sp|P57722|PCBP3_MOUSE,2,3.85 (95% CI:2.23 to 6.64),3.8459,1.9433,2.2285,6.637,95%,0.0056
Usp9x,P70398,sp|P70398|USP9X_MOUSE,2,0.56 (95% CI:0.3 to 1.06),0.5647,-0.8245,0.2999,1.0631,95%,0.0971
Gm5431,Q5NCB3,tr|Q5NCB3|Q5NCB3_MOUSE,2,142.06 (95% CI:0.06 to 327871.34),142.0591,7.1503,0.0616,327871.3443,95%,0.1931
Ccdc126,Q8BIS8,sp|Q8BIS8|CC126_MOUSE,2,157410.36 (95% CI:141234.06 to 175439.41),157410.357,17.2642,141234.0597,175439.4128,95%,0.0000
Pdgfc,Q8CI19,sp|Q8CI19|PDGFC_MOUSE,2,44.5 (95% CI:13.16 to 150.44),44.4994,5.4757,13.1624,150.4441,95%,0.0027
Ighv1-59,A0A075B5X0,tr|A0A075B5X0|A0A075B5X0_MOUSE,2,2.46 (95% CI:1.41 to 4.29),2.4613,1.2994,1.4132,4.2869,95%,0.0208
Tmem132b,F7BAB2,tr|F7BAB2|F7BAB2_MOUSE,2,4.55 (95% CI:1.16 to 17.87),4.5482,2.1853,1.1576,17.87,95%,0.0598
Serpinb6b,O08804,tr|O08804|O08804_MOUSE,2,0.02 (95% CI:0.01 to 0.03),0.0181,-5.789,0.0097,0.0336,95%,0.0003
Omd,O35103,sp|O35103|OMD_MOUSE,2,0.36 (95% CI:0.27 to 0.48),0.3595,-1.4758,0.2698,0.479,95%,0.0017
Sprr2g,O70558,sp|O70558|SPR2G_MOUSE,2,0.08 (95% CI:0.01 to 0.42),0.0773,-3.6937,0.0142,0.4213,95%,0.0258
Lcat,P16301,sp|P16301|LCAT_MOUSE,2,3.1 (95% CI:2.77 to 3.47),3.1036,1.6339,2.7743,3.4719,95%,0.0001
Eif3a,P23116,sp|P23116|EIF3A_MOUSE,2,0.11 (95% CI:0 to 3.41),0.1083,-3.2075,0.0034,3.4096,95%,0.1915
Ppp2ca,P63330,sp|P63330|PP2AA_MOUSE,2,6.24 (95% CI:4.97 to 7.84),6.244,2.6425,4.9738,7.8387,95%,0.0001
Hdac2,P70288,sp|P70288|HDAC2_MOUSE,2,1128.58 (95% CI:0.53 to 2401018.61),1128.5751,10.1403,0.5305,2401018.6132,95%,0.0938
Col1a2,Q01149,sp|Q01149|CO1A2_MOUSE,2,26646.84 (95% CI:23877.61 to 29737.25),26646.8443,14.7017,23877.6089,29737.2451,95%,0.0000
Sec24a,Q3U2P1,sp|Q3U2P1|SC24A_MOUSE,2,18.08 (95% CI:0 to 142524.06),18.0792,4.1763,0.0023,142524.0598,95%,0.4658
Sirt2,Q8VDQ8,sp|Q8VDQ8|SIR2_MOUSE,2,2.19 (95% CI:0.88 to 5.45),2.1929,1.1329,0.8826,5.4488,95%,0.1071
Rpn1,Q91YQ5,sp|Q91YQ5|RPN1_MOUSE,2,1.16 (95% CI:0.37 to 3.66),1.1566,0.2099,0.3653,3.662,95%,0.7701
Adgrl4,Q923X1,sp|Q923X1|AGRL4_MOUSE,2,2.43 (95% CI:1.77 to 3.34),2.433,1.2827,1.7727,3.3392,95%,0.0038
Rabggta,Q9JHK4,sp|Q9JHK4|PGTA_MOUSE,2,1.66 (95% CI:1.03 to 2.67),1.6563,0.7279,1.0283,2.6678,95%,0.0675
B4galt6,Q9WVK5,sp|Q9WVK5|B4GT6_MOUSE,2,9.94 (95% CI:6.04 to 16.37),9.9419,3.3135,6.038,16.3697,95%,0.0008
Eif1ad12,A0A1Y7VK80,tr|A0A1Y7VK80|A0A1Y7VK80_MOUSE,2,2.14 (95% CI:0.51 to 9),2.1409,1.0982,0.5094,8.9972,95%,0.2612
Myh7b,A2AQP0,sp|A2AQP0|MYH7B_MOUSE,2,0.75 (95% CI:0.48 to 1.18),0.7489,-0.4172,0.4772,1.1751,95%,0.1925
Ctss,O70370,sp|O70370|CATS_MOUSE,2,2.73 (95% CI:1.42 to 5.24),2.7312,1.4495,1.4235,5.2401,95%,0.0243
Sell,P18337,sp|P18337|LYAM1_MOUSE,2,0.27 (95% CI:0.2 to 0.36),0.2653,-1.9142,0.1956,0.3599,95%,0.0009
Cct3,P80318,sp|P80318|TCPG_MOUSE,2,4.27 (95% CI:0.37 to 49.17),4.2696,2.0941,0.3708,49.1661,95%,0.2195
Madcam1,Q61826,sp|Q61826|MADCA_MOUSE,2,699.43 (95% CI:0.09 to 5179811.06),699.4349,9.45,0.0944,5179811.0615,95%,0.1505
Ankrd13d,Q6PD24,sp|Q6PD24|AN13D_MOUSE,2,1842.33 (95% CI:0.79 to 4322964.16),1842.3304,10.8473,0.7852,4322964.1561,95%,0.0832
Pcdhgb2,Q91XX7,tr|Q91XX7|Q91XX7_MOUSE,2,6680.95 (95% CI:1409.67 to 31663.58),6680.9512,12.7058,1409.667,31663.5834,95%,0.0004
Copg2,Q9QXK3,sp|Q9QXK3|COPG2_MOUSE,2,1.36 (95% CI:0.8 to 2.29),1.3571,0.4406,0.8034,2.2925,95%,0.2267
Ighv5-17,A0A075B5R1,tr|A0A075B5R1|A0A075B5R1_MOUSE,2,2.06 (95% CI:1.7 to 2.51),2.0624,1.0443,1.6972,2.5062,95%,0.0016
Ighv5-12-4,A0A0A6YWG4,tr|A0A0A6YWG4|A0A0A6YWG4_MOUSE,2,1.28 (95% CI:1.19 to 1.37),1.2753,0.3509,1.1868,1.3705,95%,0.0021
Ces2h,F6Z9B9,tr|F6Z9B9|F6Z9B9_MOUSE,2,1.11 (95% CI:0.8 to 1.55),1.1107,0.1514,0.7966,1.5485,95%,0.4748
Dctn1,O08788,sp|O08788|DCTN1_MOUSE,2,1.35 (95% CI:0.94 to 1.92),1.3472,0.4299,0.9441,1.9223,95%,0.1143
,P01656,sp|P01656|KV3A3_MOUSE,2,3.42 (95% CI:2.62 to 4.47),3.4197,1.7739,2.6174,4.4679,95%,0.0008
,P01660,sp|P01660|KV3A8_MOUSE,2,3.37 (95% CI:2.73 to 4.16),3.3683,1.752,2.7282,4.1587,95%,0.0004
,P01665,sp|P01665|KV3AD_MOUSE,2,5.17 (95% CI:3.78 to 7.07),5.1712,2.3705,3.7831,7.0686,95%,0.0005
,P01674,sp|P01674|KV3AM_MOUSE,2,1.42 (95% CI:1.07 to 1.88),1.418,0.5039,1.0706,1.8782,95%,0.0443
H2ax,P27661,sp|P27661|H2AX_MOUSE,2,26.21 (95% CI:21.32 to 32.23),26.2148,4.7123,21.3231,32.2287,95%,0.0000
Acta1,P68134,sp|P68134|ACTS_MOUSE,2,1.42 (95% CI:1.24 to 1.64),1.4248,0.5107,1.2365,1.6417,95%,0.0054
Sephs2,P97364,sp|P97364|SPS2_MOUSE,2,21.73 (95% CI:6.63 to 71.27),21.735,4.4419,6.6282,71.2725,95%,0.0048
Mmp7,Q10738,sp|Q10738|MMP7_MOUSE,2,12.37 (95% CI:4.49 to 34.06),12.3689,3.6286,4.4922,34.0567,95%,0.0055
Hnrnpab,Q99020,sp|Q99020|ROAA_MOUSE,2,6.42 (95% CI:0.64 to 64.87),6.4184,2.6822,0.6351,64.8656,95%,0.1253
Slamf1,Q9QUM4,sp|Q9QUM4|SLAF1_MOUSE,2,7.23 (95% CI:1.24 to 42.11),7.2301,2.854,1.2413,42.1118,95%,0.0578
Srpx,Q9R0M3,sp|Q9R0M3|SRPX_MOUSE,2,11.22 (95% CI:0 to 138531.72),11.2248,3.4886,0.0009,138531.7242,95%,0.5537
Ighg2c,F6TQW2,tr|F6TQW2|F6TQW2_MOUSE,2,0.31 (95% CI:0.29 to 0.33),0.3096,-1.6916,0.2866,0.3344,95%,0.0000
S100b,P50114,sp|P50114|S100B_MOUSE,2,7.01 (95% CI:1.01 to 48.48),7.0115,2.8097,1.0141,48.4782,95%,0.0759
Rad23a,P54726,sp|P54726|RD23A_MOUSE,2,741.14 (95% CI:0.05 to 12066521.92),741.1395,9.5336,0.0455,12066521.9191,95%,0.1729
Gpd1l,Q3ULJ0,sp|Q3ULJ0|GPD1L_MOUSE,2,1011.26 (95% CI:0.38 to 2662450.09),1011.2584,9.9819,0.3841,2662450.0946,95%,0.1031
Lama2,Q60675,sp|Q60675|LAMA2_MOUSE,2,0.21 (95% CI:0.19 to 0.22),0.2054,-2.2838,0.1899,0.2221,95%,0.0000
Pcdh20,Q8BIZ0,sp|Q8BIZ0|PCD20_MOUSE,2,1320.99 (95% CI:0.35 to 4987164.9),1320.9919,10.3674,0.3499,4987164.8981,95%,0.1047
Steap3,Q8CI59,sp|Q8CI59|STEA3_MOUSE,2,0.34 (95% CI:0.2 to 0.58),0.3379,-1.5652,0.1966,0.5807,95%,0.0110
Ndufb3,Q9CQZ6,sp|Q9CQZ6|NDUB3_MOUSE,2,1595.16 (95% CI:0.18 to 13925051.76),1595.157,10.6395,0.1827,13925051.7581,95%,0.1224
Arih1,Q9Z1K5,sp|Q9Z1K5|ARI1_MOUSE,2,0.33 (95% CI:0.22 to 0.49),0.3291,-1.6035,0.2214,0.4892,95%,0.0038
Eif1ad15,J3QNT6,tr|J3QNT6|J3QNT6_MOUSE,2,9.92 (95% CI:3.59 to 27.38),9.9175,3.31,3.5922,27.3804,95%,0.0074
Cpox,P36552,sp|P36552|HEM6_MOUSE,2,2994.23 (95% CI:1.45 to 6195105.48),2994.2299,11.548,1.4472,6195105.4771,95%,0.0690
Acadvl,P50544,sp|P50544|ACADV_MOUSE,2,6.2 (95% CI:1.67 to 23.06),6.2035,2.6331,1.6686,23.0629,95%,0.0325
Rps14,P62264,sp|P62264|RS14_MOUSE,2,0.56 (95% CI:0.01 to 23.18),0.5595,-0.8377,0.0135,23.1775,95%,0.7156
Nrp1,P97333,sp|P97333|NRP1_MOUSE,2,2.45 (95% CI:1.97 to 3.04),2.4494,1.2925,1.9711,3.0439,95%,0.0011
Eif5b,Q05D44,sp|Q05D44|IF2P_MOUSE,2,4.47 (95% CI:1.43 to 13.98),4.4656,2.1588,1.4267,13.9776,95%,0.0381
Atp4a,Q64436,sp|Q64436|ATP4A_MOUSE,2,82756.65 (95% CI:75763.56 to 90395.21),82756.6509,16.3366,75763.5621,90395.2121,95%,0.0000
Eif2b5,Q8CHW4,sp|Q8CHW4|EI2BE_MOUSE,2,258.93 (95% CI:0.05 to 1486798.51),258.9317,8.0164,0.0451,1486798.5117,95%,0.1925
Angptl8,Q8R1L8,sp|Q8R1L8|ANGL8_MOUSE,2,2.73 (95% CI:0.29 to 26),2.7318,1.4498,0.287,25.9999,95%,0.3288
Ctsj,Q9R014,sp|Q9R014|CATJ_MOUSE,2,3.84 (95% CI:1.04 to 14.15),3.8446,1.9428,1.0445,14.1517,95%,0.0716
Igkv4-72,A0A0B4J1I4,tr|A0A0B4J1I4|A0A0B4J1I4_MOUSE,2,1.02 (95% CI:0.9 to 1.16),1.0247,0.0353,0.9026,1.1635,95%,0.6549
Chst3,O88199,sp|O88199|CHST3_MOUSE,2,2.46 (95% CI:1.46 to 4.14),2.4593,1.2983,1.461,4.1399,95%,0.0173
Hspa1b,P17879,sp|P17879|HS71B_MOUSE,2,9.94 (95% CI:9.47 to 10.43),9.9417,3.3135,9.4731,10.4335,95%,0.0000
Ywhae,P62259,sp|P62259|1433E_MOUSE,2,24.58 (95% CI:13.15 to 45.93),24.5775,4.6193,13.1506,45.9336,95%,0.0006
F7,P70375,sp|P70375|FA7_MOUSE,2,71.01 (95% CI:45.33 to 111.24),71.0088,6.1499,45.3256,111.245,95%,0.0001
Fbln1,Q08879,sp|Q08879|FBLN1_MOUSE,2,25.57 (95% CI:22.09 to 29.59),25.567,4.6762,22.0903,29.5908,95%,0.0000
Ampd1,Q3V1D3,sp|Q3V1D3|AMPD1_MOUSE,2,2.98 (95% CI:1.57 to 5.65),2.9795,1.5751,1.5721,5.6469,95%,0.0179
Tf,Q921I1,sp|Q921I1|TRFE_MOUSE,2,0.01 (95% CI:0.01 to 0.01),0.009,-6.7953,0.0085,0.0095,95%,0.0000
Pcsk1n,Q9QXV0,sp|Q9QXV0|PCS1N_MOUSE,2,161.85 (95% CI:0.02 to 1163234.26),161.8466,7.3385,0.0225,1163234.2566,95%,0.2333
Eif3d,O70194,sp|O70194|EIF3D_MOUSE,2,0.58 (95% CI:0.07 to 5.09),0.5778,-0.7914,0.0656,5.0922,95%,0.5605
Bsg,P18572,sp|P18572|BASI_MOUSE,2,0.16 (95% CI:0.08 to 0.32),0.1562,-2.6789,0.0759,0.3214,95%,0.0050
Krt15,Q61414,sp|Q61414|K1C15_MOUSE,2,0.59 (95% CI:0.11 to 3.08),0.59,-0.7612,0.1132,3.0751,95%,0.4699
Slc44a1,Q6X893,sp|Q6X893|CTL1_MOUSE,2,2.84 (95% CI:0.46 to 17.72),2.8404,1.5061,0.4553,17.7198,95%,0.2348
Nae1,Q8VBW6,sp|Q8VBW6|ULA1_MOUSE,2,0.95 (95% CI:0.07 to 12.31),0.9538,-0.0682,0.0739,12.3135,95%,0.9656
F11,Q91Y47,sp|Q91Y47|FA11_MOUSE,2,0.84 (95% CI:0.74 to 0.94),0.8365,-0.2575,0.7427,0.9423,95%,0.0263
Atp5po,Q9DB20,sp|Q9DB20|ATPO_MOUSE,2,11876.19 (95% CI:2536.79 to 55599.35),11876.1901,13.5358,2536.7905,55599.346,95%,0.0003
Gm8797,A0A0A6YW67,tr|A0A0A6YW67|A0A0A6YW67_MOUSE,2,17.81 (95% CI:11.02 to 28.8),17.814,4.1549,11.0206,28.7951,95%,0.0003
Sptbn4,E9PX29,tr|E9PX29|E9PX29_MOUSE,2,0.8 (95% CI:0.52 to 1.23),0.802,-0.3184,0.5235,1.2286,95%,0.2706
Anp32a,O35381,sp|O35381|AN32A_MOUSE,2,0.71 (95% CI:0.54 to 0.93),0.7108,-0.4925,0.5419,0.9323,95%,0.0428
Apcs,P12246,sp|P12246|SAMP_MOUSE,2,0.12 (95% CI:0.11 to 0.13),0.1168,-3.0979,0.106,0.1287,95%,0.0000
Fap,P97321,sp|P97321|SEPR_MOUSE,2,1.94 (95% CI:1.66 to 2.26),1.9381,0.9547,1.6597,2.2632,95%,0.0010
Lama4,P97927,sp|P97927|LAMA4_MOUSE,2,2.59 (95% CI:2 to 3.37),2.5947,1.3755,1.9996,3.3668,95%,0.0016
Zc3h15,Q3TIV5,sp|Q3TIV5|ZC3HF_MOUSE,2,10662.17 (95% CI:3825.36 to 29717.92),10662.1685,13.3802,3825.3628,29717.9231,95%,0.0001
Gbp4,Q61107,sp|Q61107|GBP4_MOUSE,2,427.75 (95% CI:0.02 to 9815014.06),427.7486,8.7406,0.0186,9815014.0617,95%,0.2137
Cd55,Q61475,sp|Q61475|DAF1_MOUSE,2,1.51 (95% CI:0.43 to 5.34),1.5067,0.5914,0.425,5.3409,95%,0.4643
,Q8BP99,sp|Q8BP99|CA216_MOUSE,2,283.97 (95% CI:147.69 to 545.98),283.9689,8.1496,147.6939,545.9827,95%,0.0001
Igtp,Q9DCE9,tr|Q9DCE9|Q9DCE9_MOUSE,2,484.77 (95% CI:0.1 to 2466174.05),484.7695,8.9212,0.0953,2466174.0478,95%,0.1549
Hspe1-rs1,Q9JI95,tr|Q9JI95|Q9JI95_MOUSE,2,0.68 (95% CI:0.41 to 1.11),0.6786,-0.5593,0.4134,1.1141,95%,0.1325
Armc3,A2AU72,sp|A2AU72|ARMC3_MOUSE,2,2209.6 (95% CI:0.62 to 7875351.91),2209.6043,11.1096,0.62,7875351.91,95%,0.0885
Msn,P26041,sp|P26041|MOES_MOUSE,2,2.59 (95% CI:0.92 to 7.29),2.5855,1.3704,0.9171,7.2889,95%,0.0939
Map2k1,P31938,sp|P31938|MP2K1_MOUSE,2,2155.91 (95% CI:1.34 to 3470278.38),2155.9068,11.0741,1.3394,3470278.38,95%,0.0705
Tuba4a,P68368,sp|P68368|TBA4A_MOUSE,2,50.27 (95% CI:29.97 to 84.31),50.2673,5.6515,29.9703,84.3102,95%,0.0002
Csrp1,P97315,sp|P97315|CSRP1_MOUSE,2,0.16 (95% CI:0.09 to 0.28),0.1609,-2.6356,0.0937,0.2765,95%,0.0021
Fam20c,Q5MJS3,sp|Q5MJS3|FA20C_MOUSE,2,0.04 (95% CI:0.03 to 0.05),0.0385,-4.6991,0.0316,0.047,95%,0.0000
Rps9,Q6ZWN5,sp|Q6ZWN5|RS9_MOUSE,2,44.14 (95% CI:0.89 to 2197.93),44.1427,5.4641,0.8866,2197.9336,95%,0.0832
Prss34,Q80UR4,tr|Q80UR4|Q80UR4_MOUSE,2,1.27 (95% CI:0.29 to 5.49),1.2654,0.3396,0.2917,5.4898,95%,0.7089
C2cd2l,Q80X80,sp|Q80X80|C2C2L_MOUSE,2,22.37 (95% CI:4.47 to 111.86),22.3694,4.4835,4.4732,111.8636,95%,0.0123
Rab4b,Q91ZR1,sp|Q91ZR1|RAB4B_MOUSE,2,6.13 (95% CI:1.82 to 20.69),6.1329,2.6166,1.8182,20.687,95%,0.0264
Ipo7,Q9EPL8,sp|Q9EPL8|IPO7_MOUSE,2,5.21 (95% CI:1.91 to 14.18),5.205,2.3799,1.911,14.1768,95%,0.0200
Entpd5,Q9WUZ9,sp|Q9WUZ9|ENTP5_MOUSE,2,8.7 (95% CI:7.11 to 10.65),8.702,3.1213,7.1125,10.6467,95%,0.0001
Igkv8-27,A0A075B5N4,tr|A0A075B5N4|A0A075B5N4_MOUSE,2,1.22 (95% CI:1.04 to 1.42),1.2176,0.2841,1.0425,1.4221,95%,0.0419
Ighv1-36,A0A075B5V3,tr|A0A075B5V3|A0A075B5V3_MOUSE,2,3.51 (95% CI:1.76 to 6.97),3.5055,1.8096,1.7632,6.9695,95%,0.0146
Ighv1-52,A0A075B5W2,tr|A0A075B5W2|A0A075B5W2_MOUSE,2,3.03 (95% CI:2 to 4.6),3.0327,1.6006,2.0007,4.5971,95%,0.0044
P4hb,P09103,sp|P09103|PDIA1_MOUSE,2,12.75 (95% CI:3.06 to 53.05),12.7453,3.6719,3.062,53.0505,95%,0.0299
Lpl,P11152,sp|P11152|LIPL_MOUSE,2,2.44 (95% CI:1.71 to 3.48),2.4367,1.2849,1.7086,3.4751,95%,0.0053
Vgf,Q0VGU4,sp|Q0VGU4|VGF_MOUSE,2,1235.89 (95% CI:0.47 to 3230711.07),1235.891,10.2713,0.4728,3230711.0684,95%,0.0967
Pkd1l3,Q2EG98,sp|Q2EG98|PK1L3_MOUSE,2,6.98 (95% CI:0.3 to 162.2),6.9792,2.8031,0.3003,162.1959,95%,0.2057
Rad21,Q61550,sp|Q61550|RAD21_MOUSE,2,3.72 (95% CI:1.07 to 12.9),3.7155,1.8935,1.0698,12.904,95%,0.0681
Fstl1,Q62356,sp|Q62356|FSTL1_MOUSE,2,0.17 (95% CI:0.01 to 2.41),0.1745,-2.5185,0.0127,2.4058,95%,0.1809
Acly,Q91V92,sp|Q91V92|ACLY_MOUSE,2,1.17 (95% CI:0.93 to 1.48),1.1728,0.23,0.9288,1.481,95%,0.1722
Ighv3-1,A0A075B5S6,tr|A0A075B5S6|A0A075B5S6_MOUSE,2,1.18 (95% CI:0.68 to 2.07),1.1814,0.2405,0.6753,2.0666,95%,0.4983
Cope,O89079,sp|O89079|COPE_MOUSE,2,8.35 (95% CI:1.28 to 54.52),8.3539,3.0625,1.2801,54.518,95%,0.0567
Ttr,P07309,sp|P07309|TTHY_MOUSE,2,0.03 (95% CI:0.02 to 0.03),0.0282,-5.1464,0.0236,0.0338,95%,0.0000
Grn,P28798,sp|P28798|GRN_MOUSE,2,1.37 (95% CI:1.19 to 1.58),1.3686,0.4526,1.1889,1.5754,95%,0.0078
Ftl1,P29391,sp|P29391|FRIL1_MOUSE,2,4.83 (95% CI:2.14 to 10.93),4.8335,2.2731,2.1374,10.9304,95%,0.0123
Clns1a,Q61189,sp|Q61189|ICLN_MOUSE,2,0.38 (95% CI:0.18 to 0.82),0.3812,-1.3914,0.1778,0.8174,95%,0.0423
Procr,Q64695,sp|Q64695|EPCR_MOUSE,2,1.26 (95% CI:0.21 to 7.66),1.2573,0.3303,0.2063,7.6633,95%,0.6723
Ube2o,Q6ZPJ3,sp|Q6ZPJ3|UBE2O_MOUSE,2,0.43 (95% CI:0.35 to 0.53),0.4311,-1.2139,0.3508,0.5297,95%,0.0012
Rps27,Q6ZWU9,sp|Q6ZWU9|RS27_MOUSE,2,3.3 (95% CI:1.37 to 7.96),3.3048,1.7246,1.3718,7.9617,95%,0.0344
Ahcyl1,Q80SW1,sp|Q80SW1|SAHH2_MOUSE,2,0.25 (95% CI:0.12 to 0.52),0.2515,-1.9914,0.1218,0.5192,95%,0.0128
Pls3,Q99K51,sp|Q99K51|PLST_MOUSE,2,3.08 (95% CI:2.34 to 4.07),3.0848,1.6252,2.3384,4.0696,95%,0.0012
Ighv1-76,A0A0B4J1N0,tr|A0A0B4J1N0|A0A0B4J1N0_MOUSE,2,1.58 (95% CI:1.38 to 1.81),1.5775,0.6576,1.3781,1.8057,95%,0.0021
Rps18-ps5,A0A1Y7VKY1,tr|A0A1Y7VKY1|A0A1Y7VKY1_MOUSE,2,1.48 (95% CI:1.33 to 1.65),1.4782,0.5639,1.3277,1.6459,95%,0.0016
Aamp,J3QN89,tr|J3QN89|J3QN89_MOUSE,2,22.66 (95% CI:1.98 to 259),22.6585,4.502,1.9823,259.0034,95%,0.0408
Sorl1,O88307,sp|O88307|SORL_MOUSE,2,0.57 (95% CI:0.48 to 0.69),0.5749,-0.7985,0.4813,0.6868,95%,0.0027
Nap1l1,P28656,sp|P28656|NP1L1_MOUSE,2,136.54 (95% CI:22.55 to 826.74),136.5429,7.0932,22.551,826.7448,95%,0.0042
Rps27a,P62983,sp|P62983|RS27A_MOUSE,2,17.29 (95% CI:11.58 to 25.81),17.2869,4.1116,11.5769,25.8133,95%,0.0002
Ckmt2,Q6P8J7,sp|Q6P8J7|KCRS_MOUSE,2,40.03 (95% CI:0.01 to 129548.24),40.0295,5.323,0.0124,129548.2445,95%,0.3187
Chil4,Q91Z98,sp|Q91Z98|CHIL4_MOUSE,2,1.07 (95% CI:0.92 to 1.24),1.0696,0.0971,0.9235,1.2388,95%,0.3178
Krt7,Q9DCV7,sp|Q9DCV7|K2C7_MOUSE,2,1.17 (95% CI:0.32 to 4.31),1.1669,0.2227,0.3156,4.3141,95%,0.7853
Klk1b27,Q9JM71,sp|Q9JM71|K1B27_MOUSE,2,0.24 (95% CI:0.21 to 0.29),0.2428,-2.042,0.2065,0.2855,95%,0.0001
Adh1,P00329,sp|P00329|ADH1_MOUSE,2,10.74 (95% CI:9.27 to 12.46),10.7424,3.4252,9.2652,12.4552,95%,0.0000
Igkv12-41,P01635,sp|P01635|KV5A3_MOUSE,2,0.79 (95% CI:0.69 to 0.9),0.7858,-0.3478,0.6863,0.8998,95%,0.0157
Gnat1,P20612,sp|P20612|GNAT1_MOUSE,2,0.05 (95% CI:0.01 to 0.16),0.0454,-4.4621,0.0132,0.1557,95%,0.0053
Napb,P28663,sp|P28663|SNAB_MOUSE,2,63.8 (95% CI:0.01 to 302200.68),63.799,5.9955,0.0135,302200.6778,95%,0.2909
Notch1,Q01705,sp|Q01705|NOTC1_MOUSE,2,12.62 (95% CI:6.35 to 25.06),12.6162,3.6572,6.3514,25.0605,95%,0.0016
Rwdd1,Q9CQK7,sp|Q9CQK7|RWDD1_MOUSE,2,94519.16 (95% CI:79625.92 to 112198.03),94519.16,16.5283,79625.9206,112198.0322,95%,0.0000
Ighv1-5,A0A075B5T5,tr|A0A075B5T5|A0A075B5T5_MOUSE,2,0.82 (95% CI:0.4 to 1.71),0.8217,-0.2833,0.3959,1.7056,95%,0.5360
Ighv1-54,A0A075B5W5,tr|A0A075B5W5|A0A075B5W5_MOUSE,2,2.63 (95% CI:1.4 to 4.96),2.6305,1.3953,1.396,4.9566,95%,0.0251
Ptprf,A2A8L5,sp|A2A8L5|PTPRF_MOUSE,2,2.96 (95% CI:1.07 to 8.16),2.9603,1.5658,1.0741,8.1589,95%,0.0654
Dcpp1,L7N1X9,tr|L7N1X9|L7N1X9_MOUSE,2,54.56 (95% CI:0.01 to 340083.21),54.5588,5.7697,0.0088,340083.2084,95%,0.3179
Thy1,P01831,sp|P01831|THY1_MOUSE,2,5.85 (95% CI:0.08 to 437.49),5.8484,2.548,0.0782,437.4851,95%,0.3651
Apoa2,P09813,sp|P09813|APOA2_MOUSE,2,5.13 (95% CI:3.36 to 7.82),5.1259,2.3578,3.3603,7.819,95%,0.0014
Vav1,P27870,sp|P27870|VAV_MOUSE,2,1610.27 (95% CI:0.6 to 4323638.92),1610.2689,10.6531,0.5997,4323638.9178,95%,0.0898
Mbl1,P39039,sp|P39039|MBL1_MOUSE,2,0.19 (95% CI:0.17 to 0.22),0.1913,-2.3861,0.167,0.2191,95%,0.0000
Glycam1,Q02596,sp|Q02596|GLCM1_MOUSE,2,22.62 (95% CI:9.1 to 56.21),22.6178,4.4994,9.1012,56.2085,95%,0.0020
Sez6l2,Q4V9Z5,sp|Q4V9Z5|SE6L2_MOUSE,2,5.63 (95% CI:0.08 to 378.24),5.6296,2.493,0.0838,378.243,95%,0.3637
Kpna1,Q60960,sp|Q60960|IMA5_MOUSE,2,8.41 (95% CI:4.67 to 15.15),8.4095,3.072,4.6688,15.1473,95%,0.0017
Gnas,Q6R0H7,sp|Q6R0H7|GNAS1_MOUSE,2,0.05 (95% CI:0.01 to 0.16),0.0454,-4.4621,0.0132,0.1557,95%,0.0053
Lyve1,Q8BHC0,sp|Q8BHC0|LYVE1_MOUSE,2,19.72 (95% CI:14.26 to 27.27),19.717,4.3014,14.258,27.2662,95%,0.0001
Atg7,Q9D906,sp|Q9D906|ATG7_MOUSE,2,7.45 (95% CI:3.08 to 18.01),7.4494,2.8971,3.0807,18.0131,95%,0.0073
Prl8a8,Q9DAS4,sp|Q9DAS4|PR8A8_MOUSE,2,7.24 (95% CI:3.29 to 15.92),7.243,2.8566,3.2949,15.9221,95%,0.0053
Stx12,Q9ER00,sp|Q9ER00|STX12_MOUSE,2,0.4 (95% CI:0 to 169.23),0.4012,-1.3176,0.001,169.2278,95%,0.7247
Ighv1-69,A0A075B5X7,tr|A0A075B5X7|A0A075B5X7_MOUSE,2,2.15 (95% CI:1.66 to 2.77),2.1467,1.1021,1.6627,2.7715,95%,0.0031
Igkv5-37,A0A140T8N4,tr|A0A140T8N4|A0A140T8N4_MOUSE,2,0.36 (95% CI:0.13 to 0.96),0.357,-1.4862,0.1328,0.9591,95%,0.0701
Actn3,O88990,sp|O88990|ACTN3_MOUSE,2,12.92 (95% CI:9.12 to 18.32),12.9239,3.692,9.1158,18.3228,95%,0.0002
Lsp1,P19973,sp|P19973|LSP1_MOUSE,2,1.36 (95% CI:0.02 to 108.2),1.3633,0.4471,0.0172,108.196,95%,0.8725
Dnm2,P39054,sp|P39054|DYN2_MOUSE,2,5.88 (95% CI:3.89 to 8.89),5.8799,2.5558,3.8877,8.8931,95%,0.0010
Rbbp4,Q60972,sp|Q60972|RBBP4_MOUSE,2,5.16 (95% CI:3.1 to 8.58),5.1604,2.3675,3.1035,8.5803,95%,0.0024
Eif1ad7,Q8BX20,tr|Q8BX20|Q8BX20_MOUSE,2,2.14 (95% CI:0.51 to 9),2.1409,1.0982,0.5094,8.9972,95%,0.2612
Wdr37,Q8CBE3,sp|Q8CBE3|WDR37_MOUSE,2,308.88 (95% CI:0.06 to 1572523.87),308.8828,8.2709,0.0607,1572523.8737,95%,0.1776
Dnajc3,Q91YW3,sp|Q91YW3|DNJC3_MOUSE,2,1.49 (95% CI:0.45 to 4.96),1.493,0.5782,0.4492,4.962,95%,0.4512
Pf4,Q9Z126,sp|Q9Z126|PLF4_MOUSE,2,0.63 (95% CI:0.48 to 0.82),0.6287,-0.6697,0.4826,0.819,95%,0.0164
Mapk13,Q9Z1B7,sp|Q9Z1B7|MK13_MOUSE,2,82.73 (95% CI:1.11 to 6187.69),82.7291,6.3703,1.1061,6187.6914,95%,0.0730
Ighv11-1,A0A075B5R6,tr|A0A075B5R6|A0A075B5R6_MOUSE,2,18.27 (95% CI:4.62 to 72.2),18.2683,4.1913,4.622,72.2044,95%,0.0093
Birc6,O88738,sp|O88738|BIRC6_MOUSE,2,2.5 (95% CI:0.43 to 14.57),2.4959,1.3195,0.4276,14.5672,95%,0.2699
Klk1b9,P15949,sp|P15949|K1KB9_MOUSE,2,0.18 (95% CI:0.16 to 0.21),0.1827,-2.4521,0.1626,0.2054,95%,0.0000
Cox7a1,P56392,sp|P56392|CX7A1_MOUSE,2,109.04 (95% CI:0.04 to 329834.58),109.0428,6.7688,0.036,329834.5844,95%,0.2251
Psmc5,P62196,sp|P62196|PRS8_MOUSE,2,3.35 (95% CI:0.29 to 38.88),3.3477,1.7432,0.2883,38.8783,95%,0.2898
Rplp2,P99027,sp|P99027|RLA2_MOUSE,2,26.52 (95% CI:10.52 to 66.82),26.5153,4.7288,10.5224,66.8156,95%,0.0018
Atp5f1a,Q03265,sp|Q03265|ATPA_MOUSE,2,1.75 (95% CI:1.41 to 2.16),1.7455,0.8036,1.408,2.164,95%,0.0048
Ptprg,Q05909,sp|Q05909|PTPRG_MOUSE,2,52.49 (95% CI:10.88 to 253.18),52.4932,5.7141,10.8837,253.1807,95%,0.0090
Cnn2,Q08093,sp|Q08093|CNN2_MOUSE,2,11070.84 (95% CI:3.12 to 39332586.29),11070.8353,13.4345,3.1161,39332586.2867,95%,0.0557
Bpifb1,Q61114,sp|Q61114|BPIB1_MOUSE,2,3.09 (95% CI:2.03 to 4.69),3.0872,1.6263,2.0318,4.6909,95%,0.0043
Ankrd13a,Q80UP5,sp|Q80UP5|AN13A_MOUSE,2,1842.33 (95% CI:0.79 to 4322964.16),1842.3304,10.8473,0.7852,4322964.1561,95%,0.0832
H2ac1,Q8CGP4,tr|Q8CGP4|Q8CGP4_MOUSE,2,27.79 (95% CI:22.46 to 34.38),27.7876,4.7964,22.4567,34.384,95%,0.0000
Aldh1l1,Q8R0Y6,sp|Q8R0Y6|AL1L1_MOUSE,2,2.21 (95% CI:1.8 to 2.71),2.2059,1.1414,1.7962,2.709,95%,0.0014
Gpihbp1,Q9D1N2,sp|Q9D1N2|HDBP1_MOUSE,2,0.03 (95% CI:0.01 to 0.13),0.034,-4.8774,0.0092,0.1259,95%,0.0049
Gys1,Q9Z1E4,sp|Q9Z1E4|GYS1_MOUSE,2,7.25 (95% CI:0.94 to 55.79),7.246,2.8572,0.9411,55.7887,95%,0.0830
Krt19,P19001,sp|P19001|K1C19_MOUSE,2,0.51 (95% CI:0.12 to 2.18),0.5127,-0.9639,0.1207,2.178,95%,0.3147
Bcl2l13,P59017,sp|P59017|B2L13_MOUSE,2,33990.81 (95% CI:27222.56 to 42441.83),33990.8117,15.0529,27222.5585,42441.833,95%,0.0000
Cbx1,P83917,sp|P83917|CBX1_MOUSE,2,3.17 (95% CI:0.01 to 1353.73),3.1721,1.6655,0.0074,1353.7279,95%,0.6574
Esyt1,Q3U7R1,sp|Q3U7R1|ESYT1_MOUSE,2,35612.19 (95% CI:31105.27 to 40772.13),35612.1894,15.1201,31105.2703,40772.1271,95%,0.0000
Ube2z,Q3UE37,sp|Q3UE37|UBE2Z_MOUSE,2,4.57 (95% CI:1.29 to 16.21),4.5749,2.1937,1.2911,16.2099,95%,0.0483
Aebp1,Q640N1,sp|Q640N1|AEBP1_MOUSE,2,1.96 (95% CI:1 to 3.83),1.9602,0.971,1.0021,3.8345,95%,0.0766
Cilp,Q66K08,sp|Q66K08|CILP1_MOUSE,2,5.07 (95% CI:2.1 to 12.24),5.0693,2.3418,2.0999,12.2376,95%,0.0142
Srsf7,Q8BL97,sp|Q8BL97|SRSF7_MOUSE,2,0.33 (95% CI:0.26 to 0.41),0.3278,-1.6091,0.2642,0.4068,95%,0.0005
Pabpc6,Q9D4E6,tr|Q9D4E6|Q9D4E6_MOUSE,2,0.87 (95% CI:0.01 to 98.76),0.8717,-0.1981,0.0077,98.7588,95%,0.9462
Dkk3,Q9QUN9,sp|Q9QUN9|DKK3_MOUSE,2,68.12 (95% CI:41.53 to 111.71),68.1176,6.09,41.5344,111.7146,95%,0.0001
Ap1m2,Q9WVP1,sp|Q9WVP1|AP1M2_MOUSE,2,1292.84 (95% CI:1.94 to 863495.57),1292.8379,10.3363,1.9357,863495.5695,95%,0.0606
Atp12a,Q9Z1W8,sp|Q9Z1W8|AT12A_MOUSE,2,0.51 (95% CI:0.31 to 0.83),0.51,-0.9715,0.3133,0.8302,95%,0.0329
Iglc1,A0A0G2JE99,tr|A0A0G2JE99|A0A0G2JE99_MOUSE,2,5.78 (95% CI:5.08 to 6.57),5.778,2.5306,5.0823,6.5688,95%,0.0000
Igkv13-84,A0A140T8N3,tr|A0A140T8N3|A0A140T8N3_MOUSE,2,0.44 (95% CI:0.41 to 0.48),0.4415,-1.1796,0.4058,0.4802,95%,0.0001
Cops4,O88544,sp|O88544|CSN4_MOUSE,2,3.39 (95% CI:1.86 to 6.18),3.3891,1.7609,1.8574,6.1839,95%,0.0105
Pkm,P52480,sp|P52480|KPYM_MOUSE,2,0.85 (95% CI:0.76 to 0.95),0.8514,-0.2321,0.7601,0.9536,95%,0.0306
Ruvbl1,P60122,sp|P60122|RUVB1_MOUSE,2,3.13 (95% CI:2.25 to 4.35),3.1261,1.6444,2.2483,4.3468,95%,0.0019
Gm5414,Q6IFZ8,tr|Q6IFZ8|Q6IFZ8_MOUSE,2,2.46 (95% CI:0.48 to 12.56),2.4614,1.2995,0.4822,12.5634,95%,0.2459
Rtn4rl2,Q7M6Z0,sp|Q7M6Z0|R4RL2_MOUSE,2,2133.61 (95% CI:0.93 to 4897560.72),2133.6078,11.0591,0.9295,4897560.7164,95%,0.0791
Sez6,Q7TSK2,sp|Q7TSK2|SEZ6_MOUSE,2,2.66 (95% CI:0.31 to 23.02),2.6589,1.4109,0.3072,23.0176,95%,0.3217
Hamp,Q9EQ21,sp|Q9EQ21|HEPC_MOUSE,2,184665.86 (95% CI:165643.57 to 205872.64),184665.8608,17.4946,165643.5748,205872.6405,95%,0.0000
Vapa,Q9WV55,sp|Q9WV55|VAPA_MOUSE,2,49.79 (95% CI:15.55 to 159.44),49.7911,5.6378,15.5495,159.4364,95%,0.0021
Ighv1-75,A0A075B5Y2,tr|A0A075B5Y2|A0A075B5Y2_MOUSE,2,3.08 (95% CI:1.63 to 5.83),3.0809,1.6234,1.6294,5.8254,95%,0.0161
Igkv6-20,A0A140T8P2,tr|A0A140T8P2|A0A140T8P2_MOUSE,2,2.2 (95% CI:2.1 to 2.3),2.1955,1.1345,2.0983,2.2972,95%,0.0000
Pigr,O70570,sp|O70570|PIGR_MOUSE,2,10.27 (95% CI:7.76 to 13.59),10.2739,3.3609,7.7641,13.5949,95%,0.0001
Selenop,P70274,sp|P70274|SEPP1_MOUSE,2,5.09 (95% CI:4.44 to 5.84),5.0887,2.3473,4.4376,5.8354,95%,0.0000
Naca,P70670,sp|P70670|NACAM_MOUSE,2,1.89 (95% CI:1.51 to 2.35),1.8863,0.9155,1.5111,2.3547,95%,0.0036
Fbln7,Q501P1,sp|Q501P1|FBLN7_MOUSE,2,3188.79 (95% CI:1306.65 to 7782.01),3188.7907,11.6388,1306.653,7782.0097,95%,0.0001
Arg1,Q61176,sp|Q61176|ARGI1_MOUSE,2,1.39 (95% CI:0.87 to 2.22),1.3915,0.4767,0.8725,2.2192,95%,0.1617
Vat1,Q62465,sp|Q62465|VAT1_MOUSE,2,1.29 (95% CI:0.55 to 3.05),1.2932,0.371,0.5476,3.0543,95%,0.4968
Txndc16,Q7TN22,sp|Q7TN22|TXD16_MOUSE,2,0.12 (95% CI:0.09 to 0.18),0.1248,-3.0017,0.0889,0.1753,95%,0.0003
Eprs1,Q8CGC7,sp|Q8CGC7|SYEP_MOUSE,2,0.49 (95% CI:0.26 to 0.9),0.4875,-1.0365,0.2629,0.9041,95%,0.0528
Tor2a,Q8R1J9,sp|Q8R1J9|TOR2A_MOUSE,2,16.49 (95% CI:8.91 to 30.52),16.4931,4.0438,8.9118,30.5239,95%,0.0008
Apol8,A2VDH7,tr|A2VDH7|A2VDH7_MOUSE,2,169702.23 (95% CI:143223.48 to 201076.28),169702.2257,17.3726,143223.4834,201076.2811,95%,0.0000
Tpm3-rs7,D3Z2H9,tr|D3Z2H9|D3Z2H9_MOUSE,2,1.92 (95% CI:1.11 to 3.32),1.9215,0.9422,1.1109,3.3234,95%,0.0494
Casq1,O09165,sp|O09165|CASQ1_MOUSE,2,14093.64 (95% CI:13103.7 to 15158.38),14093.6434,13.7828,13103.6951,15158.3795,95%,0.0000
Rab18,P35293,sp|P35293|RAB18_MOUSE,2,1.89 (95% CI:0.81 to 4.4),1.8871,0.9162,0.8094,4.4,95%,0.1443
Rpl6,P47911,sp|P47911|RL6_MOUSE,2,14456.52 (95% CI:11887.61 to 17580.57),14456.5231,13.8194,11887.6137,17580.573,95%,0.0000
Tnks1bp1,P58871,sp|P58871|TB182_MOUSE,2,4.6 (95% CI:2.11 to 10.01),4.5963,2.2005,2.1112,10.0064,95%,0.0117
Osbp,Q3B7Z2,sp|Q3B7Z2|OSBP1_MOUSE,2,4.03 (95% CI:0.58 to 28.22),4.0344,2.0123,0.5767,28.2249,95%,0.1580
Olfml2b,Q3V1G4,sp|Q3V1G4|OLM2B_MOUSE,2,1.75 (95% CI:0.53 to 5.75),1.746,0.804,0.5306,5.7452,95%,0.3095
Adipoq,Q60994,sp|Q60994|ADIPO_MOUSE,2,10.34 (95% CI:9.54 to 11.21),10.3386,3.37,9.5353,11.2097,95%,0.0000
Dctn2,Q99KJ8,sp|Q99KJ8|DCTN2_MOUSE,2,0.87 (95% CI:0.58 to 1.3),0.8704,-0.2003,0.5848,1.2954,95%,0.4318
Fastk,Q9JIX9,sp|Q9JIX9|FASTK_MOUSE,2,3537.1 (95% CI:2.26 to 5533491.93),3537.0972,11.7884,2.261,5533491.9285,95%,0.0594
Cdh17,Q9R100,sp|Q9R100|CAD17_MOUSE,2,10.77 (95% CI:4.12 to 28.11),10.7651,3.4283,4.1226,28.1104,95%,0.0055
Atp6ap1,Q9R1Q9,sp|Q9R1Q9|VAS1_MOUSE,2,0.18 (95% CI:0.15 to 0.22),0.1785,-2.4864,0.1478,0.2155,95%,0.0001
Obox8,V9GWY9,tr|V9GWY9|V9GWY9_MOUSE,2,58.16 (95% CI:13.09 to 258.34),58.1609,5.862,13.0937,258.3449,95%,0.0042
Dync1i2,O88487,sp|O88487|DC1I2_MOUSE,2,28524.86 (95% CI:19705.34 to 41291.73),28524.8573,14.7999,19705.3358,41291.7339,95%,0.0000
Cfh,P06909,sp|P06909|CFAH_MOUSE,2,0.13 (95% CI:0.12 to 0.14),0.129,-2.9544,0.1175,0.1416,95%,0.0000
Txn,P10639,sp|P10639|THIO_MOUSE,2,2.62 (95% CI:1.3 to 5.27),2.6182,1.3886,1.302,5.2652,95%,0.0332
Col6a1,Q04857,sp|Q04857|CO6A1_MOUSE,2,0.36 (95% CI:0.22 to 0.57),0.3585,-1.4799,0.2239,0.574,95%,0.0084
Fbn2,Q61555,sp|Q61555|FBN2_MOUSE,2,6.79 (95% CI:2.35 to 19.59),6.7851,2.7624,2.3498,19.5919,95%,0.0150
Npm1,Q61937,sp|Q61937|NPM_MOUSE,2,18124.75 (95% CI:6.17 to 53266064.44),18124.7533,14.1457,6.1673,53266064.4408,95%,0.0457
Ly6e,Q64253,sp|Q64253|LY6E_MOUSE,2,225.27 (95% CI:0.03 to 1804911.7),225.2691,7.8155,0.0281,1804911.6974,95%,0.2141
Nrdc,Q8BHG1,sp|Q8BHG1|NRDC_MOUSE,2,0.71 (95% CI:0.5 to 0.99),0.7074,-0.4994,0.5048,0.9913,95%,0.0728
Plin1,Q8CGN5,sp|Q8CGN5|PLIN1_MOUSE,2,5.48 (95% CI:4.85 to 6.2),5.4828,2.4549,4.8524,6.195,95%,0.0000
Mgat5,Q8R4G6,sp|Q8R4G6|MGT5A_MOUSE,2,0.46 (95% CI:0.09 to 2.28),0.4607,-1.1181,0.0933,2.2754,95%,0.2950
Bhmt2,Q91WS4,sp|Q91WS4|BHMT2_MOUSE,2,0.72 (95% CI:0.37 to 1.42),0.7242,-0.4655,0.3694,1.4198,95%,0.2995
Ilf2,Q9CXY6,sp|Q9CXY6|ILF2_MOUSE,2,2.2 (95% CI:1.25 to 3.89),2.2039,1.1401,1.2499,3.886,95%,0.0323
U2af1,Q9D883,sp|Q9D883|U2AF1_MOUSE,2,0.98 (95% CI:0 to 1181768.05),0.9776,-0.0327,0,1181768.0527,95%,0.9974
Ptprz1,B9EKR1,sp|B9EKR1|PTPRZ_MOUSE,2,2.07 (95% CI:0.37 to 11.64),2.0691,1.049,0.3677,11.642,95%,0.3528
H2-D1,P14427,sp|P14427|HA14_MOUSE,2,92.9 (95% CI:28.98 to 297.81),92.9022,6.5376,28.9809,297.8106,95%,0.0013
Dsc2,P55292,sp|P55292|DSC2_MOUSE,2,1.39 (95% CI:1.03 to 1.88),1.3893,0.4744,1.0263,1.8808,95%,0.0631
Eif4a1,P60843,sp|P60843|IF4A1_MOUSE,2,2.63 (95% CI:1.85 to 3.74),2.6338,1.3971,1.8525,3.7445,95%,0.0040
Kcnab2,P62482,sp|P62482|KCAB2_MOUSE,2,60.92 (95% CI:0.01 to 251162.22),60.9156,5.9287,0.0148,251162.2163,95%,0.2890
Rack1,P68040,sp|P68040|RACK1_MOUSE,2,0.91 (95% CI:0.68 to 1.22),0.909,-0.1376,0.6777,1.2193,95%,0.4633
Krt2,Q3TTY5,sp|Q3TTY5|K22E_MOUSE,2,1.01 (95% CI:0.16 to 6.34),1.0137,0.0196,0.1622,6.336,95%,0.9861
Mettl7a2,Q5I0W6,tr|Q5I0W6|Q5I0W6_MOUSE,2,1.99 (95% CI:0.48 to 8.23),1.9879,0.9912,0.4799,8.2336,95%,0.2960
Lpo,Q5SW46,sp|Q5SW46|PERL_MOUSE,2,1.73 (95% CI:0.24 to 12.4),1.7342,0.7943,0.2425,12.4036,95%,0.5215
Endod1,Q8C522,sp|Q8C522|ENDD1_MOUSE,2,21719.85 (95% CI:19013.07 to 24811.97),21719.8465,14.4067,19013.0713,24811.9687,95%,0.0000
Prmt5,Q8CIG8,sp|Q8CIG8|ANM5_MOUSE,2,4.3 (95% CI:0.59 to 31.21),4.2981,2.1037,0.5919,31.2133,95%,0.1504
Myl9,Q9CQ19,sp|Q9CQ19|MYL9_MOUSE,2,4383.93 (95% CI:2.33 to 8247139.58),4383.9283,12.098,2.3304,8247139.5793,95%,0.0592
Dync1h1,Q9JHU4,sp|Q9JHU4|DYHC1_MOUSE,2,0.82 (95% CI:0.34 to 2),0.8226,-0.2817,0.3381,2.0017,95%,0.6112
Igha,A0A0A6YXW6,tr|A0A0A6YXW6|A0A0A6YXW6_MOUSE,2,4.34 (95% CI:4.04 to 4.66),4.3402,2.1177,4.0434,4.6587,95%,0.0000
Diaph1,O08808,sp|O08808|DIAP1_MOUSE,2,0.59 (95% CI:0.14 to 2.49),0.5853,-0.7728,0.1378,2.4851,95%,0.4075
Hgd,O09173,sp|O09173|HGD_MOUSE,2,0.52 (95% CI:0.33 to 0.81),0.5173,-0.9508,0.3304,0.8102,95%,0.0276
Celsr1,O35161,sp|O35161|CELR1_MOUSE,2,2.28 (95% CI:0.9 to 5.8),2.2808,1.1895,0.8969,5.7998,95%,0.1019
Nid1,P10493,sp|P10493|NID1_MOUSE,2,8.52 (95% CI:4.22 to 17.21),8.523,3.0914,4.222,17.2056,95%,0.0121
C1qb,P14106,sp|P14106|C1QB_MOUSE,2,0.34 (95% CI:0.28 to 0.4),0.3352,-1.577,0.2809,0.4,95%,0.0003
Ldhb,P16125,sp|P16125|LDHB_MOUSE,2,0.59 (95% CI:0.54 to 0.64),0.5866,-0.7695,0.5359,0.6421,95%,0.0004
Cst3,P21460,sp|P21460|CYTC_MOUSE,2,3.75 (95% CI:2.41 to 5.86),3.754,1.9084,2.4064,5.8561,95%,0.0031
Rangap1,P46061,sp|P46061|RAGP1_MOUSE,2,0.16 (95% CI:0.12 to 0.22),0.1642,-2.6069,0.121,0.2227,95%,0.0003
Rps23,P62267,sp|P62267|RS23_MOUSE,2,3.1 (95% CI:0.04 to 225.73),3.0996,1.6321,0.0426,225.7271,95%,0.5433
Lsm8,Q6ZWM4,sp|Q6ZWM4|LSM8_MOUSE,2,435.69 (95% CI:0.04 to 4262682.63),435.6883,8.7672,0.0445,4262682.6288,95%,0.1829
C1qtnf3,Q9ES30,sp|Q9ES30|C1QT3_MOUSE,2,148.41 (95% CI:73.32 to 300.38),148.4051,7.2134,73.3197,300.3839,95%,0.0002
Clic1,Q9Z1Q5,sp|Q9Z1Q5|CLIC1_MOUSE,2,0.69 (95% CI:0.32 to 1.51),0.6926,-0.5299,0.3169,1.5137,95%,0.3079
Ubr4,A2AN08,sp|A2AN08|UBR4_MOUSE,2,0.39 (95% CI:0.21 to 0.73),0.3935,-1.3456,0.2127,0.728,95%,0.0256
Agl,F8VPN4,tr|F8VPN4|F8VPN4_MOUSE,2,0.05 (95% CI:0.04 to 0.07),0.0539,-4.2147,0.0436,0.0665,95%,0.0000
Ambn,O55189,sp|O55189|AMBN_MOUSE,2,609373.94 (95% CI:457186.04 to 812222.07),609373.9368,19.217,457186.0437,812222.0703,95%,0.0000
Ighg,P01863,sp|P01863|GCAA_MOUSE,2,0.64 (95% CI:0.59 to 0.7),0.6415,-0.6404,0.5901,0.6974,95%,0.0005
Pdia4,P08003,sp|P08003|PDIA4_MOUSE,2,6.13 (95% CI:4.9 to 7.66),6.1279,2.6154,4.8996,7.664,95%,0.0001
Usp4,P35123,sp|P35123|UBP4_MOUSE,2,1284.04 (95% CI:0.1 to 16343087.61),1284.0377,10.3265,0.1009,16343087.6067,95%,0.1415
Rac1,P63001,sp|P63001|RAC1_MOUSE,2,3.91 (95% CI:2.83 to 5.41),3.9101,1.9672,2.8283,5.4058,95%,0.0010
Snrpn,P63163,sp|P63163|RSMN_MOUSE,2,424.1 (95% CI:0.24 to 761904.89),424.0969,8.7283,0.2361,761904.8926,95%,0.1241
Ly9,Q01965,sp|Q01965|LY9_MOUSE,2,1.5 (95% CI:0.4 to 5.65),1.503,0.5879,0.3998,5.6506,95%,0.4859
Crisp3,Q03402,sp|Q03402|CRIS3_MOUSE,2,1.95 (95% CI:1.45 to 2.64),1.9532,0.9659,1.4457,2.6389,95%,0.0078
Wfdc17,Q5SSJ1,tr|Q5SSJ1|Q5SSJ1_MOUSE,2,362.83 (95% CI:0.03 to 3991736.33),362.8346,8.5032,0.033,3991736.3275,95%,0.1967
Sec23ip,Q6NZC7,sp|Q6NZC7|S23IP_MOUSE,2,63.95 (95% CI:0 to 1774324.97),63.9526,5.9989,0.0023,1774324.9732,95%,0.3680
Septin11,Q8C1B7,sp|Q8C1B7|SEP11_MOUSE,2,2060.92 (95% CI:0.72 to 5884231.09),2060.9229,11.0091,0.7218,5884231.0888,95%,0.0847
Ipo9,Q91YE6,sp|Q91YE6|IPO9_MOUSE,2,157.62 (95% CI:0.07 to 347446.42),157.616,7.3003,0.0715,347446.4203,95%,0.1846
Igkv12-46,A0A140T8P6,tr|A0A140T8P6|A0A140T8P6_MOUSE,2,0.73 (95% CI:0.61 to 0.86),0.727,-0.4599,0.6146,0.86,95%,0.0129
Capza1,P47753,sp|P47753|CAZA1_MOUSE,2,19.7 (95% CI:2.14 to 181.72),19.6986,4.3,2.1353,181.7206,95%,0.0357
Rps17,P63276,sp|P63276|RS17_MOUSE,2,30251.97 (95% CI:24991.86 to 36619.2),30251.9726,14.8847,24991.8583,36619.1995,95%,0.0000
Chl1,P70232,sp|P70232|NCHL1_MOUSE,2,3.77 (95% CI:1.61 to 8.81),3.7651,1.9127,1.6085,8.8131,95%,0.0235
Lamc2,Q61092,sp|Q61092|LAMC2_MOUSE,2,6107.8 (95% CI:3594.75 to 10377.69),6107.7991,12.5764,3594.7499,10377.6929,95%,0.0000
Actr3b,Q641P0,sp|Q641P0|ARP3B_MOUSE,2,0.16 (95% CI:0.04 to 0.59),0.1615,-2.6301,0.0443,0.5894,95%,0.0313
Sord,Q64442,sp|Q64442|DHSO_MOUSE,2,0.85 (95% CI:0.51 to 1.39),0.8462,-0.2409,0.5142,1.3927,95%,0.4495
Islr,Q6GU68,sp|Q6GU68|ISLR_MOUSE,2,5704.63 (95% CI:2641.95 to 12317.73),5704.6314,12.4779,2641.9494,12317.7299,95%,0.0000
Helb,Q6NVF4,sp|Q6NVF4|HELB_MOUSE,2,7.12 (95% CI:3.45 to 14.68),7.1165,2.8312,3.4491,14.6833,95%,0.0043
Stk26,Q99JT2,sp|Q99JT2|STK26_MOUSE,2,138975.63 (95% CI:125207.37 to 154257.9),138975.6302,17.0845,125207.3684,154257.9006,95%,0.0000
Adrm1,Q9JKV1,sp|Q9JKV1|ADRM1_MOUSE,2,44987.42 (95% CI:34082.55 to 59381.35),44987.4205,15.4572,34082.552,59381.3517,95%,0.0000
Efemp2,Q9WVJ9,sp|Q9WVJ9|FBLN4_MOUSE,2,33.01 (95% CI:10.71 to 101.76),33.0148,5.045,10.7113,101.7602,95%,0.0027
Iglv1,A0A075B663,tr|A0A075B663|A0A075B663_MOUSE,2,2.8 (95% CI:2.41 to 3.24),2.7969,1.4838,2.4135,3.2413,95%,0.0002
Tpst1,O70281,sp|O70281|TPST1_MOUSE,2,1149.63 (95% CI:0.29 to 4511708.86),1149.6304,10.167,0.2929,4511708.8601,95%,0.1101
Osmr,O70458,sp|O70458|OSMR_MOUSE,2,4279.93 (95% CI:2891.12 to 6335.88),4279.9291,12.0634,2891.1199,6335.8815,95%,0.0000
Klk1b16,P04071,sp|P04071|K1B16_MOUSE,2,0.3 (95% CI:0.27 to 0.33),0.2992,-1.7409,0.274,0.3267,95%,0.0000
Tuba3b,P05214,sp|P05214|TBA3_MOUSE,2,34.56 (95% CI:14.21 to 84.04),34.5565,5.1109,14.2102,84.0351,95%,0.0012
Hspa1l,P16627,sp|P16627|HS71L_MOUSE,2,10.5 (95% CI:9.87 to 11.16),10.4962,3.3918,9.8696,11.1625,95%,0.0000
Vbp1,P61759,sp|P61759|PFD3_MOUSE,2,54.56 (95% CI:0.01 to 297961.07),54.5583,5.7697,0.01,297961.0652,95%,0.3122
Rbp4,Q00724,sp|Q00724|RET4_MOUSE,2,0.07 (95% CI:0.06 to 0.08),0.0684,-3.8698,0.0573,0.0816,95%,0.0000
Bpifa6,Q0VGU8,tr|Q0VGU8|Q0VGU8_MOUSE,2,0.21 (95% CI:0.07 to 0.61),0.2069,-2.273,0.07,0.6117,95%,0.0285
Qsox2,Q3TMX7,sp|Q3TMX7|QSOX2_MOUSE,2,2.31 (95% CI:1.27 to 4.22),2.3107,1.2084,1.2655,4.2193,95%,0.0324
Gnb3,Q61011,sp|Q61011|GBB3_MOUSE,2,1.59 (95% CI:0.76 to 3.35),1.5926,0.6714,0.7578,3.3467,95%,0.2004
Atp1a3,Q6PIC6,sp|Q6PIC6|AT1A3_MOUSE,2,4.89 (95% CI:2.99 to 7.99),4.8893,2.2896,2.9918,7.9905,95%,0.0024
Safb2,Q80YR5,sp|Q80YR5|SAFB2_MOUSE,2,69153.92 (95% CI:60126.19 to 79537.12),69153.9161,16.0775,60126.1916,79537.1198,95%,0.0000
Dis3l2,Q8CI75,sp|Q8CI75|DI3L2_MOUSE,2,0.23 (95% CI:0.16 to 0.33),0.2311,-2.1137,0.1624,0.3287,95%,0.0011
Pygb,Q8CI94,sp|Q8CI94|PYGB_MOUSE,2,7.86 (95% CI:5.23 to 11.83),7.8632,2.9751,5.2271,11.8286,95%,0.0006
Serpina3n,Q91WP6,sp|Q91WP6|SPA3N_MOUSE,2,0.33 (95% CI:0.32 to 0.34),0.3296,-1.601,0.3175,0.3423,95%,0.0000
Vwa5a,Q99KC8,sp|Q99KC8|VMA5A_MOUSE,2,1.49 (95% CI:0.12 to 18.98),1.4891,0.5745,0.1168,18.9784,95%,0.7148
2410137M14Rik,Q9CWF0,tr|Q9CWF0|Q9CWF0_MOUSE,2,83.49 (95% CI:0.52 to 13518.23),83.4909,6.3835,0.5157,13518.2294,95%,0.1053
Tjp2,Q9Z0U1,sp|Q9Z0U1|ZO2_MOUSE,2,39.86 (95% CI:0.01 to 199414.56),39.8609,5.3169,0.008,199414.5566,95%,0.3414
Igkv6-14,A0A140T8P1,tr|A0A140T8P1|A0A140T8P1_MOUSE,2,1.96 (95% CI:1.66 to 2.31),1.9558,0.9678,1.6576,2.3077,95%,0.0012
Apon,G3X9D6,tr|G3X9D6|G3X9D6_MOUSE,2,8.76 (95% CI:7.29 to 10.52),8.7584,3.1307,7.2898,10.5228,95%,0.0000
Tgfb2,P27090,sp|P27090|TGFB2_MOUSE,2,1.67 (95% CI:0.52 to 5.35),1.6747,0.7439,0.524,5.352,95%,0.3310
Apoc3,P33622,sp|P33622|APOC3_MOUSE,2,4.01 (95% CI:3.14 to 5.13),4.0147,2.0053,3.1403,5.1324,95%,0.0004
Actr1a,P61164,sp|P61164|ACTZ_MOUSE,2,53.85 (95% CI:6.95 to 416.99),53.8469,5.7508,6.9534,416.9902,95%,0.0120
Pafah1b1,P63005,sp|P63005|LIS1_MOUSE,2,2.78 (95% CI:0.36 to 21.24),2.7804,1.4753,0.364,21.2406,95%,0.2821
Ppp4r2,Q0VGB7,sp|Q0VGB7|PP4R2_MOUSE,2,191.59 (95% CI:0.1 to 353190.62),191.5932,7.5819,0.1039,353190.6182,95%,0.1650
Snx27,Q3UHD6,sp|Q3UHD6|SNX27_MOUSE,2,3223.57 (95% CI:0.53 to 19640997.33),3223.5737,11.6544,0.5291,19640997.3256,95%,0.0917
Arhgap33,Q80YF9,sp|Q80YF9|RHG33_MOUSE,2,308.33 (95% CI:0.08 to 1176508.43),308.3286,8.2683,0.0808,1176508.4307,95%,0.1667
Prps2,Q9CS42,sp|Q9CS42|PRPS2_MOUSE,2,1.3 (95% CI:0.4 to 4.23),1.2998,0.3783,0.3994,4.2297,95%,0.6074
Lrp1b,Q9JI18,sp|Q9JI18|LRP1B_MOUSE,2,4.63 (95% CI:2.4 to 8.91),4.6272,2.2101,2.4024,8.9124,95%,0.0067
Mup14,A2CEK7,tr|A2CEK7|A2CEK7_MOUSE,2,2.71 (95% CI:2.51 to 2.92),2.7071,1.4367,2.5073,2.9228,95%,0.0000
Iglc2,P01844,sp|P01844|LAC2_MOUSE,2,3.22 (95% CI:2.65 to 3.93),3.2244,1.689,2.646,3.9291,95%,0.0003
Ank1,Q02357,sp|Q02357|ANK1_MOUSE,2,0.64 (95% CI:0.49 to 0.85),0.645,-0.6327,0.4896,0.8496,95%,0.0222
Fat4,Q2PZL6,sp|Q2PZL6|FAT4_MOUSE,2,0.41 (95% CI:0.25 to 0.67),0.4081,-1.2931,0.2491,0.6685,95%,0.0148
Eif1ad2,Q3UT53,tr|Q3UT53|Q3UT53_MOUSE,2,2.14 (95% CI:0.51 to 9),2.1409,1.0982,0.5094,8.9972,95%,0.2612
Pkdcc,Q5RJI4,sp|Q5RJI4|PKDCC_MOUSE,2,2.96 (95% CI:1.89 to 4.64),2.9567,1.564,1.8858,4.6358,95%,0.0061
Ifi47,Q61635,tr|Q61635|Q61635_MOUSE,2,142.06 (95% CI:0.06 to 327871.34),142.0591,7.1503,0.0616,327871.3443,95%,0.1931
Megf9,Q8BH27,sp|Q8BH27|MEGF9_MOUSE,2,195.6 (95% CI:0.01 to 2551773.56),195.6034,7.6118,0.015,2551773.5585,95%,0.2431
Btd,Q8CIF4,sp|Q8CIF4|BTD_MOUSE,2,1.8 (95% CI:1.49 to 2.18),1.804,0.8512,1.4944,2.1777,95%,0.0026
Strbp,Q91WM1,sp|Q91WM1|STRBP_MOUSE,2,1.01 (95% CI:0.2 to 5),1.0084,0.0121,0.2035,4.997,95%,0.9903
Prss23,Q9D6X6,sp|Q9D6X6|PRS23_MOUSE,2,0.38 (95% CI:0.16 to 0.91),0.3805,-1.394,0.1586,0.9128,95%,0.0602
Igkv4-59,A0A0B4J1I8,tr|A0A0B4J1I8|A0A0B4J1I8_MOUSE,2,1.33 (95% CI:1.21 to 1.46),1.3318,0.4133,1.2115,1.464,95%,0.0029
Srsf5,O35326,sp|O35326|SRSF5_MOUSE,2,4.24 (95% CI:3.19 to 5.66),4.2447,2.0857,3.1853,5.6566,95%,0.0006
H2az1,P0C0S6,sp|P0C0S6|H2AZ_MOUSE,2,25.93 (95% CI:21.18 to 31.73),25.9271,4.6964,21.1825,31.7344,95%,0.0000
Klk1b22,P15948,sp|P15948|K1B22_MOUSE,2,0.25 (95% CI:0.23 to 0.27),0.2495,-2.0028,0.2292,0.2717,95%,0.0000
Lifr,P42703,sp|P42703|LIFR_MOUSE,2,0.27 (95% CI:0.23 to 0.32),0.2683,-1.8981,0.2284,0.3151,95%,0.0001
Fcamr,Q2TB54,sp|Q2TB54|FCAMR_MOUSE,2,1.03 (95% CI:0.82 to 1.29),1.0278,0.0396,0.817,1.293,95%,0.7827
Lcp1,Q61233,sp|Q61233|PLSL_MOUSE,2,3.05 (95% CI:2.83 to 3.28),3.0493,1.6085,2.8346,3.2803,95%,0.0008
Tfrc,Q62351,sp|Q62351|TFR1_MOUSE,2,11.78 (95% CI:8.1 to 17.15),11.7841,3.5588,8.0977,17.1487,95%,0.0002
Atp5f1c,Q91VR2,sp|Q91VR2|ATPG_MOUSE,2,5.31 (95% CI:0.45 to 63.09),5.3095,2.4086,0.4468,63.0907,95%,0.1763
St13,Q99L47,sp|Q99L47|F10A1_MOUSE,2,0.14 (95% CI:0.11 to 0.19),0.1416,-2.8204,0.1057,0.1896,95%,0.0002
Arl8b,Q9CQW2,sp|Q9CQW2|ARL8B_MOUSE,2,0.38 (95% CI:0.08 to 1.75),0.3753,-1.414,0.0806,1.748,95%,0.1947
Pdhb,Q9D051,sp|Q9D051|ODPB_MOUSE,2,112.54 (95% CI:0.02 to 638827.05),112.5385,6.8143,0.0198,638827.0454,95%,0.2502
Tor1b,Q9ER41,sp|Q9ER41|TOR1B_MOUSE,2,2.47 (95% CI:1.12 to 5.44),2.4679,1.3033,1.1193,5.4415,95%,0.0554
Ddx39b,Q9Z1N5,sp|Q9Z1N5|DX39B_MOUSE,2,4.69 (95% CI:2.16 to 10.19),4.6919,2.2302,2.1613,10.1855,95%,0.0111
Igkv14-126,A0A075B5K0,tr|A0A075B5K0|A0A075B5K0_MOUSE,2,13.93 (95% CI:9.53 to 20.37),13.9306,3.8002,9.5256,20.3727,95%,0.0002
Ighv1-4,A0A075B5T4,tr|A0A075B5T4|A0A075B5T4_MOUSE,2,2.32 (95% CI:1.42 to 3.78),2.3198,1.214,1.4224,3.7833,95%,0.0175
Ighv1-49,A0A075B5V9,tr|A0A075B5V9|A0A075B5V9_MOUSE,2,8.51 (95% CI:0 to 405007.29),8.5127,3.0896,0.0002,405007.2915,95%,0.6444
Igkv4-68,A0A0B4J1I7,tr|A0A0B4J1I7|A0A0B4J1I7_MOUSE,2,1.27 (95% CI:1.2 to 1.35),1.2688,0.3435,1.1959,1.3462,95%,0.0012
Hbb-bs,A8DUK4,tr|A8DUK4|A8DUK4_MOUSE,2,0.09 (95% CI:0.08 to 0.09),0.0865,-3.5317,0.0794,0.0941,95%,0.0000
Rab10,P61027,sp|P61027|RAB10_MOUSE,2,6.9 (95% CI:3.41 to 13.95),6.8996,2.7865,3.4116,13.9539,95%,0.0041
Anpep,P97449,sp|P97449|AMPN_MOUSE,2,0.39 (95% CI:0.13 to 1.18),0.3948,-1.3408,0.1323,1.1778,95%,0.1105
Skil,Q60665,sp|Q60665|SKIL_MOUSE,2,69.61 (95% CI:0.01 to 733275.57),69.6074,6.1212,0.0066,733275.575,95%,0.3178
Cops7a,Q9CZ04,sp|Q9CZ04|CSN7A_MOUSE,2,2.85 (95% CI:0.91 to 8.91),2.8464,1.5091,0.9092,8.9112,95%,0.0939
Igkv15-103,A0A140T8P3,tr|A0A140T8P3|A0A140T8P3_MOUSE,2,0.84 (95% CI:0.37 to 1.93),0.8421,-0.248,0.3682,1.926,95%,0.6293
Rnf13,O54965,sp|O54965|RNF13_MOUSE,2,108.28 (95% CI:0.04 to 314629.35),108.2792,6.7586,0.0373,314629.3503,95%,0.2239
,P01646,sp|P01646|KV5AD_MOUSE,2,0.82 (95% CI:0.79 to 0.86),0.8203,-0.2858,0.7865,0.8555,95%,0.0007
,P01649,sp|P01649|KV5AG_MOUSE,2,1.03 (95% CI:0.83 to 1.28),1.0288,0.041,0.8267,1.2804,95%,0.7642
,P01661,sp|P01661|KV3A9_MOUSE,2,3.92 (95% CI:1.89 to 8.13),3.9193,1.9706,1.8896,8.1293,95%,0.0135
,P01664,sp|P01664|KV3AC_MOUSE,2,4.73 (95% CI:3.27 to 6.84),4.7284,2.2414,3.2667,6.8442,95%,0.0010
,P01666,sp|P01666|KV3AE_MOUSE,2,5.17 (95% CI:3.78 to 7.07),5.1712,2.3705,3.7831,7.0686,95%,0.0005
,P01679,sp|P01679|KV6A5_MOUSE,2,0.73 (95% CI:0.69 to 0.77),0.7321,-0.4498,0.693,0.7734,95%,0.0004
,P01729,sp|P01729|LV2B_MOUSE,2,2.8 (95% CI:2.41 to 3.24),2.7969,1.4838,2.4135,3.2413,95%,0.0002
,P01795,sp|P01795|HVM26_MOUSE,2,7109.46 (95% CI:0.58 to 86790686.43),7109.4552,12.7955,0.5824,86790686.4309,95%,0.0883
,P01798,sp|P01798|HVM29_MOUSE,2,4.91 (95% CI:4.11 to 5.87),4.9113,2.2961,4.1128,5.865,95%,0.0001
,P01799,sp|P01799|HVM30_MOUSE,2,2.83 (95% CI:2.55 to 3.14),2.8318,1.5017,2.554,3.1398,95%,0.0001
,P01801,sp|P01801|HVM32_MOUSE,2,2.84 (95% CI:2.59 to 3.1),2.8363,1.504,2.5932,3.1022,95%,0.0000
,P01804,sp|P01804|HVM35_MOUSE,2,2.05 (95% CI:1.87 to 2.25),2.0523,1.0372,1.8682,2.2544,95%,0.0002
,P04944,sp|P04944|KV6AA_MOUSE,2,1.33 (95% CI:1.21 to 1.46),1.3318,0.4133,1.2115,1.464,95%,0.0029
Lcn2,P11672,sp|P11672|NGAL_MOUSE,2,0.51 (95% CI:0.41 to 0.62),0.5054,-0.9845,0.4144,0.6164,95%,0.0019
,P18528,sp|P18528|HVM57_MOUSE,2,1.39 (95% CI:1.23 to 1.58),1.3909,0.476,1.2267,1.5771,95%,0.0046
Snrpb,P27048,sp|P27048|RSMB_MOUSE,2,424.1 (95% CI:0.24 to 761904.89),424.0969,8.7283,0.2361,761904.8926,95%,0.1241
Ccl9,P51670,sp|P51670|CCL9_MOUSE,2,1.02 (95% CI:0.51 to 2.07),1.0248,0.0354,0.5064,2.0739,95%,0.9357
Nell2,Q61220,sp|Q61220|NELL2_MOUSE,2,3.45 (95% CI:2.09 to 5.68),3.4466,1.7852,2.091,5.681,95%,0.0055
Pradc1,Q9D9N8,sp|Q9D9N8|PADC1_MOUSE,2,4241.68 (95% CI:1.14 to 15812360.11),4241.6799,12.0504,1.1378,15812360.1095,95%,0.0743
Ighv1-42,A0A075B5V6,tr|A0A075B5V6|A0A075B5V6_MOUSE,2,1.15 (95% CI:1.02 to 1.3),1.153,0.2054,1.0198,1.3036,95%,0.0532
Ighv8-8,A0A0A6YXQ0,tr|A0A0A6YXQ0|A0A0A6YXQ0_MOUSE,2,0.89 (95% CI:0.86 to 0.92),0.887,-0.173,0.8579,0.9172,95%,0.0017
Epb41l2,O70318,sp|O70318|E41L2_MOUSE,2,0.27 (95% CI:0.2 to 0.35),0.2676,-1.9021,0.2044,0.3503,95%,0.0006
Hal,P35492,sp|P35492|HUTH_MOUSE,2,1.29 (95% CI:0.76 to 2.2),1.2905,0.3679,0.7581,2.1966,95%,0.2995
Ceacam10,Q61400,sp|Q61400|CEAMA_MOUSE,2,36.53 (95% CI:0 to 7710552.13),36.5272,5.1909,0.0002,7710552.1299,95%,0.5039
Ltbp3,Q61810,sp|Q61810|LTBP3_MOUSE,2,18.57 (95% CI:6.1 to 56.5),18.5656,4.2146,6.1007,56.4991,95%,0.0046
Sec24b,Q80ZX0,tr|Q80ZX0|Q80ZX0_MOUSE,2,4.37 (95% CI:0.31 to 60.61),4.3685,2.1271,0.3148,60.6115,95%,0.2407
C1qtnf1,Q9QXP7,sp|Q9QXP7|C1QT1_MOUSE,2,5.47 (95% CI:1.32 to 22.66),5.4691,2.4513,1.3202,22.657,95%,0.0490
Igkv3-5,A0A140T8M6,tr|A0A140T8M6|A0A140T8M6_MOUSE,2,1.55 (95% CI:1.31 to 1.82),1.5459,0.6284,1.3105,1.8235,95%,0.0046
Lgals9,O08573,sp|O08573|LEG9_MOUSE,2,0.94 (95% CI:0.21 to 4.16),0.9376,-0.093,0.2111,4.1645,95%,0.9210
Tcof1,O08784,sp|O08784|TCOF_MOUSE,2,6.6 (95% CI:0 to 130301.69),6.604,2.7233,0.0003,130301.693,95%,0.6574
Lrp6,O88572,sp|O88572|LRP6_MOUSE,2,29.35 (95% CI:12.26 to 70.26),29.3532,4.8754,12.2638,70.2562,95%,0.0014
Csf1,P07141,sp|P07141|CSF1_MOUSE,2,13.48 (95% CI:7.7 to 23.59),13.4791,3.7527,7.7019,23.5898,95%,0.0008
Gsr,P47791,sp|P47791|GSHR_MOUSE,2,0 (95% CI:0 to 0.03),0.0044,-7.8407,0.0006,0.0333,95%,0.0044
Egfr,Q01279,sp|Q01279|EGFR_MOUSE,2,0.09 (95% CI:0.09 to 0.1),0.0947,-3.4,0.0862,0.1041,95%,0.0000
Elavl2,Q60899,sp|Q60899|ELAV2_MOUSE,2,3.99 (95% CI:0.3 to 53.65),3.9937,1.9977,0.2973,53.6532,95%,0.2606
Ppm1g,Q61074,sp|Q61074|PPM1G_MOUSE,2,7.17 (95% CI:0.86 to 60),7.1743,2.8428,0.8578,60.005,95%,0.0916
Eif4g2,Q62448,sp|Q62448|IF4G2_MOUSE,2,0.22 (95% CI:0.01 to 3.82),0.2248,-2.1533,0.0132,3.8164,95%,0.2633
Pcyox1,Q9CQF9,sp|Q9CQF9|PCYOX_MOUSE,2,0.74 (95% CI:0.38 to 1.46),0.7423,-0.43,0.3775,1.4594,95%,0.3006
Fam227a,Q9D3V8,tr|Q9D3V8|Q9D3V8_MOUSE,2,0.86 (95% CI:0.21 to 3.57),0.8557,-0.2249,0.2052,3.5678,95%,0.8014
Ica,Q9DBD0,sp|Q9DBD0|ICA_MOUSE,2,0.02 (95% CI:0.02 to 0.02),0.0195,-5.6813,0.0168,0.0226,95%,0.0000
Adamtsl5,D3Z689,tr|D3Z689|D3Z689_MOUSE,2,3.6 (95% CI:2.3 to 5.61),3.5951,1.846,2.3033,5.6114,95%,0.0035
Myl1,P05977,sp|P05977|MYL1_MOUSE,2,12.51 (95% CI:7.29 to 21.47),12.514,3.6455,7.2949,21.4672,95%,0.0007
Hsp90ab1,P11499,sp|P11499|HS90B_MOUSE,2,24.02 (95% CI:14.23 to 40.54),24.0186,4.5861,14.2311,40.5377,95%,0.0003
Tpsb2,P21845,sp|P21845|TRYB2_MOUSE,2,5264.28 (95% CI:8.4 to 3298070.8),5264.2778,12.362,8.4027,3298070.7974,95%,0.0365
Hdgf,P51859,sp|P51859|HDGF_MOUSE,2,0.56 (95% CI:0.42 to 0.73),0.5564,-0.8458,0.4238,0.7306,95%,0.0087
Atp5mpl,P56379,sp|P56379|ATP68_MOUSE,2,9131.68 (95% CI:7842.31 to 10633.03),9131.6753,13.1567,7842.3079,10633.0298,95%,0.0000
Vasp,P70460,sp|P70460|VASP_MOUSE,2,0.12 (95% CI:0.07 to 0.22),0.1229,-3.0246,0.0687,0.2198,95%,0.0017
Apoh,Q01339,sp|Q01339|APOH_MOUSE,2,0.02 (95% CI:0.02 to 0.03),0.0228,-5.4531,0.0191,0.0272,95%,0.0000
Gm1553,Q66VB7,tr|Q66VB7|Q66VB7_MOUSE,2,0.57 (95% CI:0.2 to 1.57),0.5663,-0.8203,0.204,1.5725,95%,0.2431
Kng2,Q6S9I3,tr|Q6S9I3|Q6S9I3_MOUSE,2,2.79 (95% CI:2.48 to 3.15),2.7937,1.4822,2.4757,3.1525,95%,0.0001
Hapln4,Q80WM4,sp|Q80WM4|HPLN4_MOUSE,2,5.32 (95% CI:2.29 to 12.37),5.3217,2.4119,2.29,12.367,95%,0.0114
Septin14,Q9DA97,sp|Q9DA97|SEP14_MOUSE,2,2060.92 (95% CI:0.72 to 5884231.09),2060.9229,11.0091,0.7218,5884231.0888,95%,0.0847
Abhd5,Q9DBL9,sp|Q9DBL9|ABHD5_MOUSE,2,20.35 (95% CI:8.78 to 47.14),20.3465,4.3467,8.7825,47.1371,95%,0.0017
Il18bp,Q9Z0M9,sp|Q9Z0M9|I18BP_MOUSE,2,1.75 (95% CI:1.55 to 1.98),1.7493,0.8068,1.5473,1.9777,95%,0.0008
Ighv1-12,A0A075B5U0,tr|A0A075B5U0|A0A075B5U0_MOUSE,2,4.06 (95% CI:3.2 to 5.14),4.0583,2.0209,3.2037,5.1409,95%,0.0003
Vmn2r75,G5E8Z7,tr|G5E8Z7|G5E8Z7_MOUSE,2,4362 (95% CI:42.39 to 448869.71),4361.9978,12.0908,42.3887,448869.711,95%,0.0150
Clec11a,O88200,sp|O88200|CLC11_MOUSE,2,52.27 (95% CI:16.37 to 166.92),52.2689,5.7079,16.3677,166.9161,95%,0.0020
Klk1b1,P00755,sp|P00755|K1KB1_MOUSE,2,0.07 (95% CI:0.06 to 0.08),0.0707,-3.8213,0.0633,0.0791,95%,0.0000
Gck,P52792,sp|P52792|HXK4_MOUSE,2,2.14 (95% CI:0.98 to 4.7),2.1445,1.1007,0.978,4.7025,95%,0.0828
Tubb4b,P68372,sp|P68372|TBB4B_MOUSE,2,63.96 (95% CI:48.08 to 85.09),63.9604,5.9991,48.0803,85.0855,95%,0.0000
Mat2a,Q3THS6,sp|Q3THS6|METK2_MOUSE,2,1.79 (95% CI:0.71 to 4.54),1.7914,0.8411,0.7069,4.5395,95%,0.2002
Ric8a,Q3TIR3,sp|Q3TIR3|RIC8A_MOUSE,2,0.35 (95% CI:0.28 to 0.44),0.3535,-1.5003,0.2818,0.4434,95%,0.0008
Hist2h2aa2,Q6GSS7,sp|Q6GSS7|H2A2A_MOUSE,2,27.79 (95% CI:22.46 to 34.38),27.7876,4.7964,22.4567,34.384,95%,0.0000
Snx6,Q6P8X1,sp|Q6P8X1|SNX6_MOUSE,2,1875.97 (95% CI:0.37 to 9483850.96),1875.9738,10.8734,0.3711,9483850.9591,95%,0.1018
Phkb,Q7TSH2,sp|Q7TSH2|KPBB_MOUSE,2,1.13 (95% CI:0.6 to 2.12),1.1258,0.1709,0.599,2.1157,95%,0.6622
Clca2,Q8BG22,sp|Q8BG22|CLCA2_MOUSE,2,6604.66 (95% CI:1.32 to 33027854.42),6604.6551,12.6893,1.3207,33027854.4169,95%,0.0717
Lrg1,Q91XL1,tr|Q91XL1|Q91XL1_MOUSE,2,0.17 (95% CI:0.16 to 0.19),0.173,-2.5312,0.1617,0.1851,95%,0.0000
Sf3b3,Q921M3,sp|Q921M3|SF3B3_MOUSE,2,625.37 (95% CI:0.07 to 5951962.83),625.3722,9.2886,0.0657,5951962.8292,95%,0.1632
Ndufb10,Q9DCS9,sp|Q9DCS9|NDUBA_MOUSE,2,31293.59 (95% CI:21344.91 to 45879.27),31293.5897,14.9336,21344.9092,45879.2654,95%,0.0000
Apobec2,Q9WV35,sp|Q9WV35|ABEC2_MOUSE,2,0.71 (95% CI:0.32 to 1.58),0.7058,-0.5027,0.3154,1.5796,95%,0.3414
Sec24c,G3X972,tr|G3X972|G3X972_MOUSE,2,44724.03 (95% CI:39943.61 to 50076.57),44724.033,15.4488,39943.6135,50076.5692,95%,0.0000
,P01808,sp|P01808|HVM38_MOUSE,2,0.93 (95% CI:0.83 to 1.03),0.9265,-0.1101,0.8295,1.0348,95%,0.1684
Ly6a,P05533,sp|P05533|LY6A_MOUSE,2,528.6 (95% CI:0.26 to 1075353.61),528.596,9.046,0.2598,1075353.6055,95%,0.1189
Ubc,P0CG50,sp|P0CG50|UBC_MOUSE,2,17.81 (95% CI:11.02 to 28.8),17.814,4.1549,11.0206,28.7951,95%,0.0003
Sftpb,P50405,sp|P50405|PSPB_MOUSE,2,8446.25 (95% CI:8009.06 to 8907.3),8446.2463,13.0441,8009.0616,8907.2953,95%,0.0000
Lama3,Q61789,sp|Q61789|LAMA3_MOUSE,2,3.76 (95% CI:0.46 to 30.93),3.7564,1.9094,0.4562,30.9333,95%,0.2001
Sf3a1,Q8K4Z5,sp|Q8K4Z5|SF3A1_MOUSE,2,1.43 (95% CI:0.27 to 7.52),1.4263,0.5123,0.2704,7.5246,95%,0.6199
Lap3,Q9CPY7,sp|Q9CPY7|AMPL_MOUSE,2,0.27 (95% CI:0.17 to 0.42),0.2666,-1.9073,0.1702,0.4177,95%,0.0032
Coro1b,Q9WUM3,sp|Q9WUM3|COR1B_MOUSE,2,1.26 (95% CI:0.88 to 1.82),1.2626,0.3363,0.8769,1.8178,95%,0.1933
Ighv6-7,A0A0A6YWU3,tr|A0A0A6YWU3|A0A0A6YWU3_MOUSE,2,1.65 (95% CI:1.5 to 1.81),1.6479,0.7206,1.5025,1.8073,95%,0.0005
Gm5478,A0A2R8VHP3,tr|A0A2R8VHP3|A0A2R8VHP3_MOUSE,2,2.03 (95% CI:0.37 to 11.05),2.0266,1.0191,0.3718,11.0464,95%,0.3575
Cpb1,B2RS76,tr|B2RS76|B2RS76_MOUSE,2,6388.33 (95% CI:7.2 to 5665091.92),6388.325,12.6412,7.2039,5665091.9166,95%,0.0399
Eftud2,O08810,sp|O08810|U5S1_MOUSE,2,2.07 (95% CI:1.6 to 2.67),2.0675,1.0479,1.5987,2.6738,95%,0.0037
Afm,O89020,sp|O89020|AFAM_MOUSE,2,0.08 (95% CI:0.08 to 0.09),0.0836,-3.5812,0.0789,0.0885,95%,0.0000
H2-Q7,P14429,sp|P14429|HA17_MOUSE,2,9.6 (95% CI:8.55 to 10.78),9.5975,3.2627,8.5483,10.7755,95%,0.0000
Plg,P20918,sp|P20918|PLMN_MOUSE,2,1.66 (95% CI:1.41 to 1.95),1.6584,0.7298,1.4117,1.9481,95%,0.0026
Atp5f1e,P56382,sp|P56382|ATP5E_MOUSE,2,215.71 (95% CI:0.02 to 2833135.88),215.7102,7.753,0.0164,2833135.877,95%,0.2364
Kap,P61110,sp|P61110|ANRE_MOUSE,2,0.69 (95% CI:0.48 to 0.98),0.6887,-0.5381,0.4836,0.9807,95%,0.0679
Rpl8,P62918,sp|P62918|RL8_MOUSE,2,0.95 (95% CI:0.16 to 5.7),0.952,-0.0709,0.159,5.7015,95%,0.9488
Rala,P63321,sp|P63321|RALA_MOUSE,2,4167.48 (95% CI:1.48 to 11733957.78),4167.4799,12.025,1.4801,11733957.7799,95%,0.0689
Rac2,Q05144,sp|Q05144|RAC2_MOUSE,2,9.9 (95% CI:6.33 to 15.49),9.8987,3.3072,6.3253,15.491,95%,0.0006
Hspg2,Q05793,sp|Q05793|PGBM_MOUSE,2,7.44 (95% CI:4.27 to 12.96),7.4382,2.895,4.2691,12.9598,95%,0.0017
Babam1,Q3UI43,sp|Q3UI43|BABA1_MOUSE,2,7.58 (95% CI:0.45 to 128.68),7.5788,2.922,0.4464,128.6776,95%,0.1588
Pon3,Q62087,sp|Q62087|PON3_MOUSE,2,26842.02 (95% CI:17058.39 to 42236.94),26842.021,14.7122,17058.386,42236.9438,95%,0.0000
Wdr77,Q99J09,sp|Q99J09|MEP50_MOUSE,2,0.67 (95% CI:0.58 to 0.77),0.6702,-0.5773,0.581,0.7732,95%,0.0038
Ighv3-3,A0A075B5S4,tr|A0A075B5S4|A0A075B5S4_MOUSE,2,125.32 (95% CI:0.05 to 305724.45),125.3229,6.9695,0.0514,305724.448,95%,0.2047
Gm8909,G3UXE9,tr|G3UXE9|G3UXE9_MOUSE,2,11.2 (95% CI:9.02 to 13.9),11.1987,3.4853,9.0206,13.9028,95%,0.0000
Nefm,P08553,sp|P08553|NFM_MOUSE,2,88823.73 (95% CI:54276.65 to 145360.01),88823.727,16.4387,54276.6497,145360.0124,95%,0.0000
Ctnna1,P26231,sp|P26231|CTNA1_MOUSE,2,1.24 (95% CI:0.14 to 11.31),1.2397,0.31,0.1359,11.3058,95%,0.8232
Atp6v1b2,P62814,sp|P62814|VATB2_MOUSE,2,4.56 (95% CI:0.62 to 33.72),4.5648,2.1906,0.6179,33.723,95%,0.1407
F13b,Q07968,sp|Q07968|F13B_MOUSE,2,3.39 (95% CI:2.66 to 4.32),3.387,1.76,2.6581,4.3159,95%,0.0006
Papola,Q61183,sp|Q61183|PAPOA_MOUSE,2,3.93 (95% CI:3.3 to 4.68),3.9327,1.9755,3.3049,4.6797,95%,0.0001
Cct6b,Q61390,sp|Q61390|TCPW_MOUSE,2,1.08 (95% CI:0.82 to 1.41),1.0756,0.1051,0.8222,1.407,95%,0.5328
Selenbp2,Q63836,sp|Q63836|SBP2_MOUSE,2,118.48 (95% CI:0.02 to 724675.46),118.4839,6.8885,0.0194,724675.4614,95%,0.2493
Fkbp15,Q6P9Q6,sp|Q6P9Q6|FKB15_MOUSE,2,8.12 (95% CI:4.23 to 15.6),8.122,3.0218,4.228,15.6023,95%,0.0024
Aco2,Q99KI0,sp|Q99KI0|ACON_MOUSE,2,1.4 (95% CI:0.25 to 7.9),1.3954,0.4807,0.2466,7.8962,95%,0.6552
Tor1a,Q9ER39,sp|Q9ER39|TOR1A_MOUSE,2,5.91 (95% CI:1.47 to 23.74),5.9109,2.5634,1.4716,23.7418,95%,0.0411
Pi16,Q9ET66,sp|Q9ET66|PI16_MOUSE,2,29.68 (95% CI:18.13 to 48.58),29.6777,4.8913,18.1311,48.5778,95%,0.0002
Psma1,Q9R1P4,sp|Q9R1P4|PSA1_MOUSE,2,45.85 (95% CI:30.37 to 69.22),45.8518,5.5189,30.372,69.2213,95%,0.0001
Igkv4-63,A0A075B5M1,tr|A0A075B5M1|A0A075B5M1_MOUSE,2,2.08 (95% CI:1.97 to 2.2),2.0809,1.0572,1.9694,2.1988,95%,0.0000
Ighv1-43,A0A075B5V7,tr|A0A075B5V7|A0A075B5V7_MOUSE,2,1.46 (95% CI:1.18 to 1.81),1.46,0.5459,1.1775,1.8102,95%,0.0163
Igkv3-4,A0A140T8Q4,tr|A0A140T8Q4|A0A140T8Q4_MOUSE,2,6.83 (95% CI:5.32 to 8.78),6.8325,2.7724,5.3187,8.777,95%,0.0002
Igkv6-17,P01633,sp|P01633|KV5A1_MOUSE,2,1.63 (95% CI:1.39 to 1.9),1.6265,0.7018,1.3927,1.8995,95%,0.0026
Ctsl,P06797,sp|P06797|CATL1_MOUSE,2,0.07 (95% CI:0.01 to 0.36),0.0733,-3.7697,0.0147,0.3648,95%,0.0207
Alb,P07724,sp|P07724|ALBU_MOUSE,2,0.07 (95% CI:0.06 to 0.07),0.0675,-3.8881,0.0649,0.0703,95%,0.0000
Klk1,P15947,sp|P15947|KLK1_MOUSE,2,0.47 (95% CI:0.06 to 3.79),0.4662,-1.1011,0.0573,3.7898,95%,0.4148
Hexa,P29416,sp|P29416|HEXA_MOUSE,2,9880.72 (95% CI:2.69 to 36328036.38),9880.7182,13.2704,2.6874,36328036.3796,95%,0.0581
Clec3b,P43025,sp|P43025|TETN_MOUSE,2,0.02 (95% CI:0 to 0.07),0.0167,-5.9058,0.0037,0.075,95%,0.0042
Adamts7,Q68SA9,sp|Q68SA9|ATS7_MOUSE,2,9450.08 (95% CI:4.51 to 19810687.57),9450.0831,13.2061,4.5079,19810687.5653,95%,0.0489
Mcf2,Q8BLE2,tr|Q8BLE2|Q8BLE2_MOUSE,2,0.16 (95% CI:0.04 to 0.62),0.1639,-2.6095,0.0432,0.6215,95%,0.0346
C1s2,Q8CFG8,sp|Q8CFG8|CS1B_MOUSE,2,17.3 (95% CI:15.77 to 18.99),17.3016,4.1128,15.7672,18.9852,95%,0.0000
Ehbp1l1,Q99MS7,sp|Q99MS7|EH1L1_MOUSE,2,14981.21 (95% CI:4407.01 to 50927.2),14981.2084,13.8709,4407.0089,50927.196,95%,0.0001
Ighv5-9,A0A075B5Q2,tr|A0A075B5Q2|A0A075B5Q2_MOUSE,2,1.17 (95% CI:1.03 to 1.34),1.1717,0.2286,1.025,1.3393,95%,0.0501
Ighv3-4,A0A0A6YXF1,tr|A0A0A6YXF1|A0A0A6YXF1_MOUSE,2,0.38 (95% CI:0.01 to 15.56),0.3836,-1.3824,0.0095,15.5647,95%,0.5512
Fn1,P11276,sp|P11276|FINC_MOUSE,2,6.16 (95% CI:5.83 to 6.51),6.1587,2.6226,5.8251,6.5114,95%,0.0000
Ctsa,P16675,sp|P16675|PPGB_MOUSE,2,0.63 (95% CI:0.53 to 0.75),0.6312,-0.6639,0.5305,0.7509,95%,0.0045
Psmd7,P26516,sp|P26516|PSMD7_MOUSE,2,77.42 (95% CI:4 to 1497.66),77.4232,6.2747,4.0025,1497.6579,95%,0.0277
Rac3,P60764,sp|P60764|RAC3_MOUSE,2,3.73 (95% CI:2.64 to 5.27),3.731,1.8996,2.6419,5.269,95%,0.0014
Gnb2,P62880,sp|P62880|GBB2_MOUSE,2,3.95 (95% CI:1.61 to 9.69),3.9534,1.9831,1.6136,9.6859,95%,0.0247
Actg1,P63260,sp|P63260|ACTG_MOUSE,2,1.53 (95% CI:1.35 to 1.73),1.5313,0.6147,1.3534,1.7325,95%,0.0019
H3c11,P68433,sp|P68433|H31_MOUSE,2,39.16 (95% CI:16.22 to 94.5),39.1558,5.2912,16.2238,94.5014,95%,0.0011
Cc2d1b,Q8BRN9,sp|Q8BRN9|C2D1B_MOUSE,2,2.09 (95% CI:0.66 to 6.59),2.087,1.0614,0.6613,6.5866,95%,0.1931
Ltbp4,Q8K4G1,sp|Q8K4G1|LTBP4_MOUSE,2,1.73 (95% CI:0.79 to 3.82),1.7319,0.7924,0.7853,3.8198,95%,0.1669
Prss28,Q924N9,sp|Q924N9|PRS28_MOUSE,2,5264.28 (95% CI:8.4 to 3298070.8),5264.2778,12.362,8.4027,3298070.7974,95%,0.0365
Src,P05480,sp|P05480|SRC_MOUSE,2,32195.46 (95% CI:27476.17 to 37725.33),32195.4605,14.9746,27476.1712,37725.3317,95%,0.0000
Serpinc1,P32261,sp|P32261|ANT3_MOUSE,2,0.18 (95% CI:0.16 to 0.19),0.1753,-2.5119,0.1619,0.1898,95%,0.0000
Nucb2,P81117,sp|P81117|NUCB2_MOUSE,2,3.36 (95% CI:2.92 to 3.87),3.3648,1.7505,2.9236,3.8727,95%,0.0001
Nap1l4,Q78ZA7,sp|Q78ZA7|NP1L4_MOUSE,2,3.74 (95% CI:2.66 to 5.26),3.7418,1.9037,2.661,5.2617,95%,0.0014
Srl,Q7TQ48,sp|Q7TQ48|SRCA_MOUSE,2,3.81 (95% CI:0.94 to 15.44),3.8119,1.9305,0.9411,15.4399,95%,0.0851
Cops7b,Q8BV13,sp|Q8BV13|CSN7B_MOUSE,2,4.39 (95% CI:2.89 to 6.67),4.3862,2.133,2.8866,6.665,95%,0.0018
Ssc5d,Q8BV57,sp|Q8BV57|SRCRL_MOUSE,2,4.31 (95% CI:3.15 to 5.9),4.3119,2.1083,3.1506,5.9014,95%,0.0007
Myo1c,Q9WTI7,sp|Q9WTI7|MYO1C_MOUSE,2,9.84 (95% CI:0 to 62498.37),9.841,3.2988,0.0015,62498.365,95%,0.4232
Mup15,A9R9W0,tr|A9R9W0|A9R9W0_MOUSE,2,2.56 (95% CI:2.43 to 2.71),2.5648,1.3589,2.4319,2.705,95%,0.0000
Mup13,L7N222,tr|L7N222|L7N222_MOUSE,2,4.02 (95% CI:2.37 to 6.84),4.0244,2.0088,2.3683,6.8384,95%,0.0046
Hnrnpa2b1,O88569,sp|O88569|ROA2_MOUSE,2,11431.38 (95% CI:7769.5 to 16819.14),11431.3751,13.4807,7769.5027,16819.1377,95%,0.0000
Gpx3,P46412,sp|P46412|GPX3_MOUSE,2,2.01 (95% CI:1.79 to 2.27),2.0144,1.0103,1.7882,2.2692,95%,0.0004
Ppp2cb,P62715,sp|P62715|PP2AB_MOUSE,2,6.24 (95% CI:4.97 to 7.84),6.244,2.6425,4.9738,7.8387,95%,0.0001
Myh1,Q5SX40,sp|Q5SX40|MYH1_MOUSE,2,0.26 (95% CI:0.21 to 0.32),0.258,-1.9545,0.2077,0.3205,95%,0.0003
Psg22,Q810J1,sp|Q810J1|PSG22_MOUSE,2,652.84 (95% CI:0.41 to 1051867.45),652.8425,9.3506,0.4052,1051867.4455,95%,0.1033
Aldob,Q91Y97,sp|Q91Y97|ALDOB_MOUSE,2,0.18 (95% CI:0.14 to 0.23),0.1819,-2.4588,0.1424,0.2323,95%,0.0002
Fcgbp,E9Q0B5,tr|E9Q0B5|E9Q0B5_MOUSE,2,12.48 (95% CI:2.2 to 70.85),12.4787,3.6414,2.1979,70.8498,95%,0.0422
Hrc,G5E8J6,tr|G5E8J6|G5E8J6_MOUSE,2,10.34 (95% CI:1.41 to 75.75),10.3353,3.3695,1.4101,75.7515,95%,0.0517
Mtco2,P00405,sp|P00405|COX2_MOUSE,2,26.09 (95% CI:12.36 to 55.07),26.0907,4.7055,12.3622,55.0653,95%,0.0009
Klk1b3,P00756,sp|P00756|K1KB3_MOUSE,2,0.31 (95% CI:0.21 to 0.47),0.3144,-1.6694,0.2094,0.4719,95%,0.0036
Ctsb,P10605,sp|P10605|CATB_MOUSE,2,1.31 (95% CI:1.13 to 1.51),1.3086,0.388,1.1339,1.5101,95%,0.0134
Mup2,P11589,sp|P11589|MUP2_MOUSE,2,2.53 (95% CI:2.39 to 2.66),2.526,1.3369,2.3948,2.6645,95%,0.0000
Gnat2,P50149,sp|P50149|GNAT2_MOUSE,2,0.05 (95% CI:0.01 to 0.16),0.0454,-4.4621,0.0132,0.1557,95%,0.0053
Tuba1a,P68369,sp|P68369|TBA1A_MOUSE,2,43.54 (95% CI:20.91 to 90.69),43.5428,5.4444,20.9057,90.6916,95%,0.0005
H2-Q2,Q4KN81,tr|Q4KN81|Q4KN81_MOUSE,2,8.51 (95% CI:3.83 to 18.89),8.5077,3.0888,3.8326,18.8856,95%,0.0044
Myl6,Q60605,sp|Q60605|MYL6_MOUSE,2,39.9 (95% CI:19.62 to 81.14),39.8966,5.3182,19.6166,81.1424,95%,0.0005
Krt42,Q6IFX2,sp|Q6IFX2|K1C42_MOUSE,2,0.34 (95% CI:0.07 to 1.58),0.3443,-1.5381,0.0749,1.5841,95%,0.1651
Septin10,Q8C650,sp|Q8C650|SEP10_MOUSE,2,2060.92 (95% CI:0.72 to 5884231.09),2060.9229,11.0091,0.7218,5884231.0888,95%,0.0847
Ltbp1,Q8CG19,sp|Q8CG19|LTBP1_MOUSE,2,0.82 (95% CI:0.64 to 1.06),0.8241,-0.279,0.6378,1.065,95%,0.1425
Cela1,Q91X79,sp|Q91X79|CELA1_MOUSE,2,0.21 (95% CI:0.09 to 0.48),0.2051,-2.2856,0.0872,0.4826,95%,0.0140
Rpl15,Q9CZM2,sp|Q9CZM2|RL15_MOUSE,2,0.73 (95% CI:0.35 to 1.51),0.7289,-0.4561,0.3519,1.51,95%,0.3399
Akap12,Q9WTQ5,sp|Q9WTQ5|AKA12_MOUSE,2,7.44 (95% CI:3.07 to 18.04),7.4385,2.895,3.0669,18.0413,95%,0.0074
Igkv4-51,A0N8I8,tr|A0N8I8|A0N8I8_MOUSE,2,1.04 (95% CI:0.53 to 2.02),1.035,0.0497,0.5303,2.0199,95%,0.9062
Psmd14,O35593,sp|O35593|PSDE_MOUSE,2,1.33 (95% CI:0.24 to 7.29),1.3268,0.4079,0.2414,7.2911,95%,0.6989
Fasn,P19096,sp|P19096|FAS_MOUSE,2,0.49 (95% CI:0.06 to 3.74),0.4905,-1.0276,0.0643,3.7443,95%,0.4303
Nedd4,P46935,sp|P46935|NEDD4_MOUSE,2,3.2 (95% CI:1.8 to 5.66),3.1965,1.6765,1.8042,5.6631,95%,0.0105
Dzip1l,Q499E4,sp|Q499E4|DZI1L_MOUSE,2,32.77 (95% CI:14.04 to 76.53),32.7733,5.0344,14.0354,76.5272,95%,0.0011
Itga2,Q62469,sp|Q62469|ITA2_MOUSE,2,1.02 (95% CI:0.68 to 1.54),1.0243,0.0346,0.6795,1.544,95%,0.8933
Galnt5,Q8C102,sp|Q8C102|GALT5_MOUSE,2,10749.72 (95% CI:2391.05 to 48328.74),10749.7217,13.392,2391.0516,48328.743,95%,0.0003
Ces1f,Q91WU0,sp|Q91WU0|EST1F_MOUSE,2,0.22 (95% CI:0.2 to 0.24),0.2203,-2.1823,0.1996,0.2432,95%,0.0000
Copg1,Q9QZE5,sp|Q9QZE5|COPG1_MOUSE,2,1.19 (95% CI:0.64 to 2.22),1.192,0.2534,0.6396,2.2214,95%,0.5187
Ighv2-6,A0A075B6A7,tr|A0A075B6A7|A0A075B6A7_MOUSE,2,1.38 (95% CI:0.97 to 1.96),1.3769,0.4615,0.9671,1.9604,95%,0.0966
Klk1b11,P15946,sp|P15946|K1B11_MOUSE,2,0.14 (95% CI:0.13 to 0.15),0.1408,-2.8279,0.13,0.1526,95%,0.0000
Lgals3,P16110,sp|P16110|LEG3_MOUSE,2,0.8 (95% CI:0.72 to 0.89),0.8012,-0.3198,0.7173,0.8949,95%,0.0110
Rps2,P25444,sp|P25444|RS2_MOUSE,2,3.87 (95% CI:2.09 to 7.17),3.8719,1.9531,2.0904,7.1716,95%,0.0082
Rps3a,P97351,sp|P97351|RS3A_MOUSE,2,7.52 (95% CI:4.17 to 13.57),7.5192,2.9106,4.1651,13.5745,95%,0.0020
Abraxas2,Q3TCJ1,sp|Q3TCJ1|ABRX2_MOUSE,2,28.51 (95% CI:2.54 to 319.68),28.5054,4.8332,2.5417,319.6835,95%,0.0327
Btf3,Q64152,sp|Q64152|BTF3_MOUSE,2,0.4 (95% CI:0.05 to 3.29),0.3962,-1.3356,0.0478,3.2877,95%,0.3366
Fgl1,Q71KU9,sp|Q71KU9|FGL1_MOUSE,2,18.46 (95% CI:16.03 to 21.27),18.4616,4.2065,16.0275,21.2654,95%,0.0000
Lrrc15,Q80X72,sp|Q80X72|LRC15_MOUSE,2,0.14 (95% CI:0.1 to 0.18),0.1353,-2.8859,0.1038,0.1764,95%,0.0002
Mia3,Q8BI84,sp|Q8BI84|TGO1_MOUSE,2,1.93 (95% CI:0.4 to 9.36),1.9337,0.9514,0.3996,9.358,95%,0.3558
Smg1,Q8BKX6,sp|Q8BKX6|SMG1_MOUSE,2,0.1 (95% CI:0.01 to 1.21),0.1013,-3.3032,0.0085,1.2073,95%,0.0923
Rab15,Q8K386,sp|Q8K386|RAB15_MOUSE,2,7.46 (95% CI:2.14 to 26.03),7.4639,2.8999,2.1403,26.0292,95%,0.0214
Gspt1,Q8R050,sp|Q8R050|ERF3A_MOUSE,2,1.77 (95% CI:1.02 to 3.06),1.7697,0.8235,1.023,3.0613,95%,0.0702
Wasf1,Q8R5H6,sp|Q8R5H6|WASF1_MOUSE,2,49.31 (95% CI:0.01 to 326104.89),49.3145,5.6239,0.0075,326104.8886,95%,0.3316
Creb3l3,Q91XE9,sp|Q91XE9|CR3L3_MOUSE,2,158663.49 (95% CI:137892.73 to 182562.95),158663.4937,17.2756,137892.7333,182562.9505,95%,0.0000
Scgb2b17,S4R2V3,tr|S4R2V3|S4R2V3_MOUSE,2,4.76 (95% CI:2.16 to 10.46),4.756,2.2497,2.1618,10.4633,95%,0.0114
Ighv4-1,A0A075B5R5,tr|A0A075B5R5|A0A075B5R5_MOUSE,2,0.88 (95% CI:0.81 to 0.97),0.8844,-0.1773,0.8095,0.9662,95%,0.0326
Dchs1,E9PVD3,sp|E9PVD3|PCD16_MOUSE,2,24.79 (95% CI:0 to 247079.22),24.7887,4.6316,0.0025,247079.2248,95%,0.4320
Mgp,P19788,sp|P19788|MGP_MOUSE,2,6558.21 (95% CI:0.9 to 47920045.97),6558.209,12.6791,0.8975,47920045.968,95%,0.0795
Timp2,P25785,sp|P25785|TIMP2_MOUSE,2,2920.85 (95% CI:1.05 to 8125058.91),2920.8485,11.5122,1.05,8125058.914,95%,0.0760
Pabpc1,P29341,sp|P29341|PABP1_MOUSE,2,3.26 (95% CI:0.35 to 30.52),3.2647,1.707,0.3492,30.5208,95%,0.2617
Serpina7,P61939,sp|P61939|THBG_MOUSE,2,0.1 (95% CI:0.08 to 0.13),0.1042,-3.2625,0.0847,0.1282,95%,0.0001
Bche,Q03311,sp|Q03311|CHLE_MOUSE,2,0.46 (95% CI:0.09 to 2.33),0.4558,-1.1336,0.0893,2.3258,95%,0.2972
Krt31,Q61765,sp|Q61765|K1H1_MOUSE,2,0.34 (95% CI:0.07 to 1.57),0.3414,-1.5503,0.0741,1.5735,95%,0.1630
Ssr4,Q62186,sp|Q62186|SSRD_MOUSE,2,291.75 (95% CI:0.03 to 2481905.93),291.7519,8.1886,0.0343,2481905.9301,95%,0.2002
A4galt,Q67BJ4,sp|Q67BJ4|A4GAT_MOUSE,2,0.77 (95% CI:0.2 to 2.87),0.7651,-0.3863,0.2037,2.8732,95%,0.6382
Nav1,Q8CH77,sp|Q8CH77|NAV1_MOUSE,2,5.26 (95% CI:2.73 to 10.13),5.2596,2.3949,2.7312,10.1285,95%,0.0052
Gm20730,A0A075B5J6,tr|A0A075B5J6|A0A075B5J6_MOUSE,2,1.68 (95% CI:0.35 to 8.1),1.676,0.745,0.3469,8.0963,95%,0.4590
Igkv17-121,A0A075B5K3,tr|A0A075B5K3|A0A075B5K3_MOUSE,2,12.02 (95% CI:10.69 to 13.51),12.0201,3.5874,10.6941,13.5104,95%,0.0000
Ighv1-7,A0A075B5T7,tr|A0A075B5T7|A0A075B5T7_MOUSE,2,3 (95% CI:1.51 to 5.98),3.0032,1.5865,1.5092,5.9764,95%,0.0219
C7,D3YXF5,tr|D3YXF5|D3YXF5_MOUSE,2,0.2 (95% CI:0.19 to 0.21),0.1953,-2.3564,0.1854,0.2056,95%,0.0000
Anxa2,P07356,sp|P07356|ANXA2_MOUSE,2,9223.68 (95% CI:2632.78 to 32314.31),9223.6834,13.1711,2632.7758,32314.3116,95%,0.0002
Ap2a1,P17426,sp|P17426|AP2A1_MOUSE,2,2.32 (95% CI:1.11 to 4.83),2.3207,1.2146,1.1142,4.8336,95%,0.0548
Aldh1a1,P24549,sp|P24549|AL1A1_MOUSE,2,2.94 (95% CI:2.51 to 3.44),2.9376,1.5547,2.5114,3.4362,95%,0.0002
Sars1,P26638,sp|P26638|SYSC_MOUSE,2,13544.85 (95% CI:9963.53 to 18413.46),13544.8549,13.7255,9963.53,18413.4634,95%,0.0000
Psmb7,P70195,sp|P70195|PSB7_MOUSE,2,536.92 (95% CI:238.64 to 1208.04),536.9191,9.0686,238.6366,1208.038,95%,0.0001
Smarcc1,P97496,sp|P97496|SMRC1_MOUSE,2,201.37 (95% CI:0.12 to 339935.27),201.3707,7.6537,0.1193,339935.2668,95%,0.1591
Tpp2,Q64514,sp|Q64514|TPP2_MOUSE,2,15247.55 (95% CI:11304.85 to 20565.32),15247.5488,13.8963,11304.8464,20565.3165,95%,0.0000
Ehd2,Q8BH64,sp|Q8BH64|EHD2_MOUSE,2,2.88 (95% CI:0.29 to 28.51),2.8802,1.5262,0.291,28.5109,95%,0.3147
Habp2,Q8K0D2,sp|Q8K0D2|HABP2_MOUSE,2,61.38 (95% CI:40.28 to 93.53),61.3805,5.9397,40.2827,93.528,95%,0.0001
Mthfd1,Q922D8,sp|Q922D8|C1TC_MOUSE,2,0.85 (95% CI:0 to 172.98),0.8477,-0.2384,0.0042,172.9787,95%,0.9427
Syap1,Q9D5V6,sp|Q9D5V6|SYAP1_MOUSE,2,12.22 (95% CI:0.63 to 235.63),12.2205,3.6112,0.6338,235.6341,95%,0.1118
Actn2,Q9JI91,sp|Q9JI91|ACTN2_MOUSE,2,4.53 (95% CI:2.38 to 8.62),4.53,2.1795,2.3799,8.6226,95%,0.0066
Ralb,Q9JIW9,sp|Q9JIW9|RALB_MOUSE,2,4167.48 (95% CI:1.48 to 11733957.78),4167.4799,12.025,1.4801,11733957.7799,95%,0.0689
Ighv5-15,A0A075B5Q9,tr|A0A075B5Q9|A0A075B5Q9_MOUSE,2,1.46 (95% CI:1.17 to 1.81),1.4582,0.5442,1.1734,1.8122,95%,0.0170
Mgll,O35678,sp|O35678|MGLL_MOUSE,2,0.93 (95% CI:0.2 to 4.27),0.9303,-0.1042,0.2026,4.2724,95%,0.9134
Mup5,P11591,sp|P11591|MUP5_MOUSE,2,2.86 (95% CI:2.57 to 3.18),2.8586,1.5153,2.5709,3.1785,95%,0.0001
Lipc,P27656,sp|P27656|LIPC_MOUSE,2,12.12 (95% CI:8.55 to 17.17),12.1162,3.5989,8.5522,17.1653,95%,0.0002
Lsm6,P62313,sp|P62313|LSM6_MOUSE,2,13.17 (95% CI:4.38 to 39.59),13.1669,3.7188,4.379,39.5903,95%,0.0066
H3c15,P84228,sp|P84228|H32_MOUSE,2,39.16 (95% CI:16.22 to 94.5),39.1558,5.2912,16.2238,94.5014,95%,0.0011
Slpi,P97430,sp|P97430|SLPI_MOUSE,2,0.55 (95% CI:0.1 to 3.02),0.5466,-0.8715,0.0989,3.0198,95%,0.4269
Etaa1,Q5SVT3,sp|Q5SVT3|ETAA1_MOUSE,2,463.17 (95% CI:0.16 to 1308125.14),463.1725,8.8554,0.164,1308125.1357,95%,0.1359
Cel,Q64285,sp|Q64285|CEL_MOUSE,2,4.77 (95% CI:3.81 to 5.98),4.7746,2.2554,3.8112,5.9815,95%,0.0002
Atp2b4,Q6Q477,sp|Q6Q477|AT2B4_MOUSE,2,473.07 (95% CI:0.16 to 1414186.81),473.0718,8.8859,0.1583,1414186.8086,95%,0.1366
Sned1,Q70E20,sp|Q70E20|SNED1_MOUSE,2,2.75 (95% CI:1.64 to 4.62),2.7505,1.4597,1.6369,4.6217,95%,0.0119
Rpl24,Q8BP67,sp|Q8BP67|RL24_MOUSE,2,2.15 (95% CI:0.18 to 26.05),2.1455,1.1013,0.1767,26.0504,95%,0.4880
Ank2,Q8C8R3,sp|Q8C8R3|ANK2_MOUSE,2,1.21 (95% CI:0.16 to 9.38),1.21,0.275,0.1562,9.3757,95%,0.8310
Mmp19,Q9JHI0,sp|Q9JHI0|MMP19_MOUSE,2,7.17 (95% CI:4.08 to 12.57),7.165,2.841,4.0849,12.5677,95%,0.0018
Ighv5-12,A0A075B5Q4,tr|A0A075B5Q4|A0A075B5Q4_MOUSE,2,1.36 (95% CI:1.18 to 1.57),1.359,0.4426,1.1769,1.5693,95%,0.0090
Igkv12-44,A0A140T8M2,tr|A0A140T8M2|A0A140T8M2_MOUSE,2,0.92 (95% CI:0.86 to 0.98),0.9168,-0.1252,0.8614,0.9759,95%,0.0324
Rpl21,O09167,sp|O09167|RL21_MOUSE,2,517.88 (95% CI:0.29 to 919728.81),517.8755,9.0165,0.2916,919728.8052,95%,0.1152
Igkv7-33,P01632,sp|P01632|KV1A1_MOUSE,2,3.88 (95% CI:3.37 to 4.47),3.8802,1.9561,3.3664,4.4726,95%,0.0001
Blk,P16277,sp|P16277|BLK_MOUSE,2,346.17 (95% CI:0.23 to 513266.83),346.1698,8.4353,0.2335,513266.8317,95%,0.1258
Gapdh,P16858,sp|P16858|G3P_MOUSE,2,15.19 (95% CI:10.71 to 21.57),15.1945,3.9255,10.7053,21.5662,95%,0.0001
Prdx1,P35700,sp|P35700|PRDX1_MOUSE,2,1.9 (95% CI:1.66 to 2.17),1.8999,0.9259,1.6619,2.172,95%,0.0007
Acadl,P51174,sp|P51174|ACADL_MOUSE,2,5.88 (95% CI:0.32 to 109.33),5.8838,2.5568,0.3166,109.3304,95%,0.2121
Rpl26,P61255,sp|P61255|RL26_MOUSE,2,10354.61 (95% CI:7433.67 to 14423.31),10354.6144,13.338,7433.666,14423.3061,95%,0.0000
Txndc5,Q91W90,sp|Q91W90|TXND5_MOUSE,2,38.41 (95% CI:7.33 to 201.29),38.4126,5.2635,7.3304,201.2879,95%,0.0081
Ighv1-56,A0A075B5W7,tr|A0A075B5W7|A0A075B5W7_MOUSE,2,1.55 (95% CI:0.73 to 3.27),1.5477,0.6301,0.7316,3.2741,95%,0.2265
Cilp2,D3Z7H8,sp|D3Z7H8|CILP2_MOUSE,2,1.48 (95% CI:0.57 to 3.81),1.4774,0.5631,0.5723,3.8143,95%,0.3629
Cfap251,E9Q743,sp|E9Q743|CF251_MOUSE,2,1.36 (95% CI:0 to 168861.71),1.3575,0.441,0,168861.7126,95%,0.9509
Itm2b,O89051,sp|O89051|ITM2B_MOUSE,2,14828.94 (95% CI:11539.48 to 19056.08),14828.9369,13.8561,11539.4836,19056.0839,95%,0.0000
Cd74,P04441,sp|P04441|HG2A_MOUSE,2,1.39 (95% CI:0.65 to 2.96),1.3914,0.4765,0.6545,2.9576,95%,0.3363
Itgb1,P09055,sp|P09055|ITB1_MOUSE,2,0.35 (95% CI:0.29 to 0.42),0.3506,-1.512,0.2893,0.425,95%,0.0004
Gusb,P12265,sp|P12265|BGLR_MOUSE,2,498.38 (95% CI:0.13 to 1976489.74),498.384,8.9611,0.1257,1976489.7395,95%,0.1445
Coq7,P97478,sp|P97478|COQ7_MOUSE,2,1308.58 (95% CI:0.45 to 3764148.59),1308.577,10.3538,0.4549,3764148.5858,95%,0.0975
Ahcyl2,Q68FL4,sp|Q68FL4|SAHH3_MOUSE,2,0.25 (95% CI:0.12 to 0.52),0.2515,-1.9914,0.1218,0.5192,95%,0.0128
Abcg2,Q7TMS5,sp|Q7TMS5|ABCG2_MOUSE,2,1.15 (95% CI:0.73 to 1.81),1.1469,0.1977,0.7287,1.8051,95%,0.4928
Spon1,Q8VCC9,sp|Q8VCC9|SPON1_MOUSE,2,0.14 (95% CI:0.12 to 0.16),0.1362,-2.8766,0.1193,0.1554,95%,0.0000
Ndufs1,Q91VD9,sp|Q91VD9|NDUS1_MOUSE,2,49546.6 (95% CI:39503.19 to 62143.48),49546.6004,15.5965,39503.1896,62143.4785,95%,0.0000
Ndufb4,Q9CQC7,sp|Q9CQC7|NDUB4_MOUSE,2,0.2 (95% CI:0.08 to 0.48),0.1971,-2.3429,0.0812,0.4782,95%,0.0144
Rpl11,Q9CXW4,sp|Q9CXW4|RL11_MOUSE,2,1.72 (95% CI:0.08 to 38.58),1.7212,0.7834,0.0768,38.5767,95%,0.6838
Stk3,Q9JI10,sp|Q9JI10|STK3_MOUSE,2,2.78 (95% CI:1.11 to 6.92),2.7751,1.4726,1.1129,6.9204,95%,0.0585
Igkv16-104,A0A0B4J1I1,tr|A0A0B4J1I1|A0A0B4J1I1_MOUSE,2,1.37 (95% CI:1.21 to 1.55),1.3652,0.4491,1.2051,1.5466,95%,0.0054
Krt28,A6BLY7,sp|A6BLY7|K1C28_MOUSE,2,0.34 (95% CI:0.07 to 1.57),0.3414,-1.5503,0.0741,1.5735,95%,0.1630
Heg1,E9Q7X6,sp|E9Q7X6|HEG1_MOUSE,2,3.07 (95% CI:1.71 to 5.53),3.0731,1.6197,1.7091,5.5255,95%,0.0126
Mgat1,P27808,sp|P27808|MGAT1_MOUSE,2,0.76 (95% CI:0.28 to 2.06),0.7626,-0.3911,0.2823,2.0597,95%,0.5307
Serpina3c,P29621,sp|P29621|SPA3C_MOUSE,2,0.27 (95% CI:0.25 to 0.29),0.2663,-1.9089,0.2475,0.2866,95%,0.0000
Rps3,P62908,sp|P62908|RS3_MOUSE,2,5.31 (95% CI:3.84 to 7.34),5.3128,2.4095,3.8443,7.3423,95%,0.0005
Actc1,P68033,sp|P68033|ACTC_MOUSE,2,1.43 (95% CI:1.24 to 1.65),1.43,0.516,1.2382,1.6514,95%,0.0055
Ywhaq,P68254,sp|P68254|1433T_MOUSE,2,19.93 (95% CI:11.79 to 33.69),19.9272,4.3167,11.7882,33.6856,95%,0.0004
Ogn,Q62000,sp|Q62000|MIME_MOUSE,2,8.81 (95% CI:5.14 to 15.13),8.8135,3.1397,5.1354,15.1258,95%,0.0012
Fto,Q8BGW1,sp|Q8BGW1|FTO_MOUSE,2,40996.63 (95% CI:27179.92 to 61836.95),40996.6267,15.3232,27179.9187,61836.9548,95%,0.0000
Aldh9a1,Q9JLJ2,sp|Q9JLJ2|AL9A1_MOUSE,2,6.75 (95% CI:1.49 to 30.57),6.7463,2.7541,1.4886,30.5733,95%,0.0423
Clta,O08585,sp|O08585|CLCA_MOUSE,2,0.09 (95% CI:0.01 to 0.86),0.0858,-3.5428,0.0085,0.8612,95%,0.0664
Col15a1,O35206,sp|O35206|COFA1_MOUSE,2,1.54 (95% CI:0.9 to 2.65),1.5414,0.6242,0.8952,2.654,95%,0.1272
Ass1,P16460,sp|P16460|ASSY_MOUSE,2,0.89 (95% CI:0.76 to 1.03),0.8853,-0.1757,0.7617,1.0291,95%,0.1235
Dnase1,P49183,sp|P49183|DNAS1_MOUSE,2,5.54 (95% CI:2.32 to 13.23),5.5434,2.4708,2.3219,13.2347,95%,0.0116
Notch3,Q61982,sp|Q61982|NOTC3_MOUSE,2,1.46 (95% CI:0.03 to 68.49),1.4576,0.5436,0.031,68.4883,95%,0.8221
Sptbn1,Q62261,sp|Q62261|SPTB2_MOUSE,2,11.97 (95% CI:7.07 to 20.28),11.973,3.5817,7.0684,20.2807,95%,0.0007
Gapdhs,Q64467,sp|Q64467|G3PT_MOUSE,2,50.1 (95% CI:14.42 to 174.13),50.1033,5.6468,14.4165,174.1292,95%,0.0026
Krt73,Q6NXH9,sp|Q6NXH9|K2C73_MOUSE,2,0.92 (95% CI:0.19 to 4.48),0.9191,-0.1217,0.1885,4.4814,95%,0.9032
Gmds,Q8K0C9,sp|Q8K0C9|GMDS_MOUSE,2,23.88 (95% CI:0 to 2912250.73),23.8845,4.578,0.0002,2912250.732,95%,0.5329
Igkv1-132,A0A0B4J1H9,tr|A0A0B4J1H9|A0A0B4J1H9_MOUSE,2,1.42 (95% CI:0.7 to 2.87),1.4228,0.5087,0.705,2.8713,95%,0.2823
Lrriq4,A6H6A4,sp|A6H6A4|LRIQ4_MOUSE,2,0.29 (95% CI:0.25 to 0.33),0.2893,-1.7893,0.2532,0.3307,95%,0.0001
Cenpf,E9Q3P4,tr|E9Q3P4|E9Q3P4_MOUSE,2,1405871.48 (95% CI:1328243.58 to 1488036.26),1405871.4759,20.423,1328243.5763,1488036.2622,95%,0.0000
Atp1a2,Q6PIE5,sp|Q6PIE5|AT1A2_MOUSE,2,4.89 (95% CI:2.99 to 7.99),4.8893,2.2896,2.9918,7.9905,95%,0.0024
H2bc12,Q8CGP1,sp|Q8CGP1|H2B1K_MOUSE,2,18.5 (95% CI:14.58 to 23.49),18.502,4.2096,14.5759,23.4855,95%,0.0000
Rell1,Q8K2J7,sp|Q8K2J7|RELL1_MOUSE,2,0.24 (95% CI:0.07 to 0.87),0.2429,-2.0418,0.0676,0.872,95%,0.0598
Stab2,Q8R4U0,sp|Q8R4U0|STAB2_MOUSE,2,7293.11 (95% CI:0.74 to 72204423.54),7293.1112,12.8323,0.7367,72204423.5414,95%,0.0834
Asl,Q91YI0,sp|Q91YI0|ARLY_MOUSE,2,15110.5 (95% CI:8941.1 to 25536.84),15110.5032,13.8833,8941.096,25536.8367,95%,0.0000
B2m,P01887,sp|P01887|B2MG_MOUSE,2,0.56 (95% CI:0.49 to 0.63),0.5568,-0.8447,0.4908,0.6317,95%,0.0008
Cela2a,P05208,sp|P05208|CEL2A_MOUSE,2,0.62 (95% CI:0.37 to 1.04),0.6215,-0.6862,0.3727,1.0363,95%,0.0910
Pgk2,P09041,sp|P09041|PGK2_MOUSE,2,0.11 (95% CI:0.09 to 0.13),0.1086,-3.2035,0.0938,0.1257,95%,0.0000
Hmgb2,P30681,sp|P30681|HMGB2_MOUSE,2,2.02 (95% CI:1.14 to 3.56),2.0185,1.0133,1.1442,3.5608,95%,0.0448
Rpl28,P41105,sp|P41105|RL28_MOUSE,2,23378.29 (95% CI:11911.41 to 45884.1),23378.2868,14.5129,11911.408,45884.105,95%,0.0000
Pcbp4,P57724,sp|P57724|PCBP4_MOUSE,2,3.3 (95% CI:1.78 to 6.13),3.3021,1.7234,1.7781,6.1323,95%,0.0123
Zfyve26,Q5DU37,sp|Q5DU37|ZFY26_MOUSE,2,152009.13 (95% CI:20836.32 to 1108966.18),152009.1251,17.2138,20836.3199,1108966.1832,95%,0.0003
Krt74,Q6IFZ9,sp|Q6IFZ9|K2C74_MOUSE,2,0.94 (95% CI:0.19 to 4.74),0.9399,-0.0894,0.1864,4.7393,95%,0.9287
Emilin2,Q8K482,sp|Q8K482|EMIL2_MOUSE,2,0.56 (95% CI:0.4 to 0.8),0.5611,-0.8337,0.3954,0.7962,95%,0.0198
Phip,Q8VDD9,sp|Q8VDD9|PHIP_MOUSE,2,1311.9 (95% CI:0.34 to 5096134.97),1311.9006,10.3574,0.3377,5096134.9718,95%,0.1056
Rab5a,Q9CQD1,sp|Q9CQD1|RAB5A_MOUSE,2,3.16 (95% CI:1.85 to 5.39),3.1587,1.6594,1.8505,5.3918,95%,0.0087
Uqcrfs1,Q9CR68,sp|Q9CR68|UCRI_MOUSE,2,48.62 (95% CI:0.01 to 185472.22),48.6159,5.6034,0.0127,185472.2171,95%,0.3068
Macroh2a1,Q9QZQ8,sp|Q9QZQ8|H2AY_MOUSE,2,9.75 (95% CI:0.12 to 802.73),9.7487,3.2852,0.1184,802.7266,95%,0.2711
Padi1,Q9Z185,sp|Q9Z185|PADI1_MOUSE,2,14.89 (95% CI:1.55 to 142.72),14.8891,3.8962,1.5533,142.7227,95%,0.0491
Mettl7a3,G3X9G9,tr|G3X9G9|G3X9G9_MOUSE,2,1.99 (95% CI:0.48 to 8.23),1.9879,0.9912,0.4799,8.2336,95%,0.2960
Mfge8,P21956,sp|P21956|MFGM_MOUSE,2,40.03 (95% CI:31.63 to 50.66),40.0314,5.3231,31.6322,50.6606,95%,0.0000
Stat1,P42225,sp|P42225|STAT1_MOUSE,2,4.87 (95% CI:1.53 to 15.53),4.8735,2.285,1.529,15.534,95%,0.0340
Csnk2b,P67871,sp|P67871|CSK2B_MOUSE,2,1.26 (95% CI:0.66 to 2.4),1.2612,0.3348,0.6632,2.3987,95%,0.4185
Rab40c,Q8VHQ4,sp|Q8VHQ4|RB40C_MOUSE,2,1.59 (95% CI:1.39 to 1.81),1.5866,0.6659,1.3908,1.81,95%,0.0018
Cspg4,Q8VHY0,sp|Q8VHY0|CSPG4_MOUSE,2,1.33 (95% CI:0.89 to 1.99),1.3339,0.4156,0.8946,1.9888,95%,0.1565
Cd248,Q91V98,sp|Q91V98|CD248_MOUSE,2,3.02 (95% CI:2.21 to 4.14),3.0211,1.5951,2.2058,4.1379,95%,0.0018
Basp1,Q91XV3,sp|Q91XV3|BASP1_MOUSE,2,94.16 (95% CI:0.06 to 151742.08),94.1634,6.5571,0.0584,151742.0798,95%,0.2071
Eif3k,Q9DBZ5,sp|Q9DBZ5|EIF3K_MOUSE,2,1.41 (95% CI:0.04 to 50.75),1.4066,0.4922,0.039,50.7548,95%,0.8271
Dnaja2,Q9QYJ0,sp|Q9QYJ0|DNJA2_MOUSE,2,0.77 (95% CI:0.43 to 1.36),0.7668,-0.383,0.4336,1.3561,95%,0.3114
Pdcd6ip,Q9WU78,sp|Q9WU78|PDC6I_MOUSE,2,9.79 (95% CI:3.07 to 31.19),9.7923,3.2916,3.0747,31.1868,95%,0.0116
Fat1,A0A1L1SQU7,tr|A0A1L1SQU7|A0A1L1SQU7_MOUSE,2,0.87 (95% CI:0.52 to 1.43),0.8661,-0.2074,0.5243,1.4306,95%,0.5129
Cym,B7ZWD6,tr|B7ZWD6|B7ZWD6_MOUSE,2,27.38 (95% CI:11.05 to 67.85),27.377,4.7749,11.0468,67.8478,95%,0.0016
Aldoc,P05063,sp|P05063|ALDOC_MOUSE,2,0.39 (95% CI:0.29 to 0.52),0.3863,-1.3721,0.2864,0.521,95%,0.0025
Gsn,P13020,sp|P13020|GELS_MOUSE,2,0.12 (95% CI:0.11 to 0.13),0.1194,-3.0666,0.1084,0.1314,95%,0.0000
B4galt1,P15535,sp|P15535|B4GT1_MOUSE,2,35.85 (95% CI:30.52 to 42.11),35.8469,5.1638,30.515,42.1104,95%,0.0000
Ubl4a,P21126,sp|P21126|UBL4A_MOUSE,2,0.2 (95% CI:0 to 56.16),0.205,-2.2865,0.0007,56.1562,95%,0.5186
Pdgfra,P26618,sp|P26618|PGFRA_MOUSE,2,0.78 (95% CI:0.63 to 0.98),0.7846,-0.3499,0.6303,0.9767,95%,0.0598
Snrpd2,P62317,sp|P62317|SMD2_MOUSE,2,1.12 (95% CI:0.41 to 3.07),1.1174,0.1602,0.4061,3.0747,95%,0.8007
Cct5,P80316,sp|P80316|TCPE_MOUSE,2,0.93 (95% CI:0.47 to 1.82),0.9266,-0.11,0.4722,1.8183,95%,0.7948
Jup,Q02257,sp|Q02257|PLAK_MOUSE,2,7.05 (95% CI:3.23 to 15.38),7.0476,2.8171,3.2302,15.376,95%,0.0054
Med22,Q62276,sp|Q62276|MED22_MOUSE,2,214268.87 (95% CI:189446.81 to 242343.21),214268.87,17.7091,189446.8126,242343.2097,95%,0.0000
Sncb,Q91ZZ3,sp|Q91ZZ3|SYUB_MOUSE,2,1.02 (95% CI:0.52 to 1.98),1.015,0.0215,0.521,1.9776,95%,0.9580
Adam23,Q9R1V7,sp|Q9R1V7|ADA23_MOUSE,2,27.91 (95% CI:0.03 to 24859.24),27.9142,4.8029,0.0313,24859.2375,95%,0.2916
Ighv1-53,A0A075B5W3,tr|A0A075B5W3|A0A075B5W3_MOUSE,2,3.45 (95% CI:2.97 to 4.02),3.4531,1.7879,2.9683,4.0171,95%,0.0001
Ighv1-11,A0A0A6YWI9,tr|A0A0A6YWI9|A0A0A6YWI9_MOUSE,2,0.17 (95% CI:0.16 to 0.18),0.1686,-2.5679,0.1564,0.1819,95%,0.0000
Igkv3-3,A0A140T8Q0,tr|A0A140T8Q0|A0A140T8Q0_MOUSE,2,6.7 (95% CI:5.02 to 8.94),6.6963,2.7434,5.0152,8.9409,95%,0.0002
Gm9046,A0A1W2P855,tr|A0A1W2P855|A0A1W2P855_MOUSE,2,2.65 (95% CI:2.31 to 3.04),2.6506,1.4063,2.3142,3.0358,95%,0.0002
Cd300ld2,A2A7W0,tr|A2A7W0|A2A7W0_MOUSE,2,0.71 (95% CI:0.1 to 4.92),0.7077,-0.4988,0.1018,4.9213,95%,0.6780
Atp2a2,O55143,sp|O55143|AT2A2_MOUSE,2,2.41 (95% CI:2.06 to 2.81),2.4064,1.2669,2.0594,2.812,95%,0.0004
Ccn1,P18406,sp|P18406|CCN1_MOUSE,2,69540.57 (95% CI:19158 to 252421.44),69540.565,16.0856,19158.0009,252421.44,95%,0.0001
Ppm1a,P49443,sp|P49443|PPM1A_MOUSE,2,42.82 (95% CI:0 to 379766.81),42.8164,5.4201,0.0048,379766.8111,95%,0.3612
Tpm4,Q6IRU2,sp|Q6IRU2|TPM4_MOUSE,2,0.39 (95% CI:0.22 to 0.68),0.3885,-1.3641,0.2227,0.6777,95%,0.0182
Macroh2a2,Q8CCK0,sp|Q8CCK0|H2AW_MOUSE,2,17.92 (95% CI:0.25 to 1290.4),17.915,4.1631,0.2487,1290.3981,95%,0.1763
Lrp5,Q91VN0,sp|Q91VN0|LRP5_MOUSE,2,30912.12 (95% CI:1.28 to 748839715.72),30912.1205,14.9159,1.2761,748839715.7162,95%,0.0730
Chst15,Q91XQ5,sp|Q91XQ5|CHSTF_MOUSE,2,1.88 (95% CI:1.45 to 2.44),1.878,0.9092,1.4462,2.4388,95%,0.0061
Dhrs1,Q99L04,sp|Q99L04|DHRS1_MOUSE,2,0.81 (95% CI:0.55 to 1.2),0.8108,-0.3026,0.5462,1.2035,95%,0.2612
Aspn,Q99MQ4,sp|Q99MQ4|ASPN_MOUSE,2,1.24 (95% CI:0.36 to 4.24),1.2353,0.3048,0.3603,4.2355,95%,0.6895
Luc7l,Q9CYI4,sp|Q9CYI4|LUC7L_MOUSE,2,0.24 (95% CI:0.13 to 0.48),0.2442,-2.034,0.1252,0.4762,95%,0.0093
Eef1g,Q9D8N0,sp|Q9D8N0|EF1G_MOUSE,2,9.55 (95% CI:2.23 to 40.96),9.5527,3.2559,2.2278,40.9618,95%,0.0239
Atp5pd,Q9DCX2,sp|Q9DCX2|ATP5H_MOUSE,2,5815.94 (95% CI:1.4 to 24174625.19),5815.9409,12.5058,1.3992,24174625.1894,95%,0.0704
Igkv6-25,A0A140T8N7,tr|A0A140T8N7|A0A140T8N7_MOUSE,2,1.23 (95% CI:1.04 to 1.46),1.2339,0.3032,1.0407,1.4628,95%,0.0450
Inhbe,O08717,sp|O08717|INHBE_MOUSE,2,2677.03 (95% CI:7.42 to 965748.46),2677.0296,11.3864,7.4207,965748.4558,95%,0.0358
Syk,P48025,sp|P48025|KSYK_MOUSE,2,17557.89 (95% CI:884.27 to 348626.07),17557.8859,14.0998,884.2694,348626.0685,95%,0.0023
Hsd11b1,P50172,sp|P50172|DHI1_MOUSE,2,0.59 (95% CI:0.37 to 0.95),0.5939,-0.7517,0.371,0.9506,95%,0.0598
Igfbp5,Q07079,sp|Q07079|IBP5_MOUSE,2,0.87 (95% CI:0.11 to 6.61),0.8676,-0.2049,0.1138,6.6132,95%,0.8741
Itga6,Q61739,sp|Q61739|ITA6_MOUSE,2,3.03 (95% CI:0.52 to 17.67),3.0326,1.6005,0.5205,17.6684,95%,0.1991
Nagpa,Q8BJ48,sp|Q8BJ48|NAGPA_MOUSE,2,0.31 (95% CI:0.18 to 0.55),0.3141,-1.6705,0.1795,0.5497,95%,0.0099
Gltpd2,Q8K0R6,sp|Q8K0R6|GLTD2_MOUSE,2,0.49 (95% CI:0.33 to 0.72),0.4888,-1.0328,0.3308,0.7221,95%,0.0144
Ces3b,Q8VCU1,sp|Q8VCU1|EST3B_MOUSE,2,2.54 (95% CI:1.52 to 4.25),2.5424,1.3462,1.5225,4.2457,95%,0.0147
Lsm4,Q9QXA5,sp|Q9QXA5|LSM4_MOUSE,2,3.96 (95% CI:2.77 to 5.65),3.9564,1.9842,2.7716,5.6478,95%,0.0014
ENO1,P00924,sp|P00924|ENO1_YEAST,2,1.22 (95% CI:1.15 to 1.3),1.2239,0.2915,1.1518,1.3005,95%,0.0022
