protein,beta_month,se_month,p_month,ci_month_low,ci_month_high,beta_int,se_int,p_int,ci_int_low,ci_int_high,q_month,q_int,signif_month,signif_interaction
sp|O35536|TFPI2_MOUSE,0.0006755344086498878,0.010520862222190282,0.9489600549078478,-0.026424410801868446,0.02777547961916822,0.12244826183598853,0.015191794556598269,5.310434836547033e-12,0.08331679224360804,0.161579731428369,0.9845173817033473,1.3674369704108609e-08,False,True
sp|P28666|MUG2_MOUSE,-0.017472146183426417,0.008664240269215836,0.04701227283675828,-0.03978975016186098,0.004845457795008147,-0.08030827204747899,0.012510890778639077,8.365321365390077e-09,-0.11253419112859725,-0.048082352966360736,0.31689942366745183,8.750811651476897e-06,False,True
sp|P28665|MUG1_MOUSE,-0.021818497182743694,0.00803145606546358,0.008042450268347262,-0.04250615706633034,-0.001130837299157049,-0.07376950773555435,0.011597170266095042,1.0778106295687042e-08,-0.10364183874520796,-0.04389717672590074,0.12047517509219965,8.750811651476897e-06,False,True
tr|A0A0N4SVU1|A0A0N4SVU1_MOUSE,-0.02161275432859732,0.008031769195593206,0.008633786608704118,-0.04230122078194768,-0.000924287875246961,-0.07315396888121595,0.011597622416165852,1.3593493827536929e-08,-0.10302746455227155,-0.04328047321016035,0.12560452269724917,8.750811651476897e-06,False,True
sp|P41233|ABCA1_MOUSE,-0.018608686967319092,0.009568853950136475,0.05523748465706388,-0.04325642137346027,0.0060390474388220886,-0.07814006179314396,0.013817124517224572,2.2043843133403767e-07,-0.11373061601539497,-0.04254950757089296,0.34068426658128714,0.0001135257921370294,False,True
tr|A2CEK7|A2CEK7_MOUSE,-0.08716971649044417,0.01276314703815931,1.3690957755136304e-09,-0.12004540463683827,-0.05429402834405006,0.09904396704116354,0.01842958339387947,7.067816319376085e-07,0.05157250608301061,0.14651542799931647,3.525421621947598e-06,0.0003033271170398903,True,True
tr|E9QA79|E9QA79_MOUSE,-0.08417600183183713,0.01288824613848727,5.118452451010456e-09,-0.11737392390670359,-0.05097807975697066,0.09637401896022203,0.018610222565010257,1.5666790057034328e-06,0.04843726233170163,0.14431077558874245,6.5900075306759615e-06,0.0005763140628123342,True,True
sp|O08842|GFRA2_MOUSE,0.06962543460282526,0.017799712322108193,0.00018823519356350998,0.023776414008798534,0.11547445519685198,-0.13067880265986695,0.025702225450085138,2.2878943032935117e-06,-0.1968833481406166,-0.06447425717911733,0.010546274093371194,0.000736415978872599,False,True
sp|P08003|PDIA4_MOUSE,0.00591482927759595,0.016149853447359336,0.7151243143604815,-0.035684436480132455,0.047514095035324354,0.11473566485832085,0.02331988106202727,4.39356427788531e-06,0.05466763186347595,0.17480369785316574,0.9273241194237647,0.0012570475572838526,False,True
sp|P11588|MUP1_MOUSE / tr|A9R9W0|A9R9W0_MOUSE,-0.08085896733546168,0.012873944048962133,1.527488521068903e-08,-0.11402004966902732,-0.047697885001896034,0.08929682138813977,0.01858957079700804,6.9355320280182456e-06,0.04141326018880957,0.13718038258746995,7.86656588350485e-06,0.0017858994972146983,True,True
sp|O55111|DSG2_MOUSE,0.06865936743108769,0.018228782488889986,0.0003104131317458257,0.021705135328185805,0.11561359953398959,-0.12357371591243947,0.026321789292520607,1.0574680700847194e-05,-0.19137415209395373,-0.05577327973092522,0.015986276284910027,0.0024754366186074115,False,True
sp|O55189|AMBN_MOUSE,0.09256342243637096,0.017199272296114773,6.849783590625412e-07,0.048261032856321745,0.13686581201642017,-0.11594819939640603,0.02483520891419598,1.1688348944483038e-05,-0.1799194582773509,-0.05197694051546116,0.00018265869071094985,0.0025081248776703184,True,True
sp|Q61730|IL1AP_MOUSE,0.0013689692049858326,0.013485028546287744,0.919387325757068,-0.03336616248373557,0.03610410089370723,-0.08974853318408776,0.019471957615125705,1.4683861151845277e-05,-0.1399049722065907,-0.03959209416158481,0.9796217891919234,0.0029085340358462764,False,True
sp|P42703|LIFR_MOUSE,-0.02655196168262933,0.016497139581588216,0.11135284062278171,-0.0690457772416207,0.01594185387636204,0.10376835822946898,0.023821351330541255,3.80313651803383e-05,0.04240862342212722,0.16512809303681072,0.4778892743394382,0.006995054667097938,False,True
sp|P18528|HVM57_MOUSE,0.06709943149436642,0.018527018020577605,0.0005056804740724263,0.019376995569584082,0.11482186741914877,-0.1141263932906574,0.026752432031793446,5.299925234663524e-05,-0.1830360916593512,-0.04521669492196359,0.02315997571228823,0.009098204986172382,False,True
sp|P11589|MUP2_MOUSE,-0.07480956068181671,0.012186116475482085,2.8220814014914277e-08,-0.1061989165958235,-0.04342020476780991,0.07466196562486123,0.017596369387656536,5.764754876168179e-05,0.029336721720064705,0.11998720952965775,1.211143268140071e-05,0.009277652378833164,True,True
sp|Q62010|OVGP1_MOUSE,-0.003507739790951844,0.012902499061603677,0.7864090382448958,-0.03674237496284278,0.029726895380939092,-0.0777866644518818,0.018630803338262735,7.37800389235272e-05,-0.12577643363923563,-0.029796895264527973,0.9507057621974679,0.011175505895769561,False,False
sp|Q3U0X8|TACT_MOUSE,-0.004786581093184004,0.01705581236766875,0.7796916801922852,-0.048719442385656925,0.03914628019928891,-0.10164282301872331,0.0246280572840321,8.774432954927675e-05,-0.16508049466041413,-0.03820515137703248,0.9492700125272503,0.012552313810521534,False,False
sp|P18527|HVM56_MOUSE,0.06349740345293835,0.01854660494992608,0.0009668334880193104,0.01572451494157366,0.11127029196430303,-0.10896311831097913,0.026780714942487686,0.00010815580279949524,-0.1779456686298288,-0.03998056799212944,0.03506473565703837,0.014657957484668433,False,False
sp|Q8CGN5|PLIN1_MOUSE,-0.04775478788307882,0.0187482560792862,0.0127288283412263,-0.09604709528254303,0.000537519516385393,0.10948244142231114,0.02707189283880912,0.00011804773768718729,0.039749866545570986,0.1792150162990513,0.16550853317192274,0.015198646227225363,False,False
tr|A0A075B5P9|A0A075B5P9_MOUSE,0.060538399364136644,0.0186625307278627,0.0017070738896639136,0.012466905836926112,0.10860989289134718,-0.1077770882645386,0.026948108124247302,0.00013830899974962447,-0.177190814846179,-0.03836336168289821,0.048304563361368985,0.01695931782644205,False,False
sp|O70362|PHLD_MOUSE,0.049357534502443436,0.018321386435417055,0.008561035368234084,0.002164770440452851,0.09655029856443402,-0.10490984154575048,0.026455506482334402,0.00015586051552431073,-0.17305471038317533,-0.03676497270832564,0.1252537845068339,0.017495390301950336,False,False
tr|Q61406|Q61406_MOUSE,0.015624799233168882,0.017838079737486315,0.38363013988101285,-0.030323049273690242,0.061572647740028005,-0.10212317763034054,0.025757626792654073,0.0001562695056096535,-0.16847042751273517,-0.0357759277479459,0.7673876261411612,0.017495390301950336,False,False
sp|Q02596|GLCM1_MOUSE,0.000982191316353617,0.008054044595970495,0.903236927007341,-0.019763652766036848,0.021728035398744083,-0.04549493741098139,0.011629787394572664,0.00018802037494846773,-0.07545128457596527,-0.015538590245997502,0.9763568171657736,0.020173019395512682,False,False
sp|Q68SA9|ATS7_MOUSE,0.042580442008475335,0.018301859039545655,0.022456786400310392,-0.004562022815007699,0.08972290683195837,-0.10236901436903874,0.02642730953611093,0.0002148179510966176,-0.17044125268611057,-0.034296776051966904,0.21987157787376144,0.022126248962951615,False,False
sp|Q8BJD1|ITIH5_MOUSE,0.052855424145457464,0.01886235886008988,0.006331893324150542,0.004269207459582716,0.10144164083133221,-0.1046564205343717,0.027236653669974648,0.00023922924343967666,-0.1748133911881051,-0.0344994498806383,0.10745257437514733,0.02369289622527567,False,False
sp|P08113|ENPL_MOUSE,0.011445502743306196,0.017264291992358006,0.5092166984211293,-0.033024366475634184,0.05591537196224658,0.09422323799453086,0.02492909531310502,0.0002968275207813323,0.030010143776071405,0.1584363322129903,0.8322585824744994,0.028308550593034467,False,False
tr|A0A075B5Q6|A0A075B5Q6_MOUSE,0.035554166619660404,0.018512853494542993,0.05826930731294239,-0.012131783903891101,0.08324011714321192,-0.09945943155270338,0.026731978901150262,0.00036281134766074475,-0.16831644614813718,-0.030602416957269604,0.3473228387287654,0.03336568643665778,False,False
sp|Q62318|TIF1B_MOUSE,-0.02870906793505658,0.01881353456705932,0.13086297887248105,-0.07716952157621815,0.01975138570610499,0.10077315863549041,0.027166152924557884,0.0003766924866278416,0.030797785867723554,0.17074853140325727,0.5121157607851653,0.033447694933334216,False,False
tr|Q91XX1|Q91XX1_MOUSE,0.031295882948590724,0.018915800010133408,0.10185233156392723,-0.017427989017581497,0.08001975491476294,-0.09937770909085115,0.02731382101188862,0.000478358912948576,-0.16973344964516354,-0.029021968536538767,0.46218609119296844,0.041059140028086104,False,False
sp|Q9R0H2|MUCEN_MOUSE,-0.0017440642764215968,0.017014537808998826,0.9186066124320718,-0.04557060935118148,0.04208248079833828,-0.08759331242676582,0.02456845811787201,0.0006096479454049903,-0.1508774667897944,-0.024309158063737235,0.9796217891919234,0.04811212309679033,False,False
sp|P05622|PGFRB_MOUSE,0.007877885050970668,0.018395156471792507,0.6695856064200724,-0.03950489803243967,0.055260668134381005,-0.09461295958484996,0.0265620280975196,0.0006163406358975034,-0.16303220992013018,-0.02619370924956972,0.9080365837728099,0.04811212309679033,False,False
sp|P13597|ICAM1_MOUSE,0.08749128506606191,0.018201650342034744,6.850118982811061e-06,0.04060694074209795,0.13437562939002587,-0.09361455760494014,0.026282611324764792,0.0006165825484248858,-0.16131407802905548,-0.0259150371808248,0.0009262244712778788,0.04811212309679033,True,False
sp|Q04592|PCSK5_MOUSE,0.05002499878127518,0.014145718639341692,0.0006703735178733803,0.013588042190300971,0.08646195537224938,-0.07228669084802797,0.020425973355212623,0.0006647790069077845,-0.1249005115698937,-0.019672870126162242,0.02740018743688816,0.05034723361139838,False,False
sp|P21956|MFGM_MOUSE,0.039927193839460445,0.01846890007252297,0.033543826547796946,-0.0076455401716606294,0.08749992785058153,-0.0938954809386069,0.02666851154046386,0.000705454930076697,-0.16258901444656576,-0.02520194743064806,0.2665905967919047,0.05155558152855226,False,False
tr|A0A075B5K0|A0A075B5K0_MOUSE,0.08123887177518992,0.01851310626798699,3.376244209567382e-05,0.0335522701503942,0.12892547339998564,-0.09394456440011704,0.026732343898063015,0.00072077706214675,-0.1628025191652944,-0.025086609634939694,0.0026344935877684874,0.05155558152855226,True,False
sp|Q8CJH3|PLXB1_MOUSE,0.026680310592158932,0.018397124154105684,0.15080499725769514,-0.020707540905013762,0.07406816208933162,-0.09235274828485357,0.02656486936896895,0.0008151241827014015,-0.16077931725039238,-0.02392617931931476,0.5454100570099417,0.05548658908412753,False,False
tr|Q9D1B1|Q9D1B1_MOUSE,-0.00578038221316955,0.01626242168520991,0.7231696044912681,-0.04766960453660233,0.036108840110263225,-0.08157851393023537,0.023482426061373168,0.0008216984112791546,-0.14206523509754077,-0.021091792762929974,0.9306155580035059,0.05548658908412753,False,False
tr|A0A075B5Q3|A0A075B5Q3_MOUSE,0.045201664714801436,0.01925726991355613,0.02132355735285859,-0.004401775434887047,0.09480510486448993,-0.09619847897145195,0.027806892825823992,0.0008612428632535193,-0.16782428835285307,-0.02457266959005082,0.2136504287300034,0.05548658908412753,False,False
tr|A0A075B5Q0|A0A075B5Q0_MOUSE,0.06237384333487413,0.01898646639023366,0.0015005781510583271,0.013467946836063956,0.1112797398336843,-0.09483896428899649,0.027415861044907702,0.0008619275974233401,-0.16545754255049452,-0.02422038602749846,0.04545869104676696,0.05548658908412753,False,False
sp|P47878|IBP3_MOUSE,0.023401582653672596,0.018996011410521024,0.2214996449860773,-0.025528900188096736,0.07233206549544192,-0.09419206414084996,0.02742964375436457,0.0009353577941585539,-0.16484614430924932,-0.02353798397245062,0.6283162109158187,0.0587450321941043,False,False
sp|P47713|PA24A_MOUSE,-0.012331000764559603,0.018763352807500272,0.5129021425730019,-0.06066219475894533,0.03600019322982612,0.09196212482177209,0.02709369204011614,0.0010625525406779428,0.022173398923511348,0.1617508507200328,0.8353249004462594,0.06514459029156434,False,False
tr|A0A075B5R8|A0A075B5R8_MOUSE / tr|A0A075B5R6|A0A075B5R6_MOUSE,0.08734258581039529,0.018218372582995725,7.1939764759446895e-06,0.04041516784814304,0.13427000377264756,-0.08889744125315222,0.026306757715416063,0.0011145596448727797,-0.15665915865788205,-0.021135723848422397,0.0009262244712778788,0.06674397873366064,True,False
sp|Q00560|IL6RB_MOUSE,0.055693594544104455,0.018917327773730345,0.004213076136577825,0.006965787319690352,0.10442140176851855,-0.09127926501171488,0.027316027054530907,0.0012562566834149595,-0.16164068795531014,-0.020917842068119613,0.08207046675783236,0.07187020316012356,False,False
sp|Q8R5M8|CADM1_MOUSE,-0.011294482351866733,0.017598767135361355,0.5228080645277656,-0.056625902445463845,0.03403693774173038,-0.0847855809007108,0.02541206691272149,0.0012769857459421913,-0.15024272751824425,-0.019328434283177348,0.8403437991004972,0.07187020316012356,False,False
tr|A0A075B5R1|A0A075B5R1_MOUSE,0.05717058468521197,0.01914581226953381,0.003724908422546462,0.0078542404011007,0.10648692896932324,-0.09219161492638904,0.027645951489078967,0.0012838948914041491,-0.16340286689645,-0.020980362956328075,0.07552471801619795,0.07187020316012356,False,False
sp|Q8CF98|COL10_MOUSE,0.02612212009582974,0.019222445856535448,0.17789225499356118,-0.02339161922731641,0.07563585941897588,-0.091076390009465,0.027756607981415552,0.0015191250890791302,-0.16257267421511448,-0.01958010580381553,0.588782206437558,0.07889606138990006,False,False
tr|A0A075B5L7|A0A075B5L7_MOUSE,0.06656486788667784,0.018717273947062185,0.0006278756579870507,0.018352365171282678,0.114777370602073,-0.08847001526889157,0.027027155613120538,0.0015570090084026788,-0.1580873546887436,-0.018852675849039546,0.026504587201912382,0.07889606138990006,False,False
sp|Q64314|CD34_MOUSE,-0.028560667077749635,0.016509712155937887,0.08740488430089559,-0.07108686744217194,0.01396553328667267,-0.07800196431278926,0.023839505732959423,0.0015638972980955227,-0.13940846176186816,-0.01659546686371037,0.4301367320324413,0.07889606138990006,False,False
sp|O89103|C1QR1_MOUSE,0.01985106287277084,0.019013848870287467,0.2995387887974463,-0.02912536622056577,0.06882749196610745,-0.08954136295189129,0.027455400485938516,0.0016166207829079434,-0.16026178806424243,-0.01882093783954014,0.7038612026286413,0.07889606138990006,False,False
sp|Q8C708|CP054_MOUSE,0.039783658368892555,0.01929017747446798,0.042337397726542624,-0.009904546040500992,0.0894718627782861,-0.09080730838936485,0.027854410310054242,0.0016230313831968564,-0.1625555146990772,-0.019059102079652515,0.3045217853235957,0.07889606138990006,False,False
sp|Q6U7R4|TIMD4_MOUSE,0.04711030122064204,0.019207348780546904,0.01629901065144349,-0.0023645506117749154,0.096585153053059,-0.09041386849986724,0.027734808277933117,0.0016236752261249892,-0.16185400039047798,-0.018973736609256497,0.1857077541038362,0.07889606138990006,False,False
sp|P16092|FGFR1_MOUSE,-0.037055841425334884,0.015920997273497665,0.022405355400692002,-0.07806561274413232,0.003953929893462549,-0.07494324680417926,0.022989419936038702,0.0016238800985105644,-0.13416006834701905,-0.01572642526133948,0.21987157787376144,0.07889606138990006,False,False
sp|O88456|CPNS1_MOUSE,-0.040588880138419894,0.0192622517696726,0.03815809965622452,-0.09020515269907925,0.009027392422239454,0.09007296917362151,0.02781408646956094,0.0017362298418895443,0.018428630193883452,0.16171730815335955,0.28316169053250184,0.08279244153454772,False,False
sp|Q8BK48|EST2E_MOUSE,0.01450284913550798,0.017734238004155835,0.4158481466418284,-0.031177520791707186,0.06018321906272314,-0.0822200871715375,0.02560768259170917,0.0018912850669593074,-0.14818110638724102,-0.01625906795583397,0.785496646528401,0.08854652813491302,False,False
tr|Q80UR4|Q80UR4_MOUSE,0.05218873839108599,0.0193426802603187,0.008464283508278353,0.0023652957673802044,0.10201218101479177,-0.089223737645589,0.027930222683550675,0.001988323213918551,-0.16116722368852504,-0.017280251602652966,0.12454588590752434,0.08861369639848593,False,False
sp|Q923X1|AGRL4_MOUSE,0.019236220647540263,0.016733427202034527,0.2536635026257017,-0.023866231488262557,0.06233867278334308,-0.07705107886650706,0.024162543231953732,0.0020232220919869717,-0.13928966577164065,-0.014812491961373478,0.659864731924688,0.08861369639848593,False,False
tr|A0A0A6YWI9|A0A0A6YWI9_MOUSE,0.027684815256436176,0.01700944430717717,0.10744333171344604,-0.016128609827073804,0.07149824033994616,-0.07830856751443022,0.024561103261243902,0.0020266336849388287,-0.14157377702223273,-0.015043358006627705,0.46892640535953145,0.08861369639848593,False,False
sp|P07141|CSF1_MOUSE,-0.014866556370107085,0.017149782040991206,0.38854520899003575,-0.059041467500768906,0.029308354760554732,-0.07868866243072863,0.024763746540436813,0.0020945692496607297,-0.14247584643524347,-0.014901478426213782,0.7690268356259354,0.08861369639848593,False,False
sp|P01831|THY1_MOUSE,0.06123021563616718,0.01922412931651972,0.0020469397803157294,0.011712140007462193,0.11074829126487216,-0.08815070245030979,0.02775903884475025,0.0021074995538422976,-0.15965324814496967,-0.016648156755649887,0.05378438708482656,0.08861369639848593,False,False
tr|Q3UWK8|Q3UWK8_MOUSE,-0.0014737939347606803,0.01764017844965345,0.9336197833601373,-0.04691188250520985,0.04396429463568849,0.0807975676373228,0.025471863549704078,0.0021304530849530477,0.015186395089995933,0.14640874018464967,0.9824303813616132,0.08861369639848593,False,False
sp|P34902|IL2RG_MOUSE,0.10562441974927311,0.01647503541507899,8.65864182677982e-09,0.06318754075010673,0.14806129874843948,-0.07544933968254922,0.02378943360846095,0.0021336113307596615,-0.136726859886054,-0.014171819479044438,7.432000901319345e-06,0.08861369639848593,True,False
sp|P03953|CFAD_MOUSE,-0.0044239342218385085,0.01625292686902191,0.7861577657987172,-0.04628869951950243,0.03744083107582541,-0.0741397905587533,0.023468715845058722,0.0022164820572923185,-0.13459119654911794,-0.013688384568388653,0.9507057621974679,0.08984503817194207,False,False
sp|O88572|LRP6_MOUSE,0.053176566949776426,0.019245479799862623,0.007067546028765393,0.0036034961204318566,0.102749637779121,-0.08771334610160256,0.027789868272013855,0.0022354041158947954,-0.1592953031384197,-0.016131389064785423,0.11243347493491548,0.08984503817194207,False,False
sp|Q3UHN9|NDST1_MOUSE,0.014760681187258423,0.01899877541502837,0.4394367529772209,-0.03417692125831607,0.06369828363283292,-0.08632764040053577,0.027433634890047402,0.002301304150275952,-0.1569920010531814,-0.015663279747890155,0.7960152796882342,0.08984503817194207,False,False
tr|A0A075B5J9|A0A075B5J9_MOUSE / tr|A0A075B5K3|A0A075B5K3_MOUSE,0.038915837575986156,0.019414676193910487,0.0483218211962134,-0.01109305428320171,0.08892472943517402,-0.08821135695269386,0.02803418255004622,0.0023028242793585152,-0.16042262586614214,-0.01600008803924556,0.31848328724966807,0.08984503817194207,False,False
sp|Q9D7K5|DMAC2_MOUSE,0.01067252307282956,0.01715359717679521,0.535553644198762,-0.03351221519643323,0.054857261342092345,-0.07755758979419806,0.024769255476692786,0.0024129856042154323,-0.14135896387815244,-0.0137562157102437,0.8464047074344277,0.0927378795649961,False,False
sp|A2RT60|HTRA4_MOUSE,0.0009639285449344197,0.017000389078041023,0.9549218050453812,-0.04282617181401632,0.04475402890388516,0.07654037151759563,0.024548027794823565,0.002511704748918959,0.013308842179356198,0.13977190085583507,0.9854328625709547,0.09511234894803411,False,False
sp|Q99P87|RETN_MOUSE,0.030584534235784458,0.01940137795903584,0.11878162846725096,-0.019390103640327817,0.08055917211189673,-0.08668394067177648,0.028014980316625193,0.0026988594131413606,-0.1588457479096853,-0.014522133433867657,0.4919309261538196,0.10071830418607251,False,False
sp|P41274|TNFL9_MOUSE,0.08024402855995247,0.017721214025572408,1.9973769151947848e-05,0.03459720617842129,0.12589085094148364,-0.07853233502698462,0.02558887637575744,0.0029112212901760874,-0.14444491264055082,-0.01261975741341842,0.0017735329505608865,0.10709135460290607,True,False
sp|A2AQ07|TBB1_MOUSE,-0.029514941464017213,0.0194902923184236,0.13378466177145265,-0.07971860755254676,0.020688724624512333,0.08508571070992661,0.028143369858510965,0.0033365729654904297,0.012593193927759191,0.15757822749209405,0.5180383519721663,0.12100951248081487,False,False
tr|A0A140T8M4|A0A140T8M4_MOUSE,0.0555968733872792,0.019312367476616337,0.005089267323701127,0.005851511320106105,0.10534223545445229,-0.08396420645816186,0.027886451976101092,0.00346115047219539,-0.1557949466302122,-0.012133466286111519,0.09164240110860422,0.12378420091532125,False,False
sp|O08914|FAAH1_MOUSE,0.018756914016071803,0.01782533846606138,0.2957706772281388,-0.02715811515048651,0.06467194318263011,-0.07722941623568368,0.02573922879695851,0.0035700726268822086,-0.14352927602163912,-0.010929556449728234,0.7038612026286413,0.1254499934457521,False,False
sp|P05017|IGF1_MOUSE,0.043301082042855085,0.019380231200316882,0.028185444301611916,-0.006619085392473821,0.093221249478184,-0.08380068545229113,0.027984445061318947,0.0036329179219447504,-0.15588383908479078,-0.011717531819791488,0.24599574343868622,0.1254499934457521,False,False
sp|P70406|UCP2_MOUSE,0.01670818348807036,0.018754236598813933,0.3755884498509268,-0.03159952870884383,0.06501589568498455,-0.08083794949761301,0.02708052852114088,0.0037355319598005067,-0.15059276841795946,-0.011083130577266564,0.7617832475251141,0.1254499934457521,False,False
sp|Q2TB54|FCAMR_MOUSE,-0.02049348647535581,0.017711896270196245,0.25061286417044804,-0.06611630790954577,0.025129334958834154,-0.07624436493548646,0.02557542182969326,0.003779071126769378,-0.1421222859350346,-0.01036644393593833,0.6564884285238085,0.1254499934457521,False,False
sp|Q8BH35|CO8B_MOUSE,-0.009236617013632896,0.008318352449790154,0.270076431375448,-0.03066327301105016,0.012190038983784367,-0.03575406505582194,0.0120114396327756,0.003829294020492413,-0.06669348323973397,-0.004814646871909908,0.6726549628833807,0.1254499934457521,False,False
sp|P70375|FA7_MOUSE,-0.031112303033819354,0.017441022331518674,0.07814629194872504,-0.07603739943919592,0.013812793371557209,0.07489717707020249,0.025184288371216168,0.0038598300899665193,0.01002674909459808,0.1397676050458069,0.40742088722525804,0.1254499934457521,False,False
sp|O35930|GP1BA_MOUSE,0.020086168949036164,0.018773430898846487,0.28779224039043705,-0.028270984488362988,0.06844332238643532,-0.08050899246127716,0.02710824448743661,0.003906072328076812,-0.1503352029797843,-0.010682781942770003,0.6945314142505861,0.1254499934457521,False,False
sp|Q8R0Z6|ANGL6_MOUSE,0.003593851932432837,0.018882354841379904,0.8495220544192542,-0.04504387098800197,0.05223157485286764,-0.08091460328265139,0.027265527238822918,0.003932008826391812,-0.1511459473211222,-0.010683259244180579,0.9657706868987608,0.1254499934457521,False,False
sp|Q01721|GAS1_MOUSE,-0.012120577353667429,0.018229661873687658,0.5079914943485405,-0.05907707460170025,0.034835919894365394,-0.0779236921199474,0.026323059096544296,0.004017859294215866,-0.14572739909987564,-0.010119985140019161,0.8321107493304656,0.1254499934457521,False,False
sp|O35608|ANGP2_MOUSE,0.09451626983219144,0.017666478366509582,7.802895525516304e-07,0.049010437165223346,0.14002210249915953,-0.07551214842798915,0.025509839803484053,0.004019789863627741,-0.1412211413226415,-0.0098031555333368,0.00018265869071094985,0.1254499934457521,True,False
sp|O54819|TFPI1_MOUSE,0.014169818407763168,0.01918046553969734,0.4621602787468581,-0.035235786785099116,0.06357542360062544,-0.08192746883973433,0.027695989722630612,0.00404363085669803,-0.15326761075807543,-0.01058732692139322,0.8084665202263313,0.1254499934457521,False,False
sp|Q61207|SAP_MOUSE,0.0838848425443662,0.01816728191551978,1.4229020148751554e-05,0.03708902542053636,0.13068065966819606,-0.07742942967799712,0.026232984396493877,0.004121154713793224,-0.14500111960602713,-0.009857739749967134,0.0015930316036102282,0.1261931010687078,True,False
sp|Q9CZT5|VASN_MOUSE,-0.05599555196788476,0.014027934704082081,0.00014212633965657165,-0.09212911724692996,-0.019861986688839567,-0.05961990212487755,0.020255897052648977,0.004221890472052276,-0.11179563532276059,-0.00744416892699451,0.008926227429650537,0.1261931010687078,True,False
sp|Q60696|PMEL_MOUSE,-0.048926288150509936,0.01545334269707319,0.0021697231167700183,-0.08873146110741445,-0.009121115193605416,-0.06559449460139255,0.022314141418132722,0.004268219590719337,-0.12307191394975303,-0.008117075253032069,0.0553171982740871,0.1261931010687078,False,False
sp|B2RU40|PRRT4_MOUSE,-0.022160052850173143,0.016859232454789867,0.19237084908231247,-0.06558655784256355,0.02126645214221726,-0.0714712941880771,0.024344202065007262,0.004314833816305735,-0.13417780323863845,-0.008764785137515746,0.5995262059075294,0.1261931010687078,False,False
sp|P55292|DSC2_MOUSE,0.035021574663763974,0.019586751069662962,0.07746620815399728,-0.015430552702791651,0.08547370203031959,-0.0830189578595391,0.02828265326523819,0.004321547166819812,-0.1558702449222526,-0.010167670796825581,0.40742088722525804,0.1261931010687078,False,False
sp|Q8C156|CND2_MOUSE,-0.05664409707852498,0.01921937942599526,0.004174069430717117,-0.10614993780002843,-0.00713825635702154,0.08137383964860417,0.027752180152041422,0.004361625629170871,0.009888960775607705,0.15285871852160066,0.08204754797020287,0.1261931010687078,False,False
sp|Q8JZL1|I17RD_MOUSE,-0.024366417388846897,0.019489274833772992,0.2147653140561066,-0.07456746261059749,0.0258346278329037,0.08234113938625673,0.02814190064263777,0.004441411874563987,0.009852407053388731,0.1548298717191247,0.624131969333854,0.1263244689734506,False,False
tr|A0A075B5S9|A0A075B5S9_MOUSE,0.03812487596211312,0.019623280865172267,0.05546752002742286,-0.012421345922168023,0.08867109784639426,-0.08279913891752999,0.028335401142441773,0.004490936113623014,-0.15578629550804451,-0.009811982327015481,0.34068426658128714,0.1263244689734506,False,False
sp|Q62266|SPR1A_MOUSE,0.03725793802885921,0.019620637968502525,0.06109252989715768,-0.013281476204733758,0.08779735226245218,-0.08273942087956483,0.028331584882672078,0.004513340250701924,-0.15571674743633462,-0.009762094322795054,0.35581987938898485,0.1263244689734506,False,False
sp|P59511|ATS20_MOUSE,0.02421673787640791,0.01944232857497655,0.21647047814865275,-0.025863381796242823,0.07429685754905864,-0.08177714817665149,0.02807411171966032,0.00461248149960294,-0.15409126781525817,-0.00946302853804483,0.624131969333854,0.1270466426019831,False,False
sp|Q9ERZ0|HEMGN_MOUSE,0.015077301579849184,0.01777035974195977,0.39865615737957993,-0.030696111778096467,0.060850714937794835,0.07463479815491743,0.025659841246404528,0.004670006576265434,0.008539427148015907,0.14073016916181896,0.7729966907021222,0.1270466426019831,False,False
sp|P11680|PROP_MOUSE,0.06089428310963356,0.01891643931523419,0.0018430570686847213,0.012168764402648836,0.10961980181661829,-0.0793303383496023,0.02731474414837164,0.004728718037006799,-0.14968845674591882,-0.008972219953285787,0.05032716957467069,0.1270466426019831,False,False
sp|P20334|TNR9_MOUSE,0.08353039520703484,0.018275717177950564,1.7005870264976162e-05,0.03645526735669776,0.13060552305737191,-0.07662832745340226,0.026389561509162912,0.0047364961902098554,-0.14460333329651023,-0.008653321610294279,0.0016842352281659085,0.1270466426019831,True,False
sp|Q61826|MADCA_MOUSE,-0.01783162830586725,0.01725914071379446,0.304561845506707,-0.062288228710532904,0.026624972098798404,-0.071796477848903,0.024921657028676564,0.005059137208712158,-0.1359904123163635,-0.007602543381442492,0.71047970557432,0.13430183827251346,False,False
sp|P05213|TBA1B_MOUSE,-0.015099266118172732,0.019358615388787276,0.43765025836636834,-0.06496375491274368,0.03476522267639823,0.08018459075321464,0.027953232508488503,0.005241988654290497,0.008181835328934225,0.15218734617749508,0.7960152796882342,0.1349137502444806,False,False
sp|P11627|L1CAM_MOUSE,-0.040516679305165615,0.01647223990013429,0.01600762910038134,-0.08294635753501893,0.0019129989246877005,-0.06821874457967136,0.02378539697269642,0.005248503052985201,-0.1294858670984861,-0.006951622060856623,0.1833527854117486,0.1349137502444806,False,False
sp|P59017|B2L13_MOUSE,-0.024703042093036615,0.019489053800697147,0.20855203019883992,-0.0749035179713134,0.025497433785240164,0.08064550844979132,0.02814158147781957,0.005284552529930823,0.008157598231014696,0.15313341866856794,0.6160843253861347,0.1349137502444806,False,False
sp|Q9JJZ2|TBA8_MOUSE,-0.01964837388372751,0.01946145831997609,0.3156547707561198,-0.06977776851411749,0.03048102074666246,0.08051795160674073,0.028101734470516254,0.005291762630948559,0.00813268047703472,0.15290322273644674,0.7105527400250299,0.1349137502444806,False,False
sp|Q99JR8|SMRD2_MOUSE,-0.015198202853806454,0.019368469177774555,0.43489771957394696,-0.06508807332680183,0.03469166761918892,0.07994474512864133,0.02796746107024869,0.005394893959581632,0.007905339358031657,0.151984150899251,0.7960152796882342,0.1361946269208108,False,False
sp|Q61592|GAS6_MOUSE,0.028153798161647432,0.018041809970508423,0.12249895958899788,-0.018318824649448888,0.07462642097274375,-0.07405393634918599,0.02605180684935245,0.005646009130460004,-0.14115894384214397,-0.006948928856227998,0.4991057293380848,0.13947181349739493,False,False
sp|P98063|BMP1_MOUSE,0.047310604642467294,0.015436745434025479,0.002948081574347413,0.007548183402079779,0.08707302588285482,-0.06331370169522428,0.022290175491662286,0.005680450533532377,-0.12072938890789552,-0.005898014482553046,0.06488299191405632,0.13947181349739493,False,False
sp|Q9EPL2|CSTN1_MOUSE,0.012962775313795012,0.01904807101227639,0.4980862799150861,-0.03610180417570688,0.06202735480329691,-0.07811406624770856,0.027504816183949076,0.005687200162029696,-0.14896177776305064,-0.0072663547323664895,0.8287947418258782,0.13947181349739493,False,False
sp|Q9R233|TPSN_MOUSE,-0.011148652669062203,0.01913883550850218,0.5618184340466325,-0.06044702600766434,0.038149720669539935,0.07827639296929441,0.027635877265310554,0.005811512552121164,0.007091090480026638,0.1494616954585622,0.8624343533708358,0.1411758945444528,False,False
sp|P55065|PLTP_MOUSE,0.031505061016061986,0.019489211473469444,0.10981890689934859,-0.018695821000362052,0.08170594303248602,-0.07956244494586513,0.028141809152349786,0.005898430570441229,-0.15205094161536836,-0.007073948276361916,0.47526669792575227,0.14180395978410135,False,False
sp|Q64310|SURF4_MOUSE,-0.04337375254839425,0.01889952054205947,0.024290581600007608,-0.09205569138365544,0.0053081862868669324,0.07707548429513036,0.027290313971377406,0.005947505886090464,0.006780293864606476,0.14737067472565424,0.2259080201973218,0.14180395978410135,False,False
sp|Q8CIF4|BTD_MOUSE,0.005340175282452603,0.015367802457926981,0.7291127173507068,-0.03424466061982653,0.04492501118473174,-0.06254339378283762,0.02219062399988438,0.006046521545173036,-0.11970265334577532,-0.005384134219899923,0.9348093205286742,0.14279094914943866,False,False
sp|P35917|VGFR3_MOUSE,-0.006786187523966496,0.017866242730597746,0.7050514166032975,-0.05280657909375769,0.0392342040458247,-0.07263160203061698,0.025798293270021807,0.006099807536480875,-0.13908360181708754,-0.0061796022441464316,0.9229829170073671,0.14279094914943866,False,False
tr|D3YYY1|D3YYY1_MOUSE,-0.01858477635615895,0.01386756962924072,0.1838946903475578,-0.054305268576161955,0.017135715863844058,0.05622932156948835,0.020024334922132236,0.006227438181881617,0.004650052892982551,0.10780859024599415,0.5921328317698707,0.14446534521031676,False,False
sp|D3Z7H8|CILP2_MOUSE,-0.0616097167296789,0.013963733794821496,3.088189394749055e-05,-0.0975779114253362,-0.025641522034021605,-0.05652727491277843,0.020163192956422292,0.00630825178410941,-0.10846421818304175,-0.004590331642515107,0.002565189577896392,0.1450334673578726,True,False
sp|P68373|TBA1C_MOUSE,-0.014252979033035237,0.019403368500285446,0.46470169407762324,-0.06423274420362816,0.0357267861375577,0.07836293641754392,0.02801785459566067,0.006426809913412876,0.006193725527468941,0.1505321473076189,0.8107092562668563,0.14645164183219606,False,False
sp|O35696|SIA8B_MOUSE,-0.02544387865360244,0.01550094008950437,0.10453609830123936,-0.06537165436870371,0.014483897061498836,-0.0625313469958998,0.022382870557624654,0.006484670999730931,-0.1201858008757713,-0.004876893116028291,0.4657101265150369,0.14647392828339603,False,False
sp|Q1ERP8|CLM9_MOUSE,0.03467879132781183,0.01865549671493678,0.06662807084332721,-0.013374583782782577,0.08273216643840622,-0.07516280573292558,0.02693795123054199,0.006548836393350829,-0.14455036989012682,-0.0057752415757243575,0.3754207492813295,0.14663698880763815,False,False
sp|Q9QWK4|CD5L_MOUSE,0.020030823735291556,0.019542197400028206,0.3083757724159526,-0.03030654098343823,0.07036818845402135,-0.07852212338274847,0.028218319165851716,0.006689551213380533,-0.15120769678704488,-0.005836549978452052,0.7105527400250299,0.14803542347702675,False,False
sp|P97290|IC1_MOUSE,0.004895721295778695,0.019008929097092987,0.7974005953496632,-0.04406803530159677,0.05385947789315415,-0.07632595317019306,0.02744829648799071,0.006726269726917332,-0.14702807959645792,-0.005623826743928209,0.9565299624897676,0.14803542347702675,False,False
sp|P97503|NKX32_MOUSE,-0.02226163190131555,0.01398344089809152,0.11523270424259689,-0.05828058873106384,0.013757324928432738,0.05590342875551421,0.020191649394484222,0.006958108265207894,0.003893186558216341,0.10791367095281208,0.485637010515036,0.14839239690460052,False,False
tr|A2A7W1|A2A7W1_MOUSE / sp|Q6SJQ5|CLM3_MOUSE,-0.010766564986470065,0.018041065608812648,0.5522977678459304,-0.05723727044889797,0.03570414047595784,-0.07208289793825638,0.02605073201444641,0.0069897775987220806,-0.13918513683996692,-0.004980659036545848,0.8557349860654497,0.14839239690460052,False,False
sp|Q8BGG7|UBS3B_MOUSE,-0.009597256079033863,0.019281480140647993,0.6199961610091834,-0.05926305764111114,0.040068545483043415,0.07697296228078863,0.02784185163322786,0.007036328595267103,0.005257104978859506,0.14868881958271776,0.8890546208963676,0.14839239690460052,False,False
sp|Q9DC11|PXDC2_MOUSE,0.0068778666768073765,0.019224090004181647,0.7214322271302677,-0.042640107690025214,0.05639584104363997,-0.07670795630268908,0.02775898207896899,0.007061845131398266,-0.14821035577838618,-0.005205556826991975,0.9293086467535965,0.14839239690460052,False,False
sp|P01837|IGKC_MOUSE,0.0516131726881236,0.019612668772783972,0.010150204495852662,0.001094285742388193,0.102132059633859,-0.07824729254662617,0.028320077614391134,0.007069644190180565,-0.1511949783445541,-0.0052996067486982545,0.1412798733882195,0.14839239690460052,False,False
tr|A0A075B5N2|A0A075B5N2_MOUSE / tr|A0A140T8P2|A0A140T8P2_MOUSE,0.09187001071476752,0.01627508842244687,2.3032257350916604e-07,0.049948161038379436,0.13379186039115562,-0.0648869000907073,0.023500716432042643,0.0071073478433578245,-0.12542073413075588,-0.004353066050658702,7.413507834826281e-05,0.14839239690460052,True,False
sp|P68368|TBA4A_MOUSE,-0.015416451560730385,0.019455920204012964,0.43042652205652143,-0.06553158094973609,0.034698677828275314,0.07750511035820781,0.02809373760503454,0.007152338059234693,0.005140437788946142,0.1498697829274695,0.7945149063050485,0.14839239690460052,False,False
sp|Q9QZ39|SIA7A_MOUSE,-0.017861795805454595,0.017483030974294204,0.30994436328512953,-0.06289509930389468,0.027171507692985496,-0.06958145068051186,0.025244947531764945,0.007203514412844685,-0.13460812629938648,-0.004554775061637234,0.7105527400250299,0.14839239690460052,False,False
sp|Q01705|NOTC1_MOUSE,0.0007682937059136377,0.018875186313558532,0.9676308956992813,-0.047850964310495576,0.04938755172232285,-0.07493318826880437,0.027255176109834096,0.007344279301124243,-0.14513786956590097,-0.004728506971707777,0.9922826038490516,0.15009142222535654,False,False
sp|Q19LI2|A1BG_MOUSE,0.0022109627697548544,0.0025676745120760225,0.391707096019201,-0.004402928480426189,0.008824854019935898,0.010176755474703312,0.003707641336980825,0.007437270286942112,0.0006265042718588791,0.019727006677547745,0.7691980219642064,0.15079504715650344,False,False
sp|Q9CR33|MANS1_MOUSE,-0.043244433563818505,0.015935308219161698,0.008106794270780112,-0.08429106743581885,-0.0021977996918181586,-0.0629727065256687,0.023010084492027284,0.007606041472132326,-0.1222427564373687,-0.0037026566139687148,0.12066471241190051,0.15245949722659938,False,False
tr|E9Q0B5|E9Q0B5_MOUSE,-0.05338668691052083,0.015445402635675115,0.0008697601172795827,-0.09317140762460421,-0.013601966196437443,-0.06100330888716803,0.022302676218895357,0.00763777675426459,-0.11845119583936188,-0.0035554219349741845,0.03245843915934674,0.15245949722659938,False,False
sp|Q91XA2|GOLM1_MOUSE,-0.011292297281749573,0.018501876411630622,0.5433294061904521,-0.058949972713467906,0.036365378149968756,-0.07265937614606074,0.02671612833824832,0.007974798263817157,-0.14147556239709397,-0.003843189895027535,0.8513706448922156,0.1579623502256091,False,False
sp|P68369|TBA1A_MOUSE,-0.013401686531902938,0.019458353771663578,0.49293293728326476,-0.06352308437577525,0.03671971131196937,0.07620548800907695,0.028097251600276277,0.008141496014535368,0.003831763987899084,0.14857921203025481,0.8252922321276703,0.16003322318647764,False,False
sp|P15702|LEUK_MOUSE,0.034358367906594606,0.0192243813275589,0.07759559155936999,-0.01516035685952992,0.08387709267271913,-0.07491713086380912,0.027759402740774392,0.008448235794544545,-0.14642061389251146,-0.003413647835106781,0.40742088722525804,0.16480459977994094,False,False
sp|Q9R0M4|PODXL_MOUSE,-0.032373230900204816,0.01705650302639413,0.06121483750264865,-0.07630787121166133,0.011561409411251687,-0.06633050157424358,0.024629054573535862,0.008579987321938279,-0.12977074206346234,-0.0028902610850248395,0.35581987938898485,0.16611629589466967,False,False
sp|Q9JI02|S2B20_MOUSE,-0.018690327443542345,0.014711805444902557,0.20752410332082358,-0.05658542701663262,0.019204772129547926,0.05692546794315145,0.021243384919936194,0.008904122212702242,0.0022061345598109947,0.1116448013264919,0.6159297818148949,0.1711053335649871,False,False
sp|O55134|PCD12_MOUSE,-0.014515742141526046,0.01841834009826246,0.43290274802193324,-0.06195824228936022,0.03292675800630813,-0.07114182358385751,0.026595504525874076,0.009020114880413814,-0.13964730348427135,-0.002636343683443662,0.7960152796882342,0.17205033938567088,False,False
tr|A0A140T8N5|A0A140T8N5_MOUSE,0.008002667444732627,0.019047478868053757,0.6754797905353336,-0.04106038678232868,0.05706572167179394,-0.07341776566953026,0.02750396114629264,0.009159532348828667,-0.14426327475382125,-0.0025722565852392687,0.9104836307896825,0.17342496910466043,False,False
sp|Q9QZI9|SERC3_MOUSE,-0.03508665005503489,0.01968244234224645,0.07834651497416702,-0.08578526180560495,0.015611961695535172,0.07569372732577825,0.028420828456895166,0.009311817289967527,0.002486524555371211,0.1489009300961853,0.4075601536534951,0.17502138336982762,False,False
sp|Q8BPB5|FBLN3_MOUSE,-0.02465788533956089,0.017186800013150455,0.15517589457053466,-0.06892814844766845,0.019612377768546678,-0.0660297425223499,0.0248171993293878,0.00938005092440397,-0.12995461178700113,-0.002104873257698689,0.5525219325245517,0.17502631253869724,False,False
sp|P42567|EPS15_MOUSE,-0.026600342115784874,0.01973524566515777,0.18141548953211936,-0.07743496621283466,0.02423428198126492,0.07572676426463404,0.028497074796466328,0.00946467015094892,0.002323163938471262,0.14913036459079682,0.5895843234820141,0.17533471682513285,False,False
sp|P70663|SPRL1_MOUSE,-0.00533801156252319,0.018612024134541567,0.7749854917954371,-0.05327940872663472,0.042603385601588335,-0.07110478366779202,0.026875178190057122,0.009768651882232969,-0.14033065518783944,-0.0018789121477445908,0.9480226324813542,0.17967341854821353,False,False
sp|P16882|GHR_MOUSE,-0.028047805117372666,0.013891132197390542,0.04674246328281806,-0.06382899049088285,0.007733380256137522,0.05290929963591512,0.02005835853036873,0.009982522054503206,0.0012423919523012888,0.10457620731952895,0.31674169198225394,0.18016338601425244,False,False
sp|Q06770|CBG_MOUSE,0.008618788854252239,0.012106464509622664,0.47853722725447023,-0.02256539719200859,0.039802974900513065,0.04610710977308483,0.017481354451065762,0.009989730126516357,0.0010781247123046386,0.09113609483386503,0.8193040958645351,0.18016338601425244,False,False
tr|Q80ZX2|Q80ZX2_MOUSE,-0.04462882878564622,0.019357823485619405,0.0236669630539371,-0.0944912777728318,0.005233620201539363,0.07361080390933458,0.027952089025190183,0.010099741243684165,0.0016109939028420978,0.14561061391582708,0.22487981499589682,0.18016338601425244,False,False
sp|P01901|HA1B_MOUSE,0.10081648173932724,0.0165277613315858,3.339360027612129e-08,0.058243789779366145,0.14338917369928833,-0.06281651561899967,0.023865568175615567,0.010137180187738572,-0.12429014547159432,-0.0013428857664050248,1.2284074387287476e-05,0.18016338601425244,True,False
sp|Q9CR20|IR3IP_MOUSE,0.061875217029408444,0.018401853679464144,0.0011758672335226085,0.014475183082225548,0.10927525097659134,-0.0698990504206496,0.02657169865501781,0.01017887976260178,-0.13834321046131537,-0.0014548903799838225,0.039322832809359956,0.18016338601425244,False,False
sp|Q6P1C6|LRIG3_MOUSE,-0.013404111067580349,0.015060006909091773,0.3760446332742634,-0.052196118175667834,0.02538789604050714,-0.05717660077995782,0.021746176896159604,0.010215089071099363,-0.1131910404692438,-0.00116216109067184,0.7617832475251141,0.18016338601425244,False,False
sp|Q922F4|TBB6_MOUSE,-0.020938574238343634,0.01968987446162597,0.29071391262745205,-0.07165632985979893,0.029779181383111666,0.07445063409380363,0.028431560203813745,0.010514380787166107,0.0012157881752054428,0.14768548001240184,0.6976592031833075,0.18418047977518862,False,False
sp|B8JK39|ITA9_MOUSE,0.042498693923914616,0.01941590361511524,0.03145067349643097,-0.007513359562780257,0.0925107474106095,-0.07320967494243884,0.028035954907708858,0.010723875872100087,-0.14542550914669092,-0.0009938407381867576,0.2604034863450474,0.18594563015650775,False,False
tr|A0A075B5N3|A0A075B5N3_MOUSE,0.06048469892139202,0.018490491886627745,0.0015679965590593157,0.012856348082783083,0.10811304976000097,-0.06962927977252674,0.02669968944176668,0.010822833582525216,-0.13840312223228454,-0.0008554373127689363,0.0461254336951835,0.18594563015650775,False,False
sp|P26618|PGFRA_MOUSE,-0.03786249100320346,0.017052330875257597,0.029152835984735552,-0.08178638456550365,0.006061402559096721,-0.06415292671420102,0.024623030118354646,0.010894893921787295,-0.12757764923522608,-0.0007282041931759714,0.2495380149913115,0.18594563015650775,False,False
sp|Q61703|ITIH2_MOUSE,0.01930375736716678,0.017580899392920124,0.2754199054021282,-0.025981638471861947,0.06458915320619552,-0.06613358717889257,0.02538626645391642,0.010903996176168027,-0.13152427621859092,-0.0007428981391942313,0.6767235271092367,0.18594563015650775,False,False
sp|Q80T03|MUC6_MOUSE,0.008489118324211746,0.019403807257126697,0.662900689471413,-0.04149177700911001,0.0584700136575335,-0.07287542404611985,0.028018488146756754,0.011025398070873495,-0.14504626685567343,-0.0007045812365662762,0.9065850466649934,0.18634903889713048,False,False
sp|Q9ET66|PI16_MOUSE,-0.04661626668560349,0.014970006248645792,0.0025423615020913047,-0.08517644745517547,-0.008056085916031512,-0.05618906561608609,0.021616218769669772,0.011072389495635325,-0.11186875535492524,-0.0005093758772469342,0.05951437152622827,0.18634903889713048,False,False
sp|Q6ZWQ0|SYNE2_MOUSE,0.030073329507005926,0.019802282356385793,0.13268941298435427,-0.02093396966372197,0.08108062867773383,-0.07408911690942936,0.02859387367277346,0.011322145731125461,-0.14774205461773465,-0.0004361792011240567,0.5153472676240004,0.18931509907563676,False,False
sp|P01674|KV3AM_MOUSE,0.006094761542646659,0.019136995589457268,0.750930176342756,-0.04319887247856343,0.05538839556385675,-0.07149717371480448,0.02763322048000715,0.011435604823037723,-0.1426756327786345,-0.0003187146509744526,0.942480654859813,0.18960351417513405,False,False
sp|Q922R8|PDIA6_MOUSE,0.0028698576670118468,0.019057913404254213,0.8806720063763068,-0.046220074144163535,0.051959789478187225,0.07114698783269414,0.02751902828878562,0.011496673844429046,0.00026266836124898274,0.14203130730413932,0.9717888839047834,0.18960351417513405,False,False
sp|P59383|LRRN4_MOUSE,-0.054191480198425984,0.014791743957650138,0.00043958873037199393,-0.0922924877351336,-0.016090472661718376,-0.05516442225586249,0.021358813621232164,0.011577785784087007,-0.1101810802704717,-0.00014776424125327592,0.020973312554366814,0.18960351417513405,False,False
sp|P43406|ITAV_MOUSE,-0.01755468203866062,0.01817787506647739,0.33702538447503455,-0.06437778531114399,0.029268421233822756,-0.06774521567916846,0.02624828057371361,0.011633924364920846,-0.1353563059487133,-0.00013412540962359776,0.7305053577636481,0.18960351417513405,False,False
sp|P84084|ARF5_MOUSE,-0.01374804802720547,0.01943131703101697,0.4812493732798473,-0.0637998038422478,0.036303707787836856,0.07218927957336801,0.028058211396088734,0.011888400770330819,-8.388354584705493e-05,0.14446244269258307,0.819677896606254,0.1917225890839892,False,False
tr|A0A075B5Y2|A0A075B5Y2_MOUSE,0.038500762669736496,0.019830634102322307,0.05563484283194614,-0.012579565758981441,0.08958109109845444,-0.07364482614359726,0.028634812703291317,0.011919411948341207,-0.14740321580636934,0.00011356351917482521,0.34068426658128714,0.1917225890839892,False,False
sp|P28293|CATG_MOUSE,0.016753691647203247,0.0184211424762591,0.3657614334261684,-0.0306960269479943,0.0642034102424008,0.06835376059297212,0.026599551071670016,0.011987315278649423,-0.00016214251868107432,0.1368696637046253,0.7558873925139515,0.1917225890839892,False,False
tr|A0A0B4J1J2|A0A0B4J1J2_MOUSE,0.054498905642389135,0.0194531058701216,0.006342831574765978,0.004391025497090785,0.10460678578768748,-0.07180245048878096,0.028089673795302195,0.012427468186851573,-0.14415665537785,0.000551754400288082,0.10745257437514733,0.1931159142272067,False,False
tr|A0A494BBH0|A0A494BBH0_MOUSE,-0.047508667523627,0.017344019400080846,0.007554341970194167,-0.09218390093567586,-0.0028334341115781383,0.063845994167968,0.025044219185376713,0.012655739406865355,-0.000663639494226903,0.1283556278301629,0.11648162019910169,0.1931159142272067,False,False
sp|P01872|IGHM_MOUSE,0.043918910604202506,0.019806506244823236,0.029363113997035877,-0.007099268582137476,0.0949370897905425,-0.07287155947102089,0.02859997283499196,0.0127018557285054,-0.1465402075800957,0.0007970886380539166,0.2495380149913115,0.1931159142272067,False,False
sp|B2RU80|PTPRB_MOUSE,0.017802510999307183,0.019152123283465616,0.3553418125519974,-0.03153008937942474,0.0671351113780391,-0.07044644586807706,0.02765506439494837,0.012723214785058333,-0.1416811711281169,0.0007882793919627845,0.7433023292618955,0.1931159142272067,False,False
sp|Q8BYY9|SPA3B_MOUSE,-0.005269827654183079,0.019185618032464043,0.7842560648602341,-0.054688704788900165,0.044149049480534004,0.07055879139595221,0.02770342976033028,0.012736439430250943,-0.0008005147895152193,0.14191809758141966,0.9507057621974679,0.1931159142272067,False,False
tr|O08804|O08804_MOUSE,-0.008136822781836422,0.01931158737171929,0.674606279968411,-0.05788017543195586,0.04160652986828301,0.07092581317170105,0.027885325529135214,0.012853458462632663,-0.0009020254652456899,0.1427536518086478,0.9104021183795535,0.1931159142272067,False,False
tr|A0A0B4J1J4|A0A0B4J1J4_MOUSE,0.02376897083048038,0.019682653829784368,0.23066890546627922,-0.026930185675887182,0.07446812733684793,-0.07223586238526856,0.02842113383825645,0.012916801869092033,-0.14544385176593477,0.000972126995397643,0.6331682790804617,0.1931159142272067,False,False
tr|Q3TUY3|Q3TUY3_MOUSE,-0.012532205743803329,0.012601123674251372,0.3228902600712298,-0.0449905493615838,0.019926137873977144,0.0462351647943262,0.01819562674604249,0.012938040044428096,-0.00063366377456818,0.09310399336322057,0.7149117968043136,0.1931159142272067,False,False
tr|A0A0B4J1N0|A0A0B4J1N0_MOUSE,0.057536720791508456,0.019229447645407315,0.003659052449533246,0.008004946055408892,0.10706849552760803,-0.07049449828395399,0.027766718344599067,0.013013278891978132,-0.14201682505936108,0.0010278284914531088,0.07477825442498498,0.1931159142272067,False,False
tr|Q91XL1|Q91XL1_MOUSE,0.04013332074061776,0.019828183170263882,0.046220523386988364,-0.01094069450548308,0.0912073359867186,-0.07261236593017915,0.02863127363439017,0.013106241178934766,-0.14636163955556838,0.0011369076952100765,0.31550642120710115,0.1931159142272067,False,False
sp|G3X9K3|BIG1_MOUSE,-0.04590755228950169,0.019785969366284156,0.02281551534974545,-0.09687283198229729,0.005057727403293903,0.07242375842805623,0.02857031822750728,0.013147547539593062,-0.0011685044740742945,0.14601602133018676,0.22145618989518082,0.1931159142272067,False,False
tr|A0A0A6YY83|A0A0A6YY83_MOUSE,0.02193926229938803,0.019729752372682426,0.2693925664699071,-0.02888121201393081,0.07275973661270688,-0.07220871819293731,0.02848914265469293,0.013158851260136103,-0.14559188667588027,0.001174450290005652,0.6726549628833807,0.1931159142272067,False,False
tr|A0A075B5Q2|A0A075B5Q2_MOUSE,0.04262325878484531,0.01981660971089915,0.03442881140462608,-0.008420945205480423,0.09366746277517105,-0.07250919316382679,0.028614561922625018,0.01318002476959848,-0.14621542027233886,0.0011970339446853023,0.27111372895080166,0.1931159142272067,False,False
tr|A0A075B5S2|A0A075B5S2_MOUSE,-0.01453925393805884,0.01825017763354951,0.427946955648475,-0.061548596281528395,0.03247008840541071,-0.06674249452917438,0.026352683209322467,0.013226483005684875,-0.13462250816688828,0.0011375191085395142,0.7935104778362561,0.1931159142272067,False,False
tr|S4R2L0|S4R2L0_MOUSE,-0.04257606800846571,0.01773594257852484,0.01863426503888211,-0.08826082862829063,0.0031086926113592164,0.06478913585224455,0.02561014394355216,0.013326049564892707,-0.001178223385662494,0.13075649509015158,0.19897341894557052,0.1931159142272067,False,False
tr|A0A075B5S5|A0A075B5S5_MOUSE,0.020770503742490693,0.019472293050444518,0.2892515367144866,-0.029386799304135906,0.0709278067891173,-0.07112868788456231,0.02811737948096086,0.013330190585218426,-0.14355425789062587,0.0012968821215012388,0.6953032395299724,0.1931159142272067,False,False
sp|Q8R4V5|OIT3_MOUSE,0.016959296942472276,0.019685457798648217,0.39146732611312124,-0.033747082109061036,0.06766567599400558,-0.0718918490420258,0.02842518268121467,0.013349371934929239,-0.14511026755102924,0.0013265694669776645,0.7691980219642064,0.1931159142272067,False,False
sp|A2A8L5|PTPRF_MOUSE,0.02591646670943793,0.01973737240832308,0.19282352473535438,-0.02492363551497819,0.07675656893385405,-0.07196856325130799,0.02850014574678957,0.01348952903529178,-0.14538007382130314,0.001442947318687146,0.5995262059075294,0.1937133517075828,False,False
sp|P29533|VCAM1_MOUSE,0.09352915991141368,0.017428562159535508,7.296101326883466e-07,0.048636158782158614,0.13842216104066873,-0.06348916966160457,0.025166296274284333,0.01357561062335882,-0.12831325306669966,0.0013349137434905262,0.00018265869071094985,0.1937133517075828,True,False
sp|O55188|DMP1_MOUSE,0.05653940884903731,0.019270538333772246,0.004338561658476476,0.006901791513744357,0.10617702618433027,-0.07011160704278657,0.027826052007814676,0.013688544988891022,-0.14178676720659134,0.0015635531210181908,0.08275404644871796,0.1937133517075828,False,False
tr|E9PVG8|E9PVG8_MOUSE,-0.05016148430657467,0.016072101660888523,0.00248864684873494,-0.09156047473430828,-0.008762493878841059,-0.058472842209818146,0.023207609924783244,0.013691584470205851,-0.11825168391940712,0.001305999499770824,0.059150592588750495,0.1937133517075828,False,False
sp|E9PV24|FIBA_MOUSE,0.01375031488296275,0.019211910957729707,0.47619850693476345,-0.035736288339129646,0.06323691810505515,-0.06962856765777027,0.027741395918473237,0.01404288636282183,-0.1410856681859255,0.0018285328703849524,0.8193040958645351,0.19759799117085364,False,False
sp|P51655|GPC4_MOUSE,-0.0351189876949431,0.014600452174941506,0.018408396228805367,-0.0727272602522217,0.002489284862335503,-0.05278761548639059,0.021082594296056932,0.014268162325310583,-0.10709277966900693,0.0015175486962257581,0.19750675120489092,0.19815471044351585,False,False
sp|O35206|COFA1_MOUSE,-0.003186231445264644,0.01816481759229456,0.8611924639670537,-0.04997570089311755,0.043603238002588265,-0.06564331272396585,0.026229425991168537,0.014312687367345667,-0.13320583680728493,0.0019192113593532178,0.967475544341756,0.19815471044351585,False,False
sp|P09803|CADH1_MOUSE,-0.048390393991634924,0.015164735866531576,0.0020100983255218817,-0.08745216501722598,-0.009328622966043865,-0.05480136959757822,0.021897402220847965,0.01431331112329862,-0.11120533990963517,0.0016026007144787358,0.05336085761050356,0.19815471044351585,False,False
sp|Q9JHR7|IDE_MOUSE,0.013945198438778046,0.019418361365913503,0.4747090832226571,-0.0360731857944438,0.06396358267199989,-0.0699170448920463,0.028039503822656128,0.01465912491837985,-0.14214202049541536,0.0023079307113227643,0.8188220010928255,0.20042678545944717,False,False
tr|A0A0B4J1J5|A0A0B4J1J5_MOUSE,0.03414388120509669,0.01988159970476877,0.08968795522518425,-0.017067725915875874,0.08535548832606926,-0.07156506128033022,0.028708405432239605,0.014685707483985351,-0.14551301325085542,0.002382890690194997,0.43233779213349693,0.20042678545944717,False,False
sp|P09581|CSF1R_MOUSE,0.10327584270316555,0.016412586578965688,1.4521063239037795e-08,0.06099982124603233,0.14555186416029875,-0.05905324423874567,0.023699259450821006,0.014726055882126351,-0.12009849120457863,0.0019920027270872998,7.86656588350485e-06,0.20042678545944717,True,False
sp|P61939|THBG_MOUSE,0.04822152846493186,0.01316281068286934,0.00043982869046050796,0.014316374990930504,0.08212668193893322,-0.04727614831428661,0.019006685142191507,0.014897470947591475,-0.096234124866871,0.0016818282382977737,0.020973312554366814,0.20042678545944717,False,False
sp|O70559|SPR2H_MOUSE,0.031744554944691736,0.019836380029858897,0.11337358833598436,-0.019350574012551025,0.0828396839019345,-0.07119642662150438,0.028643109642157116,0.014963851003425841,-0.14497618778253674,0.0025833345395279705,0.4825404792812557,0.20042678545944717,False,False
sp|P01592|IGJ_MOUSE,0.031600728372812095,0.01978738098888463,0.11410933024128594,-0.019368187418843358,0.08256964416446755,-0.07094586652375366,0.028572356566199004,0.015066185974046872,-0.1445433798384169,0.0026516467909095676,0.4834239561230445,0.20042678545944717,False,False
sp|P22892|AP1G1_MOUSE,0.07873704073566329,0.018628068118442052,6.116518824656012e-05,0.030754317007675225,0.12671976446365135,-0.06676945560777554,0.02689834519881915,0.015095113651363465,-0.13605500138786777,0.0025160901723166873,0.004375009992635897,0.20042678545944717,True,False
sp|P70274|SEPP1_MOUSE,0.021928138771439253,0.018768845694556443,0.2460606699083361,-0.026417203962386844,0.07027348150526536,-0.06725692585459968,0.027101623596476984,0.015119986600616864,-0.13706608208815743,0.002552230378958076,0.6544271545094794,0.20042678545944717,False,False
sp|Q09200|B4GN1_MOUSE,0.029801605817587378,0.01985255198004832,0.13715842200979006,-0.02133517932284883,0.08093839095802359,-0.07105518561863765,0.028666461430220554,0.015237373789254872,-0.14489509699965408,0.002784725762378773,0.5255698462428712,0.20042678545944717,False,False
sp|Q3SXB8|COL11_MOUSE,0.029263558250626584,0.01986324777099309,0.1445116722084312,-0.02190077742154979,0.08042789392280296,-0.07108016061417884,0.028681905816357513,0.015255786388369573,-0.14495985409758216,0.0027995328692244914,0.5394033083094845,0.20042678545944717,False,False
tr|A0A075B5X5|A0A075B5X5_MOUSE,0.0394631162915369,0.019667185386808863,0.04809375379034774,-0.01119619614613409,0.09012242872920789,-0.07031163206473899,0.02839879789251061,0.015349620455896607,-0.14346208786183057,0.0028388237323525994,0.31848328724966807,0.20063590189814093,False,False
sp|Q64152|BTF3_MOUSE,0.00019737021821022025,0.019199812101731353,0.9918230201730391,-0.049258068416062194,0.04965280885248264,0.06855671637823016,0.027723925550473438,0.0154710555891195,-0.0028553834640873965,0.13996881622054771,0.9972017238375122,0.20120185930294301,False,False
sp|Q9Z0Z4|HEPH_MOUSE,-0.006432353123170189,0.016654718256000966,0.7003354802260696,-0.04933206444932831,0.03646735820298793,-0.05933531932217381,0.02404888998636838,0.01569595292128206,-0.1212811548668852,0.002610516222537572,0.9209731051296092,0.20310089835327289,False,False
tr|Q8K4D0|Q8K4D0_MOUSE / tr|Q8K3N3|Q8K3N3_MOUSE / tr|Q8R269|Q8R269_MOUSE / tr|Q5NC97|Q5NC97_MOUSE / tr|Q8K3N2|Q8K3N2_MOUSE / tr|Q8R277|Q8R277_MOUSE / tr|A0A494B935|A0A494B935_MOUSE,-0.012424332171109227,0.015838696587354394,0.4350487256328962,-0.05322211097083664,0.02837344662861819,-0.05633171059155519,0.022870580330562395,0.015868472740161788,-0.1152424215961869,0.0025790004130765293,0.7960152796882342,0.20430658652958303,False,False
sp|Q8BHC0|LYVE1_MOUSE,0.041215826033204145,0.019867036785885868,0.04116132530519914,-0.009958269494564638,0.09238992156097292,-0.07054592464650347,0.02868737703483822,0.01603114455411706,-0.14443971105479553,0.003347861761788584,0.30025612651809575,0.20537411555647475,False,False
sp|Q9DD06|RARR2_MOUSE,0.00895335240010977,0.018839545967654196,0.6358776317048896,-0.03957410216893043,0.05748080696914997,0.06676903643325989,0.027203712569919773,0.016228104196027854,-0.003303083569661025,0.1368411564361808,0.8954788164816426,0.2068681599246125,False,False
sp|Q9CZC8|SCRN1_MOUSE,0.016518149045698774,0.019733694204850844,0.40499566751372185,-0.034312478754429145,0.06734877684582669,-0.06977197972165924,0.028494834536519204,0.016474246212473714,-0.14316980952060265,0.003625850077284165,0.7781386945131771,0.20689609703478562,False,False
sp|P70428|EXT2_MOUSE,0.013936105553266933,0.019407845161007138,0.4747577660705198,-0.03605519073119498,0.06392740183772884,-0.06861481801067064,0.028024318753117283,0.016481935152501896,-0.14080067946694513,0.0035710434456038415,0.8188220010928255,0.20689609703478562,False,False
sp|Q9JKR6|HYOU1_MOUSE,-0.024290942558710317,0.014115049813863575,0.08903570740518711,-0.060648901490312566,0.012067016372891932,0.04988382075273663,0.020381688534623202,0.016521147356409853,-0.002615929830552456,0.10238357133602571,0.4317644944790147,0.20689609703478562,False,False
sp|Q8K182|CO8A_MOUSE,-0.008480397845992301,0.008382889831254361,0.3146899361931937,-0.030073291121759382,0.01311249542977478,-0.029617204436330646,0.012104629584294702,0.01655168776278285,-0.06079666402816188,0.00156225515550059,0.7105527400250299,0.20689609703478562,False,False
sp|Q3UX10|TBAL3_MOUSE,-0.006608565717485257,0.01939550976344298,0.7341808477803267,-0.056568088123430484,0.04335095668845997,0.06847279770615282,0.028006506826526948,0.016632073386115838,-0.003667183267657609,0.14061277867996325,0.9360856764025818,0.20689656506883228,False,False
sp|Q62209|SYCP1_MOUSE,0.040375368560037664,0.01977885663242211,0.04443284001102464,-0.010571589944447728,0.09132232706452306,-0.06973447906385472,0.028560047663243056,0.01677027804081901,-0.14330028674558948,0.0038313286178800476,0.31170407550036605,0.20761281709187,False,False
tr|A0A140T8N7|A0A140T8N7_MOUSE,0.005536169726682913,0.01936499100129952,0.77568680270761,-0.044344741557425155,0.055417081010790986,-0.06811028507814838,0.027962438692678827,0.0170270886851503,-0.1401367540614401,0.003916183905143339,0.9481678008640579,0.2083878887861098,False,False
tr|A0A075B5R2|A0A075B5R2_MOUSE,0.038519435243264,0.019898624701431764,0.05634027335874822,-0.012736025363005929,0.08977489584953392,-0.06997112096999208,0.0287329889926141,0.01705158207072089,-0.1439823959957155,0.004040154055731313,0.3413557738794745,0.2083878887861098,False,False
tr|S4R2V3|S4R2V3_MOUSE,-0.028892721712627103,0.008943368060883134,0.0017785393676260364,-0.05192931123627319,-0.005856132188981022,0.03144119234306007,0.012913942541554738,0.01707566778014337,-0.001822919279823386,0.06470530396594354,0.04924450399609725,0.2083878887861098,False,False
tr|J3QK46|J3QK46_MOUSE,0.025997501488580724,0.01934667605244225,0.18272901935204033,-0.023836233613567785,0.07583123659072924,-0.06793638462887654,0.027935992481857113,0.017199563600090294,-0.13989473268736585,0.004021963429612793,0.5911146040596782,0.20874321527383882,False,False
tr|Q9D8C9|Q9D8C9_MOUSE,-0.0018363805349032047,0.017538865662170788,0.9168667730993391,-0.047013504658530304,0.0433407435887239,-0.061549692058107154,0.02532557106712156,0.017266914506146668,-0.12678404014190905,0.0036846560256947533,0.9796217891919234,0.20874321527383882,False,False
sp|Q08481|PECA1_MOUSE,0.04669067844614718,0.01982263427639932,0.020890163655972117,-0.004369043796535035,0.0977504006888294,-0.0692031742016841,0.02862326120595736,0.017834606032264593,-0.14293180917912351,0.004525460775755302,0.21159981321013524,0.21259048457544205,False,False
sp|Q6IFX2|K1C42_MOUSE,0.045383666905744385,0.019760358438407656,0.024186450262170405,-0.005515643408535845,0.09628297722002462,-0.06893545211084387,0.02853333685217066,0.017915278760401842,-0.1424324573026968,0.0045615530810090565,0.2259080201973218,0.21259048457544205,False,False
tr|A0A1L1SQU7|A0A1L1SQU7_MOUSE,0.016261563468374207,0.019510531648236875,0.40699748305744043,-0.03399423567897256,0.06651736261572097,-0.06803427531208661,0.028172594814982497,0.01796356708408037,-0.14060207059352833,0.00453351996935511,0.7799214573899018,0.21259048457544205,False,False
tr|A0A075B5M7|A0A075B5M7_MOUSE,0.07114539941404448,0.019005255797371782,0.0003357727233111699,0.022191104609731616,0.12009969421835734,-0.06626124031807233,0.02744299235858279,0.017982182013698406,-0.13694970421237845,0.004427223576233777,0.016953230637769854,0.21259048457544205,False,False
sp|P97310|MCM2_MOUSE,-0.01680998663568661,0.019772323553632207,0.397701950251443,-0.06774011704438258,0.034120143773009357,0.06892581431989617,0.028550614102694293,0.017997951703862668,-0.00461569412014029,0.14246732275993262,0.7718290401489944,0.21259048457544205,False,False
sp|Q99LL3|CHSTC_MOUSE,0.003582376921948232,0.018893942284416102,0.8500875942188095,-0.04508519327381242,0.05224994711770888,-0.0657209813657441,0.0272822591425704,0.01824037971267388,-0.13599542393219183,0.004553461200703629,0.9657706868987608,0.21407031685801833,False,False
sp|Q9CQH7|BT3L4_MOUSE,0.03279424401183438,0.019925907000406563,0.10363093510293268,-0.018531491139603014,0.08411997916327177,-0.06928028123015272,0.028772383775313815,0.018289502799520012,-0.143393030491561,0.004832468031255546,0.46413352511274686,0.21407031685801833,False,False
sp|Q6GQT1|A2MG_MOUSE,0.052329091804995065,0.019239307947723053,0.007969875279800092,0.0027719186132487694,0.10188626499674136,-0.06674128573117019,0.027780956311400942,0.018546203889210064,-0.13830028707868852,0.0048177156163481255,0.12047517509219965,0.21502955576099736,False,False
sp|Q63880|EST3A_MOUSE,-0.024875235572533322,0.010755227184097972,0.02323701513192216,-0.0525788649196586,0.0028283937745919585,-0.0372987792627091,0.015530210199477524,0.01858025335613762,-0.07730194978479732,0.002704391259379116,0.22243611139293518,0.21502955576099736,False,False
sp|Q63918|CAVN2_MOUSE,-0.02071433746724262,0.019837318545522585,0.29945659475720293,-0.07181188388063375,0.03038320894614851,0.0687699675178869,0.02864446482929385,0.018621977062020352,-0.0050132843738840555,0.14255321940965787,0.7038612026286413,0.21502955576099736,False,False
sp|Q05793|PGBM_MOUSE,0.05010967669532755,0.019677121183453165,0.012747838527229258,-0.0005752286584939301,0.10079458204914904,-0.06816195827918951,0.028413144870751424,0.018710102916268078,-0.14134936944325116,0.005025452884872134,0.16550853317192274,0.215082656291921,False,False
sp|Q7TMM9|TBB2A_MOUSE,-0.012174886758422866,0.019702425115348695,0.5383283701365144,-0.06292497072151586,0.038575197204670134,0.06817616638029184,0.028449682953535196,0.018833489011656337,-0.005105360648099744,0.14145769340868342,0.847617709635205,0.21553881868895586,False,False
sp|Q62009|POSTN_MOUSE,-0.018121826456140838,0.017474252435023655,0.30275701168536523,-0.0631325179358855,0.02688886502360382,-0.06035261887150707,0.02523227159681886,0.019050052421262936,-0.12534664344569768,0.0046414057026835515,0.7087266409907413,0.2163957235342631,False,False
sp|P52430|PON1_MOUSE,-0.017368282079632494,0.01834545848471613,0.34655557908766726,-0.06462305163160412,0.029886487472339122,-0.06334716739871117,0.026490265765346067,0.019076438540690376,-0.1315815702158878,0.00488723541846546,0.7375046414468952,0.2163957235342631,False,False
sp|O08529|CAN2_MOUSE,-0.03834168108010812,0.019839481062610773,0.05673854598533391,-0.08944479776838443,0.012761435608168191,0.06840086685818048,0.02864758743603796,0.019255201249388402,-0.0053904283355454136,0.14219216205190638,0.34224412383671804,0.21746554042620672,False,False
sp|P29351|PTN6_MOUSE,0.04433177626109089,0.019410632252423916,0.024963886356731208,-0.005666699095114032,0.0943302516172958,-0.06673601536918095,0.0280283432255721,0.019582616433006305,-0.13893224317953587,0.005460212441173978,0.2271449023624836,0.21949261470900136,False,False
sp|Q8BNA6|FAT3_MOUSE,0.006309241776288204,0.019432016202571283,0.7462480005222405,-0.043744314985331934,0.056362798537908335,-0.066796793357927,0.028059220977850057,0.019605165585658373,-0.1390725569874272,0.005478970271573208,0.941955196737632,0.21949261470900136,False,False
sp|Q8VCP9|CLC14_MOUSE,0.02147053818582586,0.019748081637022397,0.2801244414750511,-0.02939714918369237,0.07233822555534408,-0.06778960412298747,0.028515609536621973,0.01976892778008653,-0.14124094677597682,0.005661738530001889,0.6820967698373168,0.22020584927073414,False,False
sp|Q61543|GSLG1_MOUSE,-0.039726454585555813,0.019877728005920393,0.048971658135042555,-0.09092808887118022,0.011475179700068588,0.06816113471773054,0.02870281482072437,0.01989747209404838,-0.005772416791828966,0.14209468622729005,0.31848328724966807,0.22020584927073414,False,False
tr|A0A075B5P1|A0A075B5P1_MOUSE,0.005846172362708235,0.019557441249116386,0.7657549299644695,-0.04453045790920176,0.05622280263461823,-0.0670471938316218,0.02824033080507944,0.01992542247770138,-0.13978946546126014,0.005695077798016535,0.9443577321161442,0.22020584927073414,False,False
sp|O70165|FCN1_MOUSE,0.03442110022945952,0.01992542174412367,0.08784328865602076,-0.016903384984624674,0.08574558544354371,-0.06812616064793448,0.028771683080484695,0.020247490818008352,-0.14223710503906906,0.005984783743200092,0.4301367320324413,0.22276795113787898,False,False
sp|Q8R2M2|TDIF2_MOUSE,0.004134441894410732,0.019473063199665044,0.8323874371564075,-0.046024844925146205,0.05429372871396766,-0.06653406867635477,0.02811849155224257,0.0203302790358841,-0.1389625031882134,0.005894365835503859,0.9634342245039778,0.22276795113787898,False,False
sp|P55002|MFAP2_MOUSE,0.0027178708284681247,0.01924093971629784,0.8880152760148151,-0.04684350552058972,0.05227924717752597,-0.06568931430873746,0.02778331253396413,0.02042586780779017,-0.1372543848833797,0.005875756265904794,0.9717888839047834,0.2228669898519478,False,False
sp|Q05909|PTPRG_MOUSE,-0.030250260626666758,0.01740588424545274,0.08597661575025022,-0.07508484732028407,0.014584326066950554,-0.05928609517288745,0.02513355007873099,0.02071106794436754,-0.12402582996789652,0.005453639622121614,0.4273934084109928,0.2250253162731916,False,False
sp|P01627|KV2A2_MOUSE,0.013853578243616804,0.019758970798618606,0.4852077687278547,-0.03704215774743202,0.06474931423466562,-0.06718970660963347,0.02853133314390525,0.020915299653440016,-0.1406815505910206,0.006302137371753655,0.819677896606254,0.2262894815445716,False,False
sp|Q8C102|GALT5_MOUSE,-0.02549745704094841,0.01712443336946895,0.1403361308311549,-0.06960707432069717,0.018612160238800347,-0.058075350660322884,0.02472714385503745,0.02124896019330672,-0.12176825239519748,0.0056175510745517035,0.5306395549048809,0.22856525225041965,False,False
sp|Q9CWF2|TBB2B_MOUSE,-0.011641767086844036,0.019729567957185567,0.556768309392209,-0.06246176637732204,0.039178232203633964,0.06688069986267357,0.02848887636450852,0.021304533915456243,-0.006501782702209136,0.14026318242755628,0.8574631559120444,0.22856525225041965,False,False
sp|P31428|DPEP1_MOUSE,-0.034168559997573594,0.01687542848024084,0.046147181566865904,-0.07763678318692163,0.00929966319177445,-0.05715205644924266,0.024367588616992106,0.02142220130708249,-0.11991880526571555,0.00561469236723023,0.31550642120710115,0.22856525225041965,False,False
sp|O09044|SNP23_MOUSE,-0.014937579999642112,0.01923084083858565,0.43954047082020886,-0.06447294336355594,0.03459778336427172,0.06509895286366256,0.027768730071784157,0.021480695551301575,-0.006428555777578629,0.13662646150490376,0.7960152796882342,0.22856525225041965,False,False
sp|Q61878|PRG2_MOUSE,0.08450330524700686,0.018205523214698562,1.296740685496013e-05,0.037608985064146526,0.1313976254298672,-0.06129538279885637,0.026288203631232653,0.022172305580758642,-0.12900930804984606,0.006418542452133309,0.0015177760296146516,0.2349534439113313,True,False
tr|A0A0B4J1H8|A0A0B4J1H8_MOUSE,0.030517484836214873,0.019816190019112768,0.12740383022663057,-0.02052563809970904,0.08156060777213878,-0.06663308762509347,0.028613955900869275,0.022337802578769734,-0.1403377537250085,0.00707157847482158,0.5086276943156182,0.23507526882549404,False,False
sp|Q8VCM7|FIBG_MOUSE,0.011643901971433824,0.0195051065578787,0.5521742690411897,-0.03859792306919396,0.0618857270120616,-0.06555596048579342,0.028164761154923862,0.022399451046237303,-0.1381035775961021,0.006991656624515244,0.8557349860654497,0.23507526882549404,False,False
sp|Q2PZL6|FAT4_MOUSE,-0.03225030908937085,0.017811540601265025,0.07385908381401188,-0.0781297973114603,0.013629179132718605,-0.05982521722305139,0.025719305113625423,0.02248378929907114,-0.12607375700164283,0.0064233225555400605,0.3985049957594202,0.23507526882549404,False,False
sp|O08638|MYH11_MOUSE,-0.017106470729159703,0.019851138611350485,0.3913449990288689,-0.0682396152730873,0.0340266738147679,0.06664253792551124,0.028664420570219087,0.022548967533940593,-0.007192116548508959,0.14047719239953144,0.7691980219642064,0.23507526882549404,False,False
tr|A0A140T8P1|A0A140T8P1_MOUSE,0.011997995487553894,0.019425600053910884,0.5385252710536681,-0.03803903437033086,0.062035025345438644,-0.0651145458554493,0.028049956260735167,0.022749083248541285,-0.13736644515511587,0.007137353444217273,0.847617709635205,0.23620519905239437,False,False
sp|B2RQC6|PYR1_MOUSE,0.003365480665783042,0.018887678712532337,0.8590180042212849,-0.045285955637974516,0.052016916969540604,0.06318602889966342,0.02727321474152807,0.023011060004334172,-0.0070651168335464365,0.13343717463287327,0.9672875961020359,0.23796578116931927,False,False
sp|Q60805|MERTK_MOUSE,0.0394219099775617,0.018678035715319584,0.03785328689367501,-0.008689521750691431,0.08753334170581484,-0.062367090157591766,0.026970496839076284,0.023261964860453063,-0.13183848624695746,0.00710430593177392,0.28252815580061785,0.23852079697078082,False,False
sp|P63101|1433Z_MOUSE,0.015770227405370776,0.018705934442266467,0.4016472973058065,-0.032413066681283846,0.0639535214920254,0.06241009262967203,0.027010781724403812,0.023369533924213436,-0.007165070447810402,0.13198525570715447,0.7758753117497762,0.23852079697078082,False,False
sp|P17047|LAMP2_MOUSE,-0.03026011543040758,0.019863571203144692,0.1315067343253795,-0.08142528420859776,0.0209050533477826,0.06626122144979997,0.02868237284222444,0.0233921844380178,-0.0076196750125169105,0.14014211791211684,0.5138540832896088,0.23852079697078082,False,False
sp|Q9DBR7|MYPT1_MOUSE,-0.00527361376801487,0.019440542880456668,0.7868659932387416,-0.055349133796394105,0.044801906260364364,0.06482928786203039,0.028071533232867697,0.023435247236352444,-0.0074781900347370145,0.1371367657587978,0.9508117938009196,0.23852079697078082,False,False
sp|Q8VDV0|ITGBL_MOUSE,-0.048652339610625144,0.017733144439817574,0.007462663201822997,-0.0943298927027725,-0.0029747865184777886,0.058922914116468356,0.025606103519156903,0.023922927806665484,-0.007034037677882618,0.12487986591081933,0.11576119123309768,0.24252574449670716,False,False
sp|Q8K0E8|FIBB_MOUSE,0.013942798008913775,0.019506235725990174,0.47677092575284125,-0.03630193557602418,0.06418753159385172,-0.0646730740085398,0.028166391638206233,0.024222062106912183,-0.13722489096546614,0.00787874294838653,0.8193040958645351,0.24382662266678323,False,False
sp|Q8BG07|PLD4_MOUSE,0.012482084829580273,0.018933679567494116,0.5115805053948536,-0.03628784182437614,0.06125201148353669,0.06276629153913428,0.02733963853106627,0.024240627340853013,-0.0076559505376208314,0.1331885336158894,0.8342747317237162,0.24382662266678323,False,False
sp|O35601|FYB1_MOUSE,-0.015204813403811702,0.019830697089682593,0.4454432162585008,-0.06628530407721801,0.03587567726959461,0.06568434221030252,0.028634903655060946,0.02435733027974941,-0.008074281728702976,0.139442966149308,0.7991629674539912,0.2440471808185009,False,False
sp|Q62351|TFR1_MOUSE,0.05681027901998412,0.019607548948028963,0.0048244626410341935,0.0063045798688817,0.10731597817108654,-0.06482577945596961,0.02831268474827415,0.024612516638936002,-0.1377544224927162,0.00810286358077697,0.08828916664213216,0.2456481796327915,False,False
sp|Q8BMP6|GCP60_MOUSE,0.0012914989499997781,0.018828773257893183,0.9454815534041803,-0.04720820695755938,0.04979120485755893,-0.062119038602240516,0.02718815711542841,0.0249090774460601,-0.13215109040965256,0.007913013205171522,0.9841278017357504,0.24764816379770177,False,False
sp|P13595|NCAM1_MOUSE,-0.02510727007875817,0.017389318171644016,0.1525958560603291,-0.06989918539401421,0.019684645236497874,-0.05724855260597604,0.025109629188541902,0.025207821400172553,-0.12192667127106907,0.007429566059116988,0.5480255639544594,0.24965438502093973,False,False
sp|Q99JT2|STK26_MOUSE,-0.009978443737042063,0.01965314757961958,0.6130074399984502,-0.06060159717959732,0.0406447097055132,0.0646563402145833,0.02837852773989946,0.025306666449026183,-0.008441903129425068,0.13775458355859166,0.8860653115180789,0.24967305021548822,False,False
sp|P97287|MCL1_MOUSE,0.04005704403899631,0.019327525752812193,0.041356386243529136,-0.009727363160193354,0.08984145123818599,-0.06352085069652268,0.0279083400507604,0.02545036835371154,-0.13540797081267872,0.008366269419633365,0.3008268208392303,0.25013243706414967,False,False
sp|P27546|MAP4_MOUSE,-0.03250914857011342,0.019914028713425385,0.10641402549604204,-0.08380428728186873,0.018785990141641888,0.06534566298221547,0.028755231902046076,0.025674904494946648,-0.00872290598141899,0.13941423194584995,0.4667533720091613,0.2505295359921963,False,False
sp|Q8BV57|SRCRL_MOUSE,-0.06192059670750308,0.011652388170266939,9.041732651649275e-07,-0.09193515961280321,-0.03190603380220294,0.03823322341444789,0.016825682480953386,0.025685358253180513,-0.005106862572201207,0.08157330940109699,0.00019402051314997403,0.2505295359921963,True,False
sp|E9Q7X6|HEG1_MOUSE,0.010344816819144028,0.01976070493441065,0.6020352079750418,-0.04055538600969427,0.06124501964798233,-0.06477665000936725,0.02853383718151449,0.02582094179991395,-0.13827494396420542,0.008721643945470939,0.8803183762269919,0.25068097676666357,False,False
sp|Q8R4U0|STAB2_MOUSE,0.0641317839303863,0.018853965012645267,0.0010381029493293,0.015567188362728898,0.11269637949804369,-0.06176887640738554,0.027224533217940872,0.02590355999952884,-0.13189462684559808,0.008356874030826994,0.03661801499346504,0.25068097676666357,False,False
sp|Q6URW6|MYH14_MOUSE,-0.015457052727131035,0.019867958678058798,0.43881453821161615,-0.06663352289177356,0.03571941743751149,0.06500608210677247,0.028688708218176494,0.026092099568997242,-0.008891133202570706,0.13890329741611565,0.7960152796882342,0.25068097676666357,False,False
sp|Q9CQ19|MYL9_MOUSE,-0.010638858954732242,0.019601467009083277,0.5887684490420274,-0.061128892069275964,0.03985117415981149,0.06411919976289146,0.028303902619488758,0.02612590443056787,-0.008786822009182169,0.1370252215349651,0.8755588163150538,0.25068097676666357,False,False
tr|E9PWQ3|E9PWQ3_MOUSE,0.04003090915523602,0.019707983690775942,0.04547389339058019,-0.010733492749328458,0.0907953110598005,-0.06441827517188707,0.028457709361840403,0.026237199616216938,-0.13772047685799346,0.00888392651421932,0.3151503967948513,0.25068097676666357,False,False
tr|A2BHD2|A2BHD2_MOUSE / sp|A2AEP0|OBP1B_MOUSE,0.010787335585940541,0.018111258324575736,0.553072915602991,-0.0358641743306456,0.05743884550252668,0.05911626207608658,0.026152088091041865,0.026441682099213125,-0.008247052777811285,0.12647957692998443,0.8557349860654497,0.25068097676666357,False,False
tr|E9PZP8|E9PZP8_MOUSE,-0.01434033821889396,0.019287941320463912,0.4593117327458982,-0.06402278267727657,0.035342106239488656,0.06295139185331891,0.027851181373916758,0.026454784019570476,-0.008788497268071196,0.134691280974709,0.8053288393322638,0.25068097676666357,False,False
sp|A2AGL3|RYR3_MOUSE / sp|E9Q401|RYR2_MOUSE / sp|E9PZQ0|RYR1_MOUSE,-0.03235560584818711,0.019975600272506687,0.10912441374703835,-0.08380934238608924,0.019098130689715012,0.06518465935575236,0.028844139299209752,0.026479699293410677,-0.009112919886798562,0.13948223859830328,0.4738539045507989,0.25068097676666357,False,False
sp|E9Q557|DESP_MOUSE,0.028710512677897385,0.019992064346349297,0.1547792795722656,-0.022785632503864325,0.0802066578596591,-0.06516776450310294,0.0288679129046519,0.026638673113185157,-0.13952658049520275,0.009191051488996876,0.55201751370995,0.25126220976722263,False,False
sp|Q9CZ52|ANTR1_MOUSE,-0.0032718600093480607,0.017730725248078574,0.8540528947051401,-0.048943181676523194,0.04239946165782708,-0.05768980731124641,0.025602610282279947,0.026911462371513623,-0.12363776112368549,0.008258146501192665,0.9666752544464772,0.2523978700009367,False,False
sp|Q8BWW9|PKN2_MOUSE,0.05678128056418916,0.0194835753234852,0.0045936351024502735,0.006594916308053735,0.10696764482032459,-0.06337432471860098,0.028133670728821135,0.026955112330197123,-0.13584185819829442,0.009093208761092444,0.0863402218161274,0.2523978700009367,False,False
sp|P06327|HVM52_MOUSE,0.029230473785390267,0.02000951184447447,0.14788364906061546,-0.022310613173315882,0.08077156074409642,-0.06496628735007942,0.028893106543865735,0.027226901164588865,-0.13938999785632927,0.00945742315617043,0.5424507070243373,0.25401909601020406,False,False
sp|Q499E4|DZI1L_MOUSE,-0.006563276930805243,0.019258118039804664,0.7341214805930851,-0.05616890170893781,0.04304234784732732,-0.06232659988617124,0.027808117493484656,0.027708498000052456,-0.13395556380241982,0.009302364030077344,0.9360856764025818,0.2573020815499557,False,False
sp|Q3UND0|SKAP2_MOUSE,-0.011405536857051786,0.019775216759347024,0.5656821630611369,-0.062343119669809176,0.03953204595570561,0.06397046975408222,0.02855479180086211,0.027778632493548616,-0.009581799723316284,0.13752273923148073,0.8624343533708358,0.2573020815499557,False,False
sp|O54774|AP3D1_MOUSE,-0.00047226122350645653,0.019267241617824928,0.9805044830892589,-0.05010138678125683,0.04915686433424391,0.06224804151643825,0.02782129165354661,0.027971631148790872,-0.009414856787347554,0.13391093982022406,0.9945365169974355,0.2581611118571201,False,False
sp|P07309|TTHY_MOUSE,0.05745021997931599,0.019489561748540333,0.004167925678207218,0.007248435714100061,0.10765200424453192,-0.06274280131561973,0.028142314938548945,0.02851637907579649,-0.13523260080403607,0.009746998172796617,0.08204754797020287,0.26224884328634274,False,False
sp|Q91V98|CD248_MOUSE,-0.03514658497800611,0.0165500031149692,0.036712246314996165,-0.07777656797536936,0.007483398019357143,-0.05320278345384792,0.023897684612139217,0.028739115867809834,-0.11475913976476576,0.008353572857069912,0.27960902271616195,0.2624558199965521,False,False
sp|O35664|INAR2_MOUSE,0.03191203312961016,0.018108450787541815,0.08174970590025202,-0.014732245050813206,0.07855631131003353,-0.05815480440040954,0.02614803409575815,0.02889362491838536,-0.12550767685445915,0.009198068053640068,0.4145396266441909,0.2624558199965521,False,False
sp|P47753|CAZA1_MOUSE,-0.0016573573694928618,0.01931151610247651,0.9318169427510263,-0.051400526442208314,0.04808581170322258,0.06200273586837132,0.02788522261858743,0.02893299683348959,-0.009824837688570773,0.13383030942531343,0.9824303813616132,0.2624558199965521,False,False
sp|Q8VDD5|MYH9_MOUSE,-0.01684875844491139,0.019918572703445412,0.40008032870026594,-0.06815560169931532,0.03445808480949254,0.06394621215079081,0.028761793280894465,0.02894658364233817,-0.010139257804753013,0.13803168210633465,0.7735899695788303,0.2624558199965521,False,False
sp|Q9CYL5|GAPR1_MOUSE,0.07477405427419681,0.018326711577983393,0.00010386416010598956,0.027567573553938282,0.12198053499445534,-0.05859194304386059,0.02646319582092129,0.029598594647572363,-0.12675661830494245,0.00957273221722127,0.006833931894941323,0.26742589900876784,True,False
sp|P31324|KAP3_MOUSE,-4.062218171807598e-05,0.01946660948414946,0.9983400743549002,-0.0501832853317332,0.05010204096829705,0.06214436289829262,0.028109172589768878,0.029833122679567066,-0.01026006755694759,0.13454879335353284,0.9987279298616426,0.26860241573386434,False,False
sp|P68254|1433T_MOUSE,0.011721422695434882,0.019093127773641402,0.5409755926329347,-0.037459215320314015,0.060902060711183786,0.060601053748116626,0.0275698767319904,0.03076178238385562,-0.010414242633375231,0.13161635012960848,0.8495070305016292,0.27599857016873947,False,False
sp|Q9QWL7|K1C17_MOUSE,0.04014539954509547,0.01997137223053367,0.04770324833686201,-0.011297446278395927,0.09158824536858687,-0.06333860401609313,0.028838034139416355,0.030890111101554093,-0.13762045740914536,0.010943249376959105,0.31848328724966807,0.27618762530035346,False,False
sp|Q62465|VAT1_MOUSE,-0.03353435471633456,0.019942880241781306,0.09646699772340438,-0.08490381004028123,0.017835100607612106,0.06319688481655038,0.02879689260267787,0.03102267236510723,-0.010978995000577849,0.1373727646336786,0.45134506054218443,0.2764130842219762,False,False
tr|A0A075B5R4|A0A075B5R4_MOUSE,0.04796237150880761,0.019037055754853587,0.013696376596032254,-0.0010738345578384864,0.09699857757545371,-0.060101120304424736,0.02748891049825325,0.031638291766182686,-0.13090786148845845,0.010705620879608989,0.17290596629443739,0.2797551291315631,False,False
sp|P02816|PIP_MOUSE,-0.0224719504469637,0.016845496781913348,0.1858959461170278,-0.0658630746906548,0.020919173796727406,0.0531609813336846,0.02432436818485278,0.0317045551961821,-0.009494439027171779,0.11581640169454097,0.5921328317698707,0.2797551291315631,False,False
sp|P82198|BGH3_MOUSE,0.08094817238523683,0.018403425174856908,3.248581762165374e-05,0.03354409053417086,0.1283522542363028,-0.0580707908074987,0.026573967844999515,0.03172368842967628,-0.12652079589421467,0.010379214279217279,0.0026140931367424495,0.2797551291315631,True,False
sp|O55222|ILK_MOUSE,-0.015860800403763947,0.019919724549827617,0.42819409041470635,-0.06717061061783236,0.03544900981030446,0.06278868661109754,0.028763456510887377,0.03190016899898228,-0.011301067541000576,0.13687844076319566,0.7935104778362561,0.28035131458149953,False,False
sp|P68510|1433F_MOUSE,0.010791477899070503,0.019135954514239217,0.574335983458726,-0.03849947449008574,0.06008243028822674,0.06026186602482001,0.027631717200095614,0.032055999423271975,-0.010912720846562439,0.13143645289620245,0.8679079562243073,0.28076257998273924,False,False
sp|Q9Z2L7|CRLF3_MOUSE,-0.04366355866952159,0.019682381565332068,0.029291501194329366,-0.0943620138691346,0.007034896530091428,0.06194134277674575,0.028420740696939985,0.03216752530397694,-0.011265633938997058,0.13514831949248857,0.2495380149913115,0.28078433104318856,False,False
tr|A0A075B5V6|A0A075B5V6_MOUSE,0.0047402651680865755,0.0196269951855155,0.8097568942566542,-0.045815524171377436,0.05529605450755058,-0.061666130886606246,0.028340764504339314,0.03244221536608114,-0.13466710258186199,0.011334840808649493,0.9583518580992989,0.2811708302045371,False,False
sp|Q61781|K1C14_MOUSE,0.04013000816377574,0.019975940026183883,0.047836340937615296,-0.011324603521604096,0.09158461984915557,-0.06275511229514248,0.02884462989284693,0.032462005003699924,-0.13705395522316016,0.011543730632875213,0.31848328724966807,0.2811708302045371,False,False
sp|P01795|HVM26_MOUSE,-0.0013622927376083934,0.01944354489899134,0.944313299086023,-0.05144554545329903,0.04872095997808225,-0.06101863603498526,0.02807586805332924,0.03263886348024646,-0.13333727968932313,0.011300007619352619,0.9841278017357504,0.2811708302045371,False,False
sp|P61982|1433G_MOUSE,0.02166478202670834,0.01857513686469251,0.2468611105934771,-0.026181599826798078,0.06951116388021476,0.05825951874894114,0.026821914131136288,0.032737201495586316,-0.01082915364731206,0.12734819114519436,0.6553271750290758,0.2811708302045371,False,False
sp|P99024|TBB5_MOUSE,-0.005912610457683436,0.01973726179073513,0.7652663139387818,-0.05675242775007503,0.044927206834708154,0.06186749253803139,0.028499986018467403,0.03283850972388811,-0.011543606599070888,0.13527859167513367,0.9443577321161442,0.2811708302045371,False,False
sp|P68372|TBB4B_MOUSE,-0.006699416594354078,0.019756978014386202,0.7354079154990318,-0.05759001951338143,0.04419118632467327,0.061847441539102085,0.028528455626073066,0.03306371777577925,-0.011636990447531415,0.13533187352573559,0.9360856764025818,0.2811708302045371,False,False
sp|P01633|KV5A1_MOUSE,0.01588419156828586,0.019869310180971583,0.4263488053343707,-0.035295759837163244,0.06706414297373497,-0.06216693397066819,0.028690659745927743,0.03315204875888992,-0.13606917608237973,0.011735308141043344,0.7935104778362561,0.2811708302045371,False,False
sp|P01867|IGG2B_MOUSE,0.04228975156218058,0.019242900134033004,0.030792001265742608,-0.007276674488326695,0.09185617761268786,-0.060128726732161915,0.027786143315591025,0.0333750664709275,-0.1317010889170707,0.011443635452746855,0.25743312746521824,0.2811708302045371,False,False
sp|A6X935|ITIH4_MOUSE,0.029858927925042675,0.017243101209594436,0.0870973819453831,-0.01455635745469016,0.07427421330477552,0.0538643274909504,0.024898496488461284,0.03342477217218853,-0.010269949378337577,0.11799860436023837,0.4301367320324413,0.2811708302045371,False,False
sp|Q91VU7|PUS7_MOUSE,-0.042342827391385514,0.01962621438139447,0.03389605623750147,-0.09289660551271425,0.008210950729943219,0.06130240994266806,0.028339637047715974,0.03344253312904512,-0.011695657616778793,0.1343004775021149,0.2685610609586655,0.2811708302045371,False,False
sp|Q8VCW8|ACSF2_MOUSE,0.05064362701912602,0.01969322331273104,0.0119269276469128,-8.275467113894042e-05,0.10137000870939097,-0.061507946709787084,0.028436395839611873,0.03345306314365862,-0.13475524840077538,0.011739354981201211,0.1583084468597962,0.2811708302045371,False,False
sp|Q9Z1Z0|USO1_MOUSE,-0.0104535916459674,0.019825288917522655,0.5994189327797773,-0.061520151791045516,0.04061296849911071,0.06188430341203466,0.028627094424349114,0.033553558332671096,-0.011854205281665128,0.13562281210573446,0.8800148543318804,0.2811708302045371,False,False
sp|Q64695|EPCR_MOUSE,0.00013425985075408417,0.019187904476830994,0.9944341557263948,-0.04929050677436432,0.049559026475872486,-0.05986773179961781,0.02770673131417199,0.03363130706912521,-0.13123554222421796,0.011500078624982327,0.9977177296440393,0.2811708302045371,False,False
sp|P15306|TRBM_MOUSE,-0.013452840545476918,0.018958235015872953,0.47996265248867315,-0.06228601784292932,0.03538033675197548,-0.05908783449749477,0.02737509582716408,0.03381654346906673,-0.12960140851656324,0.011425739521573691,0.819677896606254,0.2818045289088894,False,False
tr|A0A140T8M6|A0A140T8M6_MOUSE,0.013877745969914423,0.019455073727138214,0.47767132365951304,-0.036235203039152515,0.06399069497898136,-0.06056973999970889,0.02809251531901781,0.03400737724505135,-0.13293126416883136,0.011791784169413573,0.8193040958645351,0.28248063356776526,False,False
tr|B9EKK6|B9EKK6_MOUSE,0.039620992244173606,0.019973607184820004,0.050639200148610675,-0.011827610440060615,0.09106959492840783,-0.06212983604828331,0.028841261343199122,0.034159462343371645,-0.13642000216740774,0.012160330070841115,0.3243680109021704,0.2828315612031575,False,False
sp|P21981|TGM2_MOUSE,-0.031435450544855664,0.018083077310489207,0.08589553099862102,-0.07801437097955399,0.015143469889842671,-0.056136201627118874,0.026111395591952184,0.03451141419481324,-0.12339469954942689,0.011122296295189148,0.4273934084109928,0.28404151913193254,False,False
sp|Q8CG48|SMC2_MOUSE,-0.014230839591064524,0.01976685550103055,0.473612466969642,-0.0651468852296358,0.036685206047506747,0.06135807104052268,0.028542718406505643,0.03452621184011452,-0.012163099433899122,0.1348792415149445,0.8188220010928255,0.28404151913193254,False,False
sp|Q8K2C7|OS9_MOUSE,-0.0027695950493221797,0.018848615775826985,0.8835409091350175,-0.05132041189603142,0.04578122179738706,0.05842684783184337,0.02721680908801105,0.03477003266617749,-0.011679006566151513,0.12853270222983826,0.9717888839047834,0.28513641438027715,False,False
sp|P28653|PGS1_MOUSE,0.004837822711392597,0.0190500200972869,0.8001670459126276,-0.04423177728839448,0.053907422711179674,0.05882899839200095,0.02750763060147757,0.03543987748571571,-0.012025962582483438,0.12968395936648536,0.9565299624897676,0.28970693500227923,False,False
sp|O54724|CAVN1_MOUSE,-0.01861074376395875,0.019883184985728653,0.3520195071552361,-0.06982643429808214,0.03260494677016464,0.06110814930591857,0.028710694528147184,0.036304604252797225,-0.01284569898492402,0.13506199759676116,0.740890938913965,0.29473056761977195,False,False
sp|P70126|SIA8E_MOUSE,-0.030652188362220903,0.016886004240800025,0.07314267134766159,-0.07414765290552461,0.012843276181082802,-0.05187985265905994,0.024382859683022798,0.03636378926125118,-0.11468593713491113,0.010926231816791233,0.3985049957594202,0.29473056761977195,False,False
sp|P62900|RL31_MOUSE,-0.02232986354399122,0.019296351128829343,0.25054784023292204,-0.07203397023319874,0.027374243145216304,0.05923716896601606,0.027863324873018812,0.03651177880922083,-0.012533999736208744,0.13100833766824085,0.6564884285238085,0.29473056761977195,False,False
sp|Q91X17|UROM_MOUSE,-0.07042689328491894,0.018628625307638397,0.0002958914108321906,-0.11841105223716658,-0.022442734332671306,0.05716870576118441,0.026899149762515662,0.0365712776633056,-0.012118912437653881,0.1264563239600227,0.015549395569242667,0.29473056761977195,False,False
sp|Q99KH8|STK24_MOUSE,-0.008660517725402394,0.019752546071923786,0.6622125724146682,-0.05953970471716341,0.042218669266358616,0.06059947993829024,0.028522056040378118,0.036626711315855154,-0.01286846780797963,0.13406742768456012,0.906537678877071,0.29473056761977195,False,False
sp|Q8K482|EMIL2_MOUSE,0.05493132038029658,0.01889888233589893,0.004697547925339767,0.0062510254551654265,0.10361161530542773,-0.05787415424623526,0.02728939242172958,0.036963388491108654,-0.1281669709221716,0.012418662429701084,0.08765352107065146,0.29614348352243336,False,False
sp|Q80Y55|BSDC1_MOUSE,0.006148870081338726,0.01936007447479286,0.7515913962513785,-0.04371937706972181,0.056017117232399265,0.05921030983844992,0.02795533938284624,0.037200341620027465,-0.012797872534540053,0.13121849221143989,0.942480654859813,0.29614348352243336,False,False
sp|Q8C522|ENDD1_MOUSE,-0.01079825640616917,0.019879256961039666,0.5884710955993698,-0.0620038290191936,0.04040731620685527,0.060789041757881586,0.028705022583887477,0.03722806616783442,-0.01315019657272875,0.13472828008849191,0.8755588163150538,0.29614348352243336,False,False
sp|P35492|HUTH_MOUSE,0.03766683045693038,0.01994204238264979,0.06245202721690881,-0.013700466684913086,0.08903412759877385,-0.06096973543932556,0.028795682760411664,0.037262325693696474,-0.1351424989092918,0.01320302803064069,0.3590982897062746,0.29614348352243336,False,False
sp|Q9CPX6|ATG3_MOUSE,-0.004686319855272765,0.019746278634381366,0.8129952642153405,-0.05554936299775385,0.04617672328720832,0.060292124829309464,0.028513006057446118,0.03750530704343961,-0.013152511705727545,0.13373676136434648,0.9583518580992989,0.29715743272879075,False,False
sp|A2BGH0|BPIB4_MOUSE,0.030172004579238965,0.0192021606252269,0.11996808109646134,-0.019289483450673363,0.07963349260915129,-0.05853298688556872,0.02772731674462675,0.037816126433444376,-0.1299538218651604,0.01288784809402297,0.4926918801010972,0.2974862344209606,False,False
sp|P47962|RL5_MOUSE,0.005818658052650482,0.018577363548883015,0.7549146845617694,-0.04203345935924359,0.053670775464544546,0.05657446311505178,0.026825129393160466,0.03799454149571731,-0.01252249124734188,0.12567141747744542,0.942480654859813,0.2974862344209606,False,False
tr|Q9CPN9|Q9CPN9_MOUSE,-0.0028643149054851306,0.019531478677303968,0.8837672825413081,-0.053174070024125206,0.047445440213154944,-0.05946234171567608,0.02820284166694556,0.03805042375234291,-0.13210804772474438,0.01318336429339221,0.9717888839047834,0.2974862344209606,False,False
sp|O88322|NID2_MOUSE,0.03732651607298277,0.019913302603071597,0.06442913563400773,-0.013966752302445644,0.08861978444841118,-0.06061756475716136,0.02875418342150454,0.03807274963521152,-0.13468343301389274,0.013448303499570019,0.3670465138441812,0.2974862344209606,False,False
sp|Q68FD5|CLH1_MOUSE,-0.004482269079282401,0.019755657703488503,0.8210775757476393,-0.05536947110280965,0.04640493294424486,0.059979419217389245,0.02852654913861177,0.03856924874405934,-0.013500101982974598,0.13345894041775308,0.9612305140240618,0.2974862344209606,False,False
sp|P01921|HB2D_MOUSE,0.0621209290644858,0.019387810806034956,0.0019303978086292327,0.012181237858638928,0.11206062027033267,-0.05884608880902401,0.027995389773877402,0.03862239971132862,-0.13095743415285066,0.013265256534802629,0.05177889955437785,0.2974862344209606,False,False
tr|A0A075B697|A0A075B697_MOUSE,0.018515706776570977,0.019774388888127017,0.35184363652175954,-0.03241974358123835,0.06945115713438031,-0.06000955651564337,0.028553596380826368,0.03865358191295266,-0.13355874679508375,0.013539633763797021,0.740890938913965,0.2974862344209606,False,False
sp|Q9D1N2|HDBP1_MOUSE,0.03189824567809557,0.020083363052027185,0.11606894463080925,-0.019833069385127328,0.08362956074131847,-0.060943721053857224,0.028999745367681067,0.03866441184117538,-0.1356421149673866,0.013754672859672142,0.48836198108551276,0.2974862344209606,False,False
sp|P51885|LUM_MOUSE,-0.06588934337451315,0.014686947923325712,2.339266505494804e-05,-0.10372041421511219,-0.02805827253391411,-0.04456806685382133,0.021207491439629498,0.03866453681978775,-0.09919494475878145,0.010058811051138788,0.002007870417216373,0.2974862344209606,True,False
sp|P47811|MK14_MOUSE,-0.014825959540336643,0.01992212871402838,0.4588855101726517,-0.06614196247100392,0.03649004339033063,0.0604424355121912,0.028766928048471172,0.03870209263340653,-0.013656260728143625,0.13454113175252602,0.8053288393322638,0.2974862344209606,False,False
sp|Q9ES97|RTN3_MOUSE,-0.02001616967168102,0.020027706539566884,0.3205295164178569,-0.07160412305917534,0.031571783715813304,0.06063162550789528,0.028919379112028527,0.03911324351020016,-0.013859758649307781,0.13512300966509835,0.713982270567458,0.2997517917820399,False,False
sp|Q8VC49|IF27B_MOUSE,-0.021510137337142576,0.018574486795089468,0.25020648154698294,-0.06935484472231612,0.026334570048030977,-0.05613066520291544,0.026820975451050163,0.03945929092797269,-0.12521691971949614,0.012955589313665257,0.6564884285238085,0.3009780627047732,False,False
sp|Q9QYY7|ESM1_MOUSE,0.07491312961282157,0.01645527973177323,1.8211206947727654e-05,0.0325271378816258,0.11729912134401733,-0.049714235293253514,0.023760907022353464,0.03950702337639353,-0.11091827588033241,0.011489805293825386,0.0017311651413080317,0.3009780627047732,True,False
sp|Q80ZU7|BPIB3_MOUSE,0.04527377753835038,0.019769543187498677,0.024585805577131633,-0.005649191121784247,0.096196746198485,-0.05964759317230318,0.02854659934133722,0.039763967067497796,-0.13317876027238934,0.013883573927782979,0.22686716686459257,0.30204193273984314,False,False
tr|A0A0B4J1H7|A0A0B4J1H7_MOUSE,0.029149406693481452,0.020051512805100567,0.1498389911114055,-0.0224998675703826,0.0807986809573455,-0.06038067589505782,0.028953754611632045,0.04014099810156546,-0.13496060547146377,0.014199253681348119,0.5444955522621161,0.3040090297397972,False,False
sp|Q80X73|PELO_MOUSE,-0.003479008264650041,0.019586580035608172,0.8594578570387298,-0.05393069507667544,0.04697267854737535,0.05884034466861021,0.02828240629743577,0.04060539291062798,-0.014010306247200802,0.1316909955844212,0.9672875961020359,0.30626318271446373,False,False
sp|Q8K212|PACS1_MOUSE,-0.023595012084696585,0.020049019902245255,0.2426538549521825,-0.07523786505633502,0.028047840886941854,0.06020770218439499,0.028950154938218627,0.04067650815081421,-0.014362955247749457,0.13477835961653944,0.6519326598034937,0.30626318271446373,False,False
sp|P51910|APOD_MOUSE,0.0007694331546490087,0.01940712417784454,0.9684709717317247,-0.04922000600025531,0.05075887230955333,-0.058142297753225845,0.028023277676078758,0.04114207018466709,-0.13032547757275725,0.014040882066305556,0.9922826038490516,0.3081321225408034,False,False
sp|Q9EPU5|TNR21_MOUSE,0.06162108706714561,0.019398600440874252,0.0021010084733499943,0.011653603603705098,0.11158857053058613,-0.05811029040545209,0.02801096966765014,0.041164058312247134,-0.13026176689620472,0.014041186085300549,0.0542529020507516,0.3081321225408034,False,False
sp|P14211|CALR_MOUSE,0.02113028665505714,0.018599359527816155,0.259234179715226,-0.026778488643933153,0.06903906195404744,0.055631751877320404,0.026856890895779396,0.04146396551609966,-0.013547014694243839,0.12481051844888465,0.6648685386122579,0.30822715135981105,False,False
sp|Q8VI78|PLA1A_MOUSE,0.0044608735462102625,0.018992751571457987,0.8148932733133311,-0.04446121250657565,0.05338295959899617,-0.05679882847726961,0.027424936649159,0.04149744786251335,-0.12744078394614555,0.013843126991606336,0.9594032134606171,0.30822715135981105,False,False
sp|Q6ZWM4|LSM8_MOUSE,0.0214627369313447,0.018763451255113243,0.2560104805616932,-0.026868710647287387,0.06979418450997679,0.056067155052402534,0.027093834195376733,0.04166027137909577,-0.0137219370135441,0.12585624711834917,0.6625396858757386,0.30822715135981105,False,False
sp|Q9DC70|NDUS7_MOUSE,-0.01044068786503699,0.01978722814017784,0.599168664098383,-0.06140920994451447,0.04052783421444049,0.0591214728552559,0.028572135857467842,0.041676550634508466,-0.014475471951390054,0.13271841766190184,0.8800148543318804,0.30822715135981105,False,False
tr|A0A075B5U5|A0A075B5U5_MOUSE,0.021128616174815297,0.020072053852492857,0.29559875942891,-0.0305735683208474,0.072830800670478,-0.059904371098708796,0.02898341523880981,0.04190324289671183,-0.13456070138776086,0.014751959190343271,0.7038612026286413,0.30822715135981105,False,False
sp|P97798|NEO1_MOUSE,-0.033064427531225224,0.017507025157734318,0.06247612962656739,-0.07815953595048508,0.01203068088803464,-0.052194953414076116,0.025279594378922268,0.04211086715899357,-0.11731087339713417,0.01292096656898193,0.3590982897062746,0.30822715135981105,False,False
sp|P01631|KV2A7_MOUSE,0.01659574264526443,0.01998509405763313,0.4087204949358948,-0.034882448262567985,0.06807393355309685,-0.05957871506606991,0.0288578480267037,0.04212528029702515,-0.1339116056506141,0.014754175518474293,0.780440419905799,0.30822715135981105,False,False
sp|Q9Z2K1|K1C16_MOUSE,0.03958648226084252,0.020009159322280968,0.0512391698065282,-0.01195369666086745,0.0911266611825525,-0.05959959628536176,0.02889259751289211,0.04229654012917457,-0.13402199561471334,0.014822803043989814,0.3258327252893502,0.30822715135981105,False,False
sp|P05366|SAA1_MOUSE,-0.008729387805786267,0.01923766581230846,0.6511963421534145,-0.05828233113701126,0.040823555525438725,0.05729547731013036,0.027778585119446732,0.04231807318167179,-0.01425741625166796,0.12884837087192869,0.8979915441766587,0.30822715135981105,False,False
sp|Q9EQS3|MYCBP_MOUSE,0.0060202636819482675,0.01946190153833521,0.7578507310320128,-0.04411027260327899,0.05615079996717552,0.05794727865527029,0.02810237446390398,0.042373752070436164,-0.014439640988157906,0.13033419829869847,0.9427370204866826,0.30822715135981105,False,False
sp|P20152|VIME_MOUSE,0.006275255099594836,0.019452456362548023,0.7478234664317363,-0.04383095202506261,0.05638146222425229,0.057873915319957,0.028088735926768946,0.04253121820850504,-0.014477873779861233,0.13022570441977524,0.942480654859813,0.3085010898222549,False,False
sp|Q80X19|COEA1_MOUSE,0.041170829714832005,0.019280342566227238,0.035713784313587814,-0.00849204164971732,0.09083370107938132,-0.05727233768712002,0.027840209011498956,0.04284707242130402,-0.1289839638758652,0.014439288501625153,0.2756071711023466,0.3094432966213901,False,False
sp|O35954|PITM1_MOUSE,-0.004089849099694011,0.0196956101130232,0.8360149051814748,-0.05482237878009324,0.04664268058070522,0.0584902050124867,0.02843984230425711,0.04290145898789758,-0.014765974183128437,0.13174638420810184,0.9634342245039778,0.3094432966213901,False,False
sp|Q8BWP8|B4GA1_MOUSE,-0.024904678613617583,0.018590046141526515,0.18405103888019578,-0.07278946421928775,0.022980106992052583,-0.05516868122207687,0.026843442658538916,0.04304250112626911,-0.12431280743007601,0.013975444985922278,0.5921328317698707,0.3095861208135202,False,False
tr|A0A075B5V2|A0A075B5V2_MOUSE,0.0014167624319328246,0.01970050187015983,0.9428446357600206,-0.049328367579844774,0.052161892443710424,-0.05842988418143077,0.028446905847897445,0.04316171548429272,-0.13170425785974157,0.014844489496880046,0.9837216114595029,0.3095861208135202,False,False
sp|P06800|PTPRC_MOUSE,0.06389317295336053,0.019289940667388837,0.0013782364873755652,0.01420557851858073,0.11358076738814032,-0.057089815646714684,0.02785406836807079,0.043599339082419405,-0.12883714117224593,0.014657509878816546,0.0427585416264106,0.3096952255272549,False,False
sp|Q7TPR4|ACTN1_MOUSE,-0.030771931652690952,0.020103866484926746,0.12970544821620494,-0.0825560600591999,0.02101219675381799,0.05945838056736013,0.029029351680712915,0.043738406727762455,-0.015316274154846717,0.13423303528956698,0.5105613500486197,0.3096952255272549,False,False
sp|B9EJV3|GRB1L_MOUSE,0.03807993340337771,0.019731205512093085,0.057072654875879904,-0.012744283949017249,0.08890415075577267,-0.05831024754553966,0.0284912409423544,0.0439004989098872,-0.1316988208593283,0.015078325768248989,0.3433693605266139,0.3096952255272549,False,False
sp|P01869|IGH1M_MOUSE,0.024231818423903758,0.020065554109314872,0.23066025799242756,-0.027453623842815546,0.07591726069062306,-0.05927978003859591,0.028974029813837482,0.043964946414095055,-0.133911935074978,0.015352374997786175,0.6331682790804617,0.3096952255272549,False,False
sp|P12787|COX5A_MOUSE,-0.020365897949002405,0.019629246440412848,0.30253959015438153,-0.07092748613680076,0.030195690238795952,0.0579832572837856,0.028344015245692328,0.043991744204713676,-0.015026087766305485,0.1309926023338767,0.7087266409907413,0.3096952255272549,False,False
sp|Q5MJS3|FA20C_MOUSE,-0.012750430268136251,0.018670924324871323,0.4965930160615623,-0.06084354426848377,0.03534268373221127,-0.05508907762981338,0.02696022821465937,0.044229250829446544,-0.12453402349549884,0.01435586823587208,0.8281910727710642,0.3096952255272549,False,False
sp|Q8R4H2|ARHGC_MOUSE,-0.03838006361238335,0.020021063825492565,0.05872285269969027,-0.08995090650230994,0.013190779277543245,0.05905112981314619,0.028909787241573042,0.0443048766734523,-0.01541554732306178,0.13351780694935417,0.34921788845658763,0.3096952255272549,False,False
sp|Q0VE82|CPNE7_MOUSE / sp|P59108|CPNE2_MOUSE / sp|Q8JZW4|CPNE5_MOUSE / sp|Q1RLL3|CPNE9_MOUSE / sp|Q9Z140|CPNE6_MOUSE / sp|Q8BT60|CPNE3_MOUSE / sp|Q9DC53|CPNE8_MOUSE / sp|Q8BLR2|CPNE4_MOUSE,0.028164373769527348,0.020095733644332623,0.16483528389371663,-0.02359880582785816,0.07992755336691286,-0.059206802360417685,0.02901760811437223,0.044531037936480784,-0.13395120766031604,0.015537602939480658,0.5671690800222309,0.3096952255272549,False,False
tr|Q6S9I3|Q6S9I3_MOUSE,0.06323667757021414,0.018041175353214593,0.0007426018651532897,0.016765689424939813,0.10970766571548848,-0.05313714477739699,0.026050890481915417,0.04459536991761257,-0.12023979186425786,0.013965502309463876,0.02897272428438971,0.3096952255272549,False,False
sp|Q9R087|GPC6_MOUSE,0.028742724024618863,0.019522228386736545,0.14476575926774082,-0.0215432039245113,0.07902865197374903,-0.05749055865487223,0.028189484537945928,0.04462711292929003,-0.13010185897965199,0.015120741669907532,0.5394033083094845,0.3096952255272549,False,False
sp|Q07113|MPRI_MOUSE,0.002454539569379446,0.019662995194775563,0.9009633385242528,-0.04819397964886467,0.05310305878762356,-0.05789808952533714,0.028392747386841184,0.04465231712489419,-0.13103296025262412,0.015236781201949844,0.9756564155259001,0.3096952255272549,False,False
sp|Q8BIS8|CC126_MOUSE,-0.015506757231941804,0.018945672013918745,0.41545228427222464,-0.06430757438082002,0.03329405991693641,-0.05575767976968021,0.02735695524698426,0.04475781813792502,-0.12622452675073811,0.014709167211377688,0.7854549427319959,0.3096952255272549,False,False
sp|Q91ZV7|PLDX1_MOUSE,-0.02447288193622816,0.018617976267957588,0.19235093693660477,-0.07242961078001131,0.023483846907554992,-0.05476986916670544,0.026883772883735266,0.04484692215253563,-0.12401787915058406,0.014478140817173177,0.5995262059075294,0.3096952255272549,False,False
sp|Q9JIF0|ANM1_MOUSE,0.009939069676708523,0.016671253098332593,0.5526971277088811,-0.03300323258085697,0.052881371934274016,-0.049034965240436164,0.02407276577928562,0.04488135716253459,-0.11104230075218925,0.012972370271316924,0.8557349860654497,0.3096952255272549,False,False
sp|Q9JI11|STK4_MOUSE,0.002882527537003087,0.019321538094462288,0.881772168429363,-0.04688645647634926,0.052651511550355426,0.056800806851296085,0.027899694060193676,0.044989584233087944,-0.01506404266899998,0.12866565637159216,0.9717888839047834,0.3096952255272549,False,False
sp|Q922U2|K2C5_MOUSE,0.0317138050634633,0.02011191664010006,0.11867660248801604,-0.02009105916863918,0.08351866929556578,-0.05906369225966361,0.02904097585190335,0.04520462915281087,-0.13386828886265226,0.015740904343325035,0.4919309261538196,0.3096952255272549,False,False
sp|Q8BRK9|MA2A2_MOUSE,-0.03312240580276381,0.01515355336661742,0.031683183369232724,-0.07215537261738905,0.005910561011861437,-0.044476186326396064,0.021881255042248214,0.04532751852573589,-0.10083856426264615,0.011886191609854019,0.26105375345979925,0.3096952255272549,False,False
sp|D3YX43|VSI10_MOUSE,0.02131647035316484,0.019992925498816795,0.289462164184905,-0.030181893010357473,0.07281483371668715,-0.0586748518130106,0.028869156381763558,0.04534562822832893,-0.1330368707898929,0.01568716716387171,0.6953032395299724,0.3096952255272549,False,False
sp|P40237|CD82_MOUSE,0.06281373267144659,0.018885308949531603,0.0013195137543979274,0.014168400472668784,0.11145906487022439,-0.05536600886023851,0.027269792878196464,0.045567036268794374,-0.12560834045760608,0.014876322737129057,0.0427585416264106,0.3096952255272549,False,False
sp|Q9R100|CAD17_MOUSE,-0.016909588209446193,0.019007409146254803,0.37626639013919844,-0.0658694296729127,0.03205025325402031,-0.05571993133197918,0.027446101726726645,0.04558232639799208,-0.12641640442786575,0.014976541763907392,0.7617832475251141,0.3096952255272549,False,False
sp|Q61147|CERU_MOUSE,0.08228965432984894,0.016904518658040088,5.39386104722033e-06,0.03874649980808015,0.12583280885161774,-0.04944425107192286,0.024409593919923357,0.04605743650280302,-0.1123191983785905,0.013430696234744792,0.0008680745122870219,0.3113359531658014,True,False
sp|P26928|HGFL_MOUSE,0.035254307049025546,0.02006790856921929,0.08269338714206712,-0.016437199904509585,0.08694581400256068,-0.05866984012640443,0.028977429579978717,0.04615541963467334,-0.1333107523800383,0.015971072127229452,0.41834080921576194,0.3113359531658014,False,False
sp|Q6IEE6|T132E_MOUSE,0.03272778350606704,0.01829886222753489,0.07738637845321629,-0.014406962041221438,0.07986252905335552,-0.05348467650541784,0.026422982233706357,0.046208089736078185,-0.12154576843015065,0.014576415419314967,0.40742088722525804,0.3113359531658014,False,False
sp|P01642|KV5A9_MOUSE,0.06418455124817637,0.019340680990953932,0.0013508261535254793,0.014366258401086053,0.1140028440952667,-0.056501500601504946,0.02792733580139108,0.04631455418446334,-0.1284375505287784,0.015434549325768508,0.0427585416264106,0.3113359531658014,False,False
sp|Q6IRU2|TPM4_MOUSE,-0.024556748573388763,0.02011445073773974,0.22564130672135302,-0.07636814020844959,0.02725464306167206,0.05873064013759934,0.02904463500929134,0.04642835185074476,-0.016083381830215578,0.13354466210541427,0.6294976866819978,0.3113359531658014,False,False
sp|Q8R411|MYCT1_MOUSE,-0.010726044478654703,0.019874941298547465,0.5908824887545071,-0.0619205006817675,0.040468411724458093,0.05792485756639698,0.028698790902816806,0.0468214344106394,-0.015998329017501145,0.1318480441502951,0.875700795549263,0.3131563470321986,False,False
sp|Q9R118|HTRA1_MOUSE,0.03543062762644819,0.01968843084867427,0.07560756346814909,-0.015283409494463135,0.08614466474735952,-0.057321567718021965,0.028429475672059754,0.04704526267914057,-0.13055104423864405,0.015907908802600124,0.40225098332744613,0.31380238576275493,False,False
sp|Q8C6G8|WDR26_MOUSE,-0.004574665706093916,0.0198209679644395,0.8180455940659768,-0.05563009581360118,0.04648076440141334,0.057643463245801295,0.0286208551038313,0.047284485550016034,-0.01607897402327447,0.13136590051487707,0.9601625569335521,0.31380238576275493,False,False
sp|P28862|MMP3_MOUSE / sp|O55123|MMP10_MOUSE,0.06369556182668529,0.019343708663882606,0.0014649893352633315,0.013869470210943723,0.11352165344242685,-0.05624071191686939,0.027931707665991675,0.04734127716982094,-0.12818802302109222,0.015706599187353433,0.04490889926551284,0.31380238576275493,False,False
sp|Q91YU6|LZTS2_MOUSE,-0.002791842957170294,0.018584994086832816,0.880959724039612,-0.0506636153323173,0.04507992941797671,-0.05401875267453067,0.026836147650261603,0.04740548662590744,-0.12314408818643947,0.015106582837378132,0.9717888839047834,0.31380238576275493,False,False
sp|Q8CI59|STEA3_MOUSE,-0.02105450367314267,0.02009192484486029,0.29775957849283324,-0.072807872453236,0.030698865106950662,0.05831758555643765,0.029012108327580145,0.04770706656018065,-0.016412653231478364,0.13304782434435367,0.7038612026286413,0.3142629059277911,False,False
sp|Q61982|NOTC3_MOUSE,-0.006036275996788013,0.019502181006027776,0.7577126841640129,-0.056270565315229136,0.04419801332165311,-0.05659899625860479,0.0281605367499516,0.04773330360372813,-0.12913573202279582,0.01593773950558626,0.9427370204866826,0.3142629059277911,False,False
sp|P54265|DMPK_MOUSE,0.0030224359483715765,0.019610548637636494,0.8778914724958501,-0.04749098989112347,0.05353586178786663,0.05688527195937025,0.028317016205838062,0.047841188009201605,-0.016054528172696536,0.12982507209143704,0.9717888839047834,0.3142629059277911,False,False
tr|F8VQ05|F8VQ05_MOUSE,-0.035091379583726115,0.019858552995797474,0.08093785672484546,-0.08624362231638005,0.016060863148927823,0.057540108834091504,0.028675126708452195,0.04808562552906721,-0.016322122824517386,0.1314023404927004,0.4127029328049051,0.31432603755731164,False,False
sp|Q0P678|ZCH18_MOUSE,0.025188102662349363,0.020128610772352614,0.21436205369820752,-0.02665976280480656,0.07703596812950529,-0.05832011381480721,0.02906508165446263,0.04809493545537118,-0.1331868028504136,0.016546575220799185,0.624131969333854,0.31432603755731164,False,False
sp|Q8BJU2|TSN9_MOUSE,-0.00047392898947618445,0.01946292887482081,0.980632317148151,-0.050607111518127655,0.04965925353917528,0.05633764965630175,0.02810385790551743,0.0483033900339542,-0.016053091079504464,0.12872839039210798,0.9945365169974355,0.3147707779928843,False,False
sp|P63276|RS17_MOUSE,-0.013091161622787964,0.02001432042719238,0.5148842587125055,-0.06464463466976744,0.038462311424191514,0.0579062024648742,0.028900049986258204,0.048407467217546477,-0.016535393163757683,0.13234779809350608,0.8360930064604167,0.3147707779928843,False,False
tr|A0A075B5R3|A0A075B5R3_MOUSE,0.020327159615408586,0.019853428267794227,0.3089117675257642,-0.030811882692681872,0.07146620192349905,-0.05723079459106751,0.02866772676219878,0.04921439754411877,-0.13107396525127216,0.016612376069137146,0.7105527400250299,0.31697904080060874,False,False
sp|P01660|KV3A8_MOUSE,0.009301699632090774,0.019817193115739068,0.6400471407786724,-0.04174400710951746,0.060347406373699,-0.05710729714774773,0.028615404340887343,0.04928830547914138,-0.13081569418190575,0.0166010998864103,0.8971809403947095,0.31697904080060874,False,False
tr|A0A075B5W9|A0A075B5W9_MOUSE,0.026820658979277483,0.020136294334828476,0.186564976616545,-0.025046998033259417,0.07868831599181439,-0.05801680665428151,0.029076176477313736,0.049326713180975354,-0.13291207405970545,0.01687846075114245,0.5921328317698707,0.31697904080060874,False,False
sp|P28740|KIF2A_MOUSE,-0.01449077481135242,0.019411039878348704,0.45748697161145313,-0.06449030014235929,0.03550875051965446,0.05592112442246853,0.028028931824602726,0.04935081970962468,-0.01627661951851752,0.12811886836345457,0.8053288393322638,0.31697904080060874,False,False
sp|P04071|K1B16_MOUSE,-0.03672650127553705,0.019841359272014192,0.06776899200898938,-0.08783445591063288,0.014381453359558781,0.05715780486893028,0.028650299511416236,0.04936256130525985,-0.016640476168028398,0.13095608590588897,0.3793590313546688,0.31697904080060874,False,False
sp|O08663|MAP2_MOUSE,-0.003228878868959085,0.019817844750660493,0.870976099432035,-0.05427626411089313,0.04781850637297497,0.056771230169960635,0.02861634528124405,0.05061567601077118,-0.01693959056594109,0.13048205090586235,0.9715968040147054,0.32414568282321266,False,False
sp|Q60864|STIP1_MOUSE,-0.02339490838032546,0.020115828652398693,0.24819881421786358,-0.0752098492883426,0.028420032527691676,0.05759557151881785,0.02904662467477439,0.05073037288456494,-0.017223575487652576,0.13241471852528827,0.6564884285238085,0.32414568282321266,False,False
sp|P41317|MBL2_MOUSE,0.006416888760456297,0.017920648007425707,0.7212092812435131,-0.03974364151565605,0.052577419036568644,-0.051270387178555546,0.025876852780726354,0.05090647594876113,-0.11792474285477134,0.015383968497660244,0.9293086467535965,0.3244657811090592,False,False
sp|Q9Z0U1|ZO2_MOUSE,0.0037283769501270957,0.019614094540899133,0.8497110371735452,-0.04679418253089941,0.0542509364311536,0.05607383462586954,0.02832213637876172,0.05107388464950457,-0.016879154197653234,0.1290268234493923,0.9657706868987608,0.32454703585579514,False,False
sp|G5E8Q8|AGRF5_MOUSE,-0.0427549529548394,0.017488422093137557,0.016637706944982046,-0.08780214305517511,0.002292237145496312,-0.04997539021956413,0.025252732138023325,0.05117129963396227,-0.1150221176553557,0.015071337216227422,0.18611604500413795,0.32454703585579514,False,False
sp|Q02257|PLAK_MOUSE,0.032925319710613875,0.020132281014882056,0.10578807860693365,-0.01893199967480052,0.08478263909602826,-0.05722686371065483,0.029070381369381677,0.05238199270131709,-0.13210720390725017,0.01765347648594051,0.4667533720091613,0.33140941328228873,False,False
sp|P06336|IGHE_MOUSE,0.04243495120793328,0.019809189847907367,0.03514472197927673,-0.008590140481869901,0.09346004289773646,-0.056238262770216506,0.02860384787354532,0.052669932001469515,-0.12991689231714945,0.017440366776716433,0.27423533059587146,0.33236341415393567,False,False
sp|P01756|HVM12_MOUSE / sp|P01757|HVM13_MOUSE,0.017505779055940408,0.019722872927233775,0.37735861804955695,-0.03329697498019962,0.06830853309208045,-0.05588828160455095,0.02847920895156936,0.05310472209331327,-0.12924586256389548,0.017469299354793563,0.7617832475251141,0.33236341415393567,False,False
sp|P70389|ALS_MOUSE,-0.026510471918516368,0.015022034203402103,0.08132553227984861,-0.06520466781855336,0.012183723981520629,-0.0425582601569081,0.021691345501981766,0.05315581988819885,-0.09843146353431637,0.01331494322050017,0.4138601692106921,0.33236341415393567,False,False
sp|P55284|CADH5_MOUSE,0.05905247552625131,0.018710865059288987,0.00223713815598543,0.010856481011785504,0.10724847004071712,-0.05300581642051919,0.02701790138049867,0.05316945156143504,-0.12259931851680195,0.016587685675763568,0.055928453899635744,0.33236341415393567,False,False
sp|P06330|HVM51_MOUSE,0.009245271194211584,0.019895248578055837,0.6433796964416033,-0.042001493094534235,0.0604920354829574,-0.056358937352572455,0.02872811397651355,0.05317814626462971,-0.1303576551689688,0.017639780463823876,0.8973269315332452,0.33236341415393567,False,False
sp|O55042|SYUA_MOUSE,-0.02026644898074562,0.02006253739908181,0.31538835464517917,-0.07194412071684629,0.031411222755355045,0.056715855856684094,0.02896967377902497,0.05365871693726989,-0.017905078777580644,0.13133679049094882,0.7105527400250299,0.33455495426990306,False,False
sp|Q62261|SPTB2_MOUSE,-0.036249963436556364,0.01967838477156734,0.06907231677572974,-0.08693812357766995,0.014438196704557225,0.05548689458142522,0.028414969452295154,0.05426275635394186,-0.01770521639324349,0.12867900555609393,0.38378680573304863,0.33680440262223826,False,False
sp|Q71KU9|FGL1_MOUSE,0.010458843336272578,0.019178458870160172,0.5869978121948902,-0.038941593018393325,0.05985927969093849,0.05407304919730794,0.027693092154854528,0.05428109789834131,-0.017259629081046522,0.1254057274756624,0.8755588163150538,0.33680440262223826,False,False
sp|P84099|RL19_MOUSE,0.006456638084993496,0.01945167406236267,0.7407873504807856,-0.043647553967922345,0.05656083013790934,0.05475125799328893,0.028087606309875723,0.05467799315870333,-0.01759762140623395,0.1271001373928118,0.9385648852018718,0.33816128892182196,False,False
sp|Q61282|PGCA_MOUSE,-0.029122791353555305,0.018414799318710273,0.11761614844591317,-0.07655617105766155,0.018310588350550938,-0.05181425061347385,0.02659039175142736,0.054762430089475636,-0.1203065608796454,0.01667805965269771,0.4919309261538196,0.33816128892182196,False,False
sp|Q8CFI0|NED4L_MOUSE,-0.021621110945745495,0.020133874511841433,0.28603206609297877,-0.07348253490732297,0.03024031301583198,0.05659153777017635,0.029072682328934438,0.055012631179802526,-0.018294729305461263,0.13147780484581395,0.6928810632073569,0.33889360116744377,False,False
sp|P14206|RSSA_MOUSE,-0.001135645085211153,0.019791424733369627,0.954381560971208,-0.052114976872407126,0.049843686701984816,0.05557081222505477,0.028578195606209042,0.05526153986994798,-0.018041741459970916,0.12918336591008045,0.9854328625709547,0.33961447533440586,False,False
sp|Q00993|UFO_MOUSE,0.047992063873095764,0.019778185941112317,0.01743724844168196,-0.002953167045060226,0.09893729479125175,-0.05545199102116898,0.02855907920606017,0.05561269855632494,-0.12901530412251283,0.018111322080174873,0.1910677222865151,0.34095880662508743,False,False
sp|Q3UMR5|MCU_MOUSE,-0.04621506959124985,0.019922326974334617,0.02284080454397336,-0.09753158320662367,0.005101444024123956,0.05574251955410931,0.028767214330125423,0.056100845487807686,-0.018356914098899606,0.12984195320711822,0.22145618989518082,0.3428363588253512,False,False
sp|Q8C3I8|HGH1_MOUSE,-0.024220661400365533,0.020066341114328527,0.23089126759477804,-0.07590813085766104,0.02746680805692998,0.05609924685160668,0.02897516622435498,0.05629907393509142,-0.018535835384287228,0.1307343290875006,0.6331682790804617,0.3428363588253512,False,False
sp|O35516|NOTC2_MOUSE,0.016416999597922824,0.019945879622469652,0.4128513512697232,-0.03496018161869338,0.06779418081453903,-0.05575801091945805,0.02880122361417218,0.056318361080824685,-0.12994504668290732,0.018429024843991226,0.7851493571045328,0.3428363588253512,False,False
sp|P16014|SCG1_MOUSE,0.002437656824182373,0.019201349932386164,0.8992888918924918,-0.047021742999354604,0.05189705664771935,0.05364547210967745,0.027726146129631056,0.05645873178414463,-0.01777234756550515,0.12506329178486003,0.9756564155259001,0.34288026967965196,False,False
sp|P01748|HVM04_MOUSE,0.014670074449429575,0.019966745415971304,0.4646027697928708,-0.03676085348952999,0.06610100238838915,-0.05566203731775898,0.028831353164530605,0.056987929787328605,-0.12992668165992424,0.018602607024406276,0.8107092562668563,0.3452798098879321,False,False
tr|A0A075B5V0|A0A075B5V0_MOUSE,0.008297886484074354,0.019901024219179535,0.6777988530529258,-0.042963754870324666,0.059559527838473375,-0.055375206606286316,0.028736453820865742,0.05744283419626636,-0.12939540643815206,0.018644993225579422,0.9109248677511921,0.3461568232455957,False,False
sp|Q8R4K8|PAPP1_MOUSE,0.0005877187433805123,0.019630901506755175,0.9761888890382737,-0.049978132612801734,0.051153570099562756,-0.05461659579196965,0.028346405109499987,0.057474038952637356,-0.12763209672328799,0.018398905139348692,0.9939447960749526,0.3461568232455957,False,False
sp|E9PZ36|PKHD1_MOUSE,0.009350530831739753,0.019884950607437793,0.6394378906064397,-0.041869707642521015,0.06057076930600053,-0.055309370013938736,0.028713244030431642,0.057535969067617466,-0.12926978538747508,0.01865104535959762,0.8971809403947095,0.3461568232455957,False,False
sp|P52623|UCK1_MOUSE,0.0014470029123597756,0.019817072394372803,0.941969613807952,-0.04959839287161567,0.052492398696335214,-0.05502936787412997,0.02861523002302668,0.05794117074329513,-0.12873731589523435,0.01867858014697442,0.9837216114595029,0.3470134045859764,False,False
sp|Q8CGY8|OGT1_MOUSE,0.02845402011694737,0.020157573215629363,0.1618570826834191,-0.02346844766030318,0.08037648789419792,-0.05594413607520449,0.029106902512755925,0.05807604708852479,-0.1309185485031023,0.019030276352693345,0.5617007923312725,0.3470134045859764,False,False
sp|P57780|ACTN4_MOUSE,-0.02702336428168952,0.020170207323504337,0.184022485636331,-0.07897837536422862,0.024931646800849583,0.05597203131979319,0.029125145767651676,0.05810750173910846,-0.019049372618657225,0.1309934352582436,0.5921328317698707,0.3470134045859764,False,False
sp|O08677|KNG1_MOUSE,0.033059620070558564,0.019677796404487073,0.09675435860943138,-0.01762702453738843,0.08374626467850556,-0.05458118949975115,0.028414119868713644,0.058217394478113325,-0.1277711120921348,0.01860873309263248,0.45134506054218443,0.3470134045859764,False,False
tr|A0A338P6S8|A0A338P6S8_MOUSE,-0.03160163268002025,0.018344408099386825,0.08871510870739734,-0.07885369661868064,0.015650431258640123,-0.05080723409208762,0.02648874904192635,0.05858316254999369,-0.11903773008863437,0.017423261904459128,0.43102151871990213,0.3483336981103957,False,False
tr|A0A0A6YY60|A0A0A6YY60_MOUSE / tr|A0A075B5X4|A0A075B5X4_MOUSE / tr|A0A075B5W4|A0A075B5W4_MOUSE / tr|A0A075B5Y0|A0A075B5Y0_MOUSE / tr|A0A075B5X1|A0A075B5X1_MOUSE,0.007725094375472826,0.019976950613457552,0.6999797295685627,-0.043732120410220315,0.05918230916116597,-0.055294284501666104,0.028846089149124492,0.058737221320030626,-0.12959688622476495,0.019008317221432737,0.9209731051296092,0.3483336981103957,False,False
sp|P04186|CFAB_MOUSE,0.046713967881208004,0.01957137342187629,0.019295037235141515,-0.0036985492895590596,0.09712648505197508,-0.0541481524226356,0.02826044842489287,0.05884472181670763,-0.12694224360690703,0.018645938761635825,0.20197041008329025,0.3483336981103957,False,False
sp|P05208|CEL2A_MOUSE,-0.04467786533238764,0.019469320328990587,0.02430156178433326,-0.09482751115598191,0.0054717804912066265,0.05375680132752961,0.02811308696456359,0.05934744150124274,-0.0186577118890119,0.1261713145440711,0.2259080201973218,0.34860153079595235,False,False
sp|Q8BMF4|ODP2_MOUSE,-0.008194552989964087,0.01954536446249873,0.6761237887692585,-0.05854007552101162,0.04215096954108344,0.05394961992002397,0.0282228923045721,0.05942654562228267,-0.018747733108997598,0.12664697294904553,0.9104836307896825,0.34860153079595235,False,False
tr|A2ARY0|A2ARY0_MOUSE,0.02856485355033362,0.019766782586288147,0.1522423439923176,-0.02235100427230751,0.07948071137297474,-0.05452795291804243,0.028542613119908085,0.05957655128598344,-0.12804885219216097,0.018992946356076117,0.5480255639544594,0.34860153079595235,False,False
sp|Q00898|A1AT5_MOUSE,-0.02804984557092782,0.011501342588435283,0.016893733698173395,-0.05767534084037438,0.0015756496985187413,0.03169864316986986,0.01660757740558907,0.05980139272182256,-0.011079641372403089,0.07447692771214282,0.18622615495054518,0.34860153079595235,False,False
sp|Q9D3D9|ATPD_MOUSE,-0.017151727081509936,0.019860690114751917,0.3903257307813846,-0.06830947466779189,0.03400602050477202,0.05472126594791016,0.028678212641089013,0.05987643887352588,-0.01914891454641343,0.12859144644223375,0.7691980219642064,0.34860153079595235,False,False
sp|P84104|SRSF3_MOUSE,-0.01563257149669853,0.020107639335019325,0.43913385421546414,-0.06742641812103384,0.03616127512763677,0.055397256626568865,0.029034799557729918,0.05989638828374735,-0.019391430896900506,0.13018594415003823,0.7960152796882342,0.34860153079595235,False,False
sp|Q91W43|GCSP_MOUSE,0.04352487392876571,0.019494364804222012,0.028295267601742575,-0.006689282188021672,0.09373903004555309,-0.053697435702340646,0.028149250400074724,0.05994405445321874,-0.12620509975578872,0.018810228351107433,0.24599574343868622,0.34860153079595235,False,False
sp|P04441|HG2A_MOUSE,0.04201032344792879,0.020042141107860387,0.0391565034536291,-0.009614810923560022,0.0936354578194176,-0.05519618720844461,0.02894022217521071,0.05998988698797391,-0.12974125953856805,0.019348885121678837,0.28807998969455695,0.34860153079595235,False,False
sp|Q9DBP5|KCY_MOUSE,0.03620379633763372,0.020098226809506434,0.07532473581737006,-0.015565805227665076,0.08797339790293252,-0.05532448189101015,0.029021208166565324,0.06010838045569043,-0.13007816031084177,0.01942919652882147,0.40157597252531657,0.34860153079595235,False,False
sp|Q8VHY0|CSPG4_MOUSE,-0.028511347039528626,0.01848549974104741,0.12683598238842203,-0.07612683896326415,0.019104144884206902,-0.0508438758547999,0.026692480940367132,0.060311915487892935,-0.11959915044541808,0.01791139873581827,0.5071896901968753,0.34872716418500366,False,False
sp|O70318|E41L2_MOUSE,-0.005858562074663496,0.01994486677227653,0.7697004281238966,-0.057233134362072155,0.045516010212745164,0.05483841053161794,0.028799761090310017,0.06040089911709189,-0.019344858020010035,0.1290216790832459,0.9457494169086615,0.34872716418500366,False,False
sp|P06684|CO5_MOUSE,-0.015821849510613502,0.017008682221158016,0.3549866788395301,-0.05963331159062352,0.027989612569396513,0.04667293501339627,0.02456000283297168,0.06089971609677747,-0.016589439979016185,0.10993531000580872,0.7431631691152765,0.35082051219060845,False,False
sp|Q60769|TNAP3_MOUSE,0.00905020701420549,0.01995939812953261,0.6514361959308732,-0.04236179556904372,0.0604622095974547,-0.054679271746392505,0.02882074391371372,0.06131910057801799,-0.12891658846941492,0.019558044976629912,0.8979915441766587,0.35202289666633535,False,False
sp|Q9ES30|C1QT3_MOUSE,-0.052985100075582756,0.015989347843112175,0.0013716485549302951,-0.0941709307945075,-0.01179926935665801,-0.043772713117868706,0.023088116011463013,0.061496061032559106,-0.1032437589039317,0.015698332668194287,0.0427585416264106,0.35202289666633535,False,False
sp|Q8VEG4|EXD2_MOUSE,0.04148933350335314,0.01983477393817964,0.03955509224601279,-0.009601658435878006,0.0925803254425843,-0.05419385282044509,0.028640790496224484,0.061994805220152625,-0.12796764025742496,0.01957993461653479,0.29018336904126185,0.35202289666633535,False,False
sp|Q60870|REEP5_MOUSE,-0.008003713037667814,0.019889626589396706,0.6884320482995162,-0.059235996043281225,0.04322856996794559,0.05433594139155908,0.02871999600149351,0.06203140277463004,-0.019641865906895158,0.12831374869001333,0.9160505102752249,0.35202289666633535,False,False
sp|P01865|GCAM_MOUSE / sp|P01863|GCAA_MOUSE,0.005883109691198156,0.019777144228519655,0.7668599233807251,-0.04505943795313578,0.0568256573355321,-0.05401559924332565,0.028557575005799724,0.06209317585716678,-0.12757503778156024,0.019543839294908938,0.9448154558398885,0.35202289666633535,False,False
sp|P34928|APOC1_MOUSE,-0.039346945722137344,0.017734564481950096,0.029273773358825538,-0.08502815660042193,0.006334265156147233,-0.04842866580653509,0.025608154015388424,0.06213654326459657,-0.11439089932916605,0.017533567716095856,0.2495380149913115,0.35202289666633535,False,False
sp|Q9CQV8|1433B_MOUSE,0.01695087581676396,0.01913788286428099,0.37835653428008253,-0.032345043672937376,0.0662467953064653,0.05225506166511644,0.0276345016769806,0.06216452838711899,-0.01892669754342141,0.12343682087365429,0.7621373839601641,0.35202289666633535,False,False
sp|Q9ESX5|DKC1_MOUSE,0.0294642877944418,0.020022460698568476,0.14496675794381425,-0.022110153202087066,0.08103872879097067,-0.05466233234305868,0.028911804282414633,0.06220210407113887,-0.12913420503217288,0.019809540346055525,0.5394033083094845,0.35202289666633535,False,False
sp|P09103|PDIA1_MOUSE,0.006003824809313947,0.01957729337378386,0.7598697603613837,-0.04442394114705224,0.056431590765680134,0.05339869984454063,0.028268996649483725,0.06243380432133479,-0.01941741010712523,0.1262148097962065,0.9431187041757689,0.35255931168297605,False,False
sp|Q99P72|RTN4_MOUSE,-0.001352224016043318,0.019838565212861734,0.9458231019001092,-0.052452981631698405,0.04974853359961177,0.05405543584230077,0.028646264977769974,0.06269932498234479,-0.019732452924665717,0.12784332460926726,0.9841278017357504,0.3532839427342185,False,False
sp|Q6P1D5|SE6L1_MOUSE,-0.03473121552619118,0.018176098631387073,0.059522670561571484,-0.08154974300511306,0.01208731195273071,-0.04948609349449504,0.026245715457246414,0.06290479618549666,-0.11709057646187668,0.018118389472886604,0.3531587020646234,0.3536677951477159,False,False
sp|P41216|ACSL1_MOUSE,0.0033423449462506717,0.018819804851603464,0.8594772892743526,-0.045134259877581295,0.05181894977008264,0.05118619921032089,0.027175207018470947,0.0631690216520544,-0.01881249535786432,0.1211848937785061,0.9672875961020359,0.3538385362554165,False,False
sp|Q80Z19|MUC2_MOUSE,0.03133947590163798,0.02015897065202236,0.12388864981123351,-0.0205865914332235,0.08326554323649946,-0.05481977655929736,0.029108920367009693,0.06320999094271518,-0.12979938663531232,0.020159833516717615,0.5023831075022461,0.3538385362554165,False,False
sp|P01639|KV5A7_MOUSE,0.018036100698141422,0.019993925956338345,0.36965701892863084,-0.033464839673181854,0.0695370410694647,-0.05430675686132726,0.02887060101099726,0.06351578618889113,-0.1286724969565225,0.020058983233867997,0.7580124846734897,0.35477906602254805,False,False
sp|B9EKR1|PTPRZ_MOUSE,-0.037155717010527736,0.01708848985864733,0.03256387057267961,-0.08117274994182974,0.006861315920774262,-0.04631857297583504,0.024675242554505906,0.06405685080962957,-0.10987778581990817,0.017240639868238095,0.26321491209886666,0.3561846324513496,False,False
sp|Q05D44|IF2P_MOUSE,0.003841405686622888,0.01966789609876733,0.8456306780204457,-0.046819737423737094,0.05450254879698287,0.05328501665717921,0.028399824138253014,0.06417945772932405,-0.0198680825737683,0.12643811588812673,0.9654510607143304,0.3561846324513496,False,False
sp|Q9DBZ5|EIF3K_MOUSE,0.006831095028857981,0.01960100864810188,0.7283524144245916,-0.04365775742603826,0.05731994748375422,0.053103204362106506,0.028303240760630136,0.0641823959057966,-0.019801112574524264,0.12600752129873727,0.9345632878232812,0.3561846324513496,False,False
sp|Q9CZ30|OLA1_MOUSE,0.0005477914408521634,0.019827909275497116,0.9780265410345852,-0.050525518299082355,0.05162110118078669,-0.053669213969340566,0.02863087813895083,0.0644192628750298,-0.1274174688659877,0.020079040927306578,0.9942219204161421,0.35673032667355214,False,False
sp|Q60865|CAPR1_MOUSE,0.01536451392635915,0.019211500730324387,0.4261629084367341,-0.03412103261996151,0.06485006047267981,0.051944071130385336,0.027740803562986447,0.06470468451008912,-0.019511503591148893,0.12339964585191956,0.7935104778362561,0.3575419798572521,False,False
sp|P41245|MMP9_MOUSE,0.01235219671643949,0.019483403744785976,0.5278548611851656,-0.037833725582254604,0.06253811901513359,-0.052586205581210146,0.02813342297456926,0.06516891528637031,-0.1250531008882415,0.01988068972582123,0.842878758365086,0.35913269438853435,False,False
sp|Q9WVK4|EHD1_MOUSE,0.029009531598562795,0.018443293185794823,0.11959175136788003,-0.01849724344335127,0.07651630664047686,0.049759530912314,0.026631536000418524,0.06527149552381906,-0.018838759916081513,0.11835782174070951,0.4919309261538196,0.35913269438853435,False,False
tr|Q8HWB2|Q8HWB2_MOUSE,0.0851384111171486,0.01760782195313747,6.129344675114906e-06,0.03978366735858546,0.13049315487571173,-0.047466600141709475,0.02542514178515086,0.06548722831927413,-0.11295742539878666,0.018024225115367706,0.000876836807690049,0.3595514134800232,True,False
sp|Q8R050|ERF3A_MOUSE,-0.011987458370103548,0.020080640068642987,0.5521748655270575,-0.06371175949293235,0.039736842752725265,0.054038136092484014,0.028995813465211465,0.06594988122869892,-0.020650129911445457,0.12872640209641348,0.8557349860654497,0.3613211577955313,False,False
sp|Q6ZQ03|FNBP4_MOUSE,0.010832305805580394,0.019999665724941055,0.5895459760466323,-0.040683419229905336,0.062348030841066125,-0.05375281451241328,0.02887888905655601,0.06628257185107289,-0.1281399031982279,0.02063427417340135,0.875700795549263,0.3622393479961856,False,False
sp|Q6UGQ3|SG2B2_MOUSE,-0.01913965010770215,0.017882312875380342,0.287619351079513,-0.06520143562733663,0.026922135411932332,0.04804103255478269,0.025821498054275808,0.0663988241763882,-0.018470738794951855,0.11455280390451723,0.6945314142505861,0.3622393479961856,False,False
sp|P97361|BPIA1_MOUSE,0.00650676792256868,0.019894051938115324,0.7444476321847557,-0.04473691402595257,0.057750449871089925,-0.053240916447366754,0.02872638606602955,0.06742447402750044,-0.12723518346130447,0.020753350566570974,0.9405557812860535,0.3670571260482318,False,False
sp|Q3THE2|ML12B_MOUSE,-0.00730914715056321,0.01971419784056018,0.7117757277503491,-0.05808955564423857,0.043471261343112154,0.052648039208641195,0.028466682398923516,0.06799418644804894,-0.0206772754893257,0.12597335390660808,0.9247341681252006,0.3686439104015886,False,False
tr|A0A140T8N3|A0A140T8N3_MOUSE,0.040272518535531196,0.02005018184719196,0.04787219976487894,-0.011373327407950072,0.09191836447901247,-0.05352257754059868,0.028951832750221448,0.06810880787624093,-0.12809755673006584,0.021052401648868485,0.31848328724966807,0.3686439104015886,False,False
sp|Q8CG16|C1RA_MOUSE,0.03956539475243981,0.018138794135495122,0.03202815070461621,-0.007157042712809467,0.08628783221768908,-0.048413695012130525,0.026191848937025985,0.06814543741792473,-0.11587942701824817,0.019052036993987123,0.2618174224266246,0.3686439104015886,False,False
sp|Q6P069|SORCN_MOUSE,0.027347861627867107,0.02020363752898378,0.17958000996178883,-0.02469325995756961,0.07938898321330382,-0.053807552701232185,0.02917341793421968,0.06873555926012746,-0.12895329750087425,0.02133819209840989,0.5895843234820141,0.37105674024073,False,False
sp|Q64735|CR1L_MOUSE,0.027307772622524866,0.020180194958267637,0.17971170411003515,-0.02467296490231069,0.07928851014736042,-0.05370446778108763,0.029139567598507932,0.06894121367974276,-0.1287630198940684,0.02135408433189316,0.5895843234820141,0.3713883372915013,False,False
sp|P45700|MA1A1_MOUSE,-0.02232243106548662,0.020165424035893595,0.2715455708550317,-0.07426512121563067,0.029620259084657437,0.05361021800538242,0.029118238850599363,0.0692201808193586,-0.021393394893727477,0.1286138309044923,0.6726549628833807,0.371414054223868,False,False
sp|Q99J45|NRBP_MOUSE,-0.008616853411912978,0.02004354808552292,0.6683912516540821,-0.060245611917694376,0.04301190509386842,0.05325664977011026,0.028942253806757964,0.06937157254849728,-0.021293655696086607,0.12780695523630714,0.9078067865179023,0.371414054223868,False,False
sp|Q8C2E7|WASC5_MOUSE,-0.022892403308991238,0.020051103082026393,0.25690057661671406,-0.0745406221961545,0.028755815578172018,0.05327127976131413,0.028953162984383586,0.06939947516780286,-0.021307125884288444,0.1278496854069167,0.6633380598922038,0.371414054223868,False,False
tr|A0A075B5S6|A0A075B5S6_MOUSE,-0.003000304494441272,0.01976114266614645,0.8796951400065048,-0.05390163484551174,0.04790102585662919,-0.0524772009115833,0.028534469252390504,0.0695229414120017,-0.12597712297310584,0.02102272114993925,0.9717888839047834,0.371414054223868,False,False
tr|A0A0G2JGT0|A0A0G2JGT0_MOUSE / tr|A0A075B5N6|A0A075B5N6_MOUSE,-0.02605158783038992,0.01593621817845386,0.10593683487430564,-0.06710056560220005,0.014997389941420216,-0.042246967606081036,0.02301139844466058,0.06999490564019521,-0.10152040203547735,0.01702646682331528,0.4667533720091613,0.3731612464254714,False,False
sp|Q8K0J2|B3GN7_MOUSE,-0.051464290058212084,0.01695627855442014,0.003221349934650495,-0.09514076923782527,-0.007787810878598901,-0.04488036020024843,0.024484333584360564,0.07042822502464366,-0.10794782412471085,0.018187103724213997,0.06945261308039163,0.37388062172414815,False,False
sp|Q8C3K6|SC5A1_MOUSE,-0.009491306223832398,0.019482413706525044,0.6274355419582697,-0.05967467835296235,0.04069206590529756,-0.05156379718845518,0.02813199339042059,0.07044323166824043,-0.1240270101307445,0.020899415753834152,0.8930625941490823,0.37388062172414815,False,False
sp|P15535|B4GT1_MOUSE,0.01504603175850655,0.020005223683175553,0.45414131881068087,-0.036484009628667505,0.0665760731456806,-0.05291545944481608,0.02888691457365427,0.07061014107974758,-0.12732322049274852,0.021492301603116375,0.8053288393322638,0.37388062172414815,False,False
sp|Q9EQC0|CHST1_MOUSE,0.034422506885158174,0.01827686632228312,0.06319237937961941,-0.012655580964824706,0.08150059473514105,-0.048326211603903685,0.026391220837481008,0.07071062632219811,-0.11630549159351762,0.01965306838571025,0.3624061846381292,0.37388062172414815,False,False
sp|Q01063|PDE4D_MOUSE,-0.024659299623772567,0.02004098069000501,0.2220490582318577,-0.07628144495694514,0.0269628457094,0.05291353846446638,0.028938546568279797,0.07111378065993576,-0.0216272177882232,0.12745429471715597,0.6283162109158187,0.3747971250938325,False,False
sp|Q8CIZ8|VWF_MOUSE,0.024524155040501008,0.020066629632729708,0.225157605066233,-0.027164057590946884,0.0762123676719489,-0.05296953983557196,0.028975582835863045,0.07117506569743072,-0.12760569519159654,0.02166661552045262,0.6294976866819978,0.3747971250938325,False,False
sp|P46935|NEDD4_MOUSE,-0.016187469217537925,0.02013167973188259,0.4236760861707937,-0.06804323980058256,0.03566830136550672,0.053079316666478936,0.02906951313561857,0.07149864703601527,-0.021798787108147054,0.12795742044110492,0.7913800554319752,0.3757326859545701,False,False
sp|Q9CUN6|SMUF1_MOUSE,-0.02688459931205141,0.02016061245842901,0.18605344041992478,-0.0788148956599659,0.02504569703586307,0.05301801360839452,0.02911129108388677,0.0722208303575375,-0.02196770302962285,0.12800373024641187,0.5921328317698707,0.37875486389136265,False,False
sp|Q9ER58|TICN2_MOUSE,0.020446478454351956,0.020046694322795988,0.3107554611028966,-0.03119038422159333,0.07208334113029724,-0.05263854090435538,0.028946796874547404,0.07264537015039375,-0.1272005485376923,0.021923466728981544,0.7105527400250299,0.37880151555429165,False,False
tr|E9PWZ2|E9PWZ2_MOUSE / tr|D2XZ31|D2XZ31_MOUSE,-0.018165587320503492,0.01649970420168753,0.27413349684256894,-0.06066600890309916,0.02433483426209217,0.04332364865683626,0.02382505456140216,0.07265325212080473,-0.01804562504107482,0.10469292235474734,0.6748506255923661,0.37880151555429165,False,False
tr|Q80ZX0|Q80ZX0_MOUSE,-0.011533895516540115,0.020080342970111617,0.5672781076078324,-0.06325743136426577,0.04018964033118555,0.052711537180078795,0.028995384464264935,0.07272708239035072,-0.02197562379064135,0.12739869815079893,0.8638327185630801,0.37880151555429165,False,False
tr|E9Q8B5|E9Q8B5_MOUSE,0.026092516807221453,0.0183612086460857,0.15908893989462874,-0.021202822471941524,0.07338785608638443,-0.04816210711509264,0.026513008503603313,0.07294068168407074,-0.11645509134391524,0.02013087711372996,0.5576878130076082,0.37880151555429165,False,False
tr|E9Q0F0|E9Q0F0_MOUSE,0.029099355422201555,0.0202034599853288,0.15358547047442306,-0.02294130884108601,0.08114001968548912,-0.05296565534078838,0.029173161566759073,0.07309325046407718,-0.12811073978161294,0.022179429100036195,0.5500453219355207,0.37880151555429165,False,False
sp|Q9D6Y7|MSRA_MOUSE,0.01180347874240399,0.0200457049672065,0.5575950542439002,-0.03983083552242226,0.06343779300723024,-0.05254114580521843,0.028945368276154848,0.07315183144212825,-0.12709947361295282,0.022017182002515942,0.8577104329020567,0.37880151555429165,False,False
sp|Q9D8N0|EF1G_MOUSE,0.01993474534394796,0.019105556504470232,0.2998292333500404,-0.029277906960875764,0.06914739764877169,0.05005781666042895,0.027587823428883038,0.0732594775712766,-0.021003707348820885,0.12111934066967879,0.7038612026286413,0.37880151555429165,False,False
sp|Q5SSH7|ZZEF1_MOUSE,-0.0189313353929913,0.020071799448629125,0.34835909263793374,-0.07063286458772686,0.032770193801744264,0.05254938292723215,0.028983047887622182,0.07347433406505181,-0.022106001127866128,0.12720476698233044,0.7380932289548531,0.3791511226803776,False,False
sp|P18337|LYAM1_MOUSE,0.07943483681631236,0.018235504512356598,3.8038893722037346e-05,0.032463289928386034,0.12640638370423868,-0.04766580790647113,0.02633149568324722,0.07392491036456585,-0.11549124609365069,0.020159630280708433,0.0028808868039484166,0.38061079820343946,True,False
sp|P09411|PGK1_MOUSE,-0.007712197731084186,0.019252313385257947,0.6897671190537162,-0.057302870709938336,0.04187847524776997,-0.05027199343934037,0.02779973575466103,0.07421608207097219,-0.12187936742711236,0.02133538054843162,0.9160505102752249,0.38061079820343946,False,False
sp|Q6PDQ2|CHD4_MOUSE / sp|A2A8L1|CHD5_MOUSE,0.007641360714073719,0.01963530300219975,0.6981633294667049,-0.0429358281430541,0.05821854957120153,0.051250787825329276,0.028352760730657615,0.0743339437508408,-0.021781084101209137,0.1242826597518677,0.9209691666264328,0.38061079820343946,False,False
sp|Q3UF25|STIMA_MOUSE,0.013817752084585404,0.020077320861418703,0.49325232825028525,-0.037897999327010545,0.06553350349618135,-0.05237686742844063,0.028991020634245985,0.07448395548235201,-0.12705278791792227,0.022299053061040998,0.8252922321276703,0.38061079820343946,False,False
sp|Q99JP6|HOME3_MOUSE,-0.02050469533092283,0.020199366648264293,0.313036536556381,-0.07253481585665034,0.03152542519480467,0.05269297789213602,0.029167250916622076,0.07449624943477029,-0.02243688172286265,0.1278228375071347,0.7105527400250299,0.38061079820343946,False,False
sp|Q9CVB6|ARPC2_MOUSE,0.04323647815867636,0.01997556008969529,0.033336477516410626,-0.008217154875162669,0.09469011119251539,-0.051963551163814,0.02884408127649236,0.0752945888178404,-0.1262609809497492,0.02233387862212119,0.2665882906980042,0.3839278538731466,False,False
tr|A0A075B5Q4|A0A075B5Q4_MOUSE,0.0440862238145414,0.01997925259375175,0.03013825700807915,-0.007376920479449725,0.09554936810853253,-0.051876497216626835,0.028849413136357117,0.07582842076633296,-0.12618766096344408,0.02243466653019041,0.25278831203844887,0.3856920799230568,False,False
tr|A0A075B680|A0A075B680_MOUSE,0.03384351829689527,0.020137025037237587,0.09663443193201586,-0.018026020880319196,0.08571305747410973,-0.05220469456842913,0.02907723158863891,0.07627720423848672,-0.12710267976052297,0.022693290623664722,0.45134506054218443,0.3856920799230568,False,False
sp|Q60605|MYL6_MOUSE,-0.013708833152881517,0.02015245197764395,0.4982583334050148,-0.06561810949525879,0.03820044318949576,0.05222941186362418,0.02909950760597863,0.07636154577976798,-0.022725952546699672,0.12718477627394803,0.8287947418258782,0.3856920799230568,False,False
sp|P36369|K1B26_MOUSE,-0.04591707057261636,0.01854245779138206,0.015331497801571328,-0.09367927671147688,0.0018451355662441674,0.04803943896972131,0.02677472657582497,0.07646561888427879,-0.020927686338798157,0.11700656427824077,0.18080521774878439,0.3856920799230568,False,False
sp|Q6IME9|K2C72_MOUSE,0.024863681809915376,0.020221673968508914,0.2223797192820727,-0.02722389856498187,0.07695126218481263,-0.05232053984944659,0.029199461986314613,0.07684875170836211,-0.12753336968165796,0.022892289982764776,0.6283162109158187,0.3856920799230568,False,False
sp|P57716|NICA_MOUSE,0.022044298654384162,0.01795379284368167,0.22302175408817795,-0.024201607062217627,0.06829020437098596,0.0464493187259228,0.025924712883099964,0.07687006900579324,-0.020328316404457786,0.11322695385630338,0.6283162109158187,0.3856920799230568,False,False
sp|Q08761|PROS_MOUSE,-0.012714863366689564,0.02012940761688853,0.5293686459605428,-0.06456478136935147,0.03913505463597235,0.05207371645393457,0.029066232272941184,0.07689378063114115,-0.022795936378466088,0.12694336928633523,0.8429958338580071,0.3856920799230568,False,False
sp|Q64737|PUR2_MOUSE,0.029902524315682577,0.02017976722675592,0.14222439480213106,-0.022077111445791053,0.08188216007715621,-0.052178797396014366,0.029138949967641357,0.07703367525821145,-0.12723575859731026,0.022878163805281522,0.5355054080531093,0.3856920799230568,False,False
sp|Q8K1B8|URP2_MOUSE,-0.0033300644486727185,0.019894665476258257,0.867479400423445,-0.054575326766721374,0.04791519786937594,0.05143653701572719,0.028727271995834847,0.07706227155246327,-0.022560012002163912,0.1254330860336183,0.9700936139410723,0.3856920799230568,False,False
sp|Q8BP47|SYNC_MOUSE,0.0011219988028427655,0.01991129094539915,0.9552001650396518,-0.050166087885804254,0.05241008549148978,-0.05146600906325686,0.028751278651017804,0.07713841598461137,-0.1255243951270484,0.0225923770005347,0.9854328625709547,0.3856920799230568,False,False
sp|Q9JLF6|TGM1_MOUSE,0.027515460592589833,0.02022587987614417,0.1774286396976909,-0.024582953482442323,0.07961387466762199,-0.05222504016432614,0.029205535184819584,0.07743919049844207,-0.12745351351921289,0.023003433190560592,0.5887612721927243,0.3859038896896344,False,False
sp|P03987|IGHG3_MOUSE / tr|A0A1Y7VJN6|A0A1Y7VJN6_MOUSE,-0.024384847428419027,0.018773505882780428,0.19761996409021432,-0.07274219401163252,0.023972499154794467,-0.048462637087418166,0.027108352761881747,0.07751265898124333,-0.11828912650241394,0.0213638523275776,0.6050789625829988,0.3859038896896344,False,False
sp|Q61495|DSG1A_MOUSE / sp|Q7TSF0|DSG1C_MOUSE / sp|Q7TSF1|DSG1B_MOUSE,0.01758744433894213,0.020169423208809188,0.38576234075844873,-0.03436554699798787,0.06954043567587212,-0.05201837547179092,0.029124013530663306,0.0777797754770389,-0.12703686296102812,0.023000112017446298,0.7675911548714379,0.3859038896896344,False,False
sp|Q8CJ19|MICA3_MOUSE,-0.022902307685357583,0.02013358533422121,0.2586349105510549,-0.07476298677474695,0.028958371404031787,0.051925864247940566,0.02907226476553478,0.07778024029084282,-0.022959327255656116,0.12681105575153725,0.6648685386122579,0.3859038896896344,False,False
sp|P33434|MMP2_MOUSE,0.015780528864481808,0.02018625874190585,0.4366152293585833,-0.03621582793193944,0.06777688566090306,-0.05193870966903889,0.02914832351159965,0.07847148136081797,-0.12701981551954067,0.023142396181462868,0.7960152796882342,0.3865366660493675,False,False
sp|O54940|BNIP2_MOUSE,-0.0016879541402445158,0.01992100359708519,0.9326806814676081,-0.0530010589617196,0.04962515068123057,0.051252123251854374,0.02876530341494855,0.07849487156746518,-0.02284238820984536,0.12534663471355412,0.9824303813616132,0.3865366660493675,False,False
sp|O54901|OX2G_MOUSE,-0.013754519957177745,0.017300457641720716,0.42888667032968614,-0.05831754571552847,0.030808505801172975,-0.044509868896265604,0.024981317374711855,0.07849616989029419,-0.10885747823130368,0.019837740438772476,0.7939490841832795,0.3865366660493675,False,False
tr|A0A075B5V7|A0A075B5V7_MOUSE,-0.005006456249242281,0.01974181024401459,0.8004419707833375,-0.05585798958087692,0.04584507708239236,-0.05077687424437475,0.028506553842122202,0.07857697373612738,-0.12420489097410761,0.022651142485358107,0.9565299624897676,0.3865366660493675,False,False
sp|Q80SW1|SAHH2_MOUSE,-0.004445851295545442,0.019957475257265773,0.8242714193193469,-0.05585290088806275,0.046961198296971866,0.0513173354743182,0.028817967346563663,0.07865833514946352,-0.022912829285675826,0.12554750023431221,0.9612305140240618,0.3865366660493675,False,False
sp|Q3U515|VWCE_MOUSE,0.06271117591950758,0.015809395715493807,0.000155213886084442,0.021988871164138196,0.10343348067487695,-0.04053558785675777,0.02282827079202511,0.07949654884394294,-0.09933731671220551,0.018266140998689978,0.009294785038777632,0.3891832726202541,True,False
sp|Q99K48|NONO_MOUSE,0.02104856505617671,0.020046092094312122,0.2967990091701521,-0.030586746381992398,0.07268387649434582,-0.05139809786695159,0.028945927275534526,0.07949918500903055,-0.1259578655616688,0.023161669827765623,0.7038612026286413,0.3891832726202541,False,False
sp|O09106|HDAC1_MOUSE,0.01725008790953092,0.01927174551757752,0.3733550216616355,-0.03239063892518242,0.06689081474424427,0.04937551782992761,0.027827795143308177,0.07972135352733396,-0.022304132353361365,0.12105516801321659,0.7617832475251141,0.38953033269997145,False,False
sp|Q7M6Z0|R4RL2_MOUSE,0.016086829458562227,0.01922327904734908,0.40511413789594636,-0.03342905602189712,0.06560271493902158,-0.049137905709845324,0.02775781108277738,0.08040449488835315,-0.12063728889923772,0.02236147747954708,0.7781386945131771,0.39212419382104047,False,False
sp|P01648|KV5AF_MOUSE,0.04125173615970012,0.02008386666089603,0.04316410199819511,-0.010480876114004688,0.09298434843340492,-0.05124786277207775,0.029000472563067797,0.08092561271192754,-0.12594812981679365,0.023452404272638165,0.3070374658711392,0.3939195703841463,False,False
tr|E9Q3A7|E9Q3A7_MOUSE,-0.0478783451835652,0.0173715746088089,0.007205949215442531,-0.09262455610972119,-0.0031321342574092137,-0.04429727622533979,0.025084008041187204,0.08112516527261489,-0.10890939918828604,0.020314846737606466,0.11314219042539339,0.3941458501452516,False,False
sp|Q9QY48|DNS2B_MOUSE,0.026620861786037654,0.01971178677435809,0.18056955504406805,-0.024153336212661573,0.07739505978473687,-0.05014169560764136,0.028463200895066616,0.0818587130946789,-0.12345804254595324,0.023174651330670516,0.5895843234820141,0.3959686875226893,False,False
sp|P61622|ITA11_MOUSE,-0.0035504449096401525,0.01914067120490124,0.8533010708268636,-0.052853546688819406,0.045752656869539096,-0.04867013461932177,0.027638527953245992,0.08197453239711487,-0.11986226482824822,0.022521995589604667,0.9664610117101669,0.3959686875226893,False,False
sp|Q9JHK5|PLEK_MOUSE,-0.014549990664605831,0.020182847442828673,0.473015990896034,-0.06653756053690092,0.03743757920768925,0.05130159966859143,0.029143397702891472,0.08208302434238303,-0.02376681813949614,0.126370017476679,0.8188220010928255,0.3959686875226893,False,False
sp|O55135|IF6_MOUSE,-0.011615908935545186,0.02014036975830656,0.5656899506187735,-0.06349406354330131,0.04026224567221094,0.051165366269772306,0.029082061260794656,0.08224899235143127,-0.023745059333386845,0.12607579187293144,0.8624343533708358,0.3959686875226893,False,False
sp|Q8BJ48|NAGPA_MOUSE,0.038050720347225696,0.019642991423875933,0.0561747960322989,-0.01254627257175367,0.08864771326620506,-0.049873575795739325,0.028363862570041337,0.08241926727652096,-0.12293404416548563,0.02318689257400698,0.3412557712980584,0.3959686875226893,False,False
sp|B2RXC1|TPC11_MOUSE,-0.030529657002917578,0.01992183740494697,0.12925522126820807,-0.08184490957111656,0.02078559556528141,0.050556486245279975,0.02876650740730852,0.08256865469667575,-0.023541126495221817,0.12465409898578177,0.5104788263276623,0.3959686875226893,False,False
sp|Q9EQK5|MVP_MOUSE,-0.02324341480042502,0.020179198033652056,0.25272986703511935,-0.07522158441762233,0.028734754816772293,0.051208222050766625,0.029138128070679465,0.08257677095133366,-0.023846622084250327,0.1262630661857836,0.6593509702284016,0.3959686875226893,False,False
sp|P01750|HVM06_MOUSE / tr|A0A075B5Y1|A0A075B5Y1_MOUSE,-0.0026884859594126496,0.0197517231875068,0.8920647725128442,-0.05356555334137896,0.04818858142255366,-0.050000694998345044,0.02852086782112929,0.0833174766592804,-0.12346558209465475,0.02346419209796466,0.9717888839047834,0.3977841320125416,False,False
sp|Q60767|LY75_MOUSE,0.05437699091074462,0.019576303231624004,0.006783627139004174,0.00395177539156847,0.10480220642992077,-0.04954775101421802,0.028267566915308268,0.08337173338158825,-0.12236017821469845,0.02326467618626242,0.11243347493491548,0.3977841320125416,False,False
tr|A0A140T8P5|A0A140T8P5_MOUSE,0.031054078195248674,0.02022123836612992,0.12845776946190768,-0.021032380142276066,0.08314053653277341,-0.05116601054486504,0.02919883299016294,0.08345509147631035,-0.1263772201903571,0.024045199100627024,0.5097764444348968,0.3977841320125416,False,False
sp|P07146|TRY2_MOUSE,-0.022479008242820904,0.01872068935812343,0.23330243518711222,-0.0707003084741113,0.02574229198846948,-0.04734652933819929,0.02703208735940453,0.08359999364002742,-0.11697657209464729,0.02228351341824871,0.6384205851294515,0.3977841320125416,False,False
sp|Q8VD58|EVI2B_MOUSE,0.009586989269987347,0.018934039595674742,0.6139793594585912,-0.03918386475510682,0.05835784329508152,-0.04780881477111414,0.027340158400449517,0.08409098292930053,-0.11823239594266063,0.022614766400432355,0.8865712804688246,0.3977841320125416,False,False
sp|Q61555|FBN2_MOUSE,-0.04052888004179281,0.017603658157142828,0.023853615678471232,-0.08587289857261893,0.004815138489033317,-0.044448521688104155,0.025419129394532083,0.0840982035307616,-0.10992386005324112,0.0210268166770328,0.225820074897292,0.3977841320125416,False,False
sp|Q99KW3|TARA_MOUSE,0.025267461521407412,0.018120871303701106,0.16696804633958737,-0.021408809788504266,0.0719437328313191,-0.04575024210120085,0.02616596893092602,0.08412629632339423,-0.11314931162923018,0.021648827426828485,0.5697675460189576,0.3977841320125416,False,False
sp|Q920I9|WDR7_MOUSE,0.002912863435014076,0.019837237842662683,0.883620183472406,-0.04818447510158563,0.05401020197161378,0.050072924570731946,0.028644348296899273,0.08419120463954764,-0.023710027153482242,0.12385587629494613,0.9717888839047834,0.3977841320125416,False,False
sp|Q62219|TGFI1_MOUSE,-0.017533583251995423,0.019761205521472352,0.3775269928003494,-0.06843507550765623,0.03336790900366539,0.049799160766838456,0.028534560013506623,0.08469221941580007,-0.023700995079826613,0.12329931661350352,0.7617832475251141,0.39941843405803146,False,False
sp|O08692|NGP_MOUSE,-0.014111286743628321,0.02013243989865021,0.4853354618796404,-0.06596901538650858,0.03774644189925194,0.050666595635760446,0.029070610792551868,0.08510319071928618,-0.024214335515759584,0.12554752678728048,0.819677896606254,0.40002848853500445,False,False
sp|Q9Z126|PLF4_MOUSE,-0.037000522759934304,0.0201324789168182,0.06970578172273531,-0.08885835190695504,0.01485730638708644,0.05064269252664396,0.029070667133560768,0.08524843956700273,-0.024238383749697785,0.1255237688029857,0.38567079135594334,0.40002848853500445,False,False
sp|Q8BWY3|ERF1_MOUSE,0.010836771919613065,0.019550816884694067,0.5808907361701533,-0.03952279512030053,0.06119633895952667,0.049169691219382784,0.028230765430945017,0.0853098623922641,-0.023547941639260696,0.12188732407802627,0.871520304685498,0.40002848853500445,False,False
sp|Q6NXH9|K2C73_MOUSE,0.024545211981889095,0.02025017159409155,0.22895546571550546,-0.027615773412065468,0.07670619737584367,-0.05090646420190113,0.029240611662458945,0.08544297813369027,-0.1262252885757566,0.024412360171954348,0.6308389222667321,0.40002848853500445,False,False
sp|Q5PR69|CRACD_MOUSE,-0.022427182393703338,0.020133392995547342,0.26856387607503296,-0.07428736605150035,0.029433001264093685,0.0505832147157126,0.02907198703453166,0.08562321869568053,-0.024301261400227744,0.12546769083165293,0.6726549628833807,0.4001448060642057,False,False
sp|P12367|KAP2_MOUSE,0.014984870685634923,0.01923031994438262,0.4380864926318976,-0.034549150943726695,0.06451889231499654,0.04826900307492303,0.027767977916917846,0.08591203691315408,-0.023256568143772707,0.11979457429361877,0.7960152796882342,0.40047486162917434,False,False
sp|Q8CBR6|TSK_MOUSE,-0.041573366920322596,0.01958244418632218,0.036769938349237696,-0.09201440049056207,0.00886766664991688,0.04912072403720871,0.028276434260986392,0.08611353859962567,-0.023714543932114127,0.12195599200653155,0.27960902271616195,0.40047486162917434,False,False
sp|P63321|RALA_MOUSE / sp|Q9JIW9|RALB_MOUSE,6.189271572014814e-05,0.019930552307110466,0.9975297806214048,-0.05127580795284913,0.051399593384289434,-0.04998632250927487,0.028779091452271057,0.08616041683206314,-0.12411634960154834,0.024143704582998596,0.9983453071634729,0.40047486162917434,False,False
sp|Q9Z0M9|I18BP_MOUSE,0.07047966837750816,0.018552735150196772,0.00027792258548440916,0.0226909895166496,0.11826834723836671,-0.04645915211201892,0.026789566759110355,0.08663596401305673,-0.11546450319951493,0.022546198975477084,0.014909388700465698,0.40115579709084914,False,False
sp|Q9QY73|TMM59_MOUSE,-0.04358902436271851,0.01953299669835752,0.028373101282054294,-0.09390268964447174,0.006724640919034713,0.0488880603986562,0.02820503364166124,0.08679947678457701,-0.023763291763117367,0.12153941256042977,0.24599574343868622,0.40115579709084914,False,False
sp|Q8QZY9|SF3B4_MOUSE,0.06071657978863802,0.019268448831580277,0.0022712855392531847,0.011084344654320975,0.11034881492295506,-0.048206105827927684,0.027823034832287083,0.08692691832617756,-0.11987349426259451,0.023461282606739145,0.0562361563805476,0.40115579709084914,False,False
sp|Q9WTP6|KAD2_MOUSE,-0.033050854999262205,0.020038087016926383,0.10289132541136262,-0.08466554672452395,0.018563836725999545,0.05011905932754157,0.02893436819525332,0.0870044757433649,-0.02441093414946524,0.12464905280454838,0.4623824833058617,0.40115579709084914,False,False
sp|Q9DC29|ABCB6_MOUSE,0.026982165352981115,0.020104484464539406,0.18326890400224569,-0.02480355486352311,0.07876788556948534,-0.05025760700300674,0.02903024402386098,0.08717435745524105,-0.12503456024884319,0.024519346242829712,0.5921172243485353,0.40115579709084914,False,False
sp|D3Z6Q9|BIN2_MOUSE,0.008275290043922263,0.01951032271108165,0.6725675987189903,-0.04197997091697747,0.058530551004822004,0.04874978550340804,0.0281722931162937,0.08731781673357386,-0.023817232653710246,0.12131680366052633,0.9095911589818277,0.40115579709084914,False,False
sp|Q6ZQA0|NBEL2_MOUSE,0.0026406265982748013,0.019769469144852485,0.8940691317653665,-0.04828215134064205,0.05356340453719166,0.04938465242206802,0.028546492426082027,0.08739743773513256,-0.0241462392825708,0.12291554412670684,0.9725371151089967,0.40115579709084914,False,False
sp|Q62313|TGON1_MOUSE,-0.024523694739572412,0.01896631538508861,0.19963763918117253,-0.073377685688834,0.02433029620968918,-0.047324176783278556,0.027386763626482548,0.08775350068675841,-0.11786780506173947,0.02321945149518235,0.6075324640422426,0.4014365831642459,False,False
sp|P01632|KV1A1_MOUSE,-0.0553990301000331,0.016361614830956082,0.001091151274960009,-0.09754375703499008,-0.013254303165076135,-0.040822791569738164,0.023625657847872586,0.08777040633843512,-0.10167845336990841,0.02003287023043209,0.03725123500943461,0.4014365831642459,False,False
sp|P50446|K2C6A_MOUSE,0.03555762452548561,0.02017924604921909,0.08178102148941709,-0.016420668771616298,0.08753591782258752,-0.05027398664481387,0.029138197403649948,0.08822888062822498,-0.12532900936972788,0.024781036080100148,0.4145396266441909,0.4024762857829966,False,False
sp|O70251|EF1B_MOUSE,0.02094028360159046,0.01915500053501509,0.2775063405207676,-0.028399728085996275,0.07028029528917719,0.04767321339465237,0.0276592190558026,0.08855016760873623,-0.023572213562562117,0.11891864035186686,0.6792907934031005,0.4024762857829966,False,False
sp|P03976|KV2A5_MOUSE / tr|A0A075B5K6|A0A075B5K6_MOUSE,0.0031115511363155384,0.019678580485831508,0.8747520240118121,-0.047577113131334815,0.053800215403965894,-0.048960962883283284,0.028415252057544634,0.08864828876915742,-0.12215380180083493,0.024231876034268372,0.9715968040147054,0.4024762857829966,False,False
sp|P04104|K2C1_MOUSE,0.024297259395619362,0.02025328562182874,0.23372236182379136,-0.027871747202232722,0.07646626599347145,-0.050339750769436746,0.029245108220690375,0.08896640444773377,-0.12567015750974986,0.02499065597087636,0.6388907449004912,0.4024762857829966,False,False
sp|Q99PT1|GDIR1_MOUSE,-0.018727638240373143,0.020100925809692582,0.3542367632802517,-0.0705041919694417,0.033048915488695416,0.04993125041282362,0.029025105438050328,0.08915382472720369,-0.024832466713102963,0.1246949675387502,0.7421966358394207,0.4024762857829966,False,False
sp|Q8BMD8|SCMC1_MOUSE,-0.03241112165709359,0.019615084994166008,0.10228610288216941,-0.0829362323766687,0.018113989062481524,0.048714804672285394,0.028323566562165937,0.08921577545822551,-0.024241868059559413,0.1216714774041302,0.46218609119296844,0.4024762857829966,False,False
sp|O35855|BCAT2_MOUSE,-0.040131660501532586,0.020077388173905166,0.04893766735928882,-0.09184758529860365,0.011584264295538486,0.04985761513356401,0.028991117831361945,0.08924942417477068,-0.024818555719097142,0.12453378598622517,0.31848328724966807,0.4024762857829966,False,False
sp|P97399|DSPP_MOUSE,-0.0006896884876030163,0.019813135813887293,0.9723161162195758,-0.051724944312208095,0.050345567337002066,-0.04917987175537969,0.028609545724465554,0.08938710501068543,-0.12287317799368022,0.024513434482920843,0.9936693083752532,0.4024762857829966,False,False
sp|P01786|HVM17_MOUSE,0.01544017346554242,0.020206803131505212,0.4469962499263757,-0.03660910217163239,0.06748944910271723,-0.05015426373237069,0.02917798896481943,0.08940444095839768,-0.12531178272657903,0.025003255261837644,0.7993162108058455,0.4024762857829966,False,False
sp|Q91ZV0|MIA2_MOUSE,-0.0015294610084259708,0.01975792661896897,0.9384859633191365,-0.05242250737093509,0.049363585354083146,-0.04887814897842601,0.02852982538129203,0.09044882872116146,-0.12236610922069122,0.02460981126383919,0.9827577696408201,0.40646724948864005,False,False
sp|P53026|RL10A_MOUSE,0.005702086571609545,0.01963968212551834,0.7722929667171726,-0.04488638215968615,0.05629055530290524,0.04851509657191279,0.02835908404716809,0.0909094731341425,-0.024533063138588926,0.1215632562824145,0.9462044905702415,0.4078255981191933,False,False
tr|G3X9D6|G3X9D6_MOUSE,-0.005046536529414352,0.019822785261509643,0.7996828538050902,-0.05610664768396814,0.04601357462513944,0.048904622207750124,0.028623479223713763,0.09131732948253157,-0.024824574346214913,0.12263381876171517,0.9565299624897676,0.4089428233348153,False,False
sp|Q61789|LAMA3_MOUSE,0.01967437678909154,0.020245783481554785,0.3340196048982473,-0.03247530557600356,0.07182405915418663,-0.04990571797565376,0.029234275365799797,0.09158833164181704,-0.12520822113089863,0.025396785179591104,0.7284845983712072,0.4094443645445814,False,False
sp|P07901|HS90A_MOUSE,0.03274467179154286,0.0184881117120088,0.08025642410073794,-0.014877548123535034,0.08036689170662076,0.04551799622628219,0.026696252544385443,0.09197420694984168,-0.02324699337248773,0.11428298582505211,0.4127029328049051,0.4104568161106453,False,False
sp|P80317|TCPZ_MOUSE,-0.0005085381594155552,0.01922372666732642,0.978959758437772,-0.05002557663252939,0.049008500313698286,0.04720483102851394,0.02775845743196356,0.09281610893739083,-0.024296217046052553,0.11870587910308042,0.9942219204161421,0.41249103826120503,False,False
sp|O70570|PIGR_MOUSE,0.08789844074844522,0.017550112419214798,3.0969831660114005e-06,0.042692346898454255,0.13310453459843619,-0.04306887220162619,0.025341811030998303,0.09301229873993622,-0.10834505166027039,0.022207307257018007,0.0005696236894628112,0.41249103826120503,True,False
tr|A0A075B5T5|A0A075B5T5_MOUSE,0.03058719845237955,0.020108583184298225,0.1320812692521932,-0.02120907936658648,0.08238347627134558,-0.049345936634156665,0.029036162446439476,0.09302241643360461,-0.1241381347263016,0.02544626145798827,0.514037738497006,0.41249103826120503,False,False
tr|A0A0B4J1H9|A0A0B4J1H9_MOUSE,0.0190245054226278,0.020214047745734032,0.34939100627059494,-0.03304343110417052,0.07109244194942611,-0.04959727895244376,0.02918844996019051,0.09307079348728549,-0.12478174368507321,0.025587185780185692,0.7386550419924318,0.41249103826120503,False,False
tr|A0A140T8P3|A0A140T8P3_MOUSE,0.027903359652171642,0.02022846428851545,0.17151856425778156,-0.024201711427978913,0.0800084307323222,-0.049596620485776816,0.029209266995099466,0.09330441658175036,-0.12483470634693776,0.02564146537538413,0.5773337293644281,0.4128159324708027,False,False
sp|Q148V7|RELCH_MOUSE,-0.002307554655174139,0.019913337435643025,0.9080310784620685,-0.053600912753360756,0.048985803443012475,0.04878223791873584,0.028754233718643482,0.09358000077327283,-0.025283759894839906,0.12284823573231157,0.9767336082495744,0.4133250462970455,False,False
tr|G3UW60|G3UW60_MOUSE,-0.0070950442238237295,0.01975450518779254,0.7203979808589264,-0.05797927756364853,0.04378918911600107,-0.04821933847018445,0.028524884942150816,0.09474380948346779,-0.1216945729845373,0.025255896044168405,0.9289057589943592,0.41722379475215254,False,False
sp|Q00724|RET4_MOUSE,-0.018929165988066852,0.016077658580883766,0.2424585056745633,-0.06034247009316168,0.022484138117027982,-0.0392392243016562,0.023215633942696632,0.09478676502136281,-0.09903873451171868,0.02056028590840627,0.6519326598034937,0.41722379475215254,False,False
tr|Q8R1E9|Q8R1E9_MOUSE,-0.00650082910346898,0.01987574961574809,0.7444458373475171,-0.05769736739371371,0.04469570918677574,0.04844597135703314,0.02869995808746281,0.0952083829790701,-0.025480221695278825,0.12237216440934509,0.9405557812860535,0.4183644815206578,False,False
tr|F6RWR5|F6RWR5_MOUSE / sp|P19157|GSTP1_MOUSE / sp|P46425|GSTP2_MOUSE,0.010583555826264445,0.020098619368083822,0.5999059667140589,-0.04118705690292134,0.062354168555450236,-0.04895120022954712,0.029021775008819615,0.09546104008236314,-0.12370633873826783,0.0258039382791736,0.8800148543318804,0.41876009916879914,False,False
sp|Q9QUN9|DKK3_MOUSE,-0.004416635122478664,0.019608296999205323,0.8223504997136565,-0.054924261125721706,0.04609099088076438,-0.047649458650143785,0.028313764910674256,0.09619695245946218,-0.12058088400085315,0.025281966700565574,0.9612305140240618,0.4208209571575358,False,False
sp|Q8BG79|C19L2_MOUSE,-0.029363285839200514,0.020253914416524847,0.15093990882502792,-0.08153391210485675,0.022807340426455717,0.049193221395725885,0.029246016180479204,0.0963640857326946,-0.02613952409401773,0.12452596688546949,0.5454100570099417,0.4208209571575358,False,False
tr|E9Q616|E9Q616_MOUSE,0.007303532129678031,0.01998467957168953,0.715711649042733,-0.04417359113311495,0.058780655392471015,-0.048530844382539816,0.02885724952202141,0.09642111251376549,-0.12286219332118506,0.025800504556105434,0.9273241194237647,0.4208209571575358,False,False
sp|P19137|LAMA1_MOUSE,0.021999994699594252,0.020150563838062442,0.27812702127529093,-0.029904418117519788,0.07390440751670829,-0.048866084745272334,0.029096781191735137,0.09687436270191269,-0.1238144263778942,0.026082256887349525,0.6794848954306206,0.422083729200381,False,False
sp|Q8BJL1|FBX30_MOUSE,-0.005625657446883171,0.020027959380501517,0.779502138916816,-0.057214262109466056,0.04596294721569972,0.04852418611076131,0.02891974420639564,0.09717606151352277,-0.025968138467211126,0.12301651068873373,0.9492700125272503,0.42268303783331274,False,False
sp|P98156|VLDLR_MOUSE,-0.07360266903584647,0.018712377429871082,0.00017445909999427376,-0.12180255915877547,-0.025402778912917486,0.045297404621605177,0.027020085196111064,0.09746188489485495,-0.024301722610925537,0.1148965318541359,0.010209822329210338,0.422930702097819,False,False
sp|Q9JIX8|ACINU_MOUSE,0.013135392950351111,0.019503749521513188,0.5025355969848614,-0.0371029365962404,0.06337372249694262,0.04719882041783704,0.0281628016370407,0.09756149011499204,-0.025343749308887338,0.11974139014456142,0.8297751705887059,0.422930702097819,False,False
sp|P05367|SAA2_MOUSE,-0.012418967305642669,0.01999581127487531,0.5362706765388715,-0.06392476393569999,0.03908682932441465,0.048352166606723014,0.02887332335174106,0.09781668459751404,-0.026020585773534367,0.1227249189869804,0.8464047074344277,0.42332430729176246,False,False
sp|Q62059|CSPG2_MOUSE,0.0006209334335519776,0.019967376830007016,0.9752674320898632,-0.050811620920183445,0.0520534877872874,-0.04820010965119787,0.02883226490656354,0.0983872695480556,-0.12246710248520884,0.02606688318281309,0.9939447960749526,0.42507922665477044,False,False
sp|P05063|ALDOC_MOUSE,-0.001966171324234405,0.018302478530305144,0.9147130352991385,-0.04911023185016901,0.0451778892017002,0.044130862274677524,0.026428204061307546,0.0987644674192265,-0.023943680186608515,0.11220540473596356,0.9785482611772603,0.42599414339113606,False,False
sp|Q8QZY6|TSN14_MOUSE,0.0015789430927441194,0.019803926235963266,0.9366472179583536,-0.04943259043117094,0.05259047661665917,0.047725167721625016,0.028596247383244077,0.09894500819070753,-0.025933884259668645,0.12138421970291868,0.9824303813616132,0.4260591907877457,False,False
sp|Q9QZN4|FBX6_MOUSE,0.009714013758828528,0.019607878659337996,0.6216331108647226,-0.04079253467232541,0.060220562189982466,0.047227499209952194,0.028313160841047163,0.0991222615764588,-0.025702370160510322,0.1201573685804147,0.8893225524649893,0.4261098890807703,False,False
sp|Q8BY89|CTL2_MOUSE,0.019295343041778126,0.020182852779715096,0.3418688944559453,-0.0326922405774254,0.07128292666098165,-0.04857746296648399,0.029143405409187813,0.09936112209304963,-0.1236459006246755,0.02649097469170751,0.7335936693533827,0.426424815649338,False,False
sp|Q8R422|CD109_MOUSE,-0.04386213882243825,0.017380563944774205,0.013545392718667611,-0.08863150474359312,0.0009072270987166148,-0.04179068453933805,0.025096988359938757,0.09969584612432777,-0.10643624258769396,0.02285487350901786,0.17267022896321335,0.4271494239103894,False,False
sp|P11688|ITA5_MOUSE,0.041786367977882405,0.019520042128450557,0.03526900099127621,-0.008493928543089592,0.0920666644988544,-0.046852152436479284,0.02818632764965798,0.1002850622389981,-0.11945532115589891,0.025751016282940346,0.27437364819497356,0.4289601914707975,False,False
sp|Q61711|SIAL_MOUSE,0.020036699335468887,0.01992915896505764,0.31766378901451153,-0.03129741232181086,0.07137081099274864,-0.04776279200319928,0.02877707951011588,0.10078440937165564,-0.1218876366759124,0.026362052669513837,0.7119097099324344,0.43038118429852945,False,False
sp|P47963|RL13_MOUSE,-0.00035563502842395425,0.01999560740608487,0.9858530512717522,-0.05186090652727678,0.05114963647042887,0.04789603137011675,0.028873028971611796,0.10096641786881712,-0.026475962737177283,0.12226802547741078,0.9955182772646125,0.4304445794904041,False,False
sp|Q6ZWQ7|SPCS3_MOUSE,-0.011921087185158458,0.02003513940658982,0.5534759474849898,-0.06352818636933985,0.03968601199902293,0.047828393038959104,0.02893011193852072,0.10210599125770592,-0.02669063704723245,0.12234742312515065,0.8557349860654497,0.4343429785452489,False,False
sp|Q9JI10|STK3_MOUSE,0.005211867346498179,0.019520925334794607,0.7901481375284317,-0.0450707041632559,0.05549443885625226,0.046547326725626816,0.028187602971874594,0.10249396603980152,-0.026059127006129827,0.11915378045738345,0.9529889714921366,0.4343429785452489,False,False
sp|Q8R4Y4|STAB1_MOUSE,0.0033044160234202277,0.020061888824522207,0.8695767274898597,-0.04837158509532428,0.054980417142164735,-0.047820015953397715,0.028968737257734602,0.10261573854945007,-0.12243853826867931,0.026798506361883884,0.970593876587078,0.4343429785452489,False,False
sp|Q9R0Q1|SYTL4_MOUSE,-0.03378322486201266,0.019910518216434896,0.09353648868395678,-0.08506932113274986,0.01750287140872453,0.04745528896585465,0.028750162854667183,0.10264364449211792,-0.02660022299700019,0.1215108009287095,0.44275084257571456,0.4343429785452489,False,False
sp|O08585|CLCA_MOUSE,0.006129868051983841,0.019706570176195915,0.7565466072214498,-0.04463089288030442,0.05689062898427209,0.04695800592232761,0.02845566829118963,0.10272422288701226,-0.026338938314185913,0.12025495015884113,0.942480654859813,0.4343429785452489,False,False
sp|A2AJ76|HMCN2_MOUSE,-0.049464617273103265,0.016777080606280297,0.004160608199987676,-0.09267951312676201,-0.0062497214194445275,-0.03995113116883245,0.024225577376398577,0.10294707610048895,-0.1023520832703512,0.0224498209326863,0.08204754797020287,0.4345716737028837,False,False
sp|P05202|AATM_MOUSE,-0.004115486429007564,0.019921943131565326,0.8368495218856249,-0.05543101133092827,0.04720003847291315,0.04739916775213931,0.028766660073224235,0.10323869868689581,-0.026698838229701836,0.12149717373398045,0.9634342245039778,0.43508944209289147,False,False
sp|Q9CZM2|RL15_MOUSE,0.004522072004732681,0.019630739874969633,0.81838834349253,-0.046043363015559974,0.05508750702502534,0.0466061513028356,0.028346171718279006,0.10396822580233696,-0.026408748452536546,0.11962105105820775,0.9601625569335521,0.43744800889055174,False,False
sp|O88199|CHST3_MOUSE,-0.009061968746757746,0.01972606188906275,0.6471692194021912,-0.05987293700422476,0.04174899951070926,-0.04677863819663727,0.028483813712275423,0.10436000160397524,-0.1201480802335443,0.026590803840269753,0.8973269315332452,0.43797796381675425,False,False
sp|P56395|CYB5_MOUSE,0.005187861922721278,0.01967171141213161,0.7926557989679567,-0.04548310878360465,0.0558588326290472,0.04663958256589736,0.028405333330900454,0.10443435719747073,-0.026527707404910318,0.11980687253670505,0.9546248837797476,0.43797796381675425,False,False
sp|Q9JL35|HMGN5_MOUSE,0.027403644852179113,0.018850804401178894,0.14984281841630126,-0.021152809519846067,0.0759600992242043,0.04465763338910503,0.027219969394267837,0.10470687470630678,-0.02545636141835428,0.11477162819656433,0.5444955522621161,0.43813561900989895,False,False
sp|Q5BLK4|TUT7_MOUSE,0.008321386896052694,0.01902873188669952,0.6630387061081549,-0.04069337830708328,0.05733615209918867,0.045057538044670435,0.027476891094116763,0.10487070591777067,-0.025718243205977327,0.1158333192953182,0.9065850466649934,0.43813561900989895,False,False
sp|Q60994|ADIPO_MOUSE,-0.007237292812375292,0.017195128359544832,0.6749350073734244,-0.051529008319175604,0.03705442269442502,-0.04070250901656974,0.02482922519996262,0.10498239880742044,-0.10465835487104827,0.023253336837908783,0.9104021183795535,0.43813561900989895,False,False
sp|Q9QUI0|RHOA_MOUSE,0.02768337599096755,0.020262201909661562,0.17559340959682013,-0.02450859744236319,0.07987534942429829,-0.047896767245519424,0.02925798306023328,0.10545248893935433,-0.12326033737480566,0.0274668028837668,0.5856904529945749,0.4387892322663375,False,False
sp|O35598|ADA10_MOUSE,-0.0113796010171982,0.020110389047293113,0.57303636464478,-0.06318053043098465,0.040421328396588255,0.04752738977464106,0.02903877005587645,0.10552833874811664,-0.027271525074303846,0.12232630462358597,0.8675048362339474,0.4387892322663375,False,False
sp|Q61081|CDC37_MOUSE,0.006683986468000412,0.019740450585097078,0.7357815180733303,-0.04416404461435168,0.057532017550352504,0.04663233878931055,0.02850459053735634,0.10568107643328789,-0.02679062080247461,0.12005529838109572,0.9360856764025818,0.4387892322663375,False,False
sp|P06909|CFAH_MOUSE,0.054416096134404665,0.019708245257436946,0.0071069056226177995,0.0036510204787699382,0.10518117179003938,-0.0465160802518705,0.02845808705588229,0.10597760329912218,-0.11981925481335776,0.02678709430961676,0.11243347493491548,0.4387892322663375,False,False
tr|A0A075B5U6|A0A075B5U6_MOUSE,0.03413519978651883,0.020177286975232345,0.09448819411782684,-0.017838047270400205,0.08610844684343785,-0.04762126820259037,0.02913536856235355,0.1059910300853056,-0.12266900431519805,0.027426467910017308,0.4456173989989086,0.4387892322663375,False,False
sp|Q61508|ECM1_MOUSE,0.00582169508046111,0.02009444085044949,0.7727642888035797,-0.04593815450055677,0.057581544661478995,-0.04737028912541236,0.029015741360615573,0.10639349081042722,-0.1221098859862818,0.02736930773545708,0.9462044905702415,0.43974837694518476,False,False
sp|P57776|EF1D_MOUSE,0.02819704301751528,0.01887422371336644,0.1390283204257364,-0.020419735505111544,0.0768138215401421,0.044433914012067185,0.027253786145394913,0.10685753798971362,-0.02576718697389606,0.11463501499803043,0.528800480201287,0.4409585902620394,False,False
tr|Q8C5R8|Q8C5R8_MOUSE,-0.0016631692844264352,0.01960966562440499,0.9326161936615414,-0.05217432063256435,0.048847982063711486,0.046083658781374395,0.028315741162469904,0.10746921632790155,-0.026852857056621382,0.11902017461937017,0.9824303813616132,0.44235154999044063,False,False
sp|Q4V9Z5|SE6L2_MOUSE,0.03297536516696692,0.019806158209082887,0.09974841270584657,-0.01804191753871439,0.08399264787264824,-0.046536087126922615,0.02859947028231576,0.10753866807534596,-0.12020344074608749,0.027131266492242262,0.45690690984054005,0.44235154999044063,False,False
sp|P47964|RL36_MOUSE,0.001405619524270302,0.0194086891581562,0.9424422946074833,-0.04858785075278027,0.05139908980132088,0.04554236600252938,0.028025537458488015,0.10799368183822218,-0.026646634630751426,0.11773136663581019,0.9837216114595029,0.4429788198097175,False,False
sp|P01644|KV5AB_MOUSE / sp|P01645|KV5AC_MOUSE,0.03955148660326562,0.020135963028074563,0.052892241801764,-0.012315317019626085,0.09141829022615733,-0.04724325243401297,0.029075698080768438,0.10803522285068061,-0.12213728757159684,0.027650782703570888,0.33250439044678837,0.4429788198097175,False,False
sp|Q9CQC6|5MP2_MOUSE,0.012349916375078072,0.01958982111479429,0.5301694739351788,-0.03811011890369005,0.06280995165384619,0.045850420130398854,0.028287086313968382,0.10887934118894371,-0.02701228570913796,0.11871312596993566,0.8432281626825728,0.44573021233947546,False,False
sp|O09114|PTGDS_MOUSE,-0.038106602427076836,0.020099458858964504,0.06149553768510679,-0.08987937754147315,0.013666172687319476,0.04697351134581128,0.029022987207280363,0.10939658595239862,-0.027784749579226345,0.1217317722708489,0.3558449652565168,0.4469548194268021,False,False
sp|Q9EQC5|SCYL1_MOUSE,0.02561315915901103,0.01896143749519218,0.18047448536854804,-0.023228267178515852,0.07445458549653791,0.04429752293331711,0.02737972010670144,0.10952562759546101,-0.026227962440491484,0.1148230083071257,0.5895843234820141,0.4469548194268021,False,False
sp|Q7TSI3|PP6R1_MOUSE,-0.008629362500683257,0.020187725119883582,0.6701677127881774,-0.06062949643646963,0.04337077143510311,0.04712151567779971,0.029150440915336105,0.1098285186091352,-0.027965044243293866,0.12220807559889328,0.9082536107523984,0.4474817016115873,False,False
sp|P41105|RL28_MOUSE,0.0028400520125040248,0.01982340647670823,0.8864303163498822,-0.0482216592863621,0.05390176331137014,0.04619712189391666,0.028624376238946266,0.11038918475977358,-0.02753438521816999,0.1199286290060033,0.9717888839047834,0.4477784286340002,False,False
sp|P27005|S10A8_MOUSE,0.009015572971257955,0.01951431899515718,0.6453062979930337,-0.041249981735268844,0.059281127677784755,0.045436496638556485,0.028178063624963345,0.1107004241521957,-0.027145385363889447,0.11801837864100242,0.8973269315332452,0.4477784286340002,False,False
sp|Q76LS9|MINY1_MOUSE,-0.005229315824122315,0.020008626128830465,0.7944755607405191,-0.05676812133051803,0.04630948968227339,0.04656841727960231,0.028891827598298808,0.11084377008833254,-0.027851998881178612,0.12098883344038322,0.9549624506846548,0.4477784286340002,False,False
sp|Q149F3|ERF3B_MOUSE,-0.01013757363999288,0.02021423060805112,0.6173583051583843,-0.062205981188906065,0.0419308339089203,0.04704115152762495,0.02918871400763212,0.11088704343679937,-0.028143993346142135,0.12222629640139203,0.8888395805664272,0.4477784286340002,False,False
sp|P67778|PHB1_MOUSE,-0.025238356478711248,0.019677146377926166,0.20323810697640868,-0.07592332672919458,0.025446613771772077,0.04578440742175254,0.028413181250779004,0.11093984931892653,-0.02740309745105022,0.11897191229455531,0.6113763147946873,0.4477784286340002,False,False
sp|Q9D920|BORC5_MOUSE,0.04921685686287193,0.019336157654294577,0.012790756544160243,-0.000589784641101411,0.09902349836684526,-0.04499037883081752,0.027920804245346712,0.11094471357999694,-0.11690960458463413,0.026928846922999086,0.16550853317192274,0.4477784286340002,False,False
sp|P06328|HVM49_MOUSE / sp|P01754|HVM10_MOUSE / sp|P01753|HVM09_MOUSE,0.010960318520314961,0.020063530059921984,0.5863563357695365,-0.04071991014066631,0.06264054718129623,-0.04659473032375303,0.028971107150095692,0.1116094291800703,-0.12121935707722459,0.028029896429718516,0.8755588163150538,0.4494393074076445,False,False
sp|O08788|DCTN1_MOUSE,0.007724583877325403,0.019707402496904315,0.6961019850547527,-0.0430383209710335,0.0584874887256843,0.0457516331517311,0.02845687013614684,0.11173305051900576,-0.02754840683224151,0.11905167313570371,0.9206279463358953,0.4494393074076445,False,False
tr|A2AGD7|A2AGD7_MOUSE,-0.016657608010302603,0.01826724573691878,0.3645028980747128,-0.06371091487458672,0.030395698853981516,-0.04237596039065875,0.026377329014426715,0.11200183807045595,-0.11031945741536972,0.02556753663405221,0.7551045555449601,0.4494393074076445,False,False
sp|Q8VDQ8|SIR2_MOUSE,-0.029570834349541476,0.01768760855270151,0.09836807238241844,-0.07513109476929218,0.01598942607020923,-0.04102522695976811,0.025540351128581856,0.11205438266241077,-0.10681281181969748,0.024762357900161264,0.455249175019104,0.4494393074076445,False,False
sp|O88307|SORL_MOUSE,0.010643850784669171,0.020206001184111325,0.5997776544852513,-0.041403359172908556,0.0626910607422469,-0.0467866797318696,0.029176830977974265,0.11265707607689811,-0.12194121594962903,0.028367856485889832,0.8800148543318804,0.45115392052568065,False,False
sp|P40224|SDF1_MOUSE,0.04287785456275253,0.020065979690975042,0.03559065016692962,-0.00880868392967809,0.09456439305518316,-0.046379582754065,0.02897464434038595,0.11329024914956241,-0.12101332070593843,0.028254155197808432,0.2756071711023466,0.45278941704009656,False,False
sp|Q6DFX2|ANTR2_MOUSE,-0.030291410563309452,0.0181760467452735,0.09941816345571505,-0.07710980439245954,0.016526983265840643,-0.04196580990521538,0.026245640535328317,0.1136751215443191,-0.10957009988652491,0.02563848007609415,0.45690690984054005,0.45278941704009656,False,False
sp|Q60972|RBBP4_MOUSE,0.027814499373190808,0.018780260891308673,0.14242575860851509,-0.02056024695893546,0.07618924570531707,0.04335340424702892,0.027118106782001192,0.11373622489118967,-0.026498209858817914,0.11320501835287576,0.5355054080531093,0.45278941704009656,False,False
sp|P15209|NTRK2_MOUSE,-0.01158181169130508,0.01815904916207137,0.525381991915674,-0.05835642264755362,0.03519279926494346,-0.041915522614823626,0.026221096559130172,0.11376883604852135,-0.10945659150301637,0.02562554627336911,0.8418535340279159,0.45278941704009656,False,False
sp|Q8K4T1|SIA8F_MOUSE,0.05217930225582653,0.016431015529188294,0.0021069088175049164,0.009855810968676278,0.09450279354297678,-0.03785073791133386,0.023725870276033137,0.11448427001026662,-0.09896452982053985,0.02326305399787213,0.0542529020507516,0.45332426612261095,False,False
sp|Q9D7G0|PRPS1_MOUSE / tr|G3UXL2|G3UXL2_MOUSE,-0.0046423827683723965,0.02000928340582409,0.8171071643031408,-0.05618288130810883,0.04689811577136404,0.04608198638561303,0.028892776685630533,0.11457492729321574,-0.028340874462128574,0.12050484723335464,0.9601625569335521,0.45332426612261095,False,False
sp|Q9CQS6|GKN2_MOUSE,-0.02300992812148743,0.020302657223034804,0.26037190762054113,-0.07530610753648923,0.029286251293514358,0.04675659127229514,0.029316399261919947,0.11458289917861157,-0.02875744902109762,0.1222706315656879,0.665159404340189,0.45332426612261095,False,False
sp|Q3UV17|K22O_MOUSE,0.024702556434742503,0.020304390708837626,0.22724229944640686,-0.027598088143787485,0.07700320101327249,-0.0467573730397782,0.029318902360965165,0.1146074164061436,-0.12227786088904131,0.028763114809484916,0.6308389222667321,0.45332426612261095,False,False
sp|Q7TT37|ELP1_MOUSE,0.01070840773090336,0.019709361587843765,0.5883863579141062,-0.04005954340130569,0.06147635886311242,0.04534536209229077,0.028459699001922405,0.11493640567692069,-0.02796196456704235,0.1186526887516239,0.8755588163150538,0.4539282892915196,False,False
sp|Q8BGZ7|K2C75_MOUSE,0.02762815644154456,0.02029419471272305,0.17712210068231912,-0.024646224991414625,0.07990253787450374,-0.04666188286130905,0.029304179662862927,0.11515872863506926,-0.12214444755337311,0.028820681830755014,0.5885024635573829,0.45410984109541097,False,False
sp|Q8C165|P20D1_MOUSE,-0.011322862742805303,0.018862710603174,0.5499766545756843,-0.05990998545882345,0.03726425997321284,-0.04333307211419011,0.0272371615759388,0.11546803672162449,-0.11349135104698943,0.026825206818609205,0.8557038583277263,0.4541724468541647,False,False
sp|Q6PDM2|SRSF1_MOUSE,0.009297121921378229,0.019596326679757393,0.6364529844411372,-0.04117967058225799,0.05977391442501445,0.04501094899155338,0.028296480145415543,0.11552736026775838,-0.027875953754297626,0.11789785173740439,0.8954788164816426,0.4541724468541647,False,False
sp|P61205|ARF3_MOUSE / sp|P84078|ARF1_MOUSE,0.012065105762277269,0.019643351190629512,0.5407782093855539,-0.038532813854448414,0.06266302537900295,0.04505060701098406,0.028364382061932137,0.11607145873160246,-0.02801119948119752,0.11811241350316565,0.8495070305016292,0.45561359022136994,False,False
sp|P14115|RL27A_MOUSE,0.011982936418304885,0.019557982503084857,0.5417782992675167,-0.03839508803143776,0.06236096086804753,0.044815715080851,0.02824111235880748,0.11638502512575614,-0.02792856969778232,0.11755999985948432,0.849621876135113,0.45561359022136994,False,False
sp|P06329|HVM50_MOUSE,0.03124799300020612,0.020156370600418937,0.12492576328238095,-0.020671377045544517,0.08316736304595676,-0.046181778483106214,0.029105165974169865,0.1164247543167617,-0.12115171788402733,0.0287881609178149,0.5042066464766942,0.45561359022136994,False,False
sp|O35744|CHIL3_MOUSE,0.016273956811106462,0.01945197905894142,0.40523650071540607,-0.03383102086093441,0.06637893448314733,0.044526824299467686,0.028088046715354573,0.1167566950831321,-0.02782318950939306,0.11687683810832844,0.7781386945131771,0.4559090385684122,False,False
sp|Q3TTY5|K22E_MOUSE,0.022079054636173705,0.02031336249775851,0.2802556825195655,-0.030244699739163945,0.07440280901151136,-0.04643004735711566,0.029331857342335777,0.11728873167263716,-0.12198390502702013,0.02912381031278881,0.6820967698373168,0.4559090385684122,False,False
sp|O08852|PKD1_MOUSE,-0.023281190826809926,0.019066354049146663,0.22556205324957457,-0.07239286429844013,0.025830482644820282,-0.04354951808320383,0.02753121631486402,0.11753961507560697,-0.11446523182937414,0.027366195662966483,0.6294976866819978,0.4559090385684122,False,False
sp|Q9CT10|RANB3_MOUSE,-0.0003905179778509,0.020032842558842853,0.9844944691691685,-0.05199170087429986,0.05121066491859806,0.04573009841082133,0.02892679536252506,0.11775287873284815,-0.02878038874173315,0.12024058556337582,0.9954255961709187,0.4559090385684122,False,False
sp|Q9WTQ5|AKA12_MOUSE,-0.0550190060391527,0.019569286523057235,0.006166970907554886,-0.10542614771478809,-0.0046118643635173,0.04466811875677935,0.028257435008553985,0.11778360675431906,-0.028118210381382576,0.11745444789494128,0.10586633391302554,0.4559090385684122,False,False
sp|Q06194|FA8_MOUSE,0.035719224920703826,0.019735459830058116,0.07397490795068072,-0.015115950828572068,0.08655440066997971,-0.04502440457996094,0.028497384043854854,0.11796856604915486,-0.11842880147460913,0.028379992314687262,0.3985049957594202,0.4559090385684122,False,False
sp|Q8BFY9|TNPO1_MOUSE,-0.007595142868698656,0.020124100576089175,0.7068400918556134,-0.05943139084015446,0.04424110510275715,0.045907488448759776,0.029058569072737187,0.11799664094961705,-0.028942425287996468,0.12075740218551602,0.9235305937536339,0.4559090385684122,False,False
sp|P61164|ACTZ_MOUSE,0.004968451383504557,0.019909138750619188,0.8035545704100485,-0.046314091618761294,0.0562509943857704,0.04541665500188795,0.028748170949362512,0.11800029543850465,-0.028633726152913222,0.11946703615668912,0.9565299624897676,0.4559090385684122,False,False
tr|A0A286YCV9|A0A286YCV9_MOUSE,-0.03471255988593952,0.02019250289930801,0.08937257320213321,-0.08672500056597322,0.017299880794094183,0.04605118368085322,0.02915733987874041,0.11809371989325473,-0.029053146792341278,0.12115551415404771,0.43233779213349693,0.4559090385684122,False,False
sp|Q6P5E4|UGGG1_MOUSE,-0.0288485927020152,0.019838957679588234,0.14972489665775082,-0.07995036124496507,0.022253175840934673,0.04519940697517364,0.02864683168739447,0.11845828371105037,-0.028589941539050222,0.1189887554893975,0.5444955522621161,0.4566318571196927,False,False
sp|Q8R5C5|ACTY_MOUSE,0.003930129865581482,0.01993242699711244,0.8441803311626874,-0.04741239968442996,0.055272659415592916,0.045366572785848686,0.0287817984457442,0.11882449750239707,-0.028770427059537418,0.11950357263123479,0.9654510607143304,0.4573588655735014,False,False
sp|Q6P5H2|NEST_MOUSE,0.00667678220625341,0.01970969717338168,0.7356593200668841,-0.04409203333701805,0.05744559774952487,0.044811844763255074,0.02846018357689739,0.11921203948010405,-0.028496730078498386,0.11812041960500853,0.9360856764025818,0.4576672697886262,False,False
sp|Q8VDP3|MICA1_MOUSE,0.019277512326817,0.01994493867943408,0.3366177947246537,-0.03209724518115521,0.07065226983478921,-0.04531367496250045,0.028799864921986693,0.1194771709408224,-0.11949721096680384,0.028869861041802933,0.7302365808053777,0.4576672697886262,False,False
sp|O89079|COPE_MOUSE,0.006105317770421155,0.019147822635666577,0.7506496720607561,-0.04321620487368575,0.05542684041452806,0.043486734188136,0.027648854394622974,0.11961070995989877,-0.027731995171090644,0.11470546354736263,0.942480654859813,0.4576672697886262,False,False
sp|Q00623|APOA1_MOUSE,-0.028884426589587085,0.018889198115795494,0.13007576679849023,-0.07753977661679379,0.019770923437619624,-0.042886216476451175,0.027275408712110996,0.11972249460689625,-0.11314301350337966,0.027370580550477308,0.5105613500486197,0.4576672697886262,False,False
sp|Q61699|HS105_MOUSE,0.029345505864273612,0.020263380155269885,0.15137301508541465,-0.022849502528621828,0.08154051425716904,-0.04599724034743702,0.029259684409879427,0.11979329702428507,-0.12136519286299736,0.029370712168123328,0.5459180866175668,0.4576672697886262,False,False
sp|Q922Q1|MARC2_MOUSE,0.010594998941103027,0.020052778267206778,0.5986795858834283,-0.041057534937136736,0.06224753281934278,-0.04545356490974438,0.02895558189916141,0.12031991668233426,-0.12003820126691446,0.029131071447425702,0.8800148543318804,0.4580829933641577,False,False
tr|A0A075B5R7|A0A075B5R7_MOUSE,0.03252290206289555,0.01993466411753008,0.10662513194164075,-0.01882538992744321,0.08387119405323432,-0.04518337076164609,0.028785028777352523,0.1203398553128295,-0.11932869138984908,0.028961949866556917,0.4667533720091613,0.4580829933641577,False,False
sp|Q80VH0|BANK1_MOUSE,0.004209943536334714,0.02013163654309431,0.8348725889933267,-0.0476457157997635,0.056065602872432924,-0.04561784788981448,0.029069450772364988,0.12043580058545038,-0.12049579102734442,0.029260095247715466,0.9634342245039778,0.4580829933641577,False,False
sp|Q99JX4|EIF3M_MOUSE,0.011017896452886465,0.01925208300762743,0.5686869834574871,-0.03857218311251612,0.060607976018289045,0.043568756019658726,0.027799403096599423,0.12090620703140902,-0.028037761097730117,0.11517527313704756,0.8641402584556713,0.45919392788477614,False,False
sp|Q8VED5|K2C79_MOUSE,0.02870454801470798,0.020291747649854457,0.16097416607059933,-0.02356353020200666,0.08097262623142262,-0.04582942775894868,0.029300646180950365,0.12164305196829173,-0.12130289080475881,0.029644035286861443,0.5605968569015825,0.46131201593277055,False,False
sp|Q60963|PAFA_MOUSE,0.05110397878708142,0.019669224534212652,0.011108870388874441,0.0004394138537735029,0.10176854372038935,-0.04438673251765834,0.028401742357305866,0.12194689369625684,-0.11754477275345282,0.028771307718136137,0.14898615235079002,0.46178419304097257,False,False
sp|Q8BGC1|CE022_MOUSE,0.0028122756484521617,0.020111234582043166,0.8891324280417521,-0.048990831718520644,0.05461538301542497,-0.045249354040261335,0.029039990981494714,0.12304340391976085,-0.12005141378519121,0.029552705704668537,0.9717888839047834,0.4627841323588979,False,False
sp|Q99L45|IF2B_MOUSE,-0.00691051956028151,0.020174383778693628,0.7328215488922183,-0.058876288478482156,0.04505524935791913,0.045388417880749626,0.029131176437749866,0.12306796535732774,-0.029648520034459752,0.120425355795959,0.9360856764025818,0.4627841323588979,False,False
sp|P16056|MET_MOUSE,0.0207522659576274,0.014821876246653933,0.16525251258316354,-0.01742635721207919,0.05893088912733399,-0.033345694931893426,0.021402323700006904,0.12307491841806524,-0.08847442748241033,0.021783037618623484,0.5671690800222309,0.4627841323588979,False,False
sp|Q8QZY1|EIF3L_MOUSE,0.008103119833826949,0.019819122703768455,0.6837129487412615,-0.042947557197171145,0.059153796864825046,0.044568891930326246,0.028618190605387554,0.12323583812616304,-0.029146682045578867,0.11828446590623136,0.9160046009410763,0.4627841323588979,False,False
sp|Q9DCQ7|A1AT6_MOUSE,0.039039251461296845,0.02015467996783474,0.05619124156519485,-0.012875763803501888,0.09095426672609558,-0.04529656511450943,0.029102724753826192,0.12345549402945373,-0.12026021634853289,0.029667086119514033,0.3412557712980584,0.4627841323588979,False,False
sp|Q3V3G7|GRM2A_MOUSE,-0.015322215956054454,0.01920518046880245,0.4272811767692714,-0.06479148258754082,0.0341470506754319,-0.043152384779994474,0.027731677303887384,0.12354318209005227,-0.11458445181590957,0.02827968225592062,0.7935104778362561,0.4627841323588979,False,False
sp|Q9Z0W1|TNR16_MOUSE,0.02476727979748559,0.020167257106268138,0.22292525102372115,-0.027180132029044676,0.07671469162401585,-0.04529321695947499,0.02912088574663789,0.1237136723192359,-0.12030364781096436,0.02971721389201438,0.6283162109158187,0.4627841323588979,False,False
sp|Q8CDN6|TXNL1_MOUSE,-0.014097618977987956,0.020095511189884,0.4849581454333983,-0.06586022557068599,0.037664987614710085,0.045129230598411334,0.02901728689713639,0.12373708141652327,-0.029614347300718123,0.11987280849754078,0.819677896606254,0.4627841323588979,False,False
sp|Q9Z1D1|EIF3G_MOUSE,0.01953013648772732,0.01929774638101226,0.31449479445597867,-0.030177564132938803,0.06923783710839344,0.043326968055726195,0.027865339573341835,0.12382845327972065,-0.028449390170628516,0.1151033262820809,0.7105527400250299,0.4627841323588979,False,False
sp|Q91YE6|IPO9_MOUSE,-0.04860242270887663,0.0196751254344045,0.015575461552361985,-0.09928218735381603,0.0020773419360627723,0.04412481918065577,0.028410263071817696,0.12424344916627664,-0.02905516896126544,0.11730480732257698,0.18080521774878439,0.46304716997399037,False,False
tr|A0A668KLU9|A0A668KLU9_MOUSE,0.04161632714255816,0.019739049687283017,0.03805544618135135,-0.009228095466153191,0.09246074975126951,-0.044259310561788355,0.028502567684919287,0.12431778481400849,-0.1176770596309894,0.029158438507412683,0.28316169053250184,0.46304716997399037,False,False
sp|P97822|AN32E_MOUSE,0.016207012812486238,0.01953400414007371,0.40912744064868645,-0.034109247467161166,0.06652327309213364,0.043747769170348214,0.02820648835585261,0.12475705646864611,-0.028907330086867786,0.11640286842756421,0.780440419905799,0.46304716997399037,False,False
sp|P47757|CAPZB_MOUSE,0.001674073547421168,0.019632306841460768,0.932253513540318,-0.04889539771107703,0.05224354480591937,0.04394179139575724,0.02834843436866903,0.12497809582754779,-0.029078936560793217,0.1169625193523077,0.9824303813616132,0.46304716997399037,False,False
sp|P62259|1433E_MOUSE,0.021101291551683065,0.019319343268407726,0.27792783746198196,-0.028662038964401743,0.07086462206776788,0.043232286643746246,0.027896524800317044,0.12505567586208474,-0.028624399404089035,0.11508897269158153,0.6794848954306206,0.46304716997399037,False,False
sp|P49443|PPM1A_MOUSE,0.01861860479079402,0.019596684877850205,0.3448586706155267,-0.031859110369986135,0.06909631995157418,-0.043832209714825564,0.028296997372209476,0.12523141977898913,-0.11672044474860896,0.02905602531895784,0.7353997503933322,0.46304716997399037,False,False
sp|Q61220|NELL2_MOUSE,-0.039020089876504904,0.02010539437038894,0.055721386953207795,-0.09080815385515983,0.012767974102150026,0.04496359202155113,0.0290315578993248,0.1252848735776546,-0.02981674554320625,0.11974392958630851,0.34068426658128714,0.46304716997399037,False,False
sp|Q7TNG5|EMAL2_MOUSE,-0.009326948023711111,0.019413135410193134,0.6321901415797317,-0.05933187108704939,0.04067797503962717,0.04340930103501549,0.02803195770675906,0.12533742814441604,-0.028796237061897934,0.11561483913192891,0.8934630156793685,0.46304716997399037,False,False
sp|Q9DCW4|ETFB_MOUSE,-0.008369302812158438,0.020026053021888045,0.6770974440571325,-0.05995299702036168,0.0432143913960448,0.04473084982988381,0.028916991484442302,0.12574532487603943,-0.029754384206216684,0.11921608386598431,0.9104836307896825,0.46379813851972607,False,False
sp|Q9QYK5|H6ST1_MOUSE,0.01909753652338011,0.02026530336978907,0.34876831102234895,-0.03310242574183085,0.07129749878859107,-0.04523697489175405,0.029262461471231117,0.12597844810472783,-0.12061208064332182,0.030138130859813726,0.7380932289548531,0.46379813851972607,False,False
tr|A0A075B5V5|A0A075B5V5_MOUSE,-0.010009457230489276,0.019724475484839264,0.6131916058738706,-0.060816339181470155,0.04079742472049161,-0.04401762046555148,0.028481522994410487,0.12608104736458572,-0.11738116200425583,0.02934592107315287,0.8860653115180789,0.46379813851972607,False,False
sp|Q6PD24|AN13D_MOUSE / sp|Q80UP5|AN13A_MOUSE,-0.011659494194671488,0.019217084690131128,0.5457093438642535,-0.06115942406829219,0.037840435678949215,0.04282145103970862,0.027748866625538236,0.12663810781214935,-0.028654892754622865,0.11429779483404011,0.8526708497878961,0.4651827783399209,False,False
sp|Q6ZPJ3|UBE2O_MOUSE,-0.025117957761196456,0.020228793475358556,0.21788970906967356,-0.07722387677046383,0.026987961248070916,0.04504348040325086,0.029209742330560156,0.12690697050036187,-0.030195829840918745,0.12028279064742047,0.6241970540392059,0.4655063376615837,False,False
sp|P26339|CMGA_MOUSE,-0.026628435491549723,0.018168884550331353,0.14657964242019558,-0.07342838072909011,0.020171509745990662,-0.04039149317648436,0.026235298550818156,0.12751156530502242,-0.10796914397103577,0.027186157618067038,0.5415245039196609,0.46640785503174065,False,False
sp|Q99L88|SNTB1_MOUSE,-0.041072311429006955,0.01935599838446817,0.03686065052220621,-0.09093005926716524,0.008785436409151325,0.04303018802280232,0.027949453636459766,0.12751500191935744,-0.028962833672172124,0.11502320971777677,0.27960902271616195,0.46640785503174065,False,False
sp|P63044|VAMP2_MOUSE / sp|P63024|VAMP3_MOUSE,-0.005577254694755524,0.020130597189823487,0.7824361573619457,-0.057430236834242004,0.04627572744473096,0.04462613851337066,0.029067949978891162,0.12857571434905332,-0.030247938836350838,0.11950021586309216,0.9507057621974679,0.4684418997161176,False,False
sp|Q76MZ3|2AAA_MOUSE,-0.020680087608828744,0.020328099703162312,0.31199567674651546,-0.07304180250969794,0.031681627292040444,0.04504848700962401,0.029353137403998475,0.12870519364460617,-0.030560184466692564,0.12065715848594058,0.7105527400250299,0.4684418997161176,False,False
sp|Q9JJ28|FLII_MOUSE,-0.0011777263794776054,0.02006182279977935,0.9533300205494794,-0.0528535574297547,0.05049810467079949,0.0444351333467915,0.028968641920079953,0.1289025578731705,-0.030183143394965528,0.11905341008854853,0.9854328625709547,0.4684418997161176,False,False
sp|Q61805|LBP_MOUSE,0.01682298129312966,0.018778670138766742,0.37295213281394857,-0.03154766753198441,0.06519363011824372,0.04157155402472584,0.027115809785301016,0.12909774785951386,-0.02827414340971053,0.11141725145916222,0.761579494049102,0.4684418997161176,False,False
sp|Q60973|RBBP7_MOUSE,0.023707274644211674,0.01915985593860367,0.2194921095732819,-0.025645243734219083,0.07305979302264243,0.04240539927522111,0.027666230106061535,0.12918684954330736,-0.02885808695069899,0.11366888550114121,0.6259049636225924,0.4684418997161176,False,False
sp|D7PDD4|G6B_MOUSE,-0.019776587507889416,0.020306573903561814,0.3329700793383478,-0.07208285562336532,0.032529680607586486,0.04491191911155494,0.029322054825566116,0.1294512169347202,-0.030616688948405704,0.12044052717151559,0.7273920619032703,0.4684418997161176,False,False
sp|Q8VDC1|FYCO1_MOUSE,0.0016190811947496752,0.01991534675530825,0.9354029371641274,-0.04967945256791083,0.05291761495741018,-0.044024487151443005,0.028757135113121234,0.1296414264377226,-0.11809795846193571,0.030048984159049698,0.9824303813616132,0.4684418997161176,False,False
tr|E9Q1Z0|E9Q1Z0_MOUSE,0.029072903215908667,0.020299928350884268,0.15589683179079672,-0.023216247090242132,0.08136205352205947,-0.044872534807200284,0.02931245885625674,0.12965913290141315,-0.12037642528821788,0.030631355673817307,0.553702540498347,0.4684418997161176,False,False
sp|O54988|SLK_MOUSE,-0.009622205308864708,0.020229238800831384,0.6355825712539057,-0.0617292714005346,0.04248486078280519,0.0446894614822694,0.029210385366553893,0.12988607224777973,-0.030551505112856113,0.1199304280773949,0.8954788164816426,0.4684418997161176,False,False
sp|P35980|RL18_MOUSE,0.019781124568839625,0.019271189171529143,0.30769279817120887,-0.029858169213419397,0.06942041835109865,0.04252425485271462,0.02782699179709084,0.1303198392124654,-0.029153326047846845,0.11420183575327608,0.7105527400250299,0.4684418997161176,False,False
sp|Q2MHN3|ZFHX2_MOUSE,0.0073635449507136455,0.020218735752585315,0.7166504845255502,-0.044716467081507436,0.05944355698293473,-0.044608459212170874,0.029195219294819223,0.13037654819467506,-0.11981036059530248,0.030593442170960737,0.9273241194237647,0.4684418997161176,False,False
sp|Q80WT5|AFTIN_MOUSE,0.010465302744309169,0.019704091855019173,0.5967690541560414,-0.04028907445566843,0.06121967994428677,0.04346548099890063,0.028452089673262012,0.13044216404607806,-0.029822245328688726,0.11675320732648999,0.8786050968849666,0.4684418997161176,False,False
tr|A0A075B684|A0A075B684_MOUSE,0.06592125964068438,0.018627385490859998,0.0006648143529394083,0.017940294244825572,0.11390222503654318,-0.041073294389263465,0.026897359506034068,0.13059974330120522,-0.1103563011929956,0.028209712414468666,0.02740018743688816,0.4684418997161176,False,False
sp|Q6PA06|ATLA2_MOUSE,0.043267055571730564,0.019575362938110828,0.029872030536593687,-0.007155737911860402,0.09368984905532153,-0.043140666133578934,0.028266209161012718,0.13080127138723494,-0.11594959599075787,0.0296682637236,0.2513741131755841,0.4684418997161176,False,False
sp|Q8BKC5|IPO5_MOUSE,-0.025269808581637184,0.02032599529459199,0.2173274191739227,-0.0776261028852443,0.027086485721969925,0.04476521451960393,0.029350098704128795,0.13105329720386605,-0.030835629784543628,0.12036605882375148,0.6241970540392059,0.4684418997161176,False,False
tr|A0A075B5N7|A0A075B5N7_MOUSE,0.011405165287410748,0.020170302064440326,0.5733161161524333,-0.04055008983160752,0.06336042040642902,-0.04441517379679511,0.029125282570587146,0.13111444883827056,-0.11943693011625553,0.0306065825226653,0.8675048362339474,0.4684418997161176,False,False
sp|P48025|KSYK_MOUSE,0.024827457626947203,0.019154886798475095,0.19856269090634662,-0.024512261094726925,0.07416717634862133,0.04217375221464435,0.027659054823811657,0.13116373192051295,-0.029071251708995285,0.11341875613828399,0.6065230475490422,0.4684418997161176,False,False
sp|Q6S5C2|GNPTG_MOUSE,0.01357331328872531,0.01918812659016773,0.48133544253700383,-0.03585202546243457,0.0629986520398852,-0.04221785867785726,0.027707052038852983,0.13142557361259036,-0.11358649523448908,0.029150777878774563,0.819677896606254,0.468726941900859,False,False
sp|P32037|GTR3_MOUSE,-0.023981303705762725,0.020070507562667227,0.2355890196605327,-0.07567950522278079,0.027716897811255334,0.04410175249525705,0.028981182444875263,0.13192194406974253,-0.03054882649774962,0.11875233148826372,0.6412062414213344,0.46920149107777914,False,False
tr|E9PYQ4|E9PYQ4_MOUSE,0.014133289524368823,0.020234718411290296,0.48686117118715705,-0.03798789110849317,0.06625447015723082,-0.04445885350007471,0.029218297751925353,0.13195388534937966,-0.11972020104930099,0.03080249404915157,0.8202368743759522,0.46920149107777914,False,False
sp|Q9JIF7|COPB_MOUSE,0.025099023314357316,0.01911945618097747,0.1929301888447575,-0.024149432184523596,0.07434747881323822,0.04196521597819945,0.02760789412512842,0.13234657599018856,-0.029148006718581865,0.11307843867498077,0.5995262059075294,0.46920149107777914,False,False
sp|Q9Z1Q9|SYVC_MOUSE,0.014507046248922927,0.01941354919603772,0.45704170408432826,-0.03549894265611923,0.06451303515396509,0.04260473925665516,0.028032555200520372,0.13240014606948064,-0.029602337882197335,0.11481181639550765,0.8053288393322638,0.46920149107777914,False,False
sp|Q8R1B4|EIF3C_MOUSE,0.009229292930845309,0.019794101659138887,0.6422622583750527,-0.041756934160190544,0.060215520021881165,0.043431980854097475,0.028582061002929485,0.13246970252953222,-0.030190529433070566,0.11705449114126551,0.8973269315332452,0.46920149107777914,False,False
sp|Q8VDW0|DX39A_MOUSE,0.01849012397282822,0.019466997418961827,0.3449953003786972,-0.03165353843104446,0.06863378637670091,0.042692961069021346,0.028109732755451724,0.132660121515929,-0.029712912277399584,0.11509883441544227,0.7353997503933322,0.4692305122301061,False,False
sp|P14869|RLA0_MOUSE,0.005210385052975047,0.019896508806617405,0.7940750251701821,-0.04603962536942883,0.05646039547537892,0.043536327042299934,0.028729933706968854,0.13352554856718324,-0.03046707808912772,0.1175397321737276,0.9549624506846548,0.47111119322434386,False,False
sp|Q9WVJ9|FBLN4_MOUSE,-0.001995539724757602,0.018657657570995845,0.9150855009968155,-0.0500544808317097,0.04606340138219449,-0.0408221188092454,0.026941071438812227,0.13355773633156157,-0.11021772009034227,0.028573482471851472,0.9785482611772603,0.47111119322434386,False,False
sp|Q9EQG9|CERT_MOUSE,-0.0063262661766802465,0.02015928272556394,0.7544592042254102,-0.05825313735971498,0.045600605006354496,0.044020523966280534,0.029109370991400554,0.1343159387619213,-0.03096024684124532,0.11900129477380639,0.942480654859813,0.47313754078241776,False,False
sp|Q8R4G6|MGT5A_MOUSE,-0.008179203361346475,0.019010694010538225,0.6681480987339573,-0.057147506074492406,0.04078909935179945,-0.0414250830123483,0.027450844967564343,0.13512605244238268,-0.1121337738869784,0.029283607862281798,0.9078067865179023,0.47463034852926567,False,False
sp|Q3UFY7|5NT3B_MOUSE,-0.01076992473736323,0.02000931911023386,0.5918656585349549,-0.06231051524556462,0.040770665770838155,0.04358659350942007,0.02889282824167666,0.1352544868993768,-0.030836400137895917,0.11800958715673605,0.875700795549263,0.47463034852926567,False,False
sp|Q9D8E6|RL4_MOUSE,0.01126256049339998,0.019438971027262702,0.5639208235231064,-0.03880891070946136,0.06133403169626132,0.04231098401192715,0.028069263526232298,0.13555695176293084,-0.029990647507978335,0.11461261553183263,0.8624343533708358,0.47463034852926567,False,False
sp|P27870|VAV_MOUSE,0.01223555578065879,0.019708696745772664,0.5364397990419363,-0.03853068283186129,0.06300179439317888,0.04288268924026737,0.028458738990856443,0.1356952921789567,-0.03042216459443032,0.11618754307496507,0.8464047074344277,0.47463034852926567,False,False
sp|P47911|RL6_MOUSE,0.005575393885264683,0.019818289614725912,0.7791693019028689,-0.04547313725056516,0.056623925021094534,0.04311015205294657,0.028616987650979978,0.13579367640719833,-0.03060232331774467,0.1168226274236378,0.9492700125272503,0.47463034852926567,False,False
sp|Q9WTM5|RUVB2_MOUSE,0.005389329536886841,0.019938136993298824,0.7876066450065812,-0.045967907988624636,0.05674656706239831,0.04335974153044347,0.028790043500869014,0.13589258343601487,-0.030798496169542507,0.11751797923042945,0.9511274250888044,0.47463034852926567,False,False
sp|Q61166|MARE1_MOUSE,0.008154659260258296,0.019704178664409714,0.6800612675848939,-0.04259994154589128,0.05890926006640787,0.04281865958579915,0.028452215023295008,0.13618375548504366,-0.030469389622078395,0.11610670879367668,0.9128237202377171,0.47463034852926567,False,False
sp|O35887|CALU_MOUSE,-0.01700987592689484,0.01852511930407703,0.3612039734478099,-0.06472742108207587,0.03070766922828619,0.04023921677185311,0.02674969034481107,0.13634950651259606,-0.02866341947917033,0.10914185302287654,0.7525509976874637,0.47463034852926567,False,False
tr|F6WYC8|F6WYC8_MOUSE,-0.03143222826600936,0.018345318198933074,0.09042383420042373,-0.07868663646575011,0.01582217993373139,0.03983329107792809,0.02649006319708214,0.13649872263119278,-0.028400589957978353,0.10806717211383453,0.4327906562566749,0.47463034852926567,False,False
sp|P55937|GOGA3_MOUSE,0.020502886918929604,0.019915098340825898,0.3062650381310661,-0.030795006970427828,0.07180078080828703,-0.04323235069829076,0.028756776410412167,0.13658294689715955,-0.11730489805183418,0.030840196655252658,0.71047970557432,0.47463034852926567,False,False
sp|P28076|PSB9_MOUSE,0.057950821904319244,0.01918502427120683,0.00336309011751145,0.008533474197247808,0.10736816961139067,-0.04159836659379172,0.02770257238772671,0.137039861561883,-0.11295546433378281,0.02975873114619937,0.07115943339666683,0.4749149496686666,False,False
sp|Q9WTI7|MYO1C_MOUSE,-0.018051777367975055,0.02031979882767408,0.3769329846976858,-0.07039211063051654,0.03428855589456643,0.04404972985115274,0.02934115120054918,0.1371202440419898,-0.03152806721108084,0.11962752691338632,0.7617832475251141,0.4749149496686666,False,False
sp|Q8BH43|WASF2_MOUSE,0.01343147118663336,0.019462779435882253,0.49207323510138595,-0.03670132641282108,0.0635642687860878,0.042181209254795224,0.028103642120384485,0.1372181446809662,-0.030208975655342293,0.11457139416493274,0.8243907484619837,0.4749149496686666,False,False
sp|Q8VCS0|PGRP2_MOUSE,0.04316300316459498,0.01948461423071264,0.02951697210949307,-0.007026037139220551,0.09335204346841051,-0.04214547881638388,0.028135170878222326,0.13798233585852665,-0.1146168764248646,0.03032591879209684,0.2500204052037653,0.47608661055382073,False,False
tr|E9Q2E4|E9Q2E4_MOUSE,-0.01851916047130271,0.020295259099415486,0.3641873800906966,-0.07079628358269459,0.033757962640089165,0.04389471409150146,0.029305716603811188,0.13801952543778723,-0.03159180949809495,0.11938123768109787,0.7551045555449601,0.47608661055382073,False,False
sp|P48036|ANXA5_MOUSE,-0.006649369062217341,0.019730537087989344,0.736971151838978,-0.057471864668218686,0.044173126543784,-0.042663252261648174,0.02849027575894583,0.13811133906163264,-0.11604933942772973,0.03072283490443338,0.9367801828589719,0.47608661055382073,False,False
sp|Q922L6|NELFD_MOUSE,-0.015853039120027,0.020299311837604923,0.4370722972431972,-0.06814060139320684,0.036434523153152834,0.0438033369576658,0.02931156863044792,0.1389083390607198,-0.03169826045362666,0.11930493436895825,0.7960152796882342,0.47779834969283974,False,False
sp|Q9ERL9|GCYA1_MOUSE,-0.014577995756970934,0.020074406786157527,0.46978514750658174,-0.06628624100811639,0.03713024949417453,0.043310166947506196,0.0289868128011088,0.13897901511453864,-0.03135491488207624,0.11797524877708863,0.815709207572116,0.47779834969283974,False,False
tr|A0A075B5T6|A0A075B5T6_MOUSE,0.0005415525760948542,0.020113262356486594,0.9785848548948712,-0.051266777991710324,0.05234988314390003,-0.043361762727748276,0.029042919024092465,0.13926883746770832,-0.11817136461060349,0.03144783915510693,0.9942219204161421,0.47815634197246526,False,False
sp|O08807|PRDX4_MOUSE,0.058618874696712585,0.014986848622428049,0.00018839945953206795,0.02001531084721095,0.09722243854621422,0.032259252990527246,0.021640538628341224,0.13988073074834373,-0.023483080552936006,0.0880015865339905,0.010546274093371194,0.4781712502573476,False,False
sp|O54984|GET3_MOUSE,-0.0116498030274756,0.020191840747313238,0.5655498117100628,-0.06366053811699778,0.04036093206204657,0.04345199413135295,0.029156383752060165,0.13997992646322513,-0.03164987352272065,0.11855386178542655,0.8624343533708358,0.4781712502573476,False,False
sp|P97855|G3BP1_MOUSE,0.015359348481934635,0.019604998068297443,0.43562552124990367,-0.0351397800384055,0.06585847700227478,0.042178592855857816,0.028309001358072714,0.14007764885361387,-0.030740562396471494,0.11509774810818713,0.7960152796882342,0.4781712502573476,False,False
sp|Q6P9Q6|FKB15_MOUSE,0.006306267471908715,0.019924852570219063,0.7524253746090418,-0.04501675164735317,0.05762928659117061,0.042852927718024084,0.028770861211245922,0.14020367662761204,-0.03125589967824158,0.11696175511428974,0.942480654859813,0.4781712502573476,False,False
sp|Q9D906|ATG7_MOUSE,-0.01628629901872729,0.02014728733440847,0.4212213332009737,-0.06818227212171624,0.03560967408426166,0.043303096358496045,0.02909205002338373,0.14045876923482642,-0.031633058592046244,0.11823925130903834,0.7907962413000987,0.4781712502573476,False,False
sp|Q99LG2|TNPO2_MOUSE,-0.015313809813966319,0.02027643578270364,0.4522619522051118,-0.06754244727458183,0.036914827646649204,0.043580580339196866,0.029278536325776844,0.14045965152262563,-0.03183593149376008,0.11899709217215382,0.8048199909662493,0.4781712502573476,False,False
sp|Q8BH27|MEGF9_MOUSE,-0.04127706657809457,0.017949039232882193,0.02400879440502666,-0.0875107278047014,0.0049565946485122525,-0.03856708782027369,0.025917848818430875,0.14057306269701442,-0.10532704229173817,0.0281928666511908,0.2259080201973218,0.4781712502573476,False,False
sp|P61255|RL26_MOUSE,0.017185804195114812,0.0194859148412853,0.38037630035362485,-0.03300658625952628,0.0673781946497559,0.04183974825516832,0.028137048919033115,0.14085043699783958,-0.030636486865866085,0.11431598337620272,0.7634208678180702,0.47848268505202757,False,False
sp|P24668|MPRD_MOUSE,-0.009121538721063038,0.02020967572736588,0.6529322503671972,-0.061178213674833004,0.042935136232706936,0.04334651536843092,0.029182136903005272,0.1412780971456871,-0.03182168800650582,0.11851471874336766,0.8987980225182877,0.4786672213878858,False,False
sp|Q6ZQI3|MLEC_MOUSE,0.000802431377778186,0.0200285843987399,0.9681392433406368,-0.05078778322509839,0.05239264598065475,0.04295052176939289,0.028920646713098144,0.14134739557871767,-0.031544127511790504,0.11744517105057628,0.9922826038490516,0.4786672213878858,False,False
sp|P04117|FABP4_MOUSE,0.022416624237189223,0.019081525393083335,0.24348233212699935,-0.026734128026727283,0.07156737650110573,0.040895709313798836,0.02755312325893057,0.1415766972811265,-0.030076432980849305,0.11186785160844698,0.6524110356160493,0.4786672213878858,False,False
sp|P80315|TCPD_MOUSE,-0.003440034896717874,0.02002331962662137,0.8640169257229231,-0.05501668834529503,0.04813661855185928,0.04290635087952062,0.028913044547541473,0.14164831949420156,-0.03156871652085147,0.11738141827989271,0.9681502862321859,0.4786672213878858,False,False
sp|P97350|PKP1_MOUSE,0.02533048048950786,0.020295261300453747,0.2155472090961336,-0.026946648291382866,0.07760760927039859,-0.04341516912531587,0.0293057197820413,0.1423174076391766,-0.11890170090149055,0.0320713626508588,0.624131969333854,0.47977907511689,False,False
sp|O88186|GPIX_MOUSE,-0.008798293416022618,0.02026989079770045,0.6653867966435172,-0.06101007211247563,0.043413485280430396,0.043337792311154574,0.029269085573030103,0.14252735660539395,-0.03205437599593672,0.11872996061824587,0.9076320154342494,0.47977907511689,False,False
sp|Q99LX0|PARK7_MOUSE,-0.012624211514429079,0.0197343407084142,0.524145857218299,-0.06345650459738034,0.03820808156852218,-0.042180261413782935,0.028495768067356046,0.1426441715708918,-0.11558049582881165,0.03121997300124578,0.8409193659421307,0.47977907511689,False,False
sp|Q61810|LTBP3_MOUSE,-0.02973977622716158,0.020042455116705406,0.14168540355955947,-0.08136571943183496,0.021886166977511803,0.042811114781878476,0.02894067559411894,0.14289932770457825,-0.03173512547795557,0.11735735504171252,0.5349558858737032,0.47977907511689,False,False
sp|Q99JY0|ECHB_MOUSE,0.03453704519456717,0.019866352767020996,0.08588157255717274,-0.016635288417365293,0.08570937880649963,-0.04242715218752311,0.028686389333084455,0.14297188713510361,-0.11631839444469466,0.03146409006964843,0.4273934084109928,0.47977907511689,False,False
sp|Q8BWT1|THIM_MOUSE,0.027058475745369518,0.020096814913030444,0.1818816198756519,-0.024707489015612847,0.07882444050635189,-0.042905916041145256,0.02901916943240595,0.1430952736659307,-0.11765434302978701,0.0318425109474965,0.589855379319652,0.47977907511689,False,False
sp|O89020|AFAM_MOUSE,0.012197259507301168,0.020028737590086828,0.5442159539777036,-0.039393349690335866,0.0637878687049382,-0.0426855244156631,0.028920867916590903,0.14378930115386815,-0.11718074347928517,0.031809694647958985,0.8513706448922156,0.47982684871316605,False,False
sp|Q8BXA1|GOLI4_MOUSE,-0.012773272301002652,0.0188753887484726,0.5004908583816962,-0.06139305175519558,0.03584650715319028,-0.040221010824763884,0.027255468419490916,0.14385302337997236,-0.11042644506164022,0.02998442341211245,0.8287947418258782,0.47982684871316605,False,False
sp|Q6PDI5|ECM29_MOUSE,-0.006608360531940765,0.019374974904911753,0.7339179294383191,-0.056514988647537026,0.0432982675836555,0.0412735721291782,0.02797685513587015,0.1439679566774054,-0.030790031150938695,0.11333717540929508,0.9360856764025818,0.47982684871316605,False,False
sp|P01671|KV3AJ_MOUSE,-0.01224382437611002,0.019740982801380428,0.5368304450437397,-0.0630932263567606,0.03860557760454055,-0.04205202762973258,0.028505359040950962,0.14397956266888046,-0.11547696675559664,0.031372911496131486,0.8465023857854438,0.47982684871316605,False,False
sp|Q9WTX6|CUL1_MOUSE,-0.015182623267110746,0.02033565185801581,0.45743957654258577,-0.06756379122975652,0.03719854469553502,0.04331203601917531,0.0293640424783708,0.14404122487583587,-0.03232472506726687,0.1189487971056175,0.8053288393322638,0.47982684871316605,False,False
sp|P08101|FCGR2_MOUSE,0.027973509700437788,0.020134860171037938,0.1685005035817164,-0.023890453150981355,0.07983747255185693,-0.0428472154121351,0.02907410558985164,0.14438451674910896,-0.11773714856494984,0.03204271774067964,0.5716584937060867,0.4800073169987441,False,False
sp|P03980|HVM48_MOUSE,0.039111620436529076,0.020117448548085747,0.05530489608910281,-0.01270749304626747,0.09093073391932563,-0.04280112011527921,0.029048963753260645,0.14446822162098122,-0.11762629218865783,0.03202405195809941,0.34068426658128714,0.4800073169987441,False,False
sp|P02469|LAMB1_MOUSE,0.008535409076774905,0.020270360192250095,0.674799540611351,-0.04367757869991401,0.060748396853463824,-0.04308881108425641,0.029269763364014684,0.1448143783403642,-0.11848272526522748,0.03230510309671465,0.9104021183795535,0.480537402353657,False,False
sp|Q8BH64|EHD2_MOUSE,-0.028320427533433497,0.020076247525268143,0.1621322129956456,-0.08003341421432028,0.023392559147453282,0.04264796423560111,0.028989470770561323,0.14507686191760769,-0.03202396406958507,0.11731989254078729,0.5618983155636438,0.48075785533520216,False,False
sp|Q91YI0|ARLY_MOUSE,-0.03778082943334198,0.020182486605050603,0.06477720017807415,-0.08976746984911449,0.014205810982430525,0.04285450144216884,0.02914287666447495,0.14525421803914068,-0.032212574259897174,0.11792157714423485,0.36821476922415214,0.48075785533520216,False,False
sp|Q91VI7|RINI_MOUSE,-0.035732676694104896,0.019503123090200695,0.07055935677370857,-0.08596939266056502,0.014504039272355239,0.041376051593942066,0.02816189708990357,0.14559904923688233,-0.03116418817376005,0.11391629136164419,0.38822723011175125,0.48128055428109373,False,False
sp|Q9DCJ5|NDUA8_MOUSE,0.0504055853401783,0.019395643881460308,0.011089783895079136,0.00044571746911389876,0.1003654532112427,-0.041103414492737675,0.028006700488730916,0.14603062774582387,-0.11324389430732808,0.031037065321852728,0.14898615235079002,0.4819890255493083,False,False
sp|Q8VHI7|DRC2_MOUSE,0.00965571123307612,0.020035079194599393,0.631132232368376,-0.0419512328552959,0.06126265532144814,-0.04244175906102987,0.028930024994297983,0.14618773939961546,-0.11696056519374473,0.03207704707168499,0.8934630156793685,0.4819890255493083,False,False
sp|P30412|PPIC_MOUSE,-0.021177100296067942,0.02014867886936908,0.2963270928669477,-0.07307665775558535,0.03072245716344946,0.04264276681894853,0.029094059356154514,0.14655791643527497,-0.03229856382982532,0.11758409746772239,0.7038612026286413,0.48259160463022127,False,False
sp|Q9ESB3|HRG_MOUSE,-0.0020918832922576583,0.02007263824689877,0.9172526854424654,-0.05379557308815593,0.04961180650364062,-0.04239294495930019,0.028984259085974347,0.14739384923002366,-0.11705144885460639,0.032265558936006,0.9796217891919234,0.48472434453040986,False,False
sp|Q8JZQ9|EIF3B_MOUSE,0.018767607767870724,0.01948554890632081,0.3383014218112619,-0.03142384010076564,0.06895905563650709,0.041116413559833864,0.028136520520439516,0.1477496536135982,-0.031358460496619195,0.11359128761628692,0.7305269119784844,0.48479491406175546,False,False
sp|Q810J1|PSG22_MOUSE,0.07526696108693441,0.018475222810349724,0.00010615816535831181,0.02767794078244052,0.12285598139142831,-0.03896766994589838,0.026677641375269293,0.14792266935718626,-0.1076847203498856,0.029749380458088857,0.006833931894941323,0.48479491406175546,True,False
tr|A0A075B5P8|A0A075B5P8_MOUSE,0.052553905692630076,0.01974764898650288,0.009363945855710761,0.0016873327569982138,0.10342047862826194,-0.04164547366939418,0.028514984802862655,0.147980117457297,-0.11509520711485938,0.031804259776071014,0.13194976974646147,0.48479491406175546,False,False
sp|P27659|RL3_MOUSE,0.012615388486815779,0.019655682602349636,0.5227809360850023,-0.038014294741572724,0.06324507171520428,0.04134892455028868,0.02838218823308889,0.1489733065816919,-0.031758747599342475,0.11445659669991984,0.8403437991004972,0.4874040441248946,False,False
sp|O54916|REPS1_MOUSE,0.025798159441037798,0.019692923298866013,0.19384651765154232,-0.02492744946472216,0.07652376834679775,-0.04138575364738481,0.02843596262901513,0.14937585364568687,-0.11463193946182341,0.031860432167053795,0.5995262059075294,0.4874040441248946,False,False
sp|Q9D952|EVPL_MOUSE,-0.007639142457117339,0.019891585941519668,0.7019436750393828,-0.058876472419345044,0.04359818750511037,-0.041766056741550914,0.028722825244409868,0.14973365853778883,-0.11575115168681596,0.032219038203714134,0.9212563523070392,0.4874040441248946,False,False
sp|Q9WU60|ATRN_MOUSE,-0.001627554844336705,0.020086008977656514,0.9356161133809121,-0.05336568536033064,0.05011057567165723,-0.04214773640957556,0.029003566001173254,0.14998695034689213,-0.11685597162281222,0.0325604988036611,0.9824303813616132,0.4874040441248946,False,False
sp|P46412|GPX3_MOUSE,-0.006258153286318481,0.019575956422010585,0.7500196774433967,-0.05668247548312963,0.04416616891049267,-0.04106630911576249,0.02826706613312083,0.15009622708838172,-0.11387744638680983,0.03174482815528484,0.942480654859813,0.4874040441248946,False,False
sp|P08680|HEM0_MOUSE,-0.008043784699564033,0.020252117340402574,0.6922648940528372,-0.0602097820038838,0.04412221260475574,0.04248103948304388,0.02924342125901026,0.15013143197435616,-0.032845021931939625,0.11780710089802739,0.9174380350931837,0.4874040441248946,False,False
sp|Q9CYH2|PXL2A_MOUSE,-0.02391213018437848,0.01892852945590572,0.21006681075301992,-0.07266879102998897,0.024844530661231996,0.039698797437507594,0.02733220193171328,0.15019096745895125,-0.030704289228715334,0.11010188410373052,0.6160843253861347,0.4874040441248946,False,False
sp|Q8VI93|OAS3_MOUSE,0.030388232929250795,0.020199915419731564,0.1363271292207282,-0.021643301138103054,0.08241976699660464,-0.04233530292875558,0.02916804332538224,0.1504760164496201,-0.11746720365345907,0.032796597795947915,0.5248468683809197,0.4874040441248946,False,False
tr|A0A075B5Y6|A0A075B5Y6_MOUSE,0.03313884907898057,0.020141325353483338,0.10373279955596872,-0.01874176697883423,0.08501946513679537,-0.04220366730250894,0.029083441110211775,0.15056043057348148,-0.11711764716223119,0.032710312557213315,0.46413352511274686,0.4874040441248946,False,False
sp|P63254|CRIP1_MOUSE,0.026552386155917002,0.020269552225132485,0.19386595231710765,-0.02565852043539407,0.07876329274722807,-0.042458609491840826,0.02926859668487756,0.15069086698950088,-0.11784951850650265,0.03293229952282099,0.5995262059075294,0.4874040441248946,False,False
sp|Q9Z0X4|PDE3A_MOUSE,0.00961671166045411,0.01985234674320603,0.6293850054616543,-0.04151954482490956,0.06075296814581778,0.04155703204494493,0.0286661650746674,0.150959190678332,-0.03228211597475342,0.11539618006464328,0.8934630156793685,0.4874040441248946,False,False
sp|Q80UJ7|RB3GP_MOUSE,-0.023177785335299624,0.019787651417301627,0.2448602633348692,-0.07414739770439609,0.027791827033796835,0.041355950541889015,0.02857274705633817,0.15159972140482386,-0.03224256860871743,0.11495446969249545,0.6543851958861793,0.4874040441248946,False,False
tr|A0A0B4J1J1|A0A0B4J1J1_MOUSE,0.04722445469122584,0.01980061286758951,0.01938594423056878,-0.0037785441613386386,0.09822745354379031,-0.04135803666859923,0.028591462983395342,0.1518440479148729,-0.11500476485256263,0.03228869151536416,0.20210043074378387,0.4874040441248946,False,False
sp|Q62087|PON3_MOUSE,0.013481855000416178,0.02031920620962752,0.50886955188891,-0.03885695177919517,0.06582066178002752,-0.04243645079995767,0.029340295478705883,0.15188964448731346,-0.11801204366879159,0.03313914206887625,0.8322585824744994,0.4874040441248946,False,False
sp|P11031|TCP4_MOUSE,0.013227044562296423,0.019647792926927955,0.5027081770407661,-0.03738231620894542,0.06383640533353827,0.04103284350851604,0.028370795789618656,0.15190312474328588,-0.03204548365138545,0.11411117066841753,0.8297751705887059,0.4874040441248946,False,False
sp|P62855|RS26_MOUSE,-0.00344864234609291,0.02012764000377521,0.8643796147758429,-0.0552940072791002,0.048396722586914374,0.04200270685110146,0.029063679895131648,0.15221376462768335,-0.032860371491743666,0.11686578519394658,0.9681502862321859,0.4874040441248946,False,False
sp|Q00PI9|HNRL2_MOUSE,0.013341711751503435,0.019715598766053125,0.5004954654521323,-0.03744230528710874,0.0641257287901156,0.041139792764861224,0.028468705291328004,0.15224386638771017,-0.03219073255863908,0.11447031808836153,0.8287947418258782,0.4874040441248946,False,False
sp|Q921I2|KLDC4_MOUSE,-0.004605639713673376,0.020082402397057546,0.81917798978147,-0.05633448029367488,0.047123200866328124,0.04189998064815215,0.028998358212082,0.15229417798087977,-0.03279484018933656,0.11659480148564086,0.9605570690743558,0.4874040441248946,False,False
sp|Q9DB20|ATPO_MOUSE,-0.012409982694821351,0.019645249816630687,0.5293375104496106,-0.06301279284803733,0.03819282745839463,0.040979934875018886,0.028367123618236227,0.1523729147652583,-0.0320889333982281,0.11404880314826588,0.8429958338580071,0.4874040441248946,False,False
sp|P35585|AP1M1_MOUSE,-0.005768623146499332,0.02024450240394889,0.7764026969665316,-0.05791500567435704,0.04637775938135837,0.04216220318054038,0.029232425529979428,0.1530238684015614,-0.03313553511339163,0.11745994147447239,0.9481678008640579,0.48857478841755064,False,False
sp|Q8CGA0|PPM1F_MOUSE,0.004634656443903187,0.019443540189622154,0.8121927932608538,-0.0454485841412563,0.05471789702906267,0.04048464613935126,0.028075861253148076,0.15311839000115082,-0.031833979998880706,0.11280327227758322,0.9583518580992989,0.48857478841755064,False,False
tr|A0A3B2WD20|A0A3B2WD20_MOUSE,-0.02570832213252604,0.01922210099427971,0.18477845757902686,-0.07522117314936817,0.023804528884316088,0.04000327962300831,0.027756110011151438,0.15332422797682918,-0.03149172189624256,0.11149828114225918,0.5921328317698707,0.48862609782219696,False,False
sp|Q62448|IF4G2_MOUSE,0.003506765842156177,0.019966090791456014,0.8610128593677838,-0.04792247589579408,0.05493600758010644,0.041481647588640154,0.02883040790729427,0.15400887940368102,-0.03278056193223635,0.11574385710951665,0.967475544341756,0.4889477651766606,False,False
sp|E9Q6J5|BD1L1_MOUSE,-0.02058429063351648,0.01997258411621991,0.30574595922899533,-0.07203025806767105,0.03086167680063808,0.04149446626342689,0.028839784064278277,0.1540154644496135,-0.0327918946373637,0.11578082716421748,0.71047970557432,0.4889477651766606,False,False
sp|Q99JW4|LIMS1_MOUSE,-0.01520424761090924,0.020342782132162437,0.4569585339674681,-0.06760378194264423,0.03719528672082574,0.042261291490863294,0.029374338370254955,0.15403747759297753,-0.033401990055600274,0.11792457303732687,0.8053288393322638,0.4889477651766606,False,False
sp|P54726|RD23A_MOUSE,-0.043523177638625656,0.02003430523955297,0.03271020266859702,-0.09512812815090946,0.008081772873658154,0.04159232816827545,0.028928907427523225,0.15431240572632446,-0.032923599303192316,0.11610825563974321,0.26321491209886666,0.4889477651766606,False,False
sp|Q9WV55|VAPA_MOUSE,-0.014055039328120363,0.020023235520989398,0.4847064130602638,-0.06563147613494608,0.03752139747870536,0.04156299791773089,0.028912923101650917,0.15437457595674758,-0.0329117566587575,0.11603775249421927,0.819677896606254,0.4889477651766606,False,False
sp|Q8BJU0|SGTA_MOUSE,0.0060603683631858685,0.019972996440219024,0.7623321600786291,-0.04538666114720817,0.057507397873579905,0.04138255657497429,0.028840379447180646,0.1551237326371794,-0.03290533793054305,0.11567045108049163,0.9432819457005267,0.4891535595579577,False,False
sp|P61965|WDR5_MOUSE,0.0027758804331246357,0.020195702516767614,0.8910127906434283,-0.04924480191532166,0.05479656278157093,-0.04184181011763013,0.029161960025842374,0.15514495026555924,-0.11695804130111656,0.03327442106585631,0.9717888839047834,0.4891535595579577,False,False
sp|Q60790|RASA3_MOUSE,-0.010398133709476712,0.020132991579859486,0.6069146141640471,-0.062257283388982045,0.041461015970028624,0.0417108934111957,0.02907140740288808,0.15515464136304627,-0.03317208967257185,0.11659387649496325,0.883439870815388,0.4891535595579577,False,False
sp|Q00558|HAP40_MOUSE,-0.00906268352050635,0.020133474708158308,0.6538044063244982,-0.060923077656041165,0.04279771061502847,0.04170731735016192,0.02907210502497505,0.15519940122673842,-0.033177462689020054,0.1165920973893439,0.8993303131867431,0.4891535595579577,False,False
sp|P22272|IL6RA_MOUSE,0.01561629303613108,0.020289815909265242,0.4437121546679045,-0.03664680934656701,0.06787939541882917,-0.041982760238070856,0.029297856808221376,0.15566991197561753,-0.11744903833586715,0.03348351785972543,0.7984338212927002,0.49003670334622873,False,False
sp|Q5SW46|PERL_MOUSE,-0.018125257528914435,0.019236393187736216,0.34883862510215774,-0.06767492279647383,0.03142440773864495,0.03970414981782704,0.027776747489541415,0.15668740141975615,-0.03184401032301209,0.11125230995866617,0.7380932289548531,0.4926374342562541,False,False
sp|Q6NVE8|WDR44_MOUSE,-0.005555178379405974,0.020241010758204312,0.7844278173820147,-0.05769256702383719,0.046582210265025244,0.041670981324491665,0.029227383703207457,0.15773591804317336,-0.03361377008429768,0.11695573273328101,0.9507057621974679,0.49532925483069684,False,False
sp|P60229|EIF3E_MOUSE,0.01030861816087015,0.01985770709700659,0.6050723839469961,-0.04084144568089039,0.06145868200263069,0.040860220451598685,0.02867390525717041,0.15795330685758704,-0.03299886495700572,0.1147193058602031,0.8830672540767859,0.49540775293335765,False,False
sp|P07356|ANXA2_MOUSE,0.02129891830557508,0.02023347091456008,0.2955900132436385,-0.030819048988653147,0.0734168855998033,-0.04159187523064974,0.02921649640583458,0.15836347494274272,-0.11684858281982957,0.03366483235853009,0.7038612026286413,0.49608996104326336,False,False
sp|P97447|FHL1_MOUSE,-0.027123388336631353,0.019834955409587806,0.17521960252227653,-0.0782148477152334,0.023968071041970698,0.040724301530589674,0.028641052535237306,0.15885195786302972,-0.0330501608741581,0.11449876393533745,0.5856904529945749,0.49641380220892484,False,False
sp|Q3UL36|ARGL1_MOUSE,0.013763396038954136,0.020241252515598916,0.49844018859055256,-0.038374615331258445,0.06590140740916672,-0.04155844744298091,0.02922773279329093,0.15885241670685596,-0.11684409804823684,0.03372720316227502,0.8287947418258782,0.49641380220892484,False,False
sp|E9Q3L2|PI4KA_MOUSE,0.0031566374831899814,0.02000464408413611,0.8750060821218644,-0.04837191095579396,0.05468518592217393,0.041040024554065836,0.02888607765084828,0.15917967574752875,-0.033365580723578155,0.11544562983170983,0.9715968040147054,0.4968095071921691,False,False
sp|P01822|HVM46_MOUSE,-0.024612065948233848,0.019825060271862923,0.21797452913856538,-0.07567803714112149,0.026453905244653797,0.04065332350769422,0.028626764267198915,0.15936491376339093,-0.033084334757543306,0.11439098177293175,0.6241970540392059,0.4968095071921691,False,False
sp|P56480|ATPB_MOUSE,-0.006046534638259585,0.0197159369296386,0.7598623887984751,-0.05683142272854462,0.04473835345202545,0.040360020104646406,0.02846919358892268,0.1600749527601685,-0.03297176299010713,0.11369180319939995,0.9431187041757689,0.4984195929352284,False,False
sp|Q922H4|GMPPA_MOUSE,-0.006907821449306813,0.020110155851630004,0.7321021486253279,-0.05870815019087077,0.04489250729225714,0.04113644740118016,0.029038433328664306,0.16038173013775459,-0.0336616000959444,0.11593449489830471,0.9360856764025818,0.49877168490907975,False,False
sp|Q9CQ48|NUDC2_MOUSE,0.039124263692525016,0.020139974990357513,0.05549477395027201,-0.012752874060379851,0.09100140144542988,-0.041127621361019356,0.029081491228277093,0.16108310195523073,-0.1160365786577158,0.03378133593567709,0.34068426658128714,0.499643553802422,False,False
sp|P01647|KV5AE_MOUSE,0.044727831241584116,0.01998708635347966,0.027943627772815532,-0.006755491480271124,0.09621115396343935,-0.04079350922054284,0.028860724839322026,0.16130526028228187,-0.11513380998333014,0.033546791542244464,0.2455796638737201,0.499643553802422,False,False
sp|Q80Z71|TENN_MOUSE,-0.02769553116777889,0.020244015354760777,0.17502280779961746,-0.07984065914006558,0.024449596804507805,0.04130569624546251,0.02923172224625149,0.16142758329444334,-0.033990230509634366,0.11660162300055937,0.5856904529945749,0.499643553802422,False,False
sp|Q91XQ5|CHSTF_MOUSE,-0.003516629137547338,0.020011169819130696,0.8609367115965079,-0.05506198675595753,0.04802872848086286,-0.04082955104006153,0.0288955006071873,0.16143822786936507,-0.11525942824476962,0.03360032616464656,0.967475544341756,0.499643553802422,False,False
sp|Q91Y74|SIA4C_MOUSE,0.032701766961933276,0.020275998143069414,0.11062339434684121,-0.01952574321368801,0.08492927713755456,-0.04131646256659459,0.029277904387892614,0.1619737933936474,-0.11673134663543132,0.03409842150224214,0.4771444563536283,0.499663351827686,False,False
sp|P97379|G3BP2_MOUSE,0.02362973135797082,0.019301639065309257,0.22436951400508223,-0.026087996152976974,0.07334745886891861,0.03930154670205489,0.027870960487185657,0.16228465006661594,-0.032489290038891463,0.11109238344300125,0.6294976866819978,0.499663351827686,False,False
sp|Q8K4G1|LTBP4_MOUSE,-0.03619474922083077,0.01735090380841712,0.0400826990388582,-0.08088771569360981,0.008498217251948263,-0.035311104240705986,0.025054160054754113,0.16250090166452363,-0.09984634388554595,0.02922413540413398,0.29321860802573824,0.499663351827686,False,False
tr|A0A0B4J1J7|A0A0B4J1J7_MOUSE,0.020611760613527878,0.020183741645078867,0.3101602193563544,-0.03137811257112656,0.07260163379818231,-0.04102410363377297,0.02914468890285114,0.16302873493462422,-0.11609584735255339,0.03404764008500745,0.7105527400250299,0.499663351827686,False,False
sp|Q8BT18|ARMD4_MOUSE,-0.049792828852243176,0.017649169698123173,0.005998765095117521,-0.09525407734397615,-0.0043315803605102066,-0.03586015998197033,0.025484846630051933,0.16317183813449954,-0.10150477472810754,0.029784454764166884,0.10366993369078938,0.499663351827686,False,False
sp|Q60841|RELN_MOUSE,-0.01923764154115199,0.019523969265347975,0.32735824679162084,-0.0695280536964234,0.031052770614119422,-0.03966657354244994,0.02819199831197455,0.16320187820315163,-0.11228434892003512,0.03295120183513524,0.7224043004950259,0.499663351827686,False,False
sp|Q9ERR7|SEP15_MOUSE,0.013348577001095157,0.019648457484574767,0.4988165612454026,-0.03726249555720724,0.06395964955939755,0.03991947422759516,0.028371755389984883,0.16320208944932044,-0.033161324699049366,0.11300027315423969,0.8287947418258782,0.499663351827686,False,False
sp|Q9DCX2|ATP5H_MOUSE,0.003581429646682372,0.0196278648649654,0.8556669240870948,-0.04697659983859338,0.054139459131958126,0.03986266692762022,0.028342020294145696,0.16335825932050174,-0.03314153946781789,0.11286687332305834,0.9672875961020359,0.499663351827686,False,False
sp|Q8BGW1|FTO_MOUSE,0.03310893274920903,0.02024962083459728,0.10587406084124912,-0.019050633982300988,0.08526849948071905,-0.041122011386493934,0.029239816383050246,0.1633925908541864,-0.11643878725634398,0.03419476448335611,0.4667533720091613,0.499663351827686,False,False
sp|Q6ZWY3|RS27L_MOUSE / sp|Q6ZWU9|RS27_MOUSE,-0.016047686209454032,0.019773696959622254,0.4193895153280144,-0.06698135427754483,0.03488598185863677,0.04012842803318094,0.02855259725780106,0.1636735464314297,-0.03341818867589301,0.11367504474225489,0.7888522498611874,0.499663351827686,False,False
sp|P61110|ANRE_MOUSE,-0.009286983116895249,0.016765277137564642,0.5811263546194175,-0.05247147524995269,0.03389750901616219,-0.03401210535767435,0.024208533538355986,0.16380920562133802,-0.09636915544171804,0.028344944726369344,0.871520304685498,0.499663351827686,False,False
sp|Q6ZWX6|IF2A_MOUSE,-0.0021716198022705435,0.02019678624233024,0.9146366965895554,-0.05419509364277806,0.04985185403823698,0.04095220702100882,0.029163524891511694,0.16402763799417938,-0.03416805498932477,0.11607246903134241,0.9785482611772603,0.499663351827686,False,False
sp|P61957|SUMO2_MOUSE / sp|Q9Z172|SUMO3_MOUSE,0.025913655294916668,0.019228191639023066,0.18146963298030305,-0.023614884183132907,0.07544219477296624,0.03897828169900321,0.02776490471083519,0.1641339460162817,-0.03253937346540898,0.11049593686341541,0.5895843234820141,0.499663351827686,False,False
sp|O70456|1433S_MOUSE,-0.044996312607050906,0.019922619763322956,0.026566588985988175,-0.09631358039688064,0.006320955182778823,0.040369972267465214,0.02876763710822719,0.1642992649515239,-0.033730550389767126,0.11447049492469755,0.2367092271242891,0.499663351827686,False,False
sp|Q00493|CBPE_MOUSE,-0.0062731112033545715,0.019975845661425087,0.7542921270283574,-0.05772747982122348,0.045181257414514335,-0.04047238772180993,0.02884449363309951,0.16435528504778643,-0.11477087966797733,0.03382610422435747,0.942480654859813,0.499663351827686,False,False
sp|P97311|MCM6_MOUSE,0.035606110289444756,0.018286481706259402,0.054942657759244694,-0.011496745148349106,0.08270896572723863,0.037017879861651594,0.026405105149894335,0.16471284426943367,-0.030997163746736216,0.1050329234700394,0.34068426658128714,0.5001598749926789,False,False
sp|Q9Z1Q2|ABHGA_MOUSE,-0.024987274915750837,0.020247283635817143,0.22068904441220752,-0.07714082142215475,0.027166271590653084,0.040758532905492896,0.02923644154143024,0.16705352648035923,-0.0345495499484175,0.1160666157594033,0.627927391559596,0.5058198996531648,False,False
sp|P01845|LAC3_MOUSE,-0.024767573029337926,0.019261583420577436,0.20211350329904423,-0.07438212403681295,0.024846977978137102,-0.03876155585809416,0.027813121394462396,0.1671912479391818,-0.11040340896911327,0.03288029725292494,0.6101316189859776,0.5058198996531648,False,False
tr|A0A075B696|A0A075B696_MOUSE,0.005046626284242151,0.020024657635505497,0.8016557325215167,-0.046533473646827146,0.056626726215311445,-0.040277510937041495,0.028914976590339224,0.16739582811590278,-0.11475755494986772,0.03420253307578474,0.9565299624897676,0.5058198996531648,False,False
sp|O88783|FA5_MOUSE,0.004355600814909647,0.02023414714545529,0.8300991749251926,-0.04776410833467443,0.05647530996449372,-0.04068034654030576,0.0292174728620048,0.167587052440185,-0.11593956931390248,0.03457887623329096,0.9627191776399195,0.5058198996531648,False,False
sp|O35295|PURB_MOUSE,0.006615912158049439,0.019949350115085227,0.741010645287536,-0.04477020845514372,0.05800203277124259,0.04009917823457926,0.028806234896490358,0.1676770143833993,-0.03410076573671353,0.11429912220587204,0.9385648852018718,0.5058198996531648,False,False
tr|A0A140T8M3|A0A140T8M3_MOUSE,-0.0011706359720096045,0.020143304075907677,0.9537981042128955,-0.0530563488810286,0.0507150769370094,-0.04041387310145029,0.029086298323234838,0.16845818297049547,-0.11533521265420382,0.03450746645130325,0.9854328625709547,0.5058198996531648,False,False
sp|P48962|ADT1_MOUSE,-0.00269898096550005,0.019411572809950678,0.889759619754634,-0.05269987903734408,0.047301917106343974,0.03894056319331582,0.028029701361094977,0.16851463396766053,-0.03325916294231712,0.11114028932894876,0.9717888839047834,0.5058198996531648,False,False
sp|Q791V5|MTCH2_MOUSE,-0.013532099263990528,0.02032626775918315,0.5074429489208049,-0.06588909538987572,0.03882489686189467,0.04077376933019522,0.029350492134439486,0.16853235094899663,-0.034828088383275516,0.11637562704366596,0.8317413071108037,0.5058198996531648,False,False
sp|P23116|EIF3A_MOUSE,0.0135243397066912,0.01977536315563571,0.4959674656433243,-0.03741362019791651,0.06446229961129891,0.03965792319409999,0.028555003192504216,0.16864643765577406,-0.03389489079208478,0.11321073718028477,0.8277051232818823,0.5058198996531648,False,False
sp|Q61599|GDIR2_MOUSE,0.03430012099707431,0.020211190807858572,0.09347325727948615,-0.017760456545425976,0.08636069853957459,-0.04052232274500561,0.02918432463164344,0.16874635040900943,-0.11569616133547675,0.034651515845465525,0.44275084257571456,0.5058198996531648,False,False
sp|Q6IMP4|PANX2_MOUSE,0.0030211949459413505,0.01931508356599956,0.8760893057088686,-0.046731163303856106,0.05277355319573881,-0.03871298971710779,0.027890373923849843,0.16888433406010706,-0.11055383215709634,0.033127852722880755,0.9715968040147054,0.5058198996531648,False,False
sp|Q9DCL8|IPP2_MOUSE,-0.003183005439885011,0.020230681230952043,0.8753671717994075,-0.055293786985328025,0.048927776105558,0.040543327552606555,0.02921246819033701,0.1689340247385327,-0.03470300404105362,0.11578965914626674,0.9715968040147054,0.5058198996531648,False,False
sp|P57080|UBP25_MOUSE,-0.02694704270483083,0.02027238942595969,0.18745251989824993,-0.07916525744117267,0.02527117203151101,0.0405936592029168,0.029272693513746936,0.16927905519098144,-0.03480780254359839,0.11599512094943198,0.5922579616417099,0.5058503050712891,False,False
sp|P49586|PCY1A_MOUSE,-0.02510246388514198,0.020228566482553993,0.21816596063506227,-0.07720779819969166,0.027002870429407702,0.040500333110211686,0.029209414560080905,0.16933707299862183,-0.03473813285315262,0.115738799073576,0.6241970540392059,0.5058503050712891,False,False
sp|Q9Z2Q6|SEPT5_MOUSE,0.037364362063483675,0.017630981144184286,0.0370947239382027,-0.008050035818024333,0.08277875994499168,0.03526212594724082,0.025458582929521915,0.16978524102205952,-0.030314837989451546,0.10083908988393318,0.27960902271616195,0.5066013854366203,False,False
sp|P27773|PDIA3_MOUSE,-0.0499041464450673,0.01886370015004888,0.009774756381785342,-0.098493818064923,-0.0013144748252116034,0.0376981137058909,0.027238590450541448,0.1701150050253084,-0.032463845763981,0.1078600731757628,0.13679346566900683,0.5069978448381588,False,False
sp|P61202|CSN2_MOUSE,-0.007899558361975687,0.020242811471219053,0.6973708391771919,-0.06004158533575755,0.044242468611806175,0.040408112530249854,0.029229983876234877,0.17059654189686557,-0.03488333648041782,0.11569956154091753,0.9209691666264328,0.5078451969762183,False,False
sp|Q9Z0N1|IF2G_MOUSE,-0.0003709968563873634,0.020152560313290865,0.9853569617645686,-0.052280552252898585,0.05153855854012386,0.0401987119344878,0.029099664039249625,0.17090403363950887,-0.034757055421239545,0.11515447929021513,0.9954255961709187,0.5081730792398791,False,False
tr|A0A075B5S1|A0A075B5S1_MOUSE,-0.006359025387827878,0.01970683150535471,0.7477579728232945,-0.05712045945942123,0.04440240868376547,-0.039250022163053386,0.028456045642285786,0.17154609054945918,-0.1125479383915781,0.03404789406547133,0.942480654859813,0.5084992351211262,False,False
sp|P62814|VATB2_MOUSE,0.018431729154143494,0.020345128526649204,0.36761512836605986,-0.03397384908926819,0.07083730739755519,-0.04051833035826267,0.029377726490186464,0.17157729866279514,-0.11619033912332974,0.03515367840680441,0.7566818189789002,0.5084992351211262,False,False
sp|Q9ES46|PARVB_MOUSE,-0.004019797940254306,0.02024493101837144,0.8430997878299955,-0.05616728450570154,0.048127688625192934,0.040245800469461086,0.02923304443574151,0.17234530666705442,-0.03505353202006902,0.11554513295899119,0.9654510607143304,0.5084992351211262,False,False
sp|P54751|SIA4A_MOUSE,0.06607049689157182,0.018496083953312772,0.0005960063251046278,0.01842774184372819,0.11371325193941545,-0.03674664508138498,0.026707764210396053,0.17260557147836514,-0.10554128676679769,0.03204799660402774,0.02601214046007486,0.5084992351211262,False,False
sp|Q6P6J9|TXD15_MOUSE,-0.04535693302861057,0.018056207352356045,0.01396677319970601,-0.09186664103776437,0.0011527749805432391,-0.0358464057833702,0.02607259621647491,0.17291728045926918,-0.10300496313736446,0.03131215157062406,0.17290596629443739,0.5084992351211262,False,False
sp|Q3U487|HECD3_MOUSE,-0.01756920538225289,0.02034034308687703,0.39023847126506506,-0.06996245714966905,0.03482404638516326,0.04037486210782711,0.02937081646548065,0.17298213115389605,-0.035279347613114485,0.1160290718287687,0.7691980219642064,0.5084992351211262,False,False
sp|P31725|S10A9_MOUSE,0.004298583746635402,0.020001495702899417,0.8303686576847616,-0.04722185499970033,0.05581902249297113,0.03965337007726812,0.028881531487242717,0.17350585445865882,-0.03474052505894192,0.11404726521347816,0.9627191776399195,0.5084992351211262,False,False
sp|Q68FD9|K1549_MOUSE,-0.03738454210574415,0.016551253222856232,0.02655621153104407,-0.0800177451676354,0.005248660956147108,-0.03277405787967883,0.0238994897286584,0.1740136187659737,-0.0943350638626231,0.02878694810326543,0.2367092271242891,0.5084992351211262,False,False
sp|Q4FJU9|TMM40_MOUSE,-0.039486190355253435,0.019990675852123177,0.0516064573301254,-0.0909787590128997,0.012006378302392831,0.039581601968007425,0.02886590796260621,0.1740464002420889,-0.03477204963561919,0.11393525357163403,0.3273069645937756,0.5084992351211262,False,False
sp|Q8CHW4|EI2BE_MOUSE,0.002301629546594575,0.02012267064638703,0.9092162304237515,-0.04953093517003243,0.05413419426322158,0.03983698780926425,0.029056504299165727,0.17411013650931634,-0.03500760742322143,0.11468158304174994,0.9775498093282505,0.5084992351211262,False,False
sp|O55038|CXL13_MOUSE,-0.02434778128005879,0.020370593202437927,0.2354379741608641,-0.07681895218157245,0.028123389621454862,0.04027931438905283,0.029414496682102553,0.17462262707019965,-0.03548740811384883,0.11604603689195449,0.6412062414213344,0.5084992351211262,False,False
sp|P00924|ENO1_YEAST,-0.014547793916007162,0.019551281164189194,0.458952668421857,-0.06490855686064935,0.035812969028635025,-0.03865794515690649,0.028231435835951554,0.1746372001318865,-0.11137730486441104,0.034061414550598065,0.8053288393322638,0.5084992351211262,False,False
sp|O08746|MATN2_MOUSE,-0.0021763531319503033,0.01981403124718365,0.9128054399911815,-0.053213915439879515,0.04886120917597891,-0.039156033084327996,0.028610838702017218,0.17487053811587236,-0.11285266981209494,0.034540603643438944,0.9785482611772603,0.5084992351211262,False,False
sp|O08749|DLDH_MOUSE,-0.02177758182657051,0.019259476177238454,0.2614582851152851,-0.07138670493490328,0.027831541281762254,-0.038016098542887435,0.02781007860127582,0.17536443796796378,-0.10965011393805191,0.03361791685227703,0.6652718223042088,0.5084992351211262,False,False
sp|P15208|INSR_MOUSE,0.021292577888482423,0.019471902679129762,0.2773751276475903,-0.028863719628272357,0.0714488754052372,0.03842948014949225,0.028116815797045103,0.17543024792880677,-0.03399463790302316,0.11085359820200766,0.6792907934031005,0.5084992351211262,False,False
sp|Q6IRU5|CLCB_MOUSE,-0.027977631658136597,0.019972306940995384,0.16504055221907357,-0.07942288513622561,0.023467621819952413,0.03939249574415614,0.02883938383196098,0.17569656036235687,-0.03489283422650333,0.1136778257148156,0.5671690800222309,0.5084992351211262,False,False
sp|Q9R111|GUAD_MOUSE,0.010607775029854126,0.019043848776514605,0.5790320477357354,-0.038445928701046066,0.05966147876075432,0.03753049485567365,0.027498719408142313,0.17604650751646547,-0.033301512405888196,0.1083625021172355,0.8703237265995618,0.5084992351211262,False,False
sp|P61222|ABCE1_MOUSE,0.019713060973571617,0.01941925124481235,0.31302987477040656,-0.030307615435794494,0.06973373738293773,0.0382588109328811,0.028040788779832262,0.1761750360238802,-0.033969474500836046,0.11048709636659826,0.7105527400250299,0.5084992351211262,False,False
sp|P27656|LIPC_MOUSE,-0.01682058837728121,0.01953472640900867,0.3917153562182633,-0.06713870909841632,0.0334975323438539,-0.0384862650558386,0.02820753128950603,0.17617558158716123,-0.11114405073212073,0.03417152062044353,0.7691980219642064,0.5084992351211262,False,False
sp|O35367|KERA_MOUSE,0.024998942420081133,0.01927755574793389,0.1983406830329777,-0.024656750576244522,0.0746546354164068,0.03797881093061953,0.02783618493342579,0.17618447857898753,-0.03372244991990503,0.10968007178114408,0.6065230475490422,0.5084992351211262,False,False
sp|E9Q394|AKP13_MOUSE,-0.022462944677722155,0.020032096744843308,0.2654130351614503,-0.07406220648461609,0.02913631712917178,0.03946088160155821,0.028925718430538004,0.17623273905030234,-0.035046831558026084,0.1139685947611425,0.669381552929221,0.5084992351211262,False,False
sp|Q9CYA6|ZCHC8_MOUSE,0.04242667870003719,0.019994983374207152,0.03686723769722764,-0.00907698539921866,0.09393034279929305,-0.039374574856789094,0.028872127889183113,0.17637605261988953,-0.11374424792955841,0.03499509821598022,0.27960902271616195,0.5084992351211262,False,False
sp|P14148|RL7_MOUSE,0.011213809075095397,0.019464666946581232,0.5661180587661266,-0.038923850429728235,0.061351468579919036,0.03832675654716646,0.028106367626541364,0.17641518971862546,-0.03407044880159694,0.11072396189592987,0.8625763321436545,0.5084992351211262,False,False
sp|B2RPV6|MMRN1_MOUSE,-0.026942267931025145,0.02026008077872144,0.1872647911362198,-0.07912877769312365,0.02524424183107337,0.03986466465030146,0.029254920213786915,0.17671877144951356,-0.03549101610935594,0.11522034540995886,0.5922579616417099,0.5084992351211262,False,False
sp|Q8VC30|TKFC_MOUSE,0.05481768953575782,0.018924514987974414,0.004834474755938111,0.0060713692742829645,0.10356400979723268,-0.03722742448280644,0.027326405166127107,0.17682591250299529,-0.1076155796703667,0.03316073070475381,0.08828916664213216,0.5084992351211262,False,False
sp|A2A870|FBF1_MOUSE,0.01716079579220007,0.01855762802813613,0.35781973279862495,-0.03064048628703337,0.06496207787143352,-0.036498293027655865,0.026796631921154626,0.17691280284919234,-0.10552184276657982,0.03252525671126809,0.7478780941205025,0.5084992351211262,False,False
sp|Q8CGU1|CACO1_MOUSE,-0.02473700025520524,0.0199807195288956,0.2192328711580284,-0.0762039231237263,0.026729922613315818,0.03929147762538382,0.028851531344623944,0.17697476736483314,-0.03502514226435814,0.11360809751512578,0.6258588062438172,0.5084992351211262,False,False
sp|Q8R001|MARE2_MOUSE,-0.02061669601641649,0.020312430421743,0.3131011940865148,-0.07293804952304025,0.03170465749020728,0.03993569726496562,0.029330511453848723,0.17706139884358732,-0.03561469362593458,0.11548608815586581,0.7105527400250299,0.5084992351211262,False,False
sp|P60843|IF4A1_MOUSE,0.021514078623917094,0.01940897762271259,0.27090372613048,-0.028480134688590873,0.07150829193642506,0.038156960720776054,0.02802595399224589,0.17708927278125797,-0.034033112832364196,0.1103470342739163,0.6726549628833807,0.5084992351211262,False,False
sp|P19783|COX41_MOUSE,-0.0014253517908013318,0.01980258023597291,0.9427946200511269,-0.052433418248498655,0.04958271466689599,0.03891801457280246,0.028594303801539957,0.17722954831694152,-0.03473603107378388,0.1125720602193888,0.9837216114595029,0.5084992351211262,False,False
sp|Q9QXK3|COPG2_MOUSE,-0.001919419324321523,0.01985978486932159,0.9232413304983924,-0.05307483515289714,0.0492359965042541,0.03902835325828294,0.028676905495124128,0.17725244164757906,-0.034838460251160275,0.11289516676772615,0.9802504791831174,0.5084992351211262,False,False
sp|O55022|PGRC1_MOUSE,-0.030845402298997807,0.020282125326993493,0.13215261471262832,-0.08308869505451896,0.021397890456523357,0.03983270141559259,0.029286751849005525,0.17752813240613038,-0.03560497220284078,0.11527037503402596,0.514037738497006,0.5084992351211262,False,False
sp|Q6PGG2|GMIP_MOUSE,-0.020345408760264895,0.02038899633800681,0.321281747934043,-0.07286398299765406,0.03217316547712427,0.04003802589368066,0.029441070231765624,0.17757698336894567,-0.035797145537142444,0.11587319732450377,0.7143257838575422,0.5084992351211262,False,False
sp|Q8CBE3|WDR37_MOUSE,-0.021709351362707314,0.02035378991361723,0.2892828263059064,-0.07413723986048062,0.030718537135065994,0.039954826094396045,0.02939023326088782,0.1777278880035004,-0.03574939797713636,0.11565905016592845,0.6953032395299724,0.5084992351211262,False,False
sp|Q9D2N8|GLT15_MOUSE,0.023325442217690673,0.020342303704688026,0.2548624381182559,-0.029072859766536098,0.07572374420191744,-0.03990595715577192,0.029373647536010766,0.17801071917924752,-0.11556745923114542,0.03575554491960157,0.6615632844299484,0.5087431763446864,False,False
sp|Q61549|AGRE1_MOUSE,-0.01544770845139541,0.019967432973293654,0.441365324009823,-0.06688040742065375,0.035984990517862935,0.03913905731215773,0.028832345975705814,0.1783560947407805,-0.035128144342125515,0.11340625896644096,0.7974119766856017,0.5089370083416987,False,False
sp|P35441|TSP1_MOUSE,-0.029212433968060527,0.020032019844056892,0.1485811227344378,-0.08081149769165534,0.02238662975553429,0.03925037408062522,0.028925607388218106,0.17852326268883165,-0.03525705305289756,0.113757801214148,0.543460782728945,0.5089370083416987,False,False
sp|Q8C7B6|FXL22_MOUSE,0.005461794552020777,0.02004777364062929,0.7859693821028505,-0.04617784826242737,0.05710143736646892,0.0392676900576724,0.028948355375594037,0.1786714778799595,-0.03529833200833005,0.11383371212367485,0.9507057621974679,0.5089370083416987,False,False
sp|Q5XPI3|RN123_MOUSE,-0.04582944108034004,0.019957445202591108,0.024207073543514708,-0.09723641325714563,0.0055775310964655544,0.03905525948797263,0.028817923948557554,0.17906198516314034,-0.03517479348616555,0.11328531246211081,0.2259080201973218,0.5094857588895982,False,False
sp|P63242|IF5A1_MOUSE,-0.02871405467979672,0.020209925167038126,0.15916945050368078,-0.08077137214758393,0.02334326278799049,0.03951138949789522,0.02918249708605634,0.1794749374726184,-0.0356577416470991,0.11468052064288954,0.5576878130076082,0.5100970904988879,False,False
sp|Q9Z2U2|ZN292_MOUSE,-0.009910875972708963,0.019918648449522097,0.6201204539287846,-0.06121791433607685,0.04139616239065893,-0.03888750074161265,0.028761902655849787,0.18007707302588458,-0.11297325242837147,0.03519825094514617,0.8890546208963676,0.5108519730618178,False,False
sp|Q99L47|F10A1_MOUSE,0.009661272924918697,0.019911512208157293,0.6288209213071966,-0.04162738369882453,0.06094992954866192,0.03882989527196814,0.028751598147490023,0.1805615023460428,-0.03522931376019894,0.11288910430413521,0.8934630156793685,0.5108519730618178,False,False
sp|Q9R0Q7|TEBP_MOUSE,-0.017639597283133787,0.020327688057733044,0.3880570344233445,-0.0700002518556436,0.034721057289376016,0.03963229058882669,0.029352543000929647,0.18066156931091673,-0.03597484980664708,0.11523943098430045,0.7689652423680589,0.5108519730618178,False,False
tr|E9Q8N6|E9Q8N6_MOUSE,0.016243609802042182,0.020282277053790675,0.42551728304819797,-0.03600007377580929,0.06848729337989365,-0.03954126729058482,0.029286970937734455,0.1806886895019885,-0.11497950524418624,0.03589697066301661,0.7934156436271613,0.5108519730618178,False,False
sp|P10852|4F2_MOUSE,0.04815398946540277,0.019078007064376706,0.013530193420564,-0.000987700184331683,0.09729567911513723,-0.03716789909723319,0.027548042902799594,0.18098553916563787,-0.1081269552616867,0.03379115706722031,0.17267022896321335,0.5108519730618178,False,False
sp|Q9QZD9|EIF3I_MOUSE,0.015991074976009708,0.01970411875653621,0.41939368157668566,-0.03476337151768377,0.0667455214697032,0.03837059532662049,0.028452128518207553,0.18117780883785192,-0.03491723105891788,0.11165842171215885,0.7888522498611874,0.5108519730618178,False,False
tr|A6ZI46|A6ZI46_MOUSE,-0.003576824068330158,0.018636941024049017,0.8482784029359074,-0.05158240288658827,0.04442875474992795,0.03626753146500528,0.026911157395790683,0.18147422262131638,-0.033051016347489075,0.10558607927749963,0.9657706868987608,0.5108519730618178,False,False
sp|P30681|HMGB2_MOUSE,0.017585375927518597,0.01920975094394714,0.36264491380319613,-0.0318956634677766,0.0670664153228138,0.03737590871310135,0.02773827692642381,0.18154715858695578,-0.03407315782393542,0.10882497525013812,0.7542897035890388,0.5108519730618178,False,False
sp|Q9CQ22|LTOR1_MOUSE,-0.002290302845144119,0.020203774959363634,0.910022114904296,-0.05433177842778046,0.04975117273749223,0.03930462785264098,0.02917361637937108,0.18160570186067254,-0.035841628107837226,0.11445088381311919,0.9779954144531433,0.5108519730618178,False,False
tr|O88325|O88325_MOUSE,0.033362637637754426,0.02007243015522571,0.10030863364889886,-0.01834051614951456,0.08506579142502341,-0.03902927070704129,0.028983958608135237,0.18182525601615182,-0.11368700062272444,0.035628459208641855,0.45690690984054005,0.5108519730618178,False,False
sp|P29621|SPA3C_MOUSE,-0.04141157272748889,0.01673786460975965,0.015419286840887074,-0.08452545486814188,0.0017023094131640992,-0.032526060220628164,0.024168950709316354,0.18208311103920707,-0.0947811516937142,0.029729031252457884,0.18080521774878439,0.5108519730618178,False,False
tr|A0A075B5S3|A0A075B5S3_MOUSE,0.05881166341399598,0.018855824189714595,0.002503850327057788,0.010242278923562928,0.10738104790442904,-0.036638582673953694,0.027227217811226584,0.18212120826048497,-0.10677124816621969,0.033494082818312294,0.059150592588750495,0.5108519730618178,False,False
sp|Q5FW60|MUP20_MOUSE,-0.019477894023487274,0.00788901762577965,0.015626452253777786,-0.03979865680018427,0.0008428687532097238,0.015300089153612516,0.011391493633615562,0.182940327855179,-0.014042453959045189,0.04464263226627022,0.18080521774878439,0.5125912341970467,False,False
sp|P47955|RLA1_MOUSE,0.0066999031284321695,0.01992323223307247,0.7375142835668305,-0.0446189422789259,0.058018748535790234,0.03859279483294271,0.028768521495305958,0.18346366000052014,-0.03551000585444281,0.11269559552032823,0.9369014702440002,0.5134988309797167,False,False
sp|P11276|FINC_MOUSE,0.009925026693173855,0.020342125320329363,0.6269191147085758,-0.04247281580339458,0.06232286918974229,-0.039329932388432284,0.02937338995460045,0.18428222527953003,-0.11499077097806103,0.03633090620119646,0.8930625941490823,0.514908304168883,False,False
sp|Q5NCC9|TRI58_MOUSE,0.004056680030779767,0.02006885873802913,0.8403094586688288,-0.047637274395419066,0.0557506344569786,0.038787787538045945,0.028978801593892437,0.18443671480537402,-0.03585665878923178,0.11343223386532367,0.9654510607143304,0.514908304168883,False,False
sp|O55102|BL1S1_MOUSE,0.017210044253892637,0.019976319306464693,0.39146277664786505,-0.03424554439274877,0.06866563290053404,-0.03858748855659539,0.028845177561658074,0.18467800722195804,-0.11288774218598546,0.03571276507279469,0.7691980219642064,0.514908304168883,False,False
sp|P05064|ALDOA_MOUSE,-0.0015138061995912625,0.018494442602216728,0.9349639082727533,-0.049152333407184286,0.046124721008001766,0.035712275976959106,0.026705394150973193,0.1848328237187546,-0.03307626083994105,0.10450081279385925,0.9824303813616132,0.514908304168883,False,False
sp|Q71LX4|TLN2_MOUSE,-0.006642669170066549,0.02027932017872808,0.7440801148134057,-0.05887873634248486,0.045593398002351765,0.03914673272150975,0.029282701303028496,0.1849670607208609,-0.03628050738190062,0.11457397282492013,0.9405557812860535,0.514908304168883,False,False
tr|A0A075B5W5|A0A075B5W5_MOUSE,0.05409961868896198,0.019451983783483347,0.006717383360601685,0.0039946288473075645,0.10420460853061639,-0.03751881667455396,0.028088053537444705,0.18532433267176215,-0.10986884805595437,0.03483121470684646,0.11231988411395674,0.5153457415008504,False,False
sp|P06240|LCK_MOUSE,0.006148687425241522,0.02026833327916033,0.7623806506396975,-0.04605907936931503,0.05835645421979808,-0.03900876683964939,0.02926683656518456,0.18626745496060362,-0.11439514208642823,0.03637760840712945,0.9432819457005267,0.5161314976272651,False,False
sp|Q8K558|TRML1_MOUSE,-0.01983708427610932,0.020209029339859408,0.3291866871953825,-0.07189209424599868,0.032217925693780035,0.038894104646589434,0.029181203539750924,0.18627333332285756,-0.0362716945439259,0.11405990383710476,0.7256310024126451,0.5161314976272651,False,False
sp|Q9Z204|HNRPC_MOUSE,0.000713514863802135,0.01983152169501032,0.9713866847451107,-0.05036909985217121,0.051796129579775474,0.03816076496151506,0.028636094359250828,0.18635086510043705,-0.035600926028234586,0.11192245595126471,0.9936351314696881,0.5161314976272651,False,False
sp|Q8CGK3|LONM_MOUSE,-0.0057290581888663926,0.019852987324465693,0.7736355307673397,-0.056866964702210004,0.045408848324477225,0.03819512501157501,0.02866709005388375,0.18643008343730785,-0.035646405596693985,0.112036655619844,0.9468210512005226,0.5161314976272651,False,False
sp|Q6VN19|RBP10_MOUSE,-0.005046069017484947,0.0201919446313026,0.8032857828058267,-0.057057071694431076,0.04696493365946119,0.03883129043322267,0.029156533757277493,0.18660909681203253,-0.03627096360868541,0.11393354447513075,0.9565299624897676,0.5161314976272651,False,False
sp|Q9R0E2|PLOD1_MOUSE,0.02974261978431711,0.017191087872890396,0.08737123426608723,-0.014538688118558109,0.07402392768719232,0.03304195417389837,0.024823390864157576,0.18685133542653956,-0.030898863427446778,0.09698277177524353,0.4301367320324413,0.5162469836087332,False,False
sp|Q9CPQ1|COX6C_MOUSE,0.02924082007182423,0.0191258947493425,0.13014766644775028,-0.020024220080124226,0.07850586022377269,0.03671774772327785,0.027617191215592533,0.18736171051058867,-0.034419422691558677,0.10785491813811438,0.5105613500486197,0.5167408042840134,False,False
sp|O70194|EIF3D_MOUSE,0.010725897497098166,0.019915170306619795,0.5916363002758519,-0.040572181763860043,0.062023976758056376,0.03821854694379401,0.028756880326757897,0.18752666941897456,-0.035854268080517865,0.11229136196810588,0.875700795549263,0.5167408042840134,False,False
sp|O55029|COPB2_MOUSE,0.02190150176971208,0.019480170778940063,0.2641674323273941,-0.028276092960818743,0.0720790965002429,0.03737472752257679,0.02812875467344504,0.187632097866234,-0.03508014303762103,0.10982959808277462,0.669381552929221,0.5167408042840134,False,False
sp|Q80TY0|FNBP1_MOUSE,0.011054334418378465,0.01982659950458925,0.5786701355150862,-0.040015601575270635,0.06212427041202756,0.03801096704047118,0.02862898687090375,0.18795853332016535,-0.035732416272519434,0.11175435035346179,0.8703237265995618,0.5167585818988972,False,False
sp|Q9JKC8|AP3M1_MOUSE,0.009173268745192448,0.019885369598054294,0.6457993947686103,-0.04204804897737622,0.060394586467761115,0.03806119666799787,0.0287138490397201,0.18867513062606617,-0.03590077710619262,0.11202317044218836,0.8973269315332452,0.5167585818988972,False,False
sp|P62270|RS18_MOUSE / tr|F6YVP7|F6YVP7_MOUSE / tr|A0A1Y7VKY1|A0A1Y7VKY1_MOUSE,0.003261380236878705,0.020132812015301614,0.8717096478282537,-0.04859730691497659,0.055120067388734,0.03851967380893033,0.029071148117307183,0.18884699165436658,-0.036362641399439954,0.11340198901730061,0.9715968040147054,0.5167585818988972,False,False
sp|Q64514|TPP2_MOUSE,-0.04649640967697213,0.019931591374682648,0.02210971743608348,-0.09783678680624219,0.004843967452297947,0.03812037524920448,0.02878059183320502,0.18901120453818737,-0.036013516568245175,0.11225426706665415,0.21897123999198062,0.5167585818988972,False,False
sp|Q99K41|EMIL1_MOUSE,-0.010879026401102325,0.020243370650597645,0.5924386181968685,-0.06302249372551351,0.04126444092330886,0.03869205111795174,0.02923079131369204,0.18928968134706045,-0.03660147771377888,0.11398557994968235,0.875700795549263,0.5167585818988972,False,False
sp|P19973|LSP1_MOUSE,0.019859489903009033,0.019573552274748895,0.31327696701149993,-0.030558639620835406,0.07027761942685347,0.037377348497416835,0.02826359461999652,0.18969319993945474,-0.03542484674839724,0.11017954374323091,0.7105527400250299,0.5167585818988972,False,False
sp|P08071|TRFL_MOUSE,-0.0018087064653453647,0.01919757540216245,0.9251679220665021,-0.051258383743324976,0.04764097081263424,0.03664019350964418,0.027720695826557472,0.1899227362292685,-0.034763587115168255,0.10804397413445663,0.9803734153585362,0.5167585818988972,False,False
sp|Q61702|ITIH1_MOUSE,-0.0059405117161402225,0.019323539391799097,0.759300412128472,-0.055714650729817836,0.043833627297537384,-0.03686896591533895,0.027902583870681202,0.1900611248090726,-0.10874125909417048,0.03500332726349259,0.9431187041757689,0.5167585818988972,False,False
sp|Q8VCF0|MAVS_MOUSE,-0.01191549486560323,0.020140980817285156,0.5557429776026835,-0.06379522345698262,0.03996423372577615,0.03841716805122734,0.029082943610764526,0.19019192352016476,-0.03649553033484018,0.11332986643729487,0.8568739704463932,0.5167585818988972,False,False
sp|Q921V5|MGAT2_MOUSE,-0.019764295625600368,0.018900479225037934,0.2987707667996133,-0.06844870386457029,0.02892011261336955,-0.036043631535384285,0.027291698279483165,0.19028180508620612,-0.10634238770729212,0.034255124636523554,0.7038612026286413,0.5167585818988972,False,False
sp|Q8BZZ3|WWP1_MOUSE,-0.016030126047632764,0.02032887297262251,0.4326548333212933,-0.06839383275863707,0.03633358066337154,0.038763346065640705,0.029354253980808258,0.19033004959003025,-0.03684820152194217,0.11437489365322358,0.7960152796882342,0.5167585818988972,False,False
sp|Q6GU68|ISLR_MOUSE,-0.0023236111478611857,0.020062130561641092,0.9080777701551384,-0.05400023494016027,0.0493530126444379,-0.038253470017582294,0.028969086318540574,0.1903443634570173,-0.11287289145391664,0.036365951418752054,0.9767336082495744,0.5167585818988972,False,False
sp|Q8BHB9|CLIC6_MOUSE,-0.06639103726254039,0.01898952813363625,0.0007645609318529899,-0.11530482028972691,-0.01747725423535388,0.03620812230433161,0.02742028210620238,0.19034633686818386,-0.03442184385640204,0.10683808846506526,0.02938424476897685,0.5167585818988972,False,False
tr|Q9DCE9|Q9DCE9_MOUSE,-0.007370979243919627,0.019654869779383105,0.7086134460788349,-0.05799856877909234,0.043256610291253085,0.03746806301394896,0.028381014542258463,0.19044811426099162,-0.03563658590844787,0.1105727119363458,0.9246160947296631,0.5167585818988972,False,False
tr|Q9ER05|Q9ER05_MOUSE,-0.013523354684754683,0.019301535080790456,0.48551340487740435,-0.06324081434933183,0.036194104979822464,-0.03674827975025549,0.027870810336806977,0.1909998366114685,-0.1085387297294565,0.03504217022894551,0.819677896606254,0.5177100834468751,False,False
sp|Q60598|SRC8_MOUSE,-0.005091400198694678,0.020286585875398448,0.80246224571724,-0.05734618256550722,0.04716338216811787,0.038582780803923536,0.0292931927407829,0.19146573433583453,-0.03687148345229098,0.11403704506013805,0.9565299624897676,0.518427198648553,False,False
sp|Q60872|IF1A_MOUSE,-0.023909546009223893,0.020337549349642985,0.2431426816791256,-0.07629560158640618,0.02847650956795839,0.03864570734201572,0.029366782396674465,0.19185231671732342,-0.036998111306282375,0.11428952599031382,0.6521795888789046,0.5189282726335166,False,False
sp|Q9DC69|NDUA9_MOUSE,-0.018195577944822555,0.0199480134062655,0.3643637447672605,-0.06957825542426754,0.03318709953462244,0.03788765590475604,0.028804304730944755,0.19205946950607886,-0.036307316289563685,0.11208262809907577,0.7551045555449601,0.5189434774167399,False,False
sp|Q8VE97|SRSF4_MOUSE,0.05402415900762951,0.017292832459292556,0.0024657412322512304,0.00948077441762215,0.09856754359763686,0.032828487041486686,0.02497030685081574,0.19227560334999647,-0.031490761063452354,0.09714773514642572,0.059150592588750495,0.5189828916417619,False,False
sp|Q9CR57|RL14_MOUSE,0.007424528682837253,0.01994301597313937,0.7106394973811329,-0.04394527626191892,0.058794333627593426,0.03781697270791857,0.028797088594495177,0.19277107576125765,-0.03635941195067593,0.11199335736651306,0.9247341681252006,0.5197754137018205,False,False
sp|O88998|NOE1_MOUSE,-0.01591050441131901,0.01700244392322007,0.35213551624365014,-0.05970589770069619,0.027884888878058175,-0.03217336603940135,0.024550994926713175,0.19369531629127662,-0.09541253820290954,0.031065806124106837,0.740890938913965,0.520780370648001,False,False
sp|O35593|PSDE_MOUSE,-0.02572537798743095,0.020336635675506597,0.20946267076765207,-0.07810908009599883,0.02665832412113693,0.03845505561367758,0.0293654630799228,0.19401103788284316,-0.03718536469987091,0.11409547592722608,0.6160843253861347,0.520780370648001,False,False
sp|P01673|KV3AL_MOUSE,-0.0015934006568033207,0.020164426751345343,0.9372089338591216,-0.053533521972184014,0.05034672065857737,-0.03811486120858943,0.029116798803039422,0.19417959471161853,-0.11311476479099591,0.03688504237381706,0.9826193015827517,0.520780370648001,False,False
sp|O35375|NRP2_MOUSE,0.045930626872027466,0.01697298972108164,0.00827989887731523,0.0022111025796310996,0.08965015116442383,-0.03207645037931249,0.024508463984071256,0.19426142179147232,-0.09520607009445606,0.031053169335831077,0.12253298625911907,0.520780370648001,False,False
sp|Q9D0M3|CY1_MOUSE,0.00813890966638467,0.020003143671951478,0.6851551083158074,-0.0433857739669267,0.05966359329969604,-0.03776798814860933,0.028883911102786177,0.19467052991320674,-0.1121680127682674,0.03663203647104874,0.9160505102752249,0.520780370648001,False,False
sp|Q9D7S9|CHMP5_MOUSE,-0.0009608541599389849,0.01987268439150146,0.9615544820197242,-0.0521494969557473,0.05022778863586933,0.03749829398861546,0.02869553199993868,0.19494584116254216,-0.036416498217751773,0.11141308619498269,0.9882266025055787,0.520780370648001,False,False
sp|Q9Z222|B3GN2_MOUSE,-0.04119459994132239,0.02009559168552986,0.04356654104888239,-0.09295741387706385,0.010568213994419061,0.03790789147733558,0.0290174031303204,0.19507421086466187,-0.03683598581863531,0.11265176877330646,0.3081973714309675,0.520780370648001,False,False
sp|Q64518|AT2A3_MOUSE,-0.02053257721946904,0.020244389395968326,0.31345375965003547,-0.07267866865805887,0.0316135142191208,0.03818037832350837,0.02923226235000542,0.19516915936337834,-0.03711693964666483,0.11347769629368157,0.7105527400250299,0.520780370648001,False,False
sp|Q60675|LAMA2_MOUSE,0.009459619606580729,0.01972968049054574,0.6328867417078698,-0.041360669550624035,0.060279908763785486,-0.03720380566449856,0.028489038859145593,0.19523861476266643,-0.11058670678782911,0.036179095458831995,0.8938175370368492,0.520780370648001,False,False
sp|Q68FF6|GIT1_MOUSE,-0.040643662699907296,0.02012099371632028,0.04665257297785696,-0.09247190793092837,0.011184582531113776,0.037908127804945506,0.029054082864826813,0.1956300624443413,-0.03693023022601339,0.11274648583590441,0.31674169198225394,0.520780370648001,False,False
sp|Q9QYJ0|DNJA2_MOUSE,0.01527571483661252,0.019782293677597176,0.4422210217918035,-0.03568009690955243,0.06623152658277746,0.037261669614094585,0.028565010648507826,0.19572912690966657,-0.03631692187051825,0.11084026109870743,0.7974119766856017,0.520780370648001,False,False
sp|Q80Y98|DDHD2_MOUSE,0.019059089929674013,0.01934429617850965,0.32739643443793986,-0.030768515023460154,0.06888669488280819,0.03643297440355743,0.027932556018657507,0.19577392491741938,-0.03551652191232178,0.10838247071943664,0.7224043004950259,0.520780370648001,False,False
tr|A0A075B666|A0A075B666_MOUSE,0.026712203218714127,0.02036890790179457,0.19337594856120802,-0.025754626636017075,0.07917903307344533,-0.038347168396498404,0.02941206316091396,0.19595341170072478,-0.11410762256421168,0.037413285771214874,0.5995262059075294,0.520780370648001,False,False
sp|Q8CBB9|RSAD2_MOUSE,-0.022752679116122835,0.02025747400527529,0.26464105316223907,-0.07493247427479104,0.02942711604254537,0.038123222774967574,0.029251156114817347,0.19611775898674658,-0.03722276230826255,0.1134692078581977,0.669381552929221,0.520780370648001,False,False
sp|Q9JK53|PRELP_MOUSE,0.03846417551727818,0.019375791437042704,0.050468936667642295,-0.011444555845708276,0.08837290688026464,-0.03645903804009697,0.027978034182617486,0.19617746001109165,-0.1085256783433759,0.035607602263181964,0.32408357087077033,0.520780370648001,False,False
sp|Q9JI18|LRP1B_MOUSE,-0.025791665862722822,0.019323909265101375,0.18566799169363105,-0.07556675760689105,0.0239834258814454,-0.036341858600520735,0.027903117956110845,0.19641566880467898,-0.10821552749225255,0.03553181029121108,0.5921328317698707,0.5208757437405236,False,False
sp|Q60737|CSK21_MOUSE,-0.009941967974040632,0.020371553610924912,0.6268296879835139,-0.06241561272387844,0.04253167677579717,0.03826051339465327,0.029415883481788415,0.19701308115712554,-0.03750978126751738,0.11403080805682392,0.8930625941490823,0.5219225143823027,False,False
sp|Q8QZR3|EST2A_MOUSE,0.015777506478376484,0.01960731069985978,0.4233343632298883,-0.03472757898611023,0.0662825919428632,-0.03680607576188015,0.028312340725401952,0.19724296376509515,-0.10973383265443143,0.03612168113067113,0.7913800554319752,0.5219944827287976,False,False
sp|Q9WVJ3|CBPQ_MOUSE,0.028551306695156712,0.019150741574264992,0.13983199006414554,-0.020777734636527257,0.07788034802684068,0.035859516536859315,0.027653069250266355,0.19834945897224163,-0.035370069571043786,0.10708910264476242,0.5295108447281981,0.524383836605259,False,False
sp|Q80TL0|PPM1E_MOUSE,0.01708672952969142,0.01967386456815814,0.3876561058890585,-0.03358978733902275,0.0677632463984056,0.03681511513607068,0.028408442420565592,0.1986383300296675,-0.03636018331900383,0.10999041359114518,0.7689652423680589,0.5246089228988654,False,False
sp|P99027|RLA2_MOUSE,0.017395659425142124,0.019608734403592416,0.37759904395408683,-0.03311309325713869,0.06790441210742293,0.03665486714347262,0.028314396508869015,0.19910348935793126,-0.036278185096374864,0.1095879193833201,0.7617832475251141,0.5252986527629846,False,False
sp|P13020|GELS_MOUSE,-0.03492527426791504,0.017525813130252064,0.04961071777406472,-0.08006877729734038,0.010218228761510309,-0.03264600738271284,0.025306723621050606,0.20067227226924192,-0.09783180766262813,0.03253979289720245,0.32178236339601174,0.5276414018844476,False,False
sp|P12388|PAI2_MOUSE,-0.009816145414942867,0.01996191308997539,0.6242143285045584,-0.061234626106997855,0.041602335277112115,-0.03716072850202472,0.028824375437590546,0.2009492923261526,-0.1114073994106656,0.03708594240661617,0.8919821841838168,0.5276414018844476,False,False
sp|O88573|AFF1_MOUSE,0.005283912369237822,0.019369570541808285,0.7856969969898899,-0.044608795029509506,0.05517661976798515,-0.036051679469171406,0.027969051405316206,0.2010278993814436,-0.10809518167145044,0.03599182273310763,0.9507057621974679,0.5276414018844476,False,False
sp|Q9CQN1|TRAP1_MOUSE,0.030672925370146896,0.019085326931001848,0.11186619349752007,-0.01848761900653867,0.07983346974683246,0.03548967484068995,0.02755861256026705,0.20144197493628302,-0.03549660695719671,0.1064759566385766,0.4792935911083431,0.5276414018844476,False,False
sp|Q6PEB6|PHOCN_MOUSE,0.030723559531887202,0.01979071260940132,0.12441225436877137,-0.02025393794552344,0.08170105700929785,-0.03678857691320639,0.02857716732156878,0.20159700948959813,-0.11039848191252329,0.03682132808611051,0.5029223783353003,0.5276414018844476,False,False
sp|Q9D2G2|ODO2_MOUSE,0.012572237143806108,0.0193870408619184,0.5184821802557574,-0.03736547081742324,0.06250994510503545,0.03600131935069938,0.02799427799875938,0.20205417976490656,-0.0361071622501993,0.10810980095159806,0.8386253857779996,0.5276414018844476,False,False
sp|P11499|HS90B_MOUSE,0.03853607251038724,0.018626089914914816,0.041702588957611454,-0.009441555702986992,0.08651370072376147,0.03456528673164661,0.0268954887350672,0.2023508739165511,-0.03471290128540883,0.10384347474870206,0.3018167291503963,0.5276414018844476,False,False
sp|Q9DBG6|RPN2_MOUSE,-0.004195921994828183,0.02030273262115998,0.8367815845887457,-0.05649229562253024,0.048100451632873874,0.037670338475123195,0.029316508134444218,0.20242644177884028,-0.03784398225530793,0.11318465920555432,0.9634342245039778,0.5276414018844476,False,False
sp|Q78IK2|ATPMK_MOUSE,-0.016866339790739544,0.020132358933678415,0.40459366585740014,-0.0687238598816729,0.03499118030019381,0.03731199185171057,0.02907049388167595,0.2029321329127553,-0.037568638157349364,0.1121926218607705,0.7781386945131771,0.5276414018844476,False,False
sp|Q9CQX2|CYB5B_MOUSE,-0.03673674656867945,0.019403356096420042,0.06184267932313565,-0.08671647978903241,0.013242986651673498,0.03595796173859868,0.02801783668486867,0.2029687489914538,-0.03621120301633342,0.10812712649353078,0.35705134362572716,0.5276414018844476,False,False
sp|P04202|TGFB1_MOUSE,-0.027322854461084366,0.020099173398427837,0.1777459973252787,-0.07909489427786533,0.024449185355696595,0.03720775927520207,0.029022575011232597,0.20344559781200097,-0.037549439903176905,0.11196495845358104,0.588782206437558,0.5276414018844476,False,False
tr|A0A075B5K7|A0A075B5K7_MOUSE,0.003976837230217395,0.02029758898818981,0.8451523528285003,-0.04830628727695339,0.05625996173738818,-0.03756138235982629,0.02930908089001243,0.2036086483795162,-0.1130565717764054,0.03793380705675282,0.9654510607143304,0.5276414018844476,False,False
sp|Q8CIE6|COPA_MOUSE,0.0220680462644735,0.01950065954780072,0.26107755659218335,-0.02816232403728225,0.07229841656622925,0.03608267252266512,0.02815833981206536,0.20365783306806357,-0.03644840430454047,0.10861374934987073,0.6652718223042088,0.5276414018844476,False,False
sp|Q8CI19|PDGFC_MOUSE,-0.00821091290880746,0.02013587072556445,0.6845012788387855,-0.060077478776188825,0.043655652958573904,0.037226904205498346,0.029075564798843333,0.20403199969418223,-0.037666787620597206,0.1121205960315939,0.9160505102752249,0.5276414018844476,False,False
tr|F7BAB2|F7BAB2_MOUSE,-0.018036530886642477,0.011321593587082202,0.1149834451343217,-0.04719902341112012,0.011125961637835167,0.02092727492851975,0.01634802549409743,0.20411594440754224,-0.021182448194340897,0.0630369980513804,0.4853809364276695,0.5276414018844476,False,False
sp|Q9EQU5|SET_MOUSE,0.01567634082520445,0.01975488778099999,0.429752187883107,-0.03520887800941543,0.06656155965982433,0.036504468367873515,0.028525437394723956,0.20425382160712138,-0.036972189170006046,0.10998112590575307,0.7944091053833456,0.5276414018844476,False,False
sp|Q8CG47|SMC4_MOUSE,-0.0028077053286749373,0.020153950775481117,0.8895444902084434,-0.05472084231844128,0.04910543166109141,0.03722849615814976,0.029101671822973706,0.20441494607439437,-0.03773244290572926,0.11218943522202877,0.9717888839047834,0.5276414018844476,False,False
sp|A6H6E9|TT23L_MOUSE,0.004412974887129119,0.020129464590630298,0.827015961201751,-0.04743708987016637,0.05626303964442461,0.037156248327523324,0.029066314541234577,0.20474075583037968,-0.03771361641395821,0.11202611306900487,0.9614444256331551,0.5276414018844476,False,False
sp|P26039|TLN1_MOUSE,-0.007967121249948582,0.02027169935414591,0.6953268653950572,-0.06018355847909094,0.04424931597919377,0.037413030756380944,0.029271697071725094,0.20480982326445013,-0.03798586432557509,0.11281192583833698,0.9205484207672351,0.5276414018844476,False,False
sp|Q91Y47|FA11_MOUSE,0.014887899079321074,0.017865326435059354,0.40707356843962256,-0.03113013226957162,0.06090593042821377,0.032956032084699556,0.02579697016804799,0.205025406591083,-0.033492559616935265,0.09940462378633438,0.7799214573899018,0.5276414018844476,False,False
sp|Q7TSK7|ATL2_MOUSE,0.05295758550127568,0.01969567556738695,0.008684146512025223,0.0022248872216082613,0.10369028378094311,-0.03630935178323657,0.028439936818302244,0.20531086659968134,-0.10956577443089877,0.036947070864425634,0.12562740038463455,0.5276414018844476,False,False
sp|Q5SX40|MYH1_MOUSE,0.002658852776968988,0.01862532876381699,0.8868341292850138,-0.04531681484110303,0.050634520395041,0.03431996619807535,0.026894389656792007,0.20552239938506683,-0.03495539078095195,0.10359532317710266,0.9717888839047834,0.5276414018844476,False,False
sp|A2AN08|UBR4_MOUSE,-0.028446071875375487,0.020335636953150237,0.1656353973501816,-0.08082720144563174,0.02393505769488077,0.03745156688766503,0.029364020956213117,0.2057608536011911,-0.03818513876137272,0.11308827253670278,0.5671690800222309,0.5276414018844476,False,False
tr|E9Q6R7|E9Q6R7_MOUSE,0.004208231658549772,0.020157891227512784,0.8351505909074131,-0.04771505526302897,0.05613151858012851,-0.0371172057873988,0.029107361711925864,0.20584566780759542,-0.11209280103397473,0.03785838945917713,0.9634342245039778,0.5276414018844476,False,False
sp|Q8VHQ4|RB40C_MOUSE,0.018971947635840654,0.020081457298577382,0.3475622398874893,-0.03275445853180091,0.07069835380348222,-0.03695711953768852,0.028996993519565056,0.20608070798627678,-0.11164842516020176,0.03773418608482471,0.7378176155896825,0.5276414018844476,False,False
tr|A0A075B5K9|A0A075B5K9_MOUSE,-0.032485747095020084,0.020243518884988782,0.11239403099482968,-0.08462959624591976,0.019658102055879582,0.037242002971495484,0.029231005359496347,0.20624193245335662,-0.03805207720569017,0.11253608314868113,0.4799579267192146,0.5276414018844476,False,False
tr|E9PV38|E9PV38_MOUSE,-0.015169075674130651,0.019823910949938104,0.4463546491364526,-0.06623208640992514,0.035893935061663836,0.03646543491429267,0.02862510468244317,0.20629879449855926,-0.03726794854389929,0.11019881837248463,0.7991629674539912,0.5276414018844476,False,False
sp|Q8CFG8|CS1B_MOUSE,0.003916401038072073,0.018879076216439934,0.8361753764286042,-0.04471287670416701,0.052545678780311154,-0.03472246504222301,0.02726079300740117,0.2063631996161247,-0.1049416145086679,0.03549668442422188,0.9634342245039778,0.5276414018844476,False,False
sp|O35161|CELR1_MOUSE,-0.004588866286033404,0.01990424264823574,0.8182408525066956,-0.055858797764306786,0.04668106519223998,-0.03659301919674059,0.02874110113132226,0.20654658981876925,-0.11062518970706292,0.03743915131358175,0.9601625569335521,0.5276414018844476,False,False
sp|Q9D051|ODPB_MOUSE,-0.016938322575788405,0.019831748936522172,0.3955371811941427,-0.06802152262710695,0.03414487747553015,0.03645634901212193,0.02863642248885559,0.20658843151242967,-0.03730618718347903,0.11021888520772288,0.7718290401489944,0.5276414018844476,False,False
sp|P62869|ELOB_MOUSE,0.01981332496346385,0.01961180735278271,0.3153352598156737,-0.03070334311138964,0.07032999303831734,0.03604394166535195,0.028318833750969132,0.20668934708928424,-0.03690054015272397,0.10898842348342787,0.7105527400250299,0.5276414018844476,False,False
sp|Q01730|RSU1_MOUSE,-0.009037354935708262,0.020275858236455647,0.6569741527386408,-0.06126450473577405,0.04318979486435752,0.03724023110603757,0.02927770236713723,0.20698083166697773,-0.038174132591817504,0.11265459480389264,0.9022445030944,0.5276414018844476,False,False
sp|P16546|SPTN1_MOUSE,-0.02578258844456133,0.020044857066182,0.20197765954320532,-0.07741471866108217,0.025849541771959503,0.03681310368416961,0.028944143933710618,0.20701567931670092,-0.03774207042641935,0.11136827779475857,0.6101316189859776,0.5276414018844476,False,False
sp|P11983|TCPA_MOUSE,0.007572545675846915,0.020032628021705617,0.7063994957849963,-0.044028084609557254,0.05917317596125108,0.036780660441482795,0.028926485577638154,0.20713775721939146,-0.0377290287580822,0.11129034964104778,0.9235305937536339,0.5276414018844476,False,False
sp|Q9R0X2|ADEC1_MOUSE,0.015839550351620282,0.02020585286827228,0.43535205122395415,-0.036207277569673055,0.06788637827291362,-0.03709660254948203,0.029176616814561736,0.20716328439035983,-0.11225058711884772,0.03805738201988367,0.7960152796882342,0.5276414018844476,False,False
sp|P02468|LAMC1_MOUSE,0.023850534829063675,0.02022111808029541,0.24161529949096103,-0.028235613672683724,0.07593668333081108,-0.03709036502794701,0.029198659301196448,0.2075787593437776,-0.11230112728030947,0.03812039722441545,0.6507943474782685,0.5280015027648793,False,False
sp|P42932|TCPQ_MOUSE,0.008574410202774854,0.01998541534582014,0.6690240168826924,-0.04290460828858454,0.060053428694134256,0.03663095450696451,0.02885831195675311,0.20791138695090505,-0.03770313108219576,0.11096504009612479,0.9080365837728099,0.5280015027648793,False,False
sp|Q6R891|NEB2_MOUSE,0.004710163080440652,0.01981008939334696,0.8126557860862965,-0.046317245684865706,0.05573757184574701,0.03630818777066447,0.02860514678890264,0.20792892972794014,-0.03737378756050869,0.10999016310183762,0.9583518580992989,0.5280015027648793,False,False
sp|Q9WV54|ASAH1_MOUSE,0.021929895718737064,0.019542307025294546,0.2650630723912045,-0.028407751375966166,0.07226754281344029,0.03580181325187882,0.02821847746129265,0.20812486419664175,-0.03688416789445297,0.1084877943982106,0.669381552929221,0.5280015027648793,False,False
sp|P62717|RL18A_MOUSE,0.01113279507322746,0.019835638719146807,0.5761562856759024,-0.03996042439416006,0.06222601454061498,0.036293705905495105,0.028642039212775677,0.20868933418533553,-0.03748329801216917,0.11007070982315938,0.8686196929832838,0.5280467205472726,False,False
sp|Q62283|TSN7_MOUSE,0.009260388480516324,0.02013303887383147,0.6467623605724566,-0.04259888302018793,0.06111965998122058,-0.036836119754574397,0.02907147569389798,0.20871069645424317,-0.11171927874432641,0.038047039235177625,0.8973269315332452,0.5280467205472726,False,False
sp|Q5SVL6|RPGP2_MOUSE,0.04532327663796286,0.019976440350664385,0.025905573468414576,-0.006132623797875131,0.09677917707380085,-0.03654577541454769,0.02884535234568006,0.20875788796781497,-0.1108464792577434,0.03775492842864801,0.23324074014394244,0.5280467205472726,False,False
sp|Q9QYB5|ADDG_MOUSE,0.016455826143791694,0.020403218929989968,0.42226983758743136,-0.036099383062800104,0.0690110353503835,-0.03729335641059006,0.02946160720781448,0.20915896367830894,-0.11318142758612611,0.038594714764945984,0.7907962413000987,0.5282722063950228,False,False
sp|Q9EQH2|ERAP1_MOUSE,0.02818033478597352,0.015481902487510517,0.07237546391031699,-0.011698403316042685,0.06805907288798972,-0.028268721667692842,0.022355380858374442,0.20962742314573804,-0.08585236677468991,0.029314923439304218,0.3956832687241322,0.5282722063950228,False,False
tr|O35176|O35176_MOUSE,-0.001304024144675382,0.019161938099952713,0.9459092463285368,-0.05066190581532372,0.04805385752597295,0.034968449085604245,0.027669236681642537,0.2098819617954726,-0.036302781565800746,0.10623967973700923,0.9841278017357504,0.5282722063950228,False,False
sp|O09061|PSB1_MOUSE,0.04824842703464147,0.019767712975520393,0.016809652277119218,-0.0026698273118477903,0.09916668138113072,-0.03606553647854769,0.0285439565727331,0.20998692629484011,-0.10958989625782084,0.03745882330072547,0.18622615495054518,0.5282722063950228,False,False
tr|E9QAN8|E9QAN8_MOUSE,0.016309107178620275,0.020272793087857184,0.4234446721204674,-0.03591014732186586,0.0685283616791064,-0.03698301769263498,0.029273276388846678,0.21003601277599995,-0.11238598082591239,0.03841994544064243,0.7913800554319752,0.5282722063950228,False,False
sp|O88668|CREG1_MOUSE,0.025384545393286474,0.019381208241756653,0.19393793524349265,-0.024538138734013774,0.07530722952058672,0.03535324350178746,0.027985855878466137,0.210077957028545,-0.03673354415486187,0.10744003115843678,0.5995262059075294,0.5282722063950228,False,False
sp|Q3UHQ6|DOP2_MOUSE,-0.02175400617116658,0.01999027374366956,0.2796819414128869,-0.07324553906607481,0.02973752672374165,0.036445525267074605,0.028865327330630634,0.210309803852564,-0.037906630727694735,0.11079768126184394,0.6819895825172194,0.5283392633369292,False,False
sp|Q8BSL7|ARF2_MOUSE,0.019519915705106677,0.01964152921989502,0.3232397949025997,-0.031073310826010888,0.07011314223622424,0.03577258092431109,0.02836175119342517,0.2107784997998389,-0.03728244889967646,0.10882761074829864,0.7150708521255964,0.5285776738705829,False,False
tr|Q9Z1A1|Q9Z1A1_MOUSE,-0.030498234528586847,0.02027466968363751,0.13635827376576126,-0.08272232281947486,0.021725853762301163,0.03691747356073059,0.02927598613420389,0.21087923949820023,-0.03849246941404308,0.11232741653550427,0.5248468683809197,0.5285776738705829,False,False
sp|Q9Z1T1|AP3B1_MOUSE,-0.0038680765866832955,0.020250369817214623,0.8489878396864715,-0.056029572569566914,0.04829341939620032,0.03686170480100454,0.02924089789042187,0.21102052378212005,-0.03845785684722534,0.11218126644923443,0.9657706868987608,0.5285776738705829,False,False
sp|Q91WS0|CISD1_MOUSE,-0.013860597254050613,0.01965933539168646,0.4827838691434272,-0.06449968944425259,0.036778494936151374,0.03572925630809653,0.028387462746146053,0.2117363693221333,-0.03739200208682921,0.10885051470302226,0.819677896606254,0.5298553459713248,False,False
sp|P07724|ALBU_MOUSE,0.06847887522655748,0.01848239848307627,0.00038236434007170273,0.020871371613981872,0.11608637883913309,-0.03356085478533895,0.026688002821276747,0.21213290340968904,-0.10230459450557931,0.03518288493490142,0.018934387993935282,0.5302167611674669,False,False
sp|Q9QUM9|PSA6_MOUSE,0.049165392594234206,0.01967485238398227,0.014454459199066856,-0.0015136687194262644,0.09984445390789468,-0.035704802783658805,0.028409868795585335,0.2124035098583828,-0.108883775337307,0.0374741697699894,0.17556713413960923,0.5302167611674669,False,False
sp|P01844|LAC2_MOUSE,-0.029450920369308773,0.019188430252313614,0.12867591118475116,-0.0788770413023224,0.019975200563704856,-0.03480974702746464,0.02770749051745269,0.21256385230327324,-0.10617951303012255,0.03656001897519328,0.5097764444348968,0.5302167611674669,False,False
sp|Q9QUM4|SLAF1_MOUSE,-0.020674839730656487,0.02007790260403847,0.30616406326742907,-0.07239208961193955,0.03104241015062658,0.03641203898706237,0.028991860652314624,0.2127044327324246,-0.038266045245575975,0.11109012321970071,0.71047970557432,0.5302167611674669,False,False
sp|Q9JHI7|EXOS9_MOUSE,-0.002458298759106479,0.020269097938151803,0.9037635279322066,-0.05466803518470049,0.049751437666487534,0.03674056514043983,0.02926794070874798,0.2129290196988534,-0.03864865419168499,0.11212978447256465,0.9763568171657736,0.5302632743951137,False,False
sp|Q9QUG9|GRP2_MOUSE,-0.004583476135026693,0.020329873888906554,0.8221861098536902,-0.05694976103552584,0.04778280876547245,0.03681901407239764,0.029355699272480596,0.21331934008120046,-0.038796256339827015,0.1124342844846223,0.9612305140240618,0.5306466580024458,False,False
sp|Q69ZR2|HECD1_MOUSE,0.008924885121373363,0.019590909525641794,0.6499086319648552,-0.041537953717950056,0.05938772396069678,0.035466940279240564,0.028288657945041883,0.21349512143321703,-0.03739981381366973,0.10833369437215086,0.8973269315332452,0.5306466580024458,False,False
sp|Q61292|LAMB2_MOUSE,-0.005934509665886008,0.018847759987207738,0.7536635838952414,-0.05448312214719215,0.04261410281542013,-0.03408747806472606,0.02721557335612778,0.21394846283353042,-0.10419014942832469,0.036015193298872566,0.942480654859813,0.5312606478267511,False,False
sp|Q9CR68|UCRI_MOUSE,0.013942744696163164,0.019862743851812536,0.48469515936370083,-0.03722029296622133,0.06510578235854765,0.035870234544127584,0.028681178172890426,0.21461761355314485,-0.03800758465391068,0.10974805374216584,0.819677896606254,0.5319160774261676,False,False
sp|Q6ZQ38|CAND1_MOUSE,-0.030047339710882377,0.020339584655165808,0.14343010646877968,-0.08243863788767201,0.022343958465907265,0.03673072158398583,0.02936972131391429,0.21462555512457795,-0.038920667213459305,0.11238211038143098,0.5376019274484828,0.5319160774261676,False,False
sp|Q9EST5|AN32B_MOUSE,0.0003075136595209393,0.02022766135302674,0.9879074517087141,-0.05179548919586894,0.05241051651491082,0.036480215903068436,0.029208107581476416,0.21522775652327913,-0.03875488350650731,0.11171531531264418,0.9968110063283458,0.5325322843650084,False,False
sp|Q8BGC0|HTSF1_MOUSE,0.04081080749971914,0.019777359146263895,0.04222706934731236,-0.010132293736038266,0.09175390873547654,-0.03565618607279681,0.028557885340271188,0.21537965768442893,-0.10921642397965689,0.03790405183406328,0.3045217853235957,0.5325322843650084,False,False
sp|O35292|RNS2B_MOUSE,0.022813963138198265,0.019232725475429015,0.23896685009061883,-0.026726254728523247,0.07235418100491978,0.03464704717647639,0.027771451428183803,0.21573685742171098,-0.03688747121432441,0.10618156556727719,0.6463651669993105,0.5325322843650084,False,False
sp|Q91YW3|DNJC3_MOUSE,0.0021285584667855946,0.019661381971189426,0.9140532246918044,-0.04851580536287217,0.052772922296443356,-0.035405807862293553,0.028390417942659063,0.2159095771714927,-0.10853467833899526,0.03772306261440815,0.9785482611772603,0.5325322843650084,False,False
tr|J3QNT6|J3QNT6_MOUSE,-0.02875491261525912,0.020250071047168583,0.15940125451401926,-0.08091563901750312,0.02340581378698488,0.036439814275426356,0.029240466475860663,0.2162352264949986,-0.03887863612253479,0.11175826467338751,0.5576878130076082,0.5325322843650084,False,False
sp|P49182|HEP2_MOUSE,-0.052212466658311925,0.018992812683929976,0.007349505636303305,-0.101134710126394,-0.0032902231902298545,0.03417356728495197,0.02742502489364882,0.21628612073951087,-0.03646861548666673,0.10481575005657066,0.1146968303847334,0.5325322843650084,False,False
sp|Q5RJI4|PKDCC_MOUSE,-0.02844087589628892,0.019240018599273358,0.14318136671146878,-0.0779998796051231,0.021118127812545264,-0.034615644233833905,0.02778198246991586,0.21632185221196074,-0.10617728879052504,0.03694600032285723,0.5374519231516502,0.5325322843650084,False,False
sp|P18181|CD48_MOUSE,0.025333942445244957,0.020349035032255682,0.21668892449882154,-0.027081698289782373,0.07774958318027228,-0.03658970205644188,0.029383367361567013,0.21658582942531315,-0.11227624074330853,0.039096836630424764,0.624131969333854,0.5326728851673175,False,False
sp|Q9D6X6|PRS23_MOUSE,-0.011023123532374432,0.01840733186319735,0.550927595300605,-0.05843726834574754,0.03639102128099868,-0.03304160145999097,0.026579608980242163,0.21736689909108622,-0.10150613714817025,0.0354229342281883,0.8557349860654497,0.5340837453812471,False,False
sp|P62311|LSM3_MOUSE,0.012566943654618119,0.01992681842972707,0.5300200365315181,-0.038761139183171145,0.06389502649240739,0.03569408007885114,0.02877369985062186,0.21832429486680344,-0.03842205916790127,0.10981021932560354,0.8432281626825728,0.5355968265371436,False,False
sp|Q61133|GSTT2_MOUSE,0.0029510050056282657,0.020300414730914467,0.8847780593456145,-0.04933939813245698,0.05524140814371352,-0.0363442228713902,0.02931316117374167,0.21856354729932506,-0.11184992240236588,0.03916147665958548,0.9717888839047834,0.5355968265371436,False,False
sp|Q9JHI0|MMP19_MOUSE,-0.043196577457613836,0.018014363852133997,0.01876078512769545,-0.08959850375273264,0.003205348837504965,0.032248411754121,0.026012175516585738,0.2186067047341895,-0.0347545121905578,0.09925133569879979,0.19897341894557052,0.5355968265371436,False,False
sp|Q9WVE8|PACN2_MOUSE,-0.028775301947524836,0.020348127103732388,0.1611035627600664,-0.08118860401365634,0.023638000118606662,0.03639575017948314,0.029382056341300172,0.21898836261825566,-0.03928741154296263,0.11207891190192891,0.5605968569015825,0.5356710951184587,False,False
tr|E9Q5I3|E9Q5I3_MOUSE,0.030150980109148916,0.020214448934834744,0.13965282047165495,-0.02191798981229127,0.0822199500305891,-0.03615152155805432,0.029189029264649367,0.2190530730717425,-0.11133747848008457,0.03903443536397594,0.5295108447281981,0.5356710951184587,False,False
sp|Q8VE88|F1142_MOUSE,-0.023141298803056275,0.020307697357892493,0.2577985806735743,-0.07545046074511834,0.02916786313900579,0.03628266374508692,0.0293236770583285,0.21950121326121352,-0.03925012290956025,0.11181545039973409,0.6638313452344539,0.5362577079199476,False,False
sp|Q3TVC7|CCDB1_MOUSE,-0.008120425104440696,0.020273308923894975,0.6897949279315189,-0.0603410083105088,0.0441001581016274,0.03620190784634818,0.02927402123988127,0.21974490022766138,-0.0392029738960509,0.11160678958874726,0.9160505102752249,0.5363441877594578,False,False
sp|A6H6E2|MMRN2_MOUSE,0.03299673567316958,0.020293170455587848,0.10778655003366329,-0.019275007448246388,0.08526847879458554,-0.036192424057468496,0.029302700667734726,0.22031219638610913,-0.11167117911054153,0.039286330995604545,0.4696283694360118,0.5372196076649915,False,False
sp|O35658|C1QBP_MOUSE,-0.012020106674093617,0.02026158286960551,0.5546492006769848,-0.06421048556590792,0.040170272217720675,0.036072923946854296,0.02925708918583827,0.22111241572967313,-0.03928834371457156,0.11143419160828015,0.8557349860654497,0.5381508801291598,False,False
sp|Q78ZA7|NP1L4_MOUSE,-0.01323821264013259,0.020157972647917667,0.5131976669926145,-0.06516170928677614,0.03868528400651096,0.0358740995463581,0.02910747928043285,0.22129558364355506,-0.0391017985366233,0.1108499976293395,0.8353249004462594,0.5381508801291598,False,False
sp|P19096|FAS_MOUSE,0.024840100523118108,0.019254024993212604,0.20063361339680053,-0.024754981265661835,0.07443518231189805,0.03426348202441343,0.027802207262780744,0.22132108041040008,-0.03735025814639728,0.10587722219522414,0.6078018288197192,0.5381508801291598,False,False
sp|Q9EQG7|ENPP5_MOUSE,0.008248469703983767,0.016815608565328873,0.625072792849251,-0.035065667595598225,0.05156260700356576,-0.029908310870204534,0.024281210538984483,0.22156421999978823,-0.09245256450216116,0.032635942761752086,0.8925697568007431,0.5382338363202402,False,False
sp|Q922D8|C1TC_MOUSE,0.025206387177734626,0.01929650622106417,0.19511407362505595,-0.024498119002596113,0.07491089335806536,0.03429472350747352,0.027863548821333982,0.22191288791773858,-0.03747702204738397,0.10606646906233101,0.6000141298068339,0.5385727487164721,False,False
sp|Q61470|CD37_MOUSE,0.0383081975533828,0.02018075211720027,0.061180797476275035,-0.01367397511775817,0.09029037022452377,-0.035837900144740586,0.0291403721185046,0.22227513121905657,-0.11089852456390409,0.039222724274422915,0.35581987938898485,0.5389439386902737,False,False
sp|P98064|MASP1_MOUSE,-0.015216256779598111,0.019496132665740552,0.4373581850749162,-0.06543496660588956,0.03500245304669334,-0.03458422204923996,0.028151803136573592,0.22277711628425456,-0.10709846151616606,0.037930017417686146,0.7960152796882342,0.5389551792678282,False,False
sp|Q9JI39|ABCBA_MOUSE,-0.009978138034164955,0.020123423239452754,0.6213287855386949,-0.0618126413020643,0.04185636523373439,0.035648872290665656,0.0290575910199114,0.2233954986768425,-0.03919852214896151,0.11049626673029282,0.8893225524649893,0.5389551792678282,False,False
tr|A0A140T8N9|A0A140T8N9_MOUSE,0.03125586353265599,0.019815307390939434,0.11856309737462357,-0.01978498590375491,0.08229671296906689,-0.035097736231491594,0.028612681413513016,0.2234648412683576,-0.10879911946952739,0.0386036470065442,0.4919309261538196,0.5389551792678282,False,False
sp|P83940|ELOC_MOUSE,-0.006309389651483766,0.02036621094865713,0.7575013085892964,-0.05876927261529326,0.04615049331232572,0.036065696789741565,0.029408168845302993,0.22356436269937272,-0.03968472628570371,0.11181611986518683,0.9427370204866826,0.5389551792678282,False,False
sp|Q60997|DMBT1_MOUSE,0.005988958874278481,0.020113574124236873,0.7666416777023803,-0.04582017475403377,0.05779809250259073,0.035615230459700054,0.0290433692069303,0.2236040683750316,-0.03919553101730079,0.1104259919367009,0.9448154558398885,0.5389551792678282,False,False
sp|P01803|HVM34_MOUSE,0.02389104389109374,0.02035047710939298,0.2438016222328025,-0.028528311388481817,0.0763103991706693,-0.03603461471685225,0.029385449675653246,0.22360535867236817,-0.11172651708936142,0.03965728765565692,0.6525875023383227,0.5389551792678282,False,False
sp|Q8VDN2|AT1A1_MOUSE,0.004013020769798793,0.020178660136582607,0.8428532029309992,-0.047963763316364746,0.05598980485596233,0.03570718987118301,0.02913735136420816,0.2239032947047948,-0.03934565360054489,0.1107600333429109,0.9654510607143304,0.5389551792678282,False,False
sp|Q00690|LYAM2_MOUSE,0.020637619257599046,0.020419163021208917,0.3151338000951564,-0.031958659206372975,0.07323389772157107,-0.036119689687272034,0.02948462997468231,0.2240695321246645,-0.11206706358035501,0.03982768420581093,0.7105527400250299,0.5389551792678282,False,False
sp|Q64471|GSTT1_MOUSE,0.004723695101258652,0.02014723363434565,0.8152132936123612,-0.04717213967953488,0.05661952988205219,0.03563137764782817,0.0290919724821799,0.22416349397896856,-0.039304577569809054,0.1105673328654654,0.9594032134606171,0.5389551792678282,False,False
sp|Q921F2|TADBP_MOUSE,0.029659115289399227,0.019201878956163928,0.12629513172563162,-0.019801647209086788,0.07911987778788523,0.033920987950887535,0.0277269100233479,0.22468423143500038,-0.03749879938411571,0.10534077528589078,0.5071896901968753,0.5392959844037732,False,False
sp|Q80V70|MEGF6_MOUSE,-0.031528658729859424,0.01910260647659401,0.1026681336552924,-0.08073371226643328,0.017676394806714436,-0.03374268921031791,0.027583563681299106,0.22472411311271792,-0.10479324083691532,0.03730786241627951,0.46218609119296844,0.5392959844037732,False,False
sp|P40240|CD9_MOUSE,-0.009763943145408236,0.02017791419649994,0.6297518984674492,-0.061738805817248145,0.04221091952643167,0.035623927965952165,0.02913627425016103,0.2249584831500807,-0.03942614104384988,0.11067399697575421,0.8934630156793685,0.5393557673291041,False,False
sp|P09055|ITB1_MOUSE,-0.002474386693920049,0.019193612560461162,0.8977388501442437,-0.051913856368120154,0.04696508298028006,-0.03384551538356996,0.027714973607625707,0.22551004270628636,-0.10523455654917664,0.03754352578203672,0.9749799827589319,0.5401752185755232,False,False
sp|Q3U308|CTU2_MOUSE,0.017877312412060323,0.020335893358860463,0.38191518804223723,-0.03450447761553793,0.07025910243965858,-0.03582119518287549,0.029364391198004203,0.22600521401141369,-0.11145885451156812,0.03981646414581713,0.7653164273998139,0.5406751176522038,False,False
sp|Q80YC5|FA12_MOUSE,0.013724885433201531,0.020303146531589558,0.5009441043332131,-0.038572554357114076,0.06602232522351714,-0.035753138738660616,0.029317105808102345,0.22613868027628098,-0.11126899897441431,0.03976272149709307,0.829004542839347,0.5406751176522038,False,False
sp|P51881|ADT2_MOUSE,-0.0029981741096611527,0.01961953365711004,0.8789189721137736,-0.053534743825609125,0.04753839560628682,0.03452123391536359,0.02832999029171111,0.22651292898166844,-0.038451985247281745,0.10749445307800892,0.9717888839047834,0.5409658047917124,False,False
sp|Q61268|APOC4_MOUSE,-0.04776832782055193,0.017923017753925786,0.009264232332996204,-0.09393496215914116,-0.0016016934819627002,-0.03152468335359456,0.025880274620231528,0.22668042849330397,-0.09818785310427983,0.0351384863970907,0.13179778042798465,0.5409658047917124,False,False
sp|Q04857|CO6A1_MOUSE,-0.003057016688019838,0.020203767315927254,0.8801034079025292,-0.05509847258246877,0.048984439206429094,-0.03547966742773554,0.02917360534248905,0.2274146657317861,-0.11062589495908959,0.03966656010361851,0.9717888839047834,0.5422155224623604,False,False
sp|Q8BMJ3|IF1AX_MOUSE,-0.02529901567949119,0.020344609505392144,0.2172181766589048,-0.07770325701273978,0.027105225653757396,0.03565238383264657,0.029376977039795308,0.2283783074610761,-0.04001769447614141,0.11132246214143456,0.6241970540392059,0.5435941700521976,False,False
tr|A0A075B5R0|A0A075B5R0_MOUSE,0.011868220268795911,0.019981114845676353,0.5541660462817043,-0.03959972086827321,0.06333616140586502,-0.035000581835536906,0.028852102169637253,0.22857335090015476,-0.10931867207307534,0.03931750840200153,0.8557349860654497,0.5435941700521976,False,False
sp|Q8BTM8|FLNA_MOUSE,-0.011792906564881127,0.020341887225343518,0.5636827407510402,-0.06419013576940799,0.04060432263964574,0.03562845763975933,0.029373046152920176,0.22862620822001165,-0.04003149537542676,0.11128841065494542,0.8624343533708358,0.5435941700521976,False,False
sp|Q9WVL0|MAAI_MOUSE,0.013935953879347367,0.019901643762013244,0.48575862921209456,-0.037327283311637524,0.06519919107033226,0.03481947730646641,0.02873734842125589,0.22912815608497097,-0.03920302686329924,0.10884198147623206,0.819677896606254,0.5442850571206644,False,False
sp|Q8VBT6|APOBR_MOUSE,-0.03226392122274043,0.020204638162836665,0.11414437488264507,-0.08430762027017753,0.01977977782469667,0.035277285488392277,0.029174862818070295,0.23007351082631503,-0.039872181085412434,0.11042675206219699,0.4834239561230445,0.5460269957398721,False,False
tr|Q3UQ05|Q3UQ05_MOUSE,-0.014106936584492868,0.020408604661539664,0.4913764876108317,-0.06667601851623142,0.03846214534724568,0.035550874386667805,0.029469384034990054,0.23114526129843155,-0.04035722856819571,0.11145897734153132,0.823759411196544,0.5480654215869809,False,False
sp|P58404|STRN4_MOUSE,0.020603732492852467,0.020355772728813913,0.3144287656291308,-0.03182926339840798,0.0730367283841129,-0.035417661004980026,0.029393096383745577,0.23168276489757397,-0.11112925999226911,0.04029393798230905,0.7105527400250299,0.5483561679413488,False,False
sp|Q8K274|KT3K_MOUSE,-0.011630352130070994,0.02032939123897007,0.5688224225562574,-0.0639953938067204,0.040734689546578405,0.03537091605674318,0.029355002341133817,0.23169379057094658,-0.04024255917929588,0.11098439129278224,0.8641402584556713,0.5483561679413488,False,False
sp|Q3TYS2|CYBC1_MOUSE,-0.008425325399928834,0.020372629603312487,0.6802752307324967,-0.06090174172248895,0.04405109092263128,0.035424152055497,0.029417437180995883,0.23198099279572143,-0.04035014467062115,0.11119844878161517,0.9128237202377171,0.548527584917506,False,False
sp|Q99PI5|LPIN2_MOUSE / sp|Q91ZP3|LPIN1_MOUSE,-0.01224928401358151,0.01957597378347765,0.5332294856823282,-0.06267365093056829,0.03817508290340526,0.034006544988312626,0.0282670912025339,0.23242143046904706,-0.03880465685726352,0.10681774683388877,0.8460048833222398,0.548527584917506,False,False
sp|Q60631|GRB2_MOUSE,0.013428328764312835,0.020003754477687593,0.5039222190454788,-0.038097928200312395,0.06495458572893807,-0.034747260821229434,0.028884793087081865,0.23245349443035948,-0.10914955728188161,0.03965503563942274,0.830658946574362,0.548527584917506,False,False
sp|P47754|CAZA2_MOUSE,0.009243931010635144,0.01950119270703387,0.6367462963020923,-0.04098781261829681,0.05947567463956709,0.03386223768927375,0.028159109677249876,0.232618300089288,-0.0386708221792339,0.1063952975577814,0.8954788164816426,0.548527584917506,False,False
sp|O70325|GPX4_MOUSE,-0.0006144599568041335,0.019642327348995802,0.9751203093767351,-0.05120974233224751,0.04998082241863924,0.03405244790959095,0.028362903666775036,0.2333639586373591,-0.039005550489022746,0.10711044630820465,0.9939447960749526,0.5492947815965776,False,False
tr|A8R0W3|A8R0W3_MOUSE,-0.03422416274701868,0.01926457137170873,0.07935391782360908,-0.08384641020657527,0.015398084712537903,0.03339532420997041,0.027817435902035365,0.2333949864443919,-0.03825764233608552,0.10504829075602634,0.41113951387483577,0.5492947815965776,False,False
sp|P70670|NACAM_MOUSE,0.0036948534517678264,0.020194169578650844,0.8552760510806626,-0.048321880309756766,0.055711587213292425,0.034977076716397215,0.029159746511356003,0.23378857952876683,-0.04013345283161139,0.11008760626440582,0.9672875961020359,0.5492947815965776,False,False
sp|Q9EST1|GSDMA_MOUSE / sp|Q5Y4Y6|GSDA3_MOUSE / sp|Q32M21|GSDA2_MOUSE,0.011389641187209948,0.020253427300235643,0.5754074674887909,-0.040779730350034314,0.06355901272445422,-0.03507282536236033,0.02924531279985939,0.2338796160183129,-0.11040375906369188,0.04025810833897122,0.8680883559270176,0.5492947815965776,False,False
sp|Q9D9K3|AVEN_MOUSE,-0.015476782496400911,0.02039328125046546,0.45007896390820706,-0.06800639393686421,0.03705282894406238,0.03530506187557892,0.029447257510753798,0.23401024287823133,-0.04054604692977116,0.111156170680929,0.8031554622755601,0.5492947815965776,False,False
sp|P28063|PSB8_MOUSE,0.05421190833870604,0.01938788286140796,0.006439840452560127,0.00427203153051791,0.10415178514689416,-0.03349375610564659,0.027995493819572545,0.23498906627770083,-0.10560536945342368,0.0386178572421305,0.10838293572119168,0.5510900233743895,False,False
sp|P62196|PRS8_MOUSE,-0.02538996245361626,0.020388336187600747,0.21656175859457855,-0.07790683625624474,0.027126911349012215,0.03517129145725365,0.029440116995316602,0.23565921319596533,-0.04066142459919086,0.11100400751369816,0.624131969333854,0.5521587570333127,False,False
sp|P46471|PRS7_MOUSE,-0.02255508636990906,0.0203965283409321,0.27203411589820337,-0.07509306176114759,0.029982889021329475,0.03510215623357382,0.02945194620738665,0.23676000001893785,-0.0407610298539586,0.11096534232110625,0.6726549628833807,0.5535786691721511,False,False
sp|P10639|THIO_MOUSE,0.012668456326188706,0.01995598484661214,0.5273132177697781,-0.03873475422289266,0.06407166687527006,0.03433467189602573,0.028815815240398147,0.23688609475389574,-0.03988994940584282,0.10855929319789429,0.842878758365086,0.5535786691721511,False,False
sp|P05977|MYL1_MOUSE,-0.002177466847215009,0.01866199211010526,0.9073995479858574,-0.05024757298702252,0.0458926392925925,-0.03209408540604636,0.02694733037712518,0.23709242013361634,-0.10150580864385884,0.03731763783176613,0.9767336082495744,0.5535786691721511,False,False
sp|P19253|RL13A_MOUSE,0.00781510848235671,0.01991902138579334,0.6958220118373121,-0.043492890501187,0.059123107465900424,0.03424103075938542,0.028762441164110395,0.2372938970543723,-0.03984610803273128,0.10832816955150212,0.9206279463358953,0.5535786691721511,False,False
tr|A0A140T8N4|A0A140T8N4_MOUSE,0.04513130434719029,0.019209711132001556,0.02120882707315175,-0.004349632499328841,0.09461224119370942,-0.03297740984441729,0.027738219439224995,0.23791848352091385,-0.10442632830424278,0.03847150861540819,0.213330975442835,0.5535786691721511,False,False
sp|P63073|IF4E_MOUSE,-0.0005162693387864714,0.02007930388278433,0.9795499076100009,-0.05223712867492557,0.051204589997352626,0.03446058509696614,0.028993884054805227,0.23804889388360656,-0.04022271107510037,0.10914388126903266,0.9942219204161421,0.5535786691721511,False,False
sp|Q6PDN3|MYLK_MOUSE,-0.00782690003810112,0.020325173566596712,0.7011721973320054,-0.06018107771065845,0.044527277634456214,0.03488047128601455,0.029348912154716588,0.2380766606757745,-0.04071731666938693,0.11047825924141602,0.9211828612907725,0.5535786691721511,False,False
sp|Q8C0J2|A16L1_MOUSE,-0.009373401697062808,0.020348222316282586,0.6462693360293331,-0.061786949014471175,0.04304014562034556,0.03491148045824885,0.02938219382523174,0.238190560032299,-0.04077203539933663,0.11059499631583433,0.8973269315332452,0.5535786691721511,False,False
sp|Q9ES82|POPD2_MOUSE,-0.008396404862976013,0.020092190678727247,0.677116952606696,-0.06015045838573373,0.0433576486597817,-0.034471502582138026,0.029012492183333384,0.23820006424960913,-0.10920273011695159,0.040259724952675525,0.9104836307896825,0.5535786691721511,False,False
sp|P61924|COPZ1_MOUSE,-0.0005181284780546665,0.01995455338560996,0.9793480015536468,-0.05191765182793972,0.05088139487183039,0.034209539647979605,0.02881374825567754,0.23855130632187913,-0.04000975745407561,0.10842883675003481,0.9942219204161421,0.553895053001658,False,False
sp|B2RWS6|EP300_MOUSE,-0.014991882800007447,0.019733571499749414,0.44960383999766523,-0.06582219453273941,0.035838428932724514,-0.03379848904738849,0.02849465735420728,0.2389947923075242,-0.10719586245494078,0.03959888436016381,0.8028639999958307,0.554424856028716,False,False
tr|A0A140T8N8|A0A140T8N8_MOUSE,0.008609628726391544,0.01971220450110071,0.6634287378865013,-0.04216564526509219,0.05938490271787528,-0.03374079789517935,0.02846380407936089,0.23928591942698274,-0.10705869853327186,0.039577102742913164,0.9065850466649934,0.5546005783298655,False,False
sp|O09172|GSH0_MOUSE,-0.015863683773601468,0.02030696665435446,0.43693790749528666,-0.06817096354807806,0.03644359600087513,0.0347137110499916,0.0293226219453732,0.23989123363366865,-0.040816357813786744,0.11024377991376995,0.7960152796882342,0.5555035311211302,False,False
sp|O35326|SRSF5_MOUSE,0.042594415070113266,0.018307217737546663,0.02245217762064411,-0.004561852844709634,0.08975068298493616,0.03127941697371777,0.0264350473276914,0.2401270275452813,-0.03681275257365179,0.09937158652108732,0.21987157787376144,0.5555499514187775,False,False
sp|Q8BU04|UBR7_MOUSE,0.01288047726623371,0.019857840340636066,0.5183871697143516,-0.038269929788372146,0.06403088432083956,0.033901598284143235,0.02867409765678579,0.24050079445218991,-0.039957982713028466,0.10776117928131493,0.8386253857779996,0.5559152115928088,False,False
tr|A0A075B5T3|A0A075B5T3_MOUSE,0.013107608685308178,0.02016498826136451,0.5174974317258968,-0.03883395898403413,0.06504917635465049,-0.034403559924886896,0.029117609605868365,0.24080443940649862,-0.10940555199697957,0.040598432147205786,0.8384496561024748,0.5560121158256793,False,False
sp|P20060|HEXB_MOUSE,-0.015492926000147287,0.020442613856348938,0.4506989707504003,-0.06814960981246568,0.0371637578121711,0.03485029396801926,0.029518492243962524,0.24116471560178376,-0.04118430335056034,0.11088489128659887,0.803704882051441,0.5560121158256793,False,False
sp|P01668|KV3AG_MOUSE / sp|P01665|KV3AD_MOUSE / sp|P01664|KV3AC_MOUSE / sp|P01666|KV3AE_MOUSE,-0.003968270610694577,0.020163422886314678,0.8444667945909475,-0.05590580614111247,0.04796926491972332,-0.034372433563897256,0.029115349253469595,0.24119049839894516,-0.10936860335404484,0.04062373622625033,0.9654510607143304,0.5560121158256793,False,False
sp|Q8K135|K319L_MOUSE,0.009341259408971049,0.020395494182605143,0.6481595135768417,-0.043194052166944406,0.061876570984886504,-0.03464557378485579,0.029450452915248577,0.2428381072007081,-0.11050491340674022,0.04121376583702864,0.8973269315332452,0.5576252214994498,False,False
sp|O54833|CSK22_MOUSE,-0.015442631444271175,0.020434191430903293,0.45197949195042947,-0.06807762052631972,0.03719235763777736,0.03469551400767907,0.02950633052619298,0.2430507723821917,-0.041307756801888244,0.11069878481724638,0.8048199909662493,0.5576252214994498,False,False
sp|O88312|AGR2_MOUSE,0.016207125049857864,0.02016201192906701,0.4238109112391044,-0.035726776095535435,0.06814102619525117,-0.03422119730683317,0.029113311875526415,0.24321706678292096,-0.10921211915917231,0.04076972454550596,0.7913800554319752,0.5576252214994498,False,False
sp|Q9Z2I9|SUCB1_MOUSE,0.007392034596912473,0.01999200662456982,0.7125223521892985,-0.0441039619033982,0.058888031097223154,0.03390712124686298,0.02886782955621555,0.24356880773686443,-0.04045148005389209,0.10826572254761804,0.9252370433118727,0.5576252214994498,False,False
sp|Q01279|EGFR_MOUSE,-0.021678661058108846,0.019168502810416495,0.26137210860487514,-0.07105345230233912,0.027696130186121416,0.03250517916442888,0.02767871591733474,0.24364433600876026,-0.03879046838004732,0.10380082670890509,0.6652718223042088,0.5576252214994498,False,False
sp|Q9ERK4|XPO2_MOUSE,0.030183063666931624,0.01923018025337753,0.12036678061979526,-0.019350598142245636,0.07971672547610889,0.03259045907265364,0.027767776207494616,0.24392130286155633,-0.038934592576998946,0.10411551072230624,0.49288203900638444,0.5576252214994498,False,False
sp|Q9CWJ9|PUR9_MOUSE,0.009640221632687346,0.020041837141217347,0.6317940207535916,-0.041984129772615016,0.061264573037989704,0.033952629985261946,0.02893978325692667,0.24410569290831396,-0.040591311766283604,0.10849657173680749,0.8934630156793685,0.5576252214994498,False,False
sp|Q52KR3|PRUN2_MOUSE,0.012628041690049063,0.01983701872235408,0.5261652414944192,-0.038468732430038746,0.06372481581013688,0.03360432960745041,0.028644031894056888,0.24412406454936228,-0.04017780711705063,0.10738646633195145,0.8425842642090358,0.5576252214994498,False,False
sp|Q9R059|FHL3_MOUSE,0.026303969778690983,0.02008575991762192,0.1939943346618175,-0.025433519201167508,0.07804145875854948,-0.03402327324047664,0.029003206366307037,0.24415745771114716,-0.10873058209568634,0.040684035614733056,0.5995262059075294,0.5576252214994498,False,False
sp|Q8BSY0|ASPH_MOUSE,-0.010199013057103452,0.019428228554007547,0.6010285439592966,-0.06024281348256157,0.039844787368354666,-0.03290305347942511,0.028053751732305572,0.2442488164133991,-0.10516472926598353,0.0393586223071333,0.8800818144233482,0.5576252214994498,False,False
sp|Q00612|G6PD1_MOUSE,-0.02241300983416916,0.019636199795180255,0.2570205383760117,-0.07299250867693538,0.02816648900859706,0.033253595561412996,0.028354055671550464,0.24427233003937066,-0.03978161191182358,0.10628880303464958,0.6633380598922038,0.5576252214994498,False,False
sp|P58774|TPM2_MOUSE,-0.009449138385737063,0.01941333194031857,0.6277449690911996,-0.05945456767713146,0.040556290905657336,0.03285086144490191,0.028032241490086582,0.2446326458942536,-0.039355407629422405,0.10505713051922622,0.8930625941490823,0.5576850124524246,False,False
tr|Q8JZX1|Q8JZX1_MOUSE,-0.014041757431416203,0.020047100484051696,0.4856362972669564,-0.0656796663094259,0.0375961514465935,0.03391049514014533,0.028947383358641887,0.2448094749804457,-0.04065302317610823,0.1084740134563989,0.819677896606254,0.5576850124524246,False,False
sp|P28656|NP1L1_MOUSE,-0.01264868606041727,0.0200121223977446,0.5291117390803547,-0.0641964973587351,0.03889912523790056,0.033841291493203085,0.028896876100782395,0.24494825207133683,-0.04059212874821409,0.10827471173462026,0.8429958338580071,0.5576850124524246,False,False
tr|A2AS37|A2AS37_MOUSE,-0.030843276342177983,0.01980117533309352,0.12316788670153483,-0.08184772400986992,0.02016117132551396,0.03345028722018487,0.028592275165914383,0.24542778030417747,-0.04019853300731089,0.10709910744768064,0.5002481202783158,0.5577045986998409,False,False
sp|Q9DBG3|AP2B1_MOUSE,0.009276624874024942,0.020069723741309414,0.6451477516946588,-0.04241955765297092,0.0609728074010208,0.033899639305385185,0.02898005063145679,0.2454872886106921,-0.04074802432945203,0.1085473029402224,0.8973269315332452,0.5577045986998409,False,False
sp|P62257|UBE2H_MOUSE,-0.006095106482930208,0.020147323971994847,0.7630165377217829,-0.05799117395808776,0.04580096099222735,0.03402204242493645,0.029092102926907563,0.2456066077381047,-0.04091424879605278,0.10895833364592568,0.9432819457005267,0.5577045986998409,False,False
sp|Q9EPL0|XYLT2_MOUSE,-0.02790879044104715,0.019410279668761892,0.15428614556697548,-0.07790635760192348,0.022088776719829176,0.032749085453580504,0.028027834105839863,0.24601167031637633,-0.03944583095124911,0.10494400185841012,0.5517872567152248,0.5581322035812062,False,False
tr|Q8C6E1|Q8C6E1_MOUSE,0.001993530372236856,0.02027355234897061,0.921908977574282,-0.050227679855274286,0.05421474059974799,-0.0341441384615583,0.029274372738043765,0.24685435551025103,-0.10954992560322449,0.04126164868010788,0.9802504791831174,0.5595510259145214,False,False
sp|Q62422|OSTF1_MOUSE,-0.021035156259117626,0.02042534828135346,0.3061060074613847,-0.07364736689742005,0.03157705437918479,0.034348787725609606,0.029493561296033213,0.24754994728341415,-0.04162159172672843,0.11031916717794764,0.71047970557432,0.5598907457071209,False,False
sp|P62849|RS24_MOUSE,0.013570780384283226,0.0199503651466418,0.4982767034261414,-0.037817954776937376,0.06495951554550383,0.03354168611800363,0.028807700570172824,0.2476664631849921,-0.040662033178509895,0.10774540541451716,0.8287947418258782,0.5598907457071209,False,False
sp|Q810U4|NRCAM_MOUSE,0.01609166337822821,0.019938733149948425,0.42196928514256216,-0.03526710974505082,0.06745043650150723,-0.033521186969266446,0.028790904332343943,0.24767965317890245,-0.10768164202419098,0.04063926808565808,0.7907962413000987,0.5598907457071209,False,False
sp|Q6ZWN5|RS9_MOUSE,0.0012200462269413644,0.020277174764971335,0.9521678724591257,-0.05101049472585409,0.053450587179736817,0.034074953768137954,0.029279603392957716,0.24788916427157173,-0.041344306647732344,0.10949421418400826,0.9854328625709547,0.5598907457071209,False,False
sp|Q8BH04|PCKGM_MOUSE,0.007224840545250581,0.018235281896884576,0.6929857062949141,-0.039746132923219483,0.05419581401372065,0.030595981302141674,0.026331174233498643,0.24861940068298272,-0.03722862888535589,0.09842059148963925,0.9179208815377591,0.5598907457071209,False,False
sp|Q4KMM3|OXR1_MOUSE,0.01731831948237844,0.020133351402221316,0.3921974533659845,-0.03454175703811057,0.06917839600286746,-0.03377254343365849,0.02907192697507545,0.2487320191852316,-0.10865686484669157,0.04111177797937459,0.7691980219642064,0.5598907457071209,False,False
sp|Q60770|STXB3_MOUSE,0.01395937002416053,0.019930927619628884,0.4856679385996315,-0.03737929738539168,0.06529803743371274,-0.0334319982520207,0.028779633391757948,0.24874593017551863,-0.10756342128790525,0.04069942478386385,0.819677896606254,0.5598907457071209,False,False
sp|Q99J09|MEP50_MOUSE,0.004806759550350737,0.02016740169958079,0.8122096574601727,-0.04714102472387136,0.05675454382457284,0.033806572880373364,0.029121094534839246,0.24905249040626964,-0.041204395773883296,0.10881754153463002,0.9583518580992989,0.5598907457071209,False,False
sp|Q8CG19|LTBP1_MOUSE,-0.02439102424351251,0.020080496601617835,0.22798113390846989,-0.07611495581977384,0.02733290733274882,0.03365590581183453,0.02899560630333388,0.24912206776393286,-0.04103182657846008,0.10834363820212914,0.6308389222667321,0.5598907457071209,False,False
sp|P62313|LSM6_MOUSE,0.01668067012220131,0.01955946369731904,0.3962441915195943,-0.03370116963105399,0.0670625098754566,0.03276022257386906,0.028243251156752826,0.24944310178962006,-0.03998957138318624,0.10551001653092437,0.7718290401489944,0.5598907457071209,False,False
sp|Q91WK0|LRRF2_MOUSE,0.013544545491953252,0.020134198402192802,0.5030209869083379,-0.038317712755882416,0.06540680373978892,-0.03371367836982098,0.029073150016427435,0.24957081408178514,-0.10860115012860797,0.04117379338896599,0.8297751705887059,0.5598907457071209,False,False
sp|O88543|CSN3_MOUSE,-0.005094106109320477,0.020380262240513595,0.8032488901186102,-0.057590182802446564,0.04740197058380561,0.034100993129484204,0.02942845846934996,0.24991099207774642,-0.04170169255413924,0.10990367881310764,0.9565299624897676,0.5598907457071209,False,False
sp|P18052|PTPRA_MOUSE,-0.010993841573450614,0.020436051173929153,0.5920596778978022,-0.06363362103608224,0.041645937889181,0.034143181214193956,0.02950901593670214,0.25061452344695895,-0.04186700675445492,0.11015336918284283,0.875700795549263,0.5598907457071209,False,False
sp|Q9EPK6|SIL1_MOUSE,0.0071877230218577665,0.019386710271962232,0.7117759694074359,-0.04274913339607502,0.05712457943979055,0.03238533178139508,0.027993800637247507,0.2506824555569809,-0.03972192021773294,0.10449258378052309,0.9247341681252006,0.5598907457071209,False,False
sp|Q5SX39|MYH4_MOUSE,0.002939472192926686,0.01860215234377132,0.8748312176347071,-0.044976496923240336,0.05085544130909371,0.031068809259874305,0.026860923634287822,0.2507720888478394,-0.03812034495771349,0.1002579634774621,0.9715968040147054,0.5598907457071209,False,False
sp|P54775|PRS6B_MOUSE,-0.024198727303170946,0.020399564906579452,0.23895428417437192,-0.07674452436918609,0.028347069762844197,0.03406824922017817,0.029456330912793677,0.25080726590444724,-0.04180623112002912,0.10994272956038545,0.6463651669993105,0.5598907457071209,False,False
sp|P98086|C1QA_MOUSE,0.058900122798459034,0.01911752274909533,0.0028086674011066097,0.009656647490076553,0.10814359810684152,-0.03192194317682606,0.02760510231022558,0.25088433795228565,-0.10302797463497056,0.03918408828131843,0.06400281909601345,0.5598907457071209,False,False
sp|P01667|KV3AF_MOUSE,-0.007775001421640048,0.019503968589140788,0.6911969257993776,-0.05801389524904619,0.0424638924057661,-0.03255710755157959,0.028163117963813374,0.2510303393093799,-0.10510049208207452,0.03998627697891534,0.9164943789564354,0.5598907457071209,False,False
sp|Q8BP67|RL24_MOUSE,0.02241347409367422,0.019332652677773527,0.2496749788133412,-0.027384139189067947,0.07221108737641639,0.03226287582149585,0.027915743169352275,0.2511507174409272,-0.03964331346446679,0.10416906510745849,0.6564884285238085,0.5598907457071209,False,False
tr|Q66VB7|Q66VB7_MOUSE,-0.026538071466256568,0.01805259427693156,0.14537704697739115,-0.07303847280985605,0.019962329877342918,0.03010468309939322,0.026067379049059633,0.2514941507824528,-0.03704043572189125,0.0972498019206777,0.5394033083094845,0.5598907457071209,False,False
tr|A0A0A6YXQ0|A0A0A6YXQ0_MOUSE,-0.005282169802349727,0.02009900920137471,0.7933581558402563,-0.05705378667554968,0.04648944707085023,-0.03350584090263579,0.029022337915845808,0.2516550363694431,-0.10826242936376973,0.04125074755849816,0.9546248837797476,0.5598907457071209,False,False
sp|Q5FWK3|RHG01_MOUSE,0.0014805896985003058,0.02013136479424356,0.9415504211338841,-0.050374369658944936,0.05333554905594554,0.03353304712941261,0.029069058375560956,0.2520298778623528,-0.04134388526093089,0.10840997951975612,0.9837216114595029,0.5598907457071209,False,False
sp|P36423|THAS_MOUSE,-0.014805316418469114,0.02030708336947905,0.4680352106983116,-0.0671128968311838,0.03750226399424557,0.03381579565017289,0.029322790478346735,0.2521682638499743,-0.041714707325777305,0.10934629862612308,0.8143180186136165,0.5598907457071209,False,False
sp|P70398|USP9X_MOUSE,-0.018111081766712108,0.02036637140052528,0.37646257553857604,-0.07057137802714539,0.034349214493721164,0.03390851930352555,0.029408400532760323,0.2522515693102027,-0.041842500559261586,0.10965953916631269,0.7617832475251141,0.5598907457071209,False,False
sp|Q9EPL8|IPO7_MOUSE,-0.01854855695270388,0.020450032118985755,0.367054764229053,-0.0712243489433036,0.034127235037895845,0.0340341725969595,0.02952920398217992,0.2524400604916378,-0.04202801633081242,0.11009636152473141,0.7566818189789002,0.5598907457071209,False,False
tr|E9PWG6|E9PWG6_MOUSE,0.006454479492940112,0.020166189813810954,0.7497336278171624,-0.045490183170403486,0.05839914215628371,0.033465669962969964,0.029119344609856615,0.2537903091802553,-0.041540791183237426,0.10847213110917736,0.942480654859813,0.561935608088951,False,False
sp|Q64012|RALY_MOUSE,0.022057586344006824,0.01949896494006511,0.2612607783796131,-0.028168418937485517,0.07228359162549916,0.03233407738220621,0.02815589285172791,0.2541447435416082,-0.04019069649285755,0.10485885125726996,0.6652718223042088,0.561935608088951,False,False
sp|P26041|MOES_MOUSE,0.0430795853877222,0.01982963073237736,0.03270607578915224,-0.007998158531289254,0.09415732930673365,-0.03287675129341651,0.028633363868609714,0.25422572320198755,-0.10663140900535972,0.040877906418526705,0.26321491209886666,0.561935608088951,False,False
sp|Q9CR27|WASC3_MOUSE,0.00762178028229057,0.020138420946153486,0.7060598536886152,-0.044251354518014555,0.05949491508259569,0.03338204860773725,0.029079247237263725,0.25431978446634956,-0.04152112855115006,0.10828522576662455,0.9235305937536339,0.561935608088951,False,False
tr|B3F5L4|B3F5L4_MOUSE,0.02883426528430478,0.020282168279456295,0.15891846256131403,-0.023409138109428726,0.08107766867803828,-0.033610812750042796,0.029286813871012545,0.2544531724395017,-0.10904864612657932,0.041827020626493724,0.5576878130076082,0.561935608088951,False,False
sp|P62821|RAB1A_MOUSE,0.002789566393162855,0.020209072051261736,0.8905508809111822,-0.04926555359400821,0.05484468638033392,0.03345647610785414,0.029181265213674194,0.25492069401125167,-0.04170948194416001,0.10862243415986829,0.9717888839047834,0.5624426842120319,False,False
sp|Q9R1Q7|PLP2_MOUSE,-0.04376592478845445,0.01854286245246359,0.020637409946739307,-0.09152917326518681,0.003997323688277897,0.030685084478726747,0.02677531089371507,0.25511963307171004,-0.038283545932936626,0.09965371489039013,0.21159981321013524,0.5624426842120319,False,False
sp|Q6P9S7|GLT10_MOUSE,6.178752720039143e-05,0.020225106615597465,0.9975698933326663,-0.05203463476065629,0.05215820981505707,-0.033429205645189114,0.029204418620880607,0.2556791166834949,-0.10865480292196254,0.041796391631584315,0.9983453071634729,0.5631939482121466,False,False
sp|Q9CWI3|BCCIP_MOUSE,0.0023694227447116083,0.020034563245466524,0.9061455308773114,-0.04923619234676482,0.05397503783618804,0.03308777417787223,0.028929279979957652,0.2560565892338291,-0.04142911292507323,0.10760466128081769,0.9767336082495744,0.563543348100094,False,False
sp|Q810B6|ANFY1_MOUSE,0.014331127410438982,0.019924152387212277,0.47401078873876784,-0.03699008815691618,0.06565234297779414,0.03287341941103733,0.028769850168979,0.2565157309807594,-0.04123280371293006,0.10697964253500472,0.8188220010928255,0.5638047967177984,False,False
sp|P01649|KV5AG_MOUSE,0.020479733811054165,0.020307829251302464,0.31619790449307383,-0.03182976786591825,0.07278923548802659,-0.033479953533176746,0.02932386750826933,0.25688918824878115,-0.10901323075436237,0.042053323688008876,0.7106712074275272,0.5638047967177984,False,False
sp|P62242|RS8_MOUSE,0.014798957630081594,0.019904117204008184,0.45929659753503255,-0.036470650725274494,0.06606856598543769,0.0327957879005936,0.028740919993798263,0.2571567661356257,-0.04123591603038645,0.10682749183157364,0.8053288393322638,0.5638047967177984,False,False
sp|Q9D1D4|TMEDA_MOUSE,-0.02037945643452983,0.020262128910437216,0.3174751645780636,-0.07257124183431936,0.031812328965259706,0.03338332621656016,0.02925787765164645,0.25719004494433767,-0.04197997239819926,0.10874662483131958,0.7119097099324344,0.5638047967177984,False,False
sp|Q64324|STXB2_MOUSE,-0.009785025104952381,0.020423314038011533,0.6331352184680439,-0.06239199587964411,0.04282194566973935,0.03364318112345053,0.02949062391254923,0.25727014995860703,-0.04231963213043371,0.10960599437733476,0.8938175370368492,0.5638047967177984,False,False
sp|Q62376|RU17_MOUSE,0.046017563936987194,0.018270217004092516,0.013721684016709375,-0.0010433964043517069,0.0930785242783261,0.030061221029130763,0.02638161943088906,0.25782237472370356,-0.03789332737602834,0.09801576943428987,0.17290596629443739,0.5645345364911026,False,False
sp|P37889|FBLN2_MOUSE,0.01231555915876536,0.019785048671010514,0.5353613685755064,-0.03864734898016475,0.06327846729769547,-0.03252435242438645,0.028568988772453972,0.25824801280076204,-0.10611319087723292,0.04106448602846002,0.8464047074344277,0.564986094275244,False,False
sp|Q9CPP6|NDUA5_MOUSE,0.008192624741692706,0.020422785459900197,0.6893522557511298,-0.044412984506010625,0.060798233989396044,-0.03353430759204035,0.029489860662360708,0.25878886444227334,-0.10949515484372305,0.042426539659642354,0.9160505102752249,0.5656887316968199,False,False
sp|Q8R0Y6|AL1L1_MOUSE,0.0033876198747955473,0.020212792679311812,0.8673123392131448,-0.048677083815134504,0.055452323564725604,0.03313516149425231,0.029186637683702273,0.2595632995028206,-0.04204463512349261,0.10831495811199723,0.9700936139410723,0.5665878585755533,False,False
tr|A0A075B5M3|A0A075B5M3_MOUSE,0.006482303611180627,0.02034030730152053,0.7507700338740182,-0.045910855979265607,0.058875463201626864,-0.03333877061450623,0.029370764792549988,0.25964026140549623,-0.10899284723479882,0.04231530600578637,0.942480654859813,0.5665878585755533,False,False
sp|Q9DA17|TSG13_MOUSE,0.003435730877871862,0.01987183854902938,0.8631604340915786,-0.047750733172110676,0.0546221949278544,0.03250704611750354,0.02869431062997948,0.26056868141295253,-0.04140460004833232,0.10641869228333939,0.9679770827174947,0.5681323917344223,False,False
sp|Q80T14|FRAS1_MOUSE,0.007878683473991286,0.019458380840318628,0.6866059166380498,-0.04224278409411591,0.058000151042098484,0.03174966671796925,0.028097290686563862,0.2617748476580486,-0.04062415798281355,0.10412349141875205,0.9160505102752249,0.5702615655240834,False,False
sp|Q9ER41|TOR1B_MOUSE,0.009943226832886176,0.020324994146486114,0.625997810734023,-0.042410488684092626,0.06229694234986498,-0.03314875621330539,0.029348653077713012,0.26198812893786044,-0.10874587683056919,0.04244836440395841,0.8930439682216672,0.5702615655240834,False,False
sp|Q99KI0|ACON_MOUSE,0.007565409533365716,0.018964154964093163,0.6909802676360274,-0.0412830165401878,0.05641383560691923,0.030881777062433585,0.027383644046430504,0.26271649639470784,-0.0396538157103145,0.10141736983518167,0.9164943789564354,0.5711715748049757,False,False
sp|Q9CQW2|ARL8B_MOUSE,-0.0468260373886884,0.019147192897130287,0.01660234630969132,-0.09614593793381995,0.002493863156443156,0.031136304381119258,0.027647945071958568,0.2633784126002086,-0.04008008271814203,0.10235269148038054,0.18611604500413795,0.5711715748049757,False,False
sp|Q8VEH3|ARL8A_MOUSE,-0.0468260373886884,0.019147192897130287,0.01660234630969132,-0.09614593793381995,0.002493863156443156,0.031136304381119258,0.027647945071958568,0.2633784126002086,-0.04008008271814203,0.10235269148038054,0.18611604500413795,0.5711715748049757,False,False
sp|P19788|MGP_MOUSE,0.014024259125903845,0.01969917027928835,0.47853411200425494,-0.036717440935086665,0.06476595918689436,-0.03203098387338409,0.02844498307250835,0.26342162313115786,-0.10530040481050354,0.041238437063735346,0.8193040958645351,0.5711715748049757,False,False
sp|Q65Z40|WAPL_MOUSE,-0.05038885778419848,0.01976087987695987,0.012635637165916218,-0.10128951123518151,0.0005117956667845466,0.032104377327404066,0.02853408979306009,0.2638191942924683,-0.041394567311655694,0.10560332196646383,0.16550853317192274,0.5711715748049757,False,False
sp|Q61753|SERA_MOUSE,0.007528917990208165,0.020289636426003614,0.7115408067413573,-0.04473372207424513,0.05979155805466145,-0.03295720030504456,0.0292975976400297,0.26390859729735383,-0.10842281082981817,0.04250841021972906,0.9247341681252006,0.5711715748049757,False,False
sp|Q9JL99|CLC1B_MOUSE,-0.015809988823260856,0.020461991412173343,0.44195004472411936,-0.0685165859117029,0.03689660826518118,0.033233635188872346,0.02954647282586506,0.2639589025312315,-0.04287303533250217,0.10934030571024686,0.7974119766856017,0.5711715748049757,False,False
sp|P80314|TCPB_MOUSE,0.00911613864329838,0.019986899725747322,0.6495196796346353,-0.04236670335737505,0.06059898064397182,0.0323820377288109,0.02886045535473907,0.2651283070289169,-0.04195756888769077,0.10672164434531257,0.8973269315332452,0.5719277543182372,False,False
tr|A0A075B5R9|A0A075B5R9_MOUSE,0.03411003599558936,0.019485317645738524,0.08376348648648085,-0.0160808161852624,0.08430088817644112,-0.03154945521103397,0.028136186587423298,0.26542794304250666,-0.10402346911303843,0.04092455869097049,0.4204502489331154,0.5719277543182372,False,False
sp|P62889|RL30_MOUSE,0.016638130587752962,0.01977510877119036,0.40258914963026704,-0.034299174065946056,0.06757543524145199,0.032017187981054594,0.02855463586935612,0.2654498628477265,-0.04153467984340143,0.10556905580551063,0.7765296331819759,0.5719277543182372,False,False
sp|Q8CG14|CS1A_MOUSE,-9.14541059458989e-05,0.01871237924321458,0.9961123382340159,-0.04829134889973821,0.04810844068784642,-0.030287363839071445,0.027020087814522115,0.26559386524748557,-0.09988649781618207,0.03931177013803917,0.998259761082514,0.5719277543182372,False,False
sp|Q66GT5|PTPM1_MOUSE,-0.012169361833620444,0.020265574059801034,0.5498329657848999,-0.0643700213500964,0.040031297682855516,0.03279905453758608,0.029262852339105198,0.2656266881548142,-0.04257705802290557,0.10817516709807773,0.8557038583277263,0.5719277543182372,False,False
sp|Q9CQW1|YKT6_MOUSE,-0.010579310184106086,0.02044547310325237,0.6062419687609251,-0.06324335892838442,0.042084738560172245,0.033089215427237514,0.029522620906673444,0.26564100744256763,-0.042956016621737356,0.10913444747621238,0.8831638566907153,0.5719277543182372,False,False
sp|P62897|CYC_MOUSE,0.029728016970325597,0.01889211217183087,0.11943809912216281,-0.018934839167809223,0.07839087310846042,-0.030542692174586876,0.027279616517486727,0.26614627618166836,-0.10081032778990578,0.03972494344073204,0.4919309261538196,0.5720708670377426,False,False
sp|O55142|RL35A_MOUSE,-8.693185897965811e-05,0.019266156158828252,0.9964107936711989,-0.04971326145963859,0.04953939774167928,0.031147042479112767,0.027819724284852975,0.2661518053247439,-0.0405118185504625,0.10280590350868803,0.998259761082514,0.5720708670377426,False,False
sp|Q6PFR5|TRA2A_MOUSE,0.06616435175645194,0.01879586545584152,0.0007070316188713161,0.017749410729732844,0.11457929278317103,-0.030267670791110392,0.027140639282999847,0.2680156753633514,-0.10017732477331182,0.039641983191091024,0.028009329516825214,0.5755966339121183,False,False
sp|Q9D8W5|PSD12_MOUSE,-0.029525379916148325,0.020359338401882844,0.15081345521949122,-0.0819675603725866,0.022916800540289942,0.03263996064550379,0.029398245103648492,0.2701283230860922,-0.043084900565386976,0.10836482185639457,0.5454100570099417,0.5796503599555728,False,False
sp|Q6ZWV3|RL10_MOUSE,0.011494098027502161,0.019898278277471416,0.5650880800805158,-0.03976047024977925,0.06274866630478357,0.03179307349829892,0.028732488767297587,0.27173714865881227,-0.04221691303239583,0.10580306002899367,0.8624343533708358,0.582194476621672,False,False
sp|Q9Z2F2|OASL2_MOUSE,-0.029901039114364522,0.020190576168978038,0.14245483670539025,-0.08190851686595424,0.022106438637225202,0.03225813708912031,0.029154557740668382,0.2717661207375727,-0.04283902707130174,0.10735530124954235,0.5355054080531093,0.582194476621672,False,False
sp|O08759|UBE3A_MOUSE,0.03369836344248956,0.02028182683035166,0.10043080037660025,-0.018544160436634552,0.08594088732161367,-0.03225868368110532,0.0292863208292314,0.2739047761844094,-0.10769524706617409,0.043177879703963445,0.45690690984054005,0.5856533795620061,False,False
tr|A0A075B693|A0A075B693_MOUSE,-0.0014256825408451874,0.02010640814676363,0.9436445225936153,-0.05321635783439329,0.05036499275270292,-0.03197121016888943,0.02903302176056406,0.2740308909826887,-0.10675531839032322,0.04281289805254436,0.9841278017357504,0.5856533795620061,False,False
sp|O89051|ITM2B_MOUSE,0.058788157113955866,0.01727356427231516,0.001031941313408268,0.014294404084591136,0.1032819101433206,0.02746484999030415,0.024942484194092673,0.27406303781445335,-0.03678273170014503,0.09171243168075333,0.03661801499346504,0.5856533795620061,False,False
sp|P62500|T22D1_MOUSE,0.0022794084445468886,0.020190645432683736,0.9103902945414308,-0.049728247718525645,0.05428706460761942,0.03208464951420916,0.029154657755283628,0.27433524792692043,-0.043012772266789616,0.10718207129520793,0.9779954144531433,0.5857489746366668,False,False
sp|Q3UKC1|TAXB1_MOUSE,-0.019023461754726932,0.020379056210397917,0.35331230679790343,-0.0715164319201401,0.03346950841068623,0.032340084394581095,0.02942671699974799,0.274982537846436,-0.043458115560610355,0.10813828434977255,0.7420855970746075,0.5860861987102575,False,False
sp|P02535|K1C10_MOUSE,0.010127765039108299,0.020444759854445254,0.621662366771643,-0.04253444649799194,0.06278997657620854,-0.03243676892141898,0.029521590997801283,0.27509391821686774,-0.10847934810094095,0.043605810258102985,0.8893225524649893,0.5860861987102575,False,False
sp|Q9R0P3|ESTD_MOUSE,-0.005677908302032069,0.020406978987181457,0.7815333872181612,-0.05824280277412073,0.04688698617005659,0.032361398140365184,0.029467036612284173,0.2753210812155402,-0.043540658254304705,0.10826345453503508,0.9507057621974679,0.5860861987102575,False,False
sp|Q3THJ3|EIF1A_MOUSE,-0.04052638412367824,0.02000250041426143,0.04600936569188213,-0.09204941083498186,0.010996642587625373,0.03171448344000547,0.02888298225888843,0.2754036118211307,-0.04268314863632235,0.10611211551633329,0.31550642120710115,0.5860861987102575,False,False
sp|D3YZP9|CCDC6_MOUSE,-0.004045871020508581,0.02039746788160612,0.8432608962158046,-0.05658626650814714,0.04849452446712998,0.032299537010770776,0.029453302874606114,0.2760109105938063,-0.04356714361994071,0.10816621764148227,0.9654510607143304,0.5868935547308433,False,False
sp|Q62000|MIME_MOUSE,-0.013708773532679585,0.019970319140710624,0.49436129828508985,-0.0651489067765455,0.03773135971118634,-0.03154069153895486,0.02883651351079263,0.27725584605768455,-0.10581862805223831,0.042737244974328584,0.8266106123922768,0.5890542933981334,False,False
sp|Q8K2Z4|CND1_MOUSE,-0.006213183895692896,0.020394883026304805,0.7614089553420959,-0.058746921237300895,0.0463205534459151,0.0321928763902275,0.029449570424749164,0.27752783907564954,-0.04366419008676843,0.10804994286722343,0.9431187041757689,0.5891460722339633,False,False
sp|P04939|MUP3_MOUSE / tr|Q80YX8|Q80YX8_MOUSE,-0.03171163052399873,0.008983011012132558,0.000684202834984518,-0.054850333523152245,-0.00857292752484522,-0.014167652008046793,0.012971185717853374,0.2779261626156398,-0.047579212281868496,0.019243908265774906,0.027528473438830216,0.5894124185192056,False,False
sp|Q9D832|DNJB4_MOUSE / sp|Q9QYJ3|DNJB1_MOUSE,-0.029332556007306824,0.020360464040119052,0.15348762251205433,-0.08177763591569912,0.023112523901085466,0.03209057343667994,0.029399870489901857,0.278240528918599,-0.04363847449175183,0.10781962136511171,0.5500453219355207,0.5894124185192056,False,False
sp|Q99LC8|EI2BA_MOUSE,-0.013709170487201895,0.020239461684065322,0.5000914192147017,-0.06584256898107253,0.03842422800666874,0.03189320977462715,0.029225146888811882,0.27834000035703066,-0.04338577998209547,0.10717219953134977,0.8287947418258782,0.5894124185192056,False,False
sp|Q9CQZ5|NDUA6_MOUSE,-0.004956621728770904,0.020404142981237633,0.8086721976103631,-0.057514211133644425,0.04760096767610261,0.03204922524802668,0.029462941508788854,0.2798788079759167,-0.043842282859058904,0.10794073335511227,0.9583518580992989,0.5921840020854441,False,False
sp|Q9WV32|ARC1B_MOUSE,0.013674302820732155,0.019618287921535773,0.4877628341330224,-0.03685905809301914,0.06420766373448344,0.030755690246917135,0.0283281914886742,0.28079674703889584,-0.04221289550615442,0.10372427599998868,0.8207350570330799,0.5936384430420006,False,False
sp|Q8BY87|UBP47_MOUSE,-0.006007325926755689,0.020422153118731724,0.7693810161079906,-0.05861130637154743,0.04659665451803605,0.03199863983561935,0.02948894758157719,0.2810545292053341,-0.04395985547582466,0.10795713514706336,0.9457494169086615,0.5936959907331708,False,False
tr|J3QPU5|J3QPU5_MOUSE,0.0027117686260693325,0.020260716649885113,0.8938541436175161,-0.04947637903160585,0.054899916283744514,-0.03167344123665444,0.02925583839177261,0.28214312121547136,-0.10703148706607327,0.04368460459276438,0.9725371151089967,0.5951802622174867,False,False
sp|P62492|RB11A_MOUSE / sp|P46638|RB11B_MOUSE,-0.004443855698767481,0.020308625026280665,0.8273369509319739,-0.05675540715624777,0.04786769575871282,0.03174326494388103,0.02932501658234014,0.282219456375748,-0.04379297209596813,0.10727950198373018,0.9614444256331551,0.5951802622174867,False,False
sp|P18533|HVM62_MOUSE,0.03477703986028566,0.020155017194646022,0.08820816453037576,-0.017138844043215515,0.08669292376378683,-0.031467020184520765,0.029103211698748365,0.282768169633373,-0.10643192570554397,0.043497885336502444,0.43082788693889645,0.5958229544451376,False,False
sp|Q9CQA3|SDHB_MOUSE,0.027855197224223905,0.019797595168092975,0.1632066928456492,-0.023140028549548098,0.07885042299799591,-0.03089484880794738,0.028587105520117458,0.2829869799170498,-0.10453035291031046,0.0427406552944157,0.5642345818897405,0.5958229544451376,False,False
sp|Q9QYI4|DJB12_MOUSE,0.024052392900045447,0.019611174119286666,0.22353441098644752,-0.026462644073412943,0.07456742987350384,0.030576371156637014,0.028317919381692633,0.28341767920407335,-0.04236575540226223,0.10351849771553626,0.6290722494973796,0.5962422581294844,False,False
tr|A0A075B5T0|A0A075B5T0_MOUSE,0.018764261760249704,0.019511292152464037,0.33902122711234517,-0.03149349631617086,0.06902201983667026,0.030396845062308407,0.02817369295919677,0.2837918298644162,-0.042173778851179976,0.10296746897579678,0.7305269119784844,0.5965420097149973,False,False
sp|Q9WTX5|SKP1_MOUSE,0.007686616205209514,0.02014764195639419,0.7038083686908353,-0.04421027034348193,0.059583502753900966,0.031345683407085385,0.029092562086391358,0.2844403099380275,-0.043591790530357215,0.10628315734452798,0.9227630088487275,0.5973001393470392,False,False
sp|Q8VHX6|FLNC_MOUSE,-0.010369508290111129,0.020388617268114525,0.6124031917137701,-0.06288710610816364,0.04214808952794139,0.03169765479910787,0.029440522866748906,0.2847862768930152,-0.04413610671286544,0.10753141631108118,0.8860653115180789,0.5973001393470392,False,False
sp|O89094|CASPE_MOUSE,0.006530851241046604,0.020401045799293194,0.7496891014361865,-0.046018760351816006,0.05908046283390921,-0.03171285936121519,0.02945846927535298,0.2848483771332676,-0.10759284775836434,0.04416712903593395,0.942480654859813,0.5973001393470392,False,False
sp|Q9D1G1|RAB1B_MOUSE,0.0016295969929335055,0.02031040377956168,0.9362461747056777,-0.05068653622937181,0.05394573021523882,0.031547160406598586,0.029327585046201882,0.2852242329416102,-0.04399569255773076,0.10709001337092794,0.9824303813616132,0.5976016271966202,False,False
sp|Q9CY27|TECR_MOUSE,0.04054461876695526,0.02004028499611088,0.046315117365547276,-0.011075734577498504,0.09216497211140903,-0.03110421984744672,0.02893754200815053,0.2855836579058448,-0.10564238852471813,0.0434339488298247,0.31550642120710115,0.5978682269167076,False,False
sp|Q9EP64|TNMD_MOUSE,-0.03199777619955269,0.019145467265498345,0.0984752584410256,-0.08131323181215956,0.017317679413054177,-0.029690912108748677,0.02764545331408938,0.2859778871394759,-0.10090088086507316,0.04151905664757581,0.455249175019104,0.5982071969002035,False,False
sp|Q9CPR4|RL17_MOUSE,0.01565408900815871,0.019786109340215567,0.43112984004332033,-0.03531155123359114,0.06661972924990857,0.030618606568235673,0.02857052034546723,0.28700547087083894,-0.042974176955258875,0.10421139009173022,0.7946738282831423,0.5991632589438297,False,False
tr|Q99N75|Q99N75_MOUSE,-0.013426681417321508,0.020058614438939245,0.5051383820539667,-0.0650942482777303,0.038240885443087284,0.031025705942326565,0.028964009147811203,0.2872306075283812,-0.04358063756886395,0.10563204945351708,0.8314828244699919,0.5991632589438297,False,False
sp|P63037|DNJA1_MOUSE,0.021944609202716858,0.019689801177191667,0.2683136195636083,-0.028772957650545074,0.07266217605597879,0.0304408802631001,0.028431454383392698,0.2874564089239983,-0.04279369308015664,0.10367545360635684,0.6726549628833807,0.5991632589438297,False,False
sp|Q60854|SPB6_MOUSE,0.008556154328476534,0.019679150328958145,0.6648622463173218,-0.04213397775779784,0.05924628641475091,0.030419412298222953,0.02841607489311899,0.28753510935817583,-0.04277554610331313,0.10361437069975904,0.9076320154342494,0.5991632589438297,False,False
sp|P51437|CAMP_MOUSE,-0.0351016711058651,0.020023234133233647,0.08333124208421434,-0.0866781043380689,0.016474762126338693,0.03094719670842809,0.02891292109777521,0.28759836429303826,-0.04352755270641853,0.10542194612327471,0.41938301971814307,0.5991632589438297,False,False
sp|Q769J6|ATS13_MOUSE,0.002591321041674771,0.019893822752607506,0.8966816622084995,-0.04865177056409949,0.05383441264744903,-0.030731493685777208,0.028726055129355672,0.28784270942554785,-0.10472490826333275,0.04326192089177833,0.9742887972670521,0.5991875317467953,False,False
sp|Q9CWH6|PSMA8_MOUSE,0.040913584809788385,0.019986006794729092,0.043849310871031964,-0.010566957153002245,0.09239412677257902,-0.03084186076614569,0.028859165990398426,0.28833978183332093,-0.10517814620019578,0.0434944246679044,0.3093478780627597,0.5994915159218039,False,False
tr|G5E8Z3|G5E8Z3_MOUSE,0.01247159898269883,0.02046827085253409,0.5440010607619341,-0.04025117287223431,0.06519437083763197,-0.03157851991601557,0.02955554014048968,0.2884543643600447,-0.10770854629210468,0.04455150646007354,0.8513706448922156,0.5994915159218039,False,False
sp|P62700|YPEL5_MOUSE,-0.01811953710214095,0.02028871985292485,0.3744255872434287,-0.07037981623079911,0.03414074202651721,0.03127706639549386,0.029296274137296307,0.2888284262945606,-0.044185135012155756,0.10673926780314347,0.7617832475251141,0.5997848368616884,False,False
tr|A0A075B5W1|A0A075B5W1_MOUSE,0.016411797219074317,0.020469486779594887,0.4250040476372143,-0.036314106656413006,0.06913770109456163,-0.03152627086375631,0.02955729590096951,0.28927583109909705,-0.10766081977913938,0.04460827805162676,0.7930329149752369,0.6002298671073125,False,False
sp|Q8VCH0|THIKB_MOUSE / sp|Q921H8|THIKA_MOUSE,-0.01721062167148652,0.020244273257311117,0.39771849432153206,-0.06935641395671985,0.034935170613746805,0.03114092937124951,0.029232094649432674,0.2898672886569905,-0.04415595663087418,0.10643781537337321,0.7718290401489944,0.600543919057809,False,False
sp|P47931|FST_MOUSE,-0.0009676607777129499,0.01965041647025505,0.9608447707536147,-0.05158377934873586,0.04964845779330996,-0.030225762017939375,0.02837458410376952,0.2898936277238278,-0.10331384722844171,0.04286232319256296,0.9882266025055787,0.600543919057809,False,False
sp|Q9WVJ2|PSD13_MOUSE,-0.019341541947962695,0.020456545843760016,0.34718449382642624,-0.07203411218171121,0.033351028285785816,0.03141285988006162,0.029538609596138066,0.29069927324176875,-0.04467355630376156,0.1074992760638848,0.7378176155896825,0.6016361248513413,False,False
sp|Q6PHZ2|KCC2D_MOUSE,0.017451872610451263,0.020448706584140823,0.39589806100171243,-0.03522050502865201,0.07012425024955453,-0.03135473957147805,0.029527289951502913,0.29140301495419835,-0.10741199828294425,0.04470251913998814,0.7718290401489944,0.6016361248513413,False,False
sp|P39039|MBL1_MOUSE,0.005371029496496389,0.020417314065099484,0.7931622718257678,-0.04722048637214798,0.05796254536514076,-0.03130177765859199,0.02948196014014161,0.29147690508532825,-0.1072422745136294,0.04463871919644542,0.9546248837797476,0.6016361248513413,False,False
sp|P26645|MARCS_MOUSE,0.004772892566108729,0.019824262027018456,0.8103419506130334,-0.04629102248431713,0.05583680761653459,-0.030388308939485048,0.0286256116267188,0.2915440959181935,-0.10412299819959744,0.04334638032062735,0.9583518580992989,0.6016361248513413,False,False
sp|P11152|LIPL_MOUSE,-0.029183341012776344,0.018835646762519937,0.12514446243677013,-0.07770075189497117,0.019334069869418484,-0.028870165611174708,0.02719808224019178,0.29158908109299964,-0.09892778284579362,0.0411874516234442,0.5042988901012255,0.6016361248513413,False,False
sp|Q9CR62|M2OM_MOUSE,-0.015055389100743442,0.020477404588286785,0.464303406784856,-0.06780168789987924,0.03769090969839236,0.03132109135593723,0.029568728967998188,0.2925898346143299,-0.044842907188527736,0.1074850899004022,0.8107092562668563,0.6028407578900604,False,False
sp|Q99LD4|CSN1_MOUSE,-0.005405020917564557,0.02042966173914278,0.7920066569010972,-0.05802834228684032,0.04721830045171121,0.031244722107298485,0.029499789793582178,0.29264114460682544,-0.04474170089154326,0.10723114510614024,0.9543365191952856,0.6028407578900604,False,False
sp|Q9CZ44|NSF1C_MOUSE,-0.04314313546122238,0.020018476586962076,0.03408129275797022,-0.09470731406632688,0.008421043143882118,0.030577155969283714,0.02890605135040804,0.2932476526561994,-0.043879898148986574,0.10503421008755401,0.26920039525083844,0.6036072786488517,False,False
sp|Q9Z1K6|ARI2_MOUSE,-0.008755489340908935,0.020448961544014793,0.6696549408095402,-0.061428523713126806,0.04391754503130893,0.03115609227784599,0.02952765810555186,0.294455954343859,-0.04490211473560771,0.10721429929129969,0.9080365837728099,0.6052506145053838,False,False
sp|A2AT37|RENT2_MOUSE,0.008702922109446426,0.02013594728887377,0.6667245457571286,-0.04316384097195067,0.06056968519084352,0.030675334140050723,0.029075675353856904,0.2945161242622314,-0.04421864245688843,0.10556931073698987,0.9078067865179023,0.6052506145053838,False,False
sp|P26516|PSMD7_MOUSE,-0.018468701075381164,0.020430558165738095,0.36865710302848487,-0.07109433148654962,0.03415692933578729,0.031077454965784682,0.02950108420542633,0.29523621894498026,-0.04491230221701609,0.10706721214858544,0.757615355385753,0.6054706483197801,False,False
sp|Q3TWW8|SRSF6_MOUSE,0.041942164746556716,0.01852716202212793,0.026226213392867306,-0.005780642101638707,0.08966497159475215,0.028172214165847254,0.02675263996550859,0.2954053555622183,-0.04073801980460322,0.09708244813629772,0.2353048762600464,0.6054706483197801,False,False
tr|A0A075B5M1|A0A075B5M1_MOUSE,0.0256589462743351,0.020398081009483923,0.21199471385296256,-0.02688302852605792,0.07820092107472812,-0.031011003790805913,0.029454188212001447,0.29549987146177853,-0.10687996489952384,0.044857957317912006,0.6210311583292135,0.6054706483197801,False,False
sp|P26262|KLKB1_MOUSE,-0.032097036785726785,0.017295678239654066,0.06707702872559441,-0.07664775162018078,0.01245367804872722,-0.026289596354154506,0.02497441606826315,0.2955884479983641,-0.09061942910180924,0.038040236393500224,0.3763035925237595,0.6054706483197801,False,False
tr|A0A140T8P4|A0A140T8P4_MOUSE,0.046816777307833984,0.019884846196272683,0.0209442455392867,-0.0044031922210880856,0.09803674683675606,-0.03019962736522993,0.028713093263989097,0.29599381676836606,-0.10415965439014557,0.04376039965968572,0.21159981321013524,0.6054706483197801,False,False
sp|P06339|HA15_MOUSE,0.05912437021724151,0.015455811103734398,0.0002537505011557198,0.019312839066125978,0.09893590136835705,-0.023471171959832948,0.022317705719811357,0.29603399853771,-0.08095777234090396,0.03401542842123805,0.013902288095233584,0.6054706483197801,False,False
sp|P01663|KV3AB_MOUSE / sp|P01662|KV3AA_MOUSE,0.0138615598214106,0.020432728616407516,0.49942826878422153,-0.038769661300194054,0.06649278094301525,-0.03100175863033383,0.02950421826801252,0.29645712461761536,-0.10699958862338327,0.044996071362715606,0.8287947418258782,0.6058548380082218,False,False
sp|Q3TMX7|QSOX2_MOUSE,-0.01732812839171457,0.01984081759002052,0.3850186632334267,-0.06843468774645789,0.03377843096302876,-0.030081401214517463,0.028649517339633248,0.2968122901700343,-0.10387766751047713,0.04371486508144219,0.7673876261411612,0.6059382622652116,False,False
sp|Q8BHG1|NRDC_MOUSE,0.012321914995506103,0.020064214188122795,0.5408335329826539,-0.0393600758629422,0.06400390585395441,0.030409877067832963,0.028972095009727115,0.2969735916634754,-0.04421729424342501,0.10503704837909093,0.8495070305016292,0.6059382622652116,False,False
sp|Q7TNB8|SBNO2_MOUSE,0.0493071582165976,0.019626056089229186,0.01395409137689598,-0.0012462121711332708,0.09986052860432847,-0.02971076454623727,0.02833940847880174,0.2975390261114234,-0.10270824335117695,0.04328671425870242,0.17290596629443739,0.6059382622652116,False,False
tr|A0A075B5T8|A0A075B5T8_MOUSE,0.012554269114262887,0.020057272426097242,0.5331051090240475,-0.039109840950141736,0.0642183791786675,0.030360796293045833,0.02896207132342405,0.2975826834630821,-0.04424055571330311,0.10496214829939478,0.8460048833222398,0.6059382622652116,False,False
tr|A0A075B5M2|A0A075B5M2_MOUSE,0.042439140204520276,0.020015060751649945,0.03699776219697611,-0.009116239791891134,0.09399452020093169,-0.03029110296304253,0.028901118991519086,0.2976745249574729,-0.10473545216675104,0.044153246240665966,0.27960902271616195,0.6059382622652116,False,False
sp|P00405|COX2_MOUSE,0.0011981747654672313,0.0196313880762236,0.951480944469341,-0.04936892991060999,0.05176527944154446,0.029660499028266073,0.028347107700527768,0.29848209648089524,-0.04335681165761003,0.10267780971414218,0.9854328625709547,0.6069466293736675,False,False
sp|P51174|ACADL_MOUSE,0.015964018243216284,0.018966212833206098,0.402399347112562,-0.0328897085499012,0.06481774503633377,0.02864600165046063,0.02738661554478566,0.2986413123947327,-0.0418972451948261,0.09918924849574737,0.7765296331819759,0.6069466293736675,False,False
tr|A0A140T8Q4|A0A140T8Q4_MOUSE / tr|A0A140T8Q0|A0A140T8Q0_MOUSE,-0.008490267036956158,0.020083989852401077,0.6735929028256233,-0.060223196630949605,0.04324266255703729,-0.03028458087240067,0.02900065044773126,0.2994281307318792,-0.1049853061176454,0.04441614437284405,0.9104021183795535,0.6073804988499983,False,False
sp|O35685|NUDC_MOUSE,0.03456001897484097,0.020237215679879413,0.09146709285204671,-0.017567594195631704,0.08668763214531364,-0.0305108239966528,0.029221903729321246,0.29950374138941677,-0.10578145992812335,0.044759811934817754,0.4365723259143338,0.6073804988499983,False,False
sp|Q9R1T2|SAE1_MOUSE,0.012375269885877579,0.020479550083293666,0.5473294553981869,-0.04037655534216757,0.06512709511392273,-0.03086456870925213,0.02957182699539161,0.29968434924559634,-0.10703654724346026,0.045307409824956006,0.8536483026349675,0.6073804988499983,False,False
sp|O08756|HCD2_MOUSE,-0.001936484595215131,0.0203139065862239,0.9242868596737547,-0.054261640449565655,0.0503886712591354,-0.030607663632194443,0.029332642988988328,0.2997982967139215,-0.10616354499376879,0.0449482177293799,0.9802504791831174,0.6073804988499983,False,False
tr|B2RX70|B2RX70_MOUSE,0.017761394752111206,0.01974576134553541,0.3710181270902505,-0.033100315942602064,0.06862310544682448,-0.029703607054360176,0.02851225910860217,0.3005737872151047,-0.10314631957667669,0.04373910546795634,0.7592094315839166,0.6083446287585519,False,False
tr|A0A075B5V4|A0A075B5V4_MOUSE,0.03168317031571698,0.020187605771502384,0.1203972048679673,-0.020316656199011768,0.08368299683044572,-0.030357134077338446,0.029150268580022745,0.3007499832740737,-0.10544325009208183,0.04472898193740493,0.49288203900638444,0.6083446287585519,False,False
sp|Q8C166|CPNE1_MOUSE,0.015637964552534567,0.020312249479720615,0.4435841992242541,-0.0366829228783257,0.06795885198339484,-0.030529753594396355,0.029330250179252334,0.3009829347721923,-0.1060794714865349,0.04501996429774219,0.7984338212927002,0.6083446287585519,False,False
sp|Q8K0R6|GLTD2_MOUSE,-0.0028548386798267983,0.020209158498814956,0.8880073848609127,-0.05491018134113867,0.04920050398148507,-0.03031943063837802,0.029181390041225466,0.30185927081239977,-0.10548571022485662,0.044846848948100586,0.9717888839047834,0.6085637870468414,False,False
sp|P43274|H14_MOUSE,-0.01251122604482695,0.020080468628191444,0.534977793962968,-0.06423508556631687,0.03921263347666296,0.0301191021914009,0.0289955659105849,0.30197498758955793,-0.04456852615406724,0.10480673053686905,0.8464047074344277,0.6085637870468414,False,False
sp|Q9CX56|PSMD8_MOUSE,-0.030314875666517867,0.020316527949105368,0.13950284235165716,-0.08264678370419372,0.022017032371157985,0.030463982582447792,0.029336428154644194,0.3021198554388082,-0.04510164871974171,0.1060296138846373,0.5295108447281981,0.6085637870468414,False,False
sp|P62751|RL23A_MOUSE,-0.007892835991097203,0.020403964033817487,0.6998851962055801,-0.060449964457962115,0.044664292475767704,0.03058651515683077,0.029462683114335447,0.30225449544244204,-0.045304327370249864,0.1064773576839114,0.9209731051296092,0.6085637870468414,False,False
sp|Q99KR7|PPIF_MOUSE,0.02296566954788353,0.019929468785574018,0.25252682347913535,-0.02836924015416114,0.0743005792499282,-0.02987407060214681,0.028777526881209128,0.302273042187538,-0.10400006762643148,0.04425192642213786,0.6593509702284016,0.6085637870468414,False,False
sp|V9GXG1|SLN14_MOUSE,-0.001803277584880895,0.02009404119933671,0.9287111496709755,-0.05356209773285128,0.0499555425630895,0.030066308954096288,0.029015164276962976,0.30314224600890877,-0.04467180143779019,0.10480441934598277,0.9822438232162402,0.6098324298972209,False,False
tr|A0A0B4J1I1|A0A0B4J1I1_MOUSE,0.0244605557292618,0.020406895581982165,0.23411994287242782,-0.02810412390527045,0.07702523536379405,-0.03051951986236382,0.029466916177796405,0.30337683211586014,-0.10642126603835095,0.04538222631362331,0.6392988896039254,0.6098324298972209,False,False
sp|Q9CZR2|NALD2_MOUSE,0.040262981611540585,0.019977332850286793,0.04713494340374138,-0.01119521775097821,0.09172118097405937,-0.029763026752702502,0.028846641087098696,0.3052146193358119,-0.10406705017380902,0.04454099666840402,0.31689942366745183,0.6128230737493776,False,False
sp|Q8R015|BL1S5_MOUSE,-0.015463258040231137,0.02045080534592597,0.45174416282735663,-0.06814104173144175,0.037214525650979484,0.030449930769108954,0.02953032049759218,0.30550639362542503,-0.045615134111779726,0.10651499564999764,0.8048199909662493,0.6128230737493776,False,False
sp|Q6ZWZ2|UB2R2_MOUSE,-0.025728639002174935,0.02015363226655537,0.2053381275092387,-0.0776409555673169,0.026183677562967026,0.030002952371642744,0.02910121190609026,0.30557857347347606,-0.044956802024850695,0.10496270676813618,0.6127169025642626,0.6128230737493776,False,False
sp|A2AKG8|FOCAD_MOUSE,-0.021226568281661678,0.02033832877921116,0.29970373139300105,-0.07361463153636572,0.031161494973042363,0.030241059143695556,0.029367907868486653,0.30616386402364265,-0.04540565852787669,0.1058877768152678,0.7038612026286413,0.6135190271290893,False,False
sp|Q8CJG0|AGO2_MOUSE,-0.018832427311626963,0.020176948106051692,0.3533725743931939,-0.0708048014993804,0.033139946876126467,0.02996921073798483,0.029134879245901597,0.30667502404428365,-0.0450772649789672,0.10501568645493686,0.7420855970746075,0.6140654641633208,False,False
sp|Q9JHX3|IL21R_MOUSE,-0.025378171153247052,0.02019750002238668,0.21250228121937625,-0.07740348356934024,0.026647141262846126,0.029981804822077796,0.02916455556749119,0.30696240101291467,-0.04514111203364625,0.10510472167780184,0.6211117588455547,0.614132525333425,False,False
sp|P25444|RS2_MOUSE,0.010586511923325923,0.02013489803128807,0.6004606209946074,-0.04127754844963496,0.0624505722962868,0.029873144954564154,0.029074160258863523,0.30721544595232636,-0.045016929016293394,0.1047632189254217,0.8800148543318804,0.614132525333425,False,False
sp|Q9EQH3|VPS35_MOUSE,-0.01815931438531144,0.01859864311896403,0.3317486585905832,-0.06606624433738711,0.02974761556676423,0.02758190928485131,0.02685585642390151,0.3074240097688485,-0.04159419266373618,0.0967580112334388,0.7270236560602142,0.614132525333425,False,False
tr|Q3UTA4|Q3UTA4_MOUSE / tr|Q3TQZ4|Q3TQZ4_MOUSE / tr|A0A1Y7VJE9|A0A1Y7VJE9_MOUSE / tr|J3QP87|J3QP87_MOUSE / tr|A0A1Y7VK80|A0A1Y7VK80_MOUSE / tr|Q8BX20|Q8BX20_MOUSE,-0.025733227830101287,0.02033995635335791,0.20939868249364635,-0.07812548343798623,0.026659027777783655,0.030142687883926916,0.029370258034427516,0.3077683359849041,-0.04551008341394401,0.10579545918179785,0.6160843253861347,0.6142732016420221,False,False
sp|P36552|HEM6_MOUSE,0.00033398337654178694,0.019725318050805473,0.9865322247924269,-0.05047506888054503,0.051143035633628604,0.02920137535182831,0.028482739633198136,0.30826936509368197,-0.04416530004071711,0.10256805074437372,0.9958135942142293,0.6142732016420221,False,False
sp|Q70E20|SNED1_MOUSE,-0.01563546727962127,0.01819017095802711,0.39253990802067573,-0.06249024266987168,0.03121930811062914,-0.026923333088596686,0.026266035454860094,0.3083659382361976,-0.09458015690127969,0.04073349072408631,0.7691980219642064,0.6142732016420221,False,False
sp|Q8R5H1|UBP15_MOUSE,-0.0291649198652844,0.020336919238268268,0.15534985597971862,-0.08154935238312319,0.023219512652554387,0.03008963299011164,0.029365872535643083,0.3085433909034784,-0.045551842011479673,0.10573110799170295,0.5525219325245517,0.6142732016420221,False,False
sp|O88844|IDHC_MOUSE,0.015534827391004032,0.019954778186831605,0.43851405978532126,-0.03586527500845521,0.06693492979046327,0.029502075149802204,0.0288140728615799,0.3089043194154339,-0.04471805808164843,0.10372220838125283,0.7960152796882342,0.6142732016420221,False,False
sp|P01132|EGF_MOUSE,-0.037661980417245694,0.019488917928720532,0.05675271490418586,-0.08786210631250357,0.012538145478012193,0.0288120414149334,0.028141385282953492,0.30892574606851214,-0.04367536343935796,0.10129944626922477,0.34224412383671804,0.6142732016420221,False,False
sp|Q9CX97|WDR55_MOUSE,0.03417313913066774,0.020193848506469197,0.0943941258387509,-0.017842767603722817,0.0861890458650583,-0.029830785683292817,0.029159282893211555,0.30930289363221647,-0.10494012103009931,0.04527854966351367,0.4456173989989086,0.6145362684795946,False,False
sp|Q9R098|HGFA_MOUSE,0.00496395056841957,0.017976027220213284,0.7831331616648978,-0.041339227106798486,0.051267128243637626,0.026536253400805378,0.0259568186243623,0.30963467136090556,-0.04032408063873089,0.09339658744034166,0.9507057621974679,0.6145362684795946,False,False
sp|O08999|LTBP2_MOUSE,0.08075338006068514,0.017658053681995113,1.6838121429618517e-05,0.035269247942962566,0.1262375121784077,-0.026059306458333292,0.02549767482369009,0.30977401028602475,-0.09173696444155527,0.039618351524888684,0.0016842352281659085,0.6145362684795946,True,False
sp|Q6P542|ABCF1_MOUSE,0.0004671509623703983,0.020219473629401463,0.9816234355934629,-0.05161476171457613,0.052549063639316926,0.029785954038828468,0.02919628476576279,0.31063570062999396,-0.04541869181558167,0.10499059989323861,0.9945461881456809,0.6155826791033476,False,False
tr|E9PYC2|E9PYC2_MOUSE / tr|L7N1X9|L7N1X9_MOUSE,-0.00482039900489952,0.020334303075837293,0.8132034213386284,-0.057198092734885755,0.04755729472508671,0.029946148989994512,0.029362094879274367,0.3107796049842143,-0.04568559541362352,0.10557789339361254,0.9583518580992989,0.6155826791033476,False,False
sp|P20029|BIP_MOUSE,0.026967142197315642,0.019507991717261988,0.17061369797637294,-0.023282114521397022,0.0772163989160283,0.02866488123854628,0.02816892723444171,0.31185810772295,-0.04389346698146536,0.10122322945855793,0.5772264777132874,0.617244140958183,False,False
sp|P49710|HCLS1_MOUSE,0.02180882025285253,0.01975547029234709,0.272848920026669,-0.029077899031564873,0.07269553953726993,0.02897568605005423,0.02852627852281072,0.31273419927845386,-0.04450313809019926,0.10245451019030771,0.6729750661577325,0.6180242503838258,False,False
sp|Q91V08|CLC2D_MOUSE / sp|Q9D676|CLC2G_MOUSE,0.00020614813941870422,0.02030417659351626,0.9919238846951466,-0.05209394491459217,0.05250624119342957,-0.029773948984171343,0.029318593185167125,0.3128397203795479,-0.10529364044935391,0.04574574248101123,0.9972017238375122,0.6180242503838258,False,False
tr|A0A0A6YYE7|A0A0A6YYE7_MOUSE,-0.00497480287621933,0.020392853635411802,0.8078801459771571,-0.05750331285329677,0.047553707100858114,0.02989574256595372,0.029446640048049002,0.31297228058272186,-0.045953775760867496,0.10574526089277493,0.9583518580992989,0.6180242503838258,False,False
sp|P54731|FAF1_MOUSE,-0.033103303428128034,0.020291538288430826,0.106644187017106,-0.08537084236555265,0.019164235509296586,0.029686992867856674,0.029300343869631318,0.313946853931604,-0.045785691475599063,0.1051596772113124,0.4667533720091613,0.6194736772979925,False,False
sp|Q922J3|CLIP1_MOUSE,-0.022453336470805958,0.020221176624638675,0.27007769808793125,-0.0745396357727883,0.029632962831176387,0.029552521165481092,0.029198743837389064,0.31445970650995847,-0.045658458837683526,0.10476350116864572,0.6726549628833807,0.6200105239380881,False,False
sp|Q99MR6|SRRT_MOUSE,0.01664650986066818,0.019682977212058802,0.400163821156894,-0.03405347962323812,0.06734649934457448,-0.028713955936661078,0.028421600792102316,0.31532999897095043,-0.10192314811072686,0.0444952362374047,0.7735899695788303,0.6208973277684262,False,False
sp|Q9D1X0|NOL3_MOUSE,0.01119850877372558,0.020126021990419494,0.5794395146470704,-0.040642688433066516,0.06303970598051767,0.029356511141911915,0.02906134353467271,0.3153917299887773,-0.04550054913519942,0.10421357141902325,0.8703237265995618,0.6208973277684262,False,False
sp|Q8VIB3|SIA10_MOUSE,-0.0034913556476454635,0.019472405713331944,0.8581463268531736,-0.05364894889463891,0.04666623759934798,-0.028343865342235798,0.02811754216263122,0.3163962360005672,-0.10076985438851302,0.044082123704041416,0.9672875961020359,0.6212557996005537,False,False
sp|P35279|RAB6A_MOUSE,0.0016455705597154195,0.0201904829168624,0.9352411115876544,-0.05036166699034223,0.05365280810977307,0.029378163648184265,0.02915442308754274,0.3165751256264407,-0.045718653668770926,0.10447498096513946,0.9824303813616132,0.6212557996005537,False,False
sp|P97402|GCNT2_MOUSE,-0.04540858317434704,0.018065991160992317,0.013911897734333602,-0.09194349260448648,0.0011263262557923912,-0.02628405218622613,0.02608672372880654,0.31662763381738956,-0.09347899960047046,0.04091089522801819,0.17290596629443739,0.6212557996005537,False,False
sp|Q64442|DHSO_MOUSE,-0.0015528700753355113,0.020263489575171205,0.9391014683812055,-0.05374816031521916,0.05064242016454813,0.029479300260847857,0.02925984240877972,0.3166581940934117,-0.045889059232909785,0.1048476597546055,0.9830025532852049,0.6212557996005537,False,False
sp|Q8BMG7|RBGPR_MOUSE,-0.004023954095259053,0.020432034849542622,0.8443591696617507,-0.05665338819184329,0.04860548000132518,0.029716964329082114,0.029503216490452944,0.3167801416992338,-0.046278285255973724,0.10571221391413796,0.9654510607143304,0.6212557996005537,False,False
sp|Q922D4|PP6R3_MOUSE,-0.0182244332105822,0.020459517302002208,0.3756663447900805,-0.07092465741354523,0.03447579099238082,0.029741175707612345,0.029542900288497265,0.31703494800769916,-0.046356292567322176,0.10583864398254686,0.7617832475251141,0.6212823372296996,False,False
sp|P35123|UBP4_MOUSE,-0.02549046421631774,0.020420351789981857,0.2154783840887679,-0.07808980474573024,0.02710887631309477,0.029608101313796036,0.029486346519447593,0.3182702917737629,-0.0463436941055942,0.10555989673318628,0.624131969333854,0.6232288983402582,False,False
tr|A0A075B5V8|A0A075B5V8_MOUSE,0.0017338925025197059,0.01956636538830316,0.9296031833700883,-0.04866572482861653,0.052133509833655944,-0.0283385883806022,0.028253216981730816,0.3188011199563111,-0.10111405260166985,0.04443687584046545,0.9822438232162402,0.6235850637050667,False,False
sp|P80313|TCPH_MOUSE,-0.002024622881041598,0.02037318348948868,0.9210816077357504,-0.05450246591984518,0.050453220157761984,0.02949697208871099,0.029418236975235056,0.318966712770061,-0.04627938477084523,0.10527332894826721,0.9802504791831174,0.6235850637050667,False,False
sp|Q3UZ39|LRRF1_MOUSE,0.00018919091076942973,0.020369419912963944,0.9926119247168539,-0.05227895779733559,0.05265733961887445,0.029465839190141924,0.029412802488958712,0.3193857960030641,-0.04629651936041396,0.1052281977406978,0.9972017238375122,0.6235850637050667,False,False
tr|A0A075B5Y3|A0A075B5Y3_MOUSE,-0.0011165866816767957,0.02031176948162028,0.956294171923042,-0.053436237719364565,0.05120306435601098,-0.029376520513579734,0.02932955707707365,0.31948277060276664,-0.10492445309281608,0.0461714120656566,0.9861663967568415,0.6235850637050667,False,False
sp|Q61112|CAB45_MOUSE,-0.026626287915468484,0.019921950078397074,0.185072755589547,-0.07794183071124197,0.02468925488030501,0.02880193692601937,0.028766670104231055,0.31966302294784005,-0.04529609489398308,0.10289996874602182,0.5921328317698707,0.6235850637050667,False,False
sp|O35864|CSN5_MOUSE,-0.0076669052158906915,0.02045861889185568,0.7088124935908174,-0.060364815267671686,0.04503100483589031,0.029542800435791564,0.029541603012467468,0.32023285917703787,-0.046551326277530614,0.10563692714911374,0.9246160947296631,0.6237881247868404,False,False
sp|Q9DBS5|KLC4_MOUSE / sp|O88448|KLC2_MOUSE,0.01776965627333533,0.02030461468938327,0.38404657248089485,-0.03453156524084756,0.07007087778751822,-0.02931927110562565,0.02931922578183717,0.32025161202648667,-0.10484059203184826,0.04620204982059695,0.7673876261411612,0.6237881247868404,False,False
sp|O35226|PSMD4_MOUSE,-0.022499816593893437,0.02041444106659787,0.27362002430325977,-0.0750839321088083,0.03008429892102143,0.02937796559764682,0.029477811620554892,0.3218843569209121,-0.046551845379072775,0.10530777657436641,0.6742311603644917,0.6258263908080332,False,False
sp|P15105|GLNA_MOUSE,0.02392433013201717,0.018883260852613857,0.20875637113606235,-0.0247157265187034,0.07256438678273774,-0.02717068774058604,0.02726683549058418,0.32195145778921774,-0.09740540161227992,0.04306402613110785,0.6160843253861347,0.6258263908080332,False,False
sp|Q80X82|SYMPK_MOUSE,0.0010629101470354145,0.020128771077453558,0.9580152990143133,-0.05078536823869703,0.052911188532767855,-0.02894573690144307,0.02906531312999272,0.32223530839574394,-0.10381302217850293,0.04592154837561678,0.9867557579847427,0.6258263908080332,False,False
sp|Q91VH2|SNX9_MOUSE,-2.603970789702667e-05,0.02036658387010065,0.998982969858533,-0.052486883253688645,0.052434803837894596,0.029263690743745727,0.029408707332152836,0.32263007884885236,-0.04648811938190696,0.10501550086939841,0.998982969858533,0.6258263908080332,False,False
sp|P06745|G6PI_MOUSE,0.012548309689854188,0.02044357870329572,0.5410452543777367,-0.04011085940350316,0.06520747878321154,-0.029370823792652555,0.0295198854526449,0.32268734178467706,-0.10540900977898218,0.046667362193677064,0.8495070305016292,0.6258263908080332,False,False
sp|Q99JI4|PSMD6_MOUSE,-0.03168076197221373,0.02031477563534706,0.12273096173142349,-0.08400815634876191,0.02064663240433446,0.029153291878742747,0.029333897868622696,0.3232229776385692,-0.04640582183856623,0.10471240559605172,0.4992610212613199,0.6258263908080332,False,False
sp|Q61704|ITIH3_MOUSE,0.02966255713525604,0.019406199892509614,0.1302346408336682,-0.02032450121839774,0.07964961548890982,0.027841737495538203,0.028021943037089738,0.3233555874945837,-0.04433800452177562,0.10002147951285202,0.5105613500486197,0.6258263908080332,False,False
sp|Q5U5Q9|UIMC1_MOUSE,-0.0457933258679281,0.018442107452714022,0.01506380596231909,-0.09329704666382645,0.0017103949279702463,-0.026457953143721496,0.026629823839097327,0.3233668165924837,-0.09505183373681347,0.042135927449370475,0.1805263368269835,0.6258263908080332,False,False
tr|A0A075B5N4|A0A075B5N4_MOUSE,0.009084027741364704,0.02047890566329112,0.6585146871331858,-0.04366613757075409,0.06183419305348349,-0.029372800845130744,0.029570896473151115,0.3234854082196086,-0.10554238251288423,0.04679678082262273,0.9033965473457397,0.6258263908080332,False,False
sp|Q3UM45|PP1R7_MOUSE,-0.002583280259841995,0.020424092923797255,0.8996600147196666,-0.055192257311364706,0.050025696791680715,0.02925600123990333,0.029491748599156646,0.3241127245712332,-0.046709709014701596,0.10522171149450826,0.9756564155259001,0.6258800372935349,False,False
sp|Q9QZL0|RIPK3_MOUSE,0.011036710944606691,0.020480450000829774,0.5914227836745005,-0.041717432317398745,0.06379085420661212,-0.02930607863715632,0.029573126448044603,0.32461548815526137,-0.10548140433958661,0.046869247065273976,0.875700795549263,0.6258800372935349,False,False
tr|J3QK03|J3QK03_MOUSE,0.025825643911700103,0.020162300840952586,0.20384400357103005,-0.026109001421394207,0.07776028924479442,-0.028850214399713307,0.02911372905521358,0.3246257448372152,-0.10384221083571549,0.04614178203628888,0.612048603971259,0.6258800372935349,False,False
sp|Q8VBV7|CSN8_MOUSE,-0.0002507912906934194,0.02036471031777053,0.9902042176214682,-0.05270680888549139,0.05220522630410455,0.029134350984044755,0.029406001981442113,0.32471638332179525,-0.04661049061997087,0.10487919258806037,0.9972017238375122,0.6258800372935349,False,False
sp|P39876|TIMP3_MOUSE,-0.03444892747240418,0.020103896467779034,0.09039063487146314,-0.08623313310962265,0.017335278164814283,0.02875848692246475,0.029029394975009764,0.3247621408883562,-0.046016279318460605,0.1035332531633901,0.4327906562566749,0.6258800372935349,False,False
sp|Q01405|SC23A_MOUSE,0.008125914366283103,0.02003798035256978,0.686147348547888,-0.04348850260980326,0.05974033134236946,0.02865171984002405,0.028934214175273032,0.3249714989753228,-0.04587787690780421,0.10318131658785232,0.9160505102752249,0.6258800372935349,False,False
sp|Q8BK06|FBX9_MOUSE,0.011002319421370277,0.020477973603808233,0.5925321288536984,-0.04174544506461985,0.06375008390736041,-0.029210432014734992,0.02956955060853665,0.3261295854624437,-0.10537654696497592,0.04695568293550593,0.875700795549263,0.6276410183600841,False,False
sp|Q9R1P4|PSA1_MOUSE,0.04072046969029525,0.019760013994343455,0.04249644903815377,-0.01017795339487098,0.09161889277546148,-0.02814126910745058,0.028532839485761987,0.3268987327053831,-0.10163699316833344,0.04535445495343229,0.30481436287812247,0.6286514090488137,False,False
sp|Q06335|APLP2_MOUSE,-0.02182937929453517,0.019259057962855226,0.2603240244822136,-0.07143742515400445,0.027778666564934107,0.02731656685192374,0.027809474712843826,0.3288534800217835,-0.044315893029721526,0.098949026733569,0.665159404340189,0.6317114349126208,False,False
sp|Q9CQR6|PPP6_MOUSE,-0.009246718450768783,0.02048878559069635,0.6529601008051704,-0.062022332769414906,0.04352889586787734,0.029053100469199525,0.029585162777965735,0.3289805958127474,-0.047153228764548805,0.10525942970294785,0.8987980225182877,0.6317114349126208,False,False
sp|Q8BGE6|ATG4B_MOUSE,-0.0004479395591910616,0.020366320671264447,0.9825060683118452,-0.052908105149707736,0.05201222603132561,0.02884541629042853,0.029408327281301237,0.3295475087406893,-0.04690541488910377,0.10459624746996082,0.9947181800545349,0.6320557595655303,False,False
tr|A0A075B5M8|A0A075B5M8_MOUSE,-0.004974671146094083,0.02025936434151468,0.8066447313632008,-0.057159335488241265,0.0472099931960531,-0.028687765817509973,0.02925388570096582,0.3296508291636921,-0.10404078184872789,0.04666525021370795,0.9583518580992989,0.6320557595655303,False,False
sp|Q0VBK2|K2C80_MOUSE,0.01852847651780508,0.020481662186709673,0.3683077552031909,-0.03422878912811115,0.0712857421637213,-0.028944568764374845,0.029574876806376733,0.33061292977949447,-0.10512440309108875,0.04723526556233906,0.7575019725624733,0.6329091520929032,False,False
sp|P08920|CD2_MOUSE,0.011478853532654612,0.02041524045311656,0.5754667275989978,-0.04110732106547995,0.06406502813078918,-0.028849561700996347,0.02947896590957672,0.3306319319961387,-0.10478234592920313,0.04708322252721043,0.8680883559270176,0.6329091520929032,False,False
sp|P27808|MGAT1_MOUSE,0.03373156160805927,0.019072998138330844,0.0806878204709915,-0.015397225903186942,0.08286034911930548,0.026932449888144062,0.027540810170934953,0.33099484715538047,-0.04400797599362779,0.0978728757699159,0.4127029328049051,0.6329091520929032,False,False
sp|P06151|LDHA_MOUSE,0.009675604590970398,0.020097757217657893,0.6314952756402501,-0.04209278738588422,0.06144399656782501,0.028372062005153086,0.029020530090687335,0.33112059194927335,-0.046379869806961974,0.10312399381726815,0.8934630156793685,0.6329091520929032,False,False
sp|P15327|PMGE_MOUSE,-0.027463853418151576,0.020383146581177337,0.18156907515387852,-0.07996735968048074,0.025039652844177595,0.028755645117763084,0.029432623366662504,0.33144318754161683,-0.047057768630404284,0.10456905886593046,0.5895843234820141,0.6329091520929032,False,False
sp|Q9QUT0|RHAG_MOUSE,-0.036237240925474916,0.01926334219126691,0.06350060389693295,-0.08585632222603011,0.013381840375080278,0.027168669666705714,0.02781566100408967,0.33157065870808794,-0.04447972504521089,0.09881706437862231,0.36336456674356077,0.6329091520929032,False,False
sp|P60122|RUVB1_MOUSE,0.007001609088103732,0.020194305478616583,0.7296958191311205,-0.04501547472853497,0.05901869290474243,0.028454299181603745,0.029159942746637496,0.3320330939493695,-0.04665673583499333,0.10356533419820083,0.9348093205286742,0.6333009359076827,False,False
sp|Q8VEM8|MPCP_MOUSE,-0.01073978255915731,0.020050975278072862,0.5936682961546589,-0.062387672245151946,0.04090810712683733,0.02823754240679572,0.028952978439489397,0.33228499853983234,-0.04634038788266059,0.10281547269625202,0.876545792774224,0.6333009359076827,False,False
tr|D3YZZ5|D3YZZ5_MOUSE,-0.019373098327362753,0.02027653967537194,0.3421615004940047,-0.0716020033977577,0.03285580674303219,0.028541617754181955,0.029278686343526285,0.3325137341154124,-0.04687528049889006,0.10395851600725398,0.7336102113006345,0.6333009359076827,False,False
sp|Q8CIG8|ANM5_MOUSE,0.010841729016308204,0.020160225248222932,0.5921867837302178,-0.041087569944210825,0.06277102797682724,0.028359013842044395,0.02911073196451264,0.33283360963203695,-0.04662526259990492,0.10334329028399371,0.875700795549263,0.6334416443477421,False,False
sp|O70309|ITB5_MOUSE,-0.004509292637110269,0.020080485923423118,0.8228794837948524,-0.056233196708164734,0.047214611433944204,-0.0282260183216829,0.028995590884356146,0.33318816544029806,-0.10291371099532284,0.046461674351957034,0.9612305140240618,0.6336480989725018,False,False
sp|O08742|GPV_MOUSE,0.0024833681492078745,0.020285403458610466,0.9028648024886009,-0.049768368513793175,0.054735104812208925,0.028496070724307057,0.02929148536808436,0.33349149625412455,-0.046953795631278494,0.10394593707989261,0.9763568171657736,0.633713623757005,False,False
sp|Q8K284|TF3C1_MOUSE,0.017392886672411373,0.019957650325630183,0.3860312798285484,-0.034014613866329105,0.06880038721115185,-0.02802263355082262,0.028818220139782445,0.3337148247823296,-0.10225344946299732,0.04620818236135209,0.7675911548714379,0.633713623757005,False,False
sp|O35381|AN32A_MOUSE,-0.0001926282437520698,0.02039587978791436,0.9924874562847603,-0.05272893307312261,0.052343676585618476,0.028557997945453353,0.029451009717202055,0.33505851950818516,-0.047302775903219116,0.10441877179412583,0.9972017238375122,0.6357963800542202,False,False
sp|Q8C341|SUCO_MOUSE,0.006192674774120423,0.020219936446731902,0.7601785544639863,-0.04589043004126804,0.058275779589508886,-0.028283023446367496,0.029196953059449443,0.3355445713114029,-0.10348939071123908,0.0469233438185041,0.9431187041757689,0.6360223514398716,False,False
sp|Q9DB77|QCR2_MOUSE,-0.0030981743124507905,0.020018047476893078,0.8773837037047358,-0.05466124760326511,0.04846489897836353,0.027993226249988908,0.028905431728948057,0.33567160217739245,-0.04646223182916765,0.10244868432914547,0.9717888839047834,0.6360223514398716,False,False
sp|O35344|IMA4_MOUSE,-0.0215434263051284,0.020332029912923495,0.29244655823850746,-0.07391526475546953,0.030828412145212737,0.028401151109873714,0.029358812503433796,0.33619829735963147,-0.047222138453868905,0.10402444067361633,0.6999762292202917,0.6361580177382418,False,False
tr|D3Z2H9|D3Z2H9_MOUSE,-0.014852429579320925,0.020247470983239403,0.4653182381392485,-0.06700645866070504,0.037301599502063194,0.02828073745657232,0.029236712065222832,0.3362373056861153,-0.047028042220450345,0.10358951713359499,0.8112352492948983,0.6361580177382418,False,False
sp|Q3UGC7|EI3JA_MOUSE / sp|Q66JS6|EI3JB_MOUSE,-0.019627403727208437,0.020483525902945148,0.34077643796168583,-0.0723894699880175,0.03313466253360063,0.028543798529438544,0.029577567954075776,0.33735785827810477,-0.04764296773437873,0.10473056479325582,0.7318593225615855,0.6378094604009691,False,False
sp|Q9DCH4|EIF3F_MOUSE,0.02075764065639214,0.019836008684815158,0.29842241373813544,-0.03033653177940523,0.0718518130921895,0.02759427391976524,0.02864257343157903,0.33817902288659896,-0.04618410605434721,0.10137265389387769,0.7038612026286413,0.6388928715575879,False,False
sp|P80316|TCPE_MOUSE,0.012834082752343894,0.02010499875819467,0.5250228818886623,-0.038952962196828186,0.06462112770151597,0.027942843647097797,0.029030986647743656,0.3386193703347411,-0.046836022471097166,0.10272170976529277,0.8418019432523695,0.6389616874735503,False,False
sp|P97300|NPTN_MOUSE,0.01859168931548388,0.0204012121935263,0.36480690939003724,-0.03395835088052031,0.07114172951148806,-0.028349082973754804,0.029458709543398638,0.3387117294762704,-0.10422969026037665,0.04753152431286705,0.7551268421859694,0.6389616874735503,False,False
sp|Q9JME2|CHSTB_MOUSE,0.013974606646241871,0.019975535945829386,0.4861657197226082,-0.03747896419711986,0.0654281774896036,0.027727444955024105,0.028844046413508424,0.33923332436492076,-0.046569895029815456,0.10202478493986367,0.8198275889231933,0.6394771670861427,False,False
sp|P60867|RS20_MOUSE,0.027197103467525335,0.019542918162423987,0.16778896927911652,-0.023142117812104398,0.07753632474715506,0.027095657367209168,0.028219359924109885,0.3397875005013048,-0.04559259685270655,0.09978391158712488,0.570748475421037,0.640053265391997,False,False
sp|P51150|RAB7A_MOUSE,0.007874071836655287,0.020166964952492133,0.6972206797714624,-0.0440725874516176,0.05982073112492818,0.027942921517113764,0.029120463885762775,0.3400960226271921,-0.047066422692771476,0.102952265726999,0.9209691666264328,0.6401661244627337,False,False
tr|D3YXF5|D3YXF5_MOUSE,-0.016076418534499294,0.00926368446877605,0.08642241274124267,-0.03993808844800348,0.0077852513790048865,0.012801296463879359,0.013376469372440625,0.341379725317661,-0.021654205323677577,0.04725679825143629,0.4287817202479766,0.641457838611613,False,False
sp|P01654|KV3A1_MOUSE / sp|P01656|KV3A3_MOUSE,0.02472405781253017,0.020392656939955782,0.22884087888882218,-0.02780394551062778,0.07725206113568811,-0.02817481657407883,0.029446356025989315,0.3414713899819162,-0.10402360330855585,0.04767397016039819,0.6308389222667321,0.641457838611613,False,False
sp|Q8BMS1|ECHA_MOUSE,0.001900536050372197,0.02003884320552832,0.924671228712929,-0.04971610348764943,0.05351717558839382,0.02766877496239313,0.028935460107840337,0.3417698634892243,-0.04686403109505223,0.10220158101983849,0.9802504791831174,0.641457838611613,False,False
sp|O88200|CLC11_MOUSE,-0.019140582238054378,0.019857258112101036,0.33792580773085035,-0.07028948957133835,0.032008325095229585,-0.02741527664738016,0.028673256937070773,0.34181842724291384,-0.10127269209407386,0.04644213879931353,0.7305269119784844,0.641457838611613,False,False
sp|P56391|CX6B1_MOUSE,-0.0030251324246746984,0.020438782465805296,0.8826986824413376,-0.05567194722895743,0.04962168237960803,0.02819971993641246,0.02951295983637312,0.3421318908970377,-0.047820626844579175,0.1042200667174041,0.9717888839047834,0.641457838611613,False,False
sp|Q64521|GPDM_MOUSE,-0.02302987719947388,0.02002235301968009,0.2534014542867668,-0.07460404083356667,0.028544286434618912,0.02761682069411374,0.028911648797482325,0.34227692048635194,-0.046854651492355556,0.10208829288058303,0.659864731924688,0.641457838611613,False,False
sp|Q9ESE1|LRBA_MOUSE,0.005704055747568243,0.02025846109202557,0.7789870871051455,-0.04647828197807648,0.05788639347321296,0.027902929029504815,0.029252581437077353,0.34295690184301053,-0.04744672744056964,0.10325258549957927,0.9492700125272503,0.6418050330215802,False,False
sp|P37040|NCPR_MOUSE,-0.04788921575035058,0.019808776092656105,0.017841424447724043,-0.09891324167725307,0.003134810176551907,0.02727345392072348,0.028603250423959812,0.3431346634754388,-0.04640363669805971,0.10095054453950666,0.19384670022316206,0.6418050330215802,False,False
sp|Q60692|PSB6_MOUSE,0.005174613538682861,0.020334942533760454,0.7997702767441496,-0.04720472732576024,0.05755395440312597,-0.02799350993375582,0.029363018236428094,0.3432099147459091,-0.10362763274778806,0.04764061288027642,0.9565299624897676,0.6418050330215802,False,False
sp|Q8K2V1|PP4R1_MOUSE,0.0027771701688219653,0.020090308780111175,0.8903941324456123,-0.04897203590433416,0.05452637624197809,0.027579927494786508,0.029009774780847927,0.3445446383539716,-0.047144300475075465,0.10230415546464848,0.9717888839047834,0.643377111551718,False,False
sp|Q91VR2|ATPG_MOUSE,-0.008236849686011872,0.020404242788849593,0.6874965051478372,-0.06079469617825699,0.04432099680623325,0.02801056451565754,0.029463085627845265,0.3445503055649783,-0.04788131481751675,0.10390244384883182,0.9160505102752249,0.643377111551718,False,False
sp|P49290|PERE_MOUSE,-0.00984461226454815,0.02048569096552966,0.6321085938220808,-0.06261225535700642,0.042923030827910116,0.028104282020040755,0.029580694236436618,0.34485910355633287,-0.04809053701349275,0.10429910105357426,0.8934630156793685,0.6434870954040269,False,False
sp|Q8VC57|KCTD5_MOUSE,0.0014004320835273817,0.020203821603119516,0.9449074767961613,-0.050641163645462194,0.05344202781251695,0.027700430510553938,0.029173683731489354,0.3451561538119512,-0.04744599893748417,0.10284685995859205,0.9841278017357504,0.6435750152540003,False,False
sp|Q9QZJ6|MFAP5_MOUSE,-0.004192187132414255,0.020308881016568168,0.8369734543851625,-0.056504397977178523,0.04812002371235002,-0.027804021921724337,0.02932538622427386,0.3458535862470041,-0.10334121109609819,0.04773316725264952,0.9634342245039778,0.6440875699304637,False,False
sp|P53995|APC1_MOUSE,0.025912148933786183,0.02040650247535652,0.20774806004743282,-0.026651518125180317,0.07847581599275269,-0.027924799928637292,0.029466348544177654,0.34607464003294186,-0.10382508397731557,0.04797548412004099,0.6159297818148949,0.6440875699304637,False,False
sp|B2RXS4|PLXB2_MOUSE,-0.026988461912360245,0.017584299553117397,0.1286814325757992,-0.07228261598366187,0.018305692158941383,0.024056310295694328,0.02539117617843192,0.346204473821349,-0.0413470253562834,0.08945964594767206,0.5097764444348968,0.6440875699304637,False,False
sp|P62911|RL32_MOUSE,0.017915384565539462,0.019771060645477703,0.3675157684630294,-0.03301149280732444,0.06884226193840337,0.02703511964077324,0.028548790502990973,0.346431566739298,-0.046501691517709456,0.10057193079925593,0.7566818189789002,0.6440875699304637,False,False
sp|O35955|PSB10_MOUSE,0.059608134576440784,0.019009605800978324,0.0023803514428253686,0.010642634905367654,0.10857363424751391,-0.02595835551408696,0.027449273627143812,0.34708783919378927,-0.096662998884016,0.04474628785584209,0.057824575144106834,0.6443662106888435,False,False
sp|Q08879|FBLN1_MOUSE,-0.07258613907542164,0.015800978268463738,1.55685437402896e-05,-0.11328676192406989,-0.031885516226773374,-0.021566146186899445,0.02281611626293127,0.3473257985859736,-0.08033656705013645,0.03720427467633755,0.0016703750054685715,0.6443662106888435,True,False
sp|Q9ES81|POPD3_MOUSE,-0.012453784225135009,0.01992836859138831,0.5337538441915212,-0.06378586001475654,0.03887829156448652,-0.02717965900461201,0.028775938235365412,0.3476750610025868,-0.10130156394837948,0.046942245939155455,0.8463153625573688,0.6443662106888435,False,False
tr|A0A075B674|A0A075B674_MOUSE,0.020830954427862553,0.0203961662458117,0.31010795009657255,-0.03170608826815419,0.0733679971238793,-0.02781580985175729,0.0294514233534073,0.34770718087808905,-0.10367764915668823,0.048046029453173655,0.7105527400250299,0.6443662106888435,False,False
tr|A0A075B5Q5|A0A075B5Q5_MOUSE,0.013365559210658068,0.020497854947000408,0.5161946098778485,-0.03943341622172038,0.06616453464303651,-0.027947177716921196,0.029598258643572767,0.34783263411941456,-0.10418723966505546,0.04829288423121307,0.8370284133724559,0.6443662106888435,False,False
sp|Q9CZ04|CSN7A_MOUSE,0.006518682594410793,0.020231926390040584,0.7481228346342326,-0.045595306268300065,0.05863267145712164,0.027546625981871634,0.029214266160946637,0.3484932322503615,-0.04770433687717175,0.10279758884091501,0.942480654859813,0.644734613791574,False,False
sp|O88685|PRS6A_MOUSE,-0.024823259929126745,0.02040968937789823,0.22737967795554526,-0.07739513590504772,0.027748616046794235,0.027786395488630836,0.029470950331337585,0.34853226500888196,-0.04812574197826269,0.10369853295552436,0.6308389222667321,0.644734613791574,False,False
sp|Q80WT0|JPH4_MOUSE,-0.008608782890358047,0.020235275011962213,0.6716344675235328,-0.06073139723154114,0.04351383145082505,-0.027531596094524713,0.02921910146581108,0.3488342180200083,-0.10279501387352953,0.047731821684480105,0.9095911589818277,0.6448299435761101,False,False
sp|Q6Q477|AT2B4_MOUSE,0.0012579065137144048,0.020269887765607706,0.9506677450017352,-0.05095386437258527,0.053469677400014085,-0.02754566804326965,0.029269081194783428,0.34940851974259585,-0.10293782507274486,0.04784648898620557,0.9853794978699983,0.6454282197540777,False,False
tr|A0A075B5U0|A0A075B5U0_MOUSE,0.01535135199134927,0.020427047688758696,0.45449082419338777,-0.03726523603034622,0.06796794001304475,-0.02773063696861784,0.029496015186942826,0.34990263700671287,-0.10370733722506857,0.04824606328783289,0.8053288393322638,0.6454996967072377,False,False
sp|Q9D7M1|GID8_MOUSE,-0.012640984737424213,0.01804381771641418,0.48555358560785755,-0.059118779159258665,0.03383680968441024,-0.02448897749510251,0.026054705971370964,0.3500262574548814,-0.09160145263151036,0.04262349764130534,0.819677896606254,0.6454996967072377,False,False
sp|Q8BK64|AHSA1_MOUSE,0.00999249843416448,0.019938667079803466,0.6175999839334043,-0.04136610450369907,0.061351101372028025,0.027038216555346602,0.02879080892913009,0.35042383945692557,-0.04712199275718401,0.10119842586787722,0.8888395805664272,0.6454996967072377,False,False
sp|Q9QZE5|COPG1_MOUSE,0.034688376725598075,0.019203349340433485,0.07452916794527707,-0.014776173231776941,0.08415292668297308,0.026039656755295376,0.027729033212043907,0.35044993242591,-0.045385599551368005,0.09746491306195876,0.3990215264668443,0.6454996967072377,False,False
sp|Q9JLN9|MTOR_MOUSE,-0.011289690433322678,0.020170176345939334,0.5771948925108726,-0.0632446217229421,0.04066524085629675,0.027305959576713248,0.029125101037020908,0.35123385865276724,-0.047715329143267676,0.10232724829669418,0.8689708390946181,0.6462334904611766,False,False
tr|Q9DBK7|Q9DBK7_MOUSE,0.01102621035816096,0.01996200069059044,0.5822042305490639,-0.04039249597812528,0.062444916694447204,0.02701757162267033,0.028824501930126874,0.35135024724102804,-0.04722942510915231,0.10126456835449296,0.8726285760557855,0.6462334904611766,False,False
sp|Q0VGB7|PP4R2_MOUSE,0.05564644787096234,0.01938097721282593,0.005202097132563186,0.005724358834751815,0.10556853690717286,-0.026185373174151854,0.02798552227994749,0.35218762569762696,-0.09827130153796124,0.04590055518965752,0.09238206976793245,0.6464318409332267,False,False
sp|Q5XJY5|COPD_MOUSE,0.027401664030105827,0.01958241885572658,0.16549476447211403,-0.023039304292843225,0.07784263235305489,0.026457492125071425,0.028276397684402054,0.3521884602558616,-0.04637768162921366,0.0992926658793565,0.5671690800222309,0.6464318409332267,False,False
sp|Q80W65|PCSK9_MOUSE,0.030510651115477908,0.0193625571600984,0.11893266818886135,-0.019363991009144123,0.08038529324009994,0.02615919791110661,0.027958924302438754,0.3522112127492494,-0.045858218602820626,0.09817661442503384,0.4919309261538196,0.6464318409332267,False,False
sp|P01898|HA10_MOUSE,-0.04203788482201526,0.01306852079262197,0.0018567305279975595,-0.07570016363368903,-0.008375606010341485,0.017645316723931208,0.01887053350260621,0.3524965132972305,-0.030961956445683135,0.06625258989354554,0.05032716957467069,0.646494673604251,False,False
sp|P70302|STIM1_MOUSE,-0.005496408179657869,0.02038639702192542,0.7881364171281823,-0.0580082870225154,0.047015470663199666,0.027459230254930935,0.02943731690099651,0.353659994403068,-0.04836627323651119,0.10328473374637306,0.9511274250888044,0.6481668936568684,False,False
sp|Q0VGU4|VGF_MOUSE,-0.0007254160768723841,0.019885665205793667,0.9709888068245598,-0.051947495234518484,0.05049666308077372,-0.026708272541013944,0.02871427588800982,0.3550292768864577,-0.10067134580353726,0.047254800721509366,0.9936351314696881,0.6500214048943194,False,False
tr|E9Q6D8|E9Q6D8_MOUSE,-0.0023644633452909072,0.010627729186964623,0.8244930062068577,-0.029739679615256316,0.0250107529246745,0.014269617949933481,0.015346107096716395,0.35517674434419705,-0.025259334405188346,0.053798570305055304,0.9612305140240618,0.6500214048943194,False,False
sp|Q9Z2U0|PSA7_MOUSE,0.04047319605873674,0.019920715715346954,0.04542088992356982,-0.01083916722852104,0.09178555934599453,-0.02667328286414606,0.028764887722761777,0.35649932015252045,-0.10076672357372984,0.04742015784543772,0.3151503967948513,0.6516375695351108,False,False
sp|Q99KB8|GLO2_MOUSE,0.033184473978275154,0.020283099962831674,0.10565878065926863,-0.019061329272798286,0.0854302772293486,-0.02715472289689175,0.029288159192539586,0.3565659555242606,-0.10259602159204032,0.04828657579825682,0.4667533720091613,0.6516375695351108,False,False
sp|P21550|ENOB_MOUSE,0.05068556124492077,0.019424194302734447,0.01077818043176017,0.0006521523621097758,0.10071897012773176,-0.02591917427322295,0.028047926400195308,0.3581440821155239,-0.09816584499862885,0.046327496452182954,0.14684557995652084,0.6537842703100024,False,False
sp|Q9DCT2|NDUS3_MOUSE,0.026686433217638365,0.020386229565952693,0.1941766430007299,-0.025825014287217566,0.0791978807224943,-0.027196957683594068,0.029437075099832198,0.3582483904494809,-0.10302183833651152,0.04862792296932339,0.5995262059075294,0.6537842703100024,False,False
sp|P62334|PRS10_MOUSE,-0.021693057637468448,0.020450785367452838,0.2919203844978,-0.07437078986754253,0.030984674592605642,0.027194526173197522,0.02953029164930456,0.3598026176047265,-0.04887046439942655,0.1032595167458216,0.699902225402081,0.6557163185259026,False,False
sp|O88879|APAF_MOUSE,-0.026130590605179995,0.02021683007127776,0.1998085727496827,-0.07820569392764586,0.025944512717285862,0.02687672465787948,0.029192467550874353,0.35992171938855005,-0.048318088702563086,0.10207153801832204,0.6075324640422426,0.6557163185259026,False,False
sp|Q61093|CY24B_MOUSE,0.02795623381581586,0.020338254639330696,0.17301152385314325,-0.02443163846721152,0.08034410609884324,-0.02701272298519826,0.029367800812828224,0.3603713445894019,-0.10265916489966842,0.0486337189292719,0.5811313303565719,0.6557163185259026,False,False
tr|B1AUN2|B1AUN2_MOUSE,0.006462226885917965,0.02022085745408078,0.7500978301748169,-0.04562325028718853,0.05854770405902446,0.02683390568552608,0.02919828296512959,0.3607788410654622,-0.048375887189367396,0.10204369856041956,0.942480654859813,0.6557163185259026,False,False
sp|P49722|PSA2_MOUSE,0.042508775815452045,0.019786932693276058,0.03463811656637341,-0.008458985243238189,0.09347653687414229,-0.026248390489807573,0.028571709241422556,0.3609549980032427,-0.09984423640634271,0.047347455426727574,0.27193033584881565,0.6557163185259026,False,False
sp|P14685|PSMD3_MOUSE,-0.030436970909139594,0.02034046305998464,0.13839499614569908,-0.08283053170680196,0.02195658988852277,0.026978793455661947,0.029370989702879314,0.36102377078654646,-0.0486758624952476,0.10263344940657149,0.5271702885727443,0.6557163185259026,False,False
sp|Q64727|VINC_MOUSE,0.011770772668159216,0.019585095003336214,0.5494933080579804,-0.03867708895422335,0.06221863429054178,0.025973323427407248,0.028280261957484436,0.36108960763873005,-0.04687180403472035,0.09881845088953484,0.8557038583277263,0.6557163185259026,False,False
sp|O88746|TOM1_MOUSE,0.01540029252609933,0.020485744881429794,0.45434982553131437,-0.03736748944451443,0.06816807449671308,-0.027117138059296282,0.029580772089302744,0.36198026626697,-0.10331215762852372,0.04907788150993115,0.8053288393322638,0.6564382199357299,False,False
sp|Q7TQ48|SRCA_MOUSE,-0.05058936197024378,0.0196607017287136,0.011879482455965628,-0.1012319736113988,5.324967091123456e-05,0.026004198736817877,0.028389435693892445,0.362362551613899,-0.04712214163472739,0.09913053910836314,0.1583084468597962,0.6564382199357299,False,False
sp|Q99M74|KRT82_MOUSE,0.015264618611673423,0.020510588595160896,0.4588641037473821,-0.03756715652477789,0.06809639374812473,-0.02712754149688841,0.029616645631513935,0.3623759107981161,-0.10341496518736554,0.049159882193588716,0.8053288393322638,0.6564382199357299,False,False
sp|Q9QXA5|LSM4_MOUSE,0.02458014597190343,0.019717255218093054,0.21608211840413818,-0.02620813780441312,0.07536842974821997,0.026060068730064317,0.028471097156039474,0.3627093107564817,-0.04727661762864992,0.09939675508877856,0.624131969333854,0.6564382199357299,False,False
sp|Q8BHK9|ERC6L_MOUSE,0.009298394758648342,0.020236816917192972,0.6471059822711055,-0.042828191267211435,0.061424980784508115,0.026743208471566495,0.02922132792852837,0.36277285152107114,-0.04852594429534876,0.10201236123848176,0.8973269315332452,0.6564382199357299,False,False
sp|Q8BM72|HSP13_MOUSE,0.023168903992132048,0.019166452564514224,0.23020390487590806,-0.026200606168623665,0.07253841415288775,0.025308670704084314,0.027675755426656314,0.3631507262570833,-0.04597935112174953,0.09659669252991815,0.6331682790804617,0.6564382199357299,False,False
sp|O88544|CSN4_MOUSE,0.0005598451622689936,0.020410131993010797,0.9781836033507744,-0.052013170914629134,0.05313286123916712,0.026933727933549728,0.02947158945365625,0.36345515933661116,-0.048980055803340763,0.10284751167044022,0.9942219204161421,0.6564382199357299,False,False
sp|P12970|RL7A_MOUSE,0.021876525622580335,0.019708701705641506,0.27024644111387724,-0.028889725765715246,0.07264277701087592,0.026004212817713104,0.028458746152751246,0.36352656373916536,-0.04730065946480308,0.09930908510022929,0.6726549628833807,0.6564382199357299,False,False
sp|B1AVZ0|UPP_MOUSE,0.028651390381551397,0.020372583378297785,0.16339269602858633,-0.023824906873261293,0.08112768763636409,-0.02683145851977122,0.029417370433526723,0.3643920641930387,-0.10260558331580238,0.048942666276259934,0.5642345818897405,0.6575399896966185,False,False
sp|Q8BYH7|TBC17_MOUSE,-0.0222144814901216,0.020406532436975607,0.2795209395535909,-0.07477822572510452,0.030349262744861324,0.026848222851565455,0.029466391807814428,0.36488853667541493,-0.049052172636856205,0.10274861833998711,0.6819895825172194,0.6579747772683427,False,False
sp|P49813|TMOD1_MOUSE,-0.00044964049467198644,0.019546781165564218,0.9817035250716668,-0.05079881221099003,0.04989953122164606,-0.025656677034274142,0.028224937979295716,0.36601024293697726,-0.09835929937219433,0.047045945303646045,0.9945461881456809,0.6595356022132375,False,False
sp|P12246|SAMP_MOUSE,0.05424400275435158,0.01787306812299348,0.0032228797277396286,0.008206030138819237,0.10028197536988392,0.023440249729864457,0.025808148922234934,0.366407808834268,-0.04303713653438225,0.08991763599411116,0.06945261308039163,0.6597902851386295,False,False
sp|O70370|CATS_MOUSE,0.04993330089912877,0.017588716735016715,0.005704641683416367,0.004627768921251781,0.09523883287700577,0.023026693669140303,0.025397554450337433,0.36724846589681914,-0.04239307132251764,0.08844645866079824,0.09992824717549079,0.6603807567582543,False,False
sp|P18828|SDC1_MOUSE,-0.02639797943390153,0.020025039675501816,0.19109096175255613,-0.07797906343478847,0.02518310456698541,0.02621141823671374,0.028915528244092874,0.3673366054625284,-0.04827004674201656,0.10069288321544403,0.5995262059075294,0.6603807567582543,False,False
sp|Q7TMY8|HUWE1_MOUSE,0.016516952894725146,0.02002652675046481,0.4119041795634601,-0.03506796155742806,0.06810186734687834,0.0261883237202363,0.028917675533625897,0.36779218668012903,-0.04829867230979637,0.10067531975026897,0.7845068508697557,0.6603807567582543,False,False
tr|J3QN89|J3QN89_MOUSE,0.036085223070956796,0.01895109889000116,0.06040146479824167,-0.01272957278436123,0.08490001892627483,0.02477952117951935,0.027364791485572602,0.3678399864434444,-0.045707510614524,0.09526655297356271,0.35581987938898485,0.6603807567582543,False,False
sp|Q60932|VDAC1_MOUSE,-0.0048794788841812825,0.020271823591266665,0.8103864839074542,-0.05709623612693987,0.0473372783585773,0.026496536685623462,0.0292718764662248,0.3680180139604252,-0.048902820485941814,0.10189589385718874,0.9583518580992989,0.6603807567582543,False,False
sp|Q922B2|SYDC_MOUSE,0.02488574038726368,0.019608949378565853,0.20799544775052917,-0.025623566033853244,0.0753950468083806,0.0255958787989648,0.028314706925977644,0.36865506896420014,-0.04733797302236742,0.09852973062029702,0.6159297818148949,0.6610632329963896,False,False
sp|P62301|RS13_MOUSE,0.011560060231874603,0.020184485906418255,0.5684013427275867,-0.040431730042947325,0.06355185050669654,0.026328603930516215,0.029145763592845708,0.3689903164550098,-0.04874590800624444,0.10140311586727686,0.8641402584556713,0.6612039421514616,False,False
sp|Q7TSJ2|MAP6_MOUSE,-0.01632555747445112,0.02050625416952329,0.42825774515336273,-0.06914616787033104,0.03649505292142879,0.026725277943496748,0.029610386857050707,0.36940083482561425,-0.04954602421231369,0.10299658009930718,0.7935104778362561,0.6612552035549456,False,False
sp|Q99J56|DERL1_MOUSE,-0.010600781204248512,0.02042776623445968,0.6052004545620642,-0.06321922007701654,0.04201765766851951,0.026600677038724617,0.02949705274436334,0.3698001452677243,-0.049378695788533995,0.10258004986598324,0.8830672540767859,0.6612552035549456,False,False
sp|Q9CZE3|RAB32_MOUSE,-0.00454773419261862,0.02046375687713248,0.824684620036646,-0.0572588788174368,0.04816341043219956,0.02663654063522031,0.029549022101807442,0.3699968337327517,-0.049476696385829425,0.10274977765627004,0.9612305140240618,0.6612552035549456,False,False
sp|Q8VIK5|PEAR1_MOUSE,0.008530755864367589,0.020231225141871628,0.6743744927499215,-0.043581426702760606,0.06064293843149579,-0.026331141984973203,0.029213253580619,0.37004611585346664,-0.10157949660993645,0.04891721263999005,0.9104021183795535,0.6612552035549456,False,False
sp|Q9ESL4|M3K20_MOUSE,-0.01588700417356973,0.020511623327630547,0.44084112524305735,-0.06872144460423771,0.03694743625709824,0.026680690874733008,0.029618139752696022,0.3703207614639245,-0.04961058141686799,0.102971963166334,0.7971670628517364,0.6612870740427222,False,False
sp|O88545|CSN6_MOUSE,0.0014854319141652122,0.020403259461961074,0.942139652490593,-0.051069881695865495,0.05404074552419592,0.026518040431787238,0.029461665734707532,0.370710148698933,-0.049370181499034965,0.10240626236260944,0.9837216114595029,0.6615236541231826,False,False
sp|Q8VDM4|PSMD2_MOUSE,-0.022487612269372324,0.020456810231242385,0.27486613402023596,-0.07518086352014541,0.03020563898140077,0.02652109994569831,0.029538991363357393,0.37190290337062065,-0.04956629960531555,0.10260849949671216,0.6760079227336272,0.6625145438509039,False,False
sp|Q80SZ7|GBG5_MOUSE,0.0034073098453885494,0.020173338766717706,0.8662899599166153,-0.04855576730034195,0.05537038699111905,-0.02615317360510161,0.02912966747328364,0.37191057443420983,-0.10118622468542086,0.048879877475217645,0.9698681072979497,0.6625145438509039,False,False
sp|P62743|AP2S1_MOUSE,0.002539838699081052,0.0203567760561975,0.9010139635419768,-0.049895741592255086,0.05497541899041719,0.02638310934657116,0.029394545156969917,0.37205262029662806,-0.04933222143324337,0.10209844012638569,0.9756564155259001,0.6625145438509039,False,False
sp|Q9JM99|PRG4_MOUSE,0.04734164054687484,0.013814426345490226,0.0009566142160377546,0.011758036354443169,0.08292524473930651,0.017894888388009136,0.019947597689788512,0.3722945805639837,-0.03348671827675246,0.06927649505277073,0.03506473565703837,0.6625145438509039,False,False
sp|Q7TT41|MOXD2_MOUSE,-0.007208458308799074,0.018520137774620596,0.6981203550498037,-0.05491317189442972,0.04049625527683158,-0.023974094114793794,0.026742497172760952,0.3726212029027949,-0.09285820198246508,0.04491001375287749,0.9209691666264328,0.6626378435598734,False,False
sp|P61358|RL27_MOUSE,0.010873636912899515,0.02008787601583762,0.5897660805736168,-0.04086930277475216,0.0626165766005512,0.02598789894189614,0.029006261945657433,0.37290692325727376,-0.04872728056414362,0.1007030784479359,0.875700795549263,0.6626882866718289,False,False
sp|P60882|MEGF8_MOUSE,-0.04473678726463895,0.019563055546976935,0.02478549865894805,-0.095127879009497,0.0056543044802190995,0.02526408565493194,0.02824843767482792,0.37375044229873444,-0.047499067887364584,0.09802723919722847,0.2271269005223887,0.6637292337374078,False,False
tr|A0A140T8P7|A0A140T8P7_MOUSE,0.008423090384836327,0.020511593673992218,0.6824001318250538,-0.04441127366312107,0.061257454432793734,-0.02644987499980734,0.029618096933773784,0.3744540245706996,-0.10274103699717368,0.04984128699755901,0.9151980934632882,0.6638053582756348,False,False
sp|P27046|MA2A1_MOUSE,0.025810554344529966,0.01973913971216399,0.19466924861301602,-0.02503410015290785,0.07665520884196778,-0.02545085952124884,0.02850269767801946,0.37450873921922395,-0.09886894343048656,0.04796722438798888,0.5997773751830736,0.6638053582756348,False,False
sp|Q8VBT0|TMX1_MOUSE,-0.0010035754791783472,0.020152324160468443,0.9604032754803078,-0.05291252258632946,0.05090537162797276,0.025980436523028665,0.029099323041992326,0.37456667400951354,-0.0489744524819709,0.10093532552802822,0.9882266025055787,0.6638053582756348,False,False
sp|P01801|HVM32_MOUSE,0.026786951893293814,0.02023695471319532,0.18929274895731482,-0.025339989071546724,0.07891389285813435,-0.02605860123906463,0.02922152690162717,0.37513069864534293,-0.1013282665267184,0.049211064048589145,0.5966081132987585,0.6639671599795693,False,False
sp|P12399|CTL2A_MOUSE,-0.016288832008922123,0.020505480999508583,0.429276111414033,-0.06910745085082153,0.03652978683297728,0.02640198780496902,0.02960927042383709,0.37517367680398966,-0.04986643860945432,0.10267041421939237,0.7940991285137464,0.6639671599795693,False,False
sp|Q9CQM9|GLRX3_MOUSE,-0.0040688143166563075,0.02007006522297756,0.8398478657288535,-0.05576587644213961,0.04762824780882699,0.025795693429598674,0.02898054372025862,0.3760141898677913,-0.04885324031782355,0.10044462717702089,0.9654501135052669,0.6649976228774468,False,False
sp|Q9DBS1|TMM43_MOUSE,0.005009524033336715,0.0203460027737854,0.8061298377198434,-0.04739830612146692,0.057417354188140354,0.02607820031048132,0.029378988875588374,0.377326361080948,-0.04959706014389638,0.10175346076485901,0.9583491838082163,0.6667543949672007,False,False
sp|P67871|CSK2B_MOUSE,0.0051773530424226045,0.020336912537402975,0.7996855547078294,-0.047207062215131004,0.05756176829997621,0.026048697088056103,0.029365862859804095,0.3776516145588186,-0.0495927529902256,0.1016901471663378,0.9565299624897676,0.6667543949672007,False,False
tr|A0A0B4J1M0|A0A0B4J1M0_MOUSE,0.009355948317592061,0.02051393022100907,0.6495396436455744,-0.04348443427664047,0.06219633091182459,-0.026254776356167964,0.029621470834268075,0.3780249120871565,-0.10255462894529477,0.05004507623295884,0.8973269315332452,0.6667543949672007,False,False
sp|Q5DTK1|CHSS3_MOUSE,0.015374642791075381,0.02050818218424932,0.45559091781129935,-0.03745093384163351,0.06820021942378428,-0.026246404639410414,0.029613170849750296,0.3780432686027624,-0.10252487788519732,0.05003206860637649,0.8053288393322638,0.6667543949672007,False,False
sp|Q9WV80|SNX1_MOUSE,0.017509492358705216,0.019744795553413488,0.3777853231415808,-0.03334973062035927,0.06836871533776971,0.025242718985420555,0.02851086453511658,0.37854502932842915,-0.04819640135364583,0.09868183932448693,0.7617832475251141,0.6670858113276394,False,False
sp|Q64339|ISG15_MOUSE,0.018765194141888153,0.019404887891456696,0.3363703741057868,-0.031218484721007238,0.06874887300478355,0.024783516099172915,0.02802004854878326,0.37901668611636663,-0.04739134603964586,0.09695837823799168,0.7302365808053777,0.6670858113276394,False,False
sp|P70704|AT8A1_MOUSE,0.01978279584827578,0.020244136834546907,0.3313388405397144,-0.03236264503520382,0.07192823673175537,-0.02582918813225303,0.029231897659246612,0.3794976159245837,-0.10112556672128296,0.0494671904567769,0.7269425782982003,0.6670858113276394,False,False
sp|Q62093|SRSF2_MOUSE,0.0018021851846357789,0.020288943978780664,0.9294368017995647,-0.05045867125396948,0.054063041623241034,0.02588516318279013,0.029296597767991633,0.37951948915282685,-0.04957787184228803,0.10134819820786829,0.9822438232162402,0.6670858113276394,False,False
sp|Q8VE70|PDC10_MOUSE,0.0006809699984849855,0.019654429140712325,0.972445303730345,-0.049945484526687255,0.051307424523657226,0.025048224423934895,0.028380378273859655,0.3800381555560271,-0.048054785579675366,0.09815123442754516,0.9936693083752532,0.6670858113276394,False,False
sp|P01811|HVM41_MOUSE,-0.03717481759027487,0.019353957674280484,0.058234230630824495,-0.08702730890733167,0.012677673726781927,0.024657086580092157,0.02794650691505366,0.3801959721824867,-0.047328344863535037,0.09664251802371934,0.3473228387287654,0.6670858113276394,False,False
sp|Q9JI90|RNF14_MOUSE,0.002741301032375292,0.019175808290831414,0.8866754587046286,-0.04665230788238422,0.0521349099471348,-0.024424377008358186,0.027689264801566547,0.3803075075988751,-0.09574719667795843,0.04689844266124206,0.9717888839047834,0.6670858113276394,False,False
tr|A0A140T8P9|A0A140T8P9_MOUSE / sp|P01638|KV5A6_MOUSE,0.0006118695606998662,0.020374137731878333,0.9761147625672361,-0.051868431443613666,0.053092170565013405,-0.025940063303809435,0.029419614871270067,0.3805018580714404,-0.10171996938834989,0.04983984278073102,0.9939447960749526,0.6670858113276394,False,False
sp|Q8R2Y2|MUC18_MOUSE,0.020900561558384625,0.018195959291132234,0.2540451283440568,-0.02596912358989666,0.06777024670666591,-0.02315930840228038,0.02627439362603477,0.38065595782397704,-0.09083766143719918,0.04451904463263842,0.6601071700160911,0.6670858113276394,False,False
tr|A0A0B4J1J6|A0A0B4J1J6_MOUSE,-0.016892092677081343,0.019854481877545127,0.3973608748454118,-0.06803384890404267,0.03424966354987999,-0.025234235247670038,0.028669248141582,0.3813315920643953,-0.0990813247214718,0.04861285422613173,0.7718290401489944,0.6670858113276394,False,False
sp|Q8BH95|ECHM_MOUSE,-0.0001832043171325763,0.020337968486507724,0.9928346367144192,-0.05257033951933325,0.0522039308850681,0.025845404737120995,0.02936738761714078,0.3813925066415553,-0.049799972855789354,0.10149078233003134,0.9972017238375122,0.6670858113276394,False,False
sp|Q8R146|APEH_MOUSE,-0.047434749509838114,0.01979865797266579,0.018858439784500067,-0.09843271288677272,0.0035632138670964875,0.025154414360358122,0.02858864017653468,0.38149869042305984,-0.048485042754975324,0.09879387147569156,0.1990183706765888,0.6670858113276394,False,False
sp|Q9D554|SF3A3_MOUSE,0.04738497884240894,0.019696930852290084,0.018391116336579475,-0.003350952836896272,0.09812091052171415,-0.025019872684227496,0.02844174941027006,0.3815989903245099,-0.09828096425939577,0.04824121889094078,0.19750675120489092,0.6670858113276394,False,False
sp|Q8K4L6|MEPE_MOUSE,-0.011350529263945,0.020115782189546735,0.574117448851912,-0.06316535049158654,0.04046429196369654,-0.02553673134777073,0.029046557583875695,0.381880644150954,-0.10035570553953829,0.04928224284399683,0.8679079562243073,0.6671252772650655,False,False
sp|B1AWN4|AT10B_MOUSE,0.0019252965994831204,0.02025067184156498,0.9244886174834485,-0.05023697734657252,0.05408757054553877,-0.02567903014280565,0.02924133400409628,0.3824142791597007,-0.10099971514541775,0.049641654859806456,0.9802504791831174,0.6673704810628669,False,False
sp|P60335|PCBP1_MOUSE,0.021138668187972557,0.019642941866235695,0.285018134983231,-0.02945819707898487,0.07173553345492999,0.024890488658194092,0.028363791010365586,0.3827548618438708,-0.048169795386042456,0.09795077270243063,0.6910750448039734,0.6673704810628669,False,False
sp|Q9CZU3|MTREX_MOUSE,0.03193867468654171,0.020171427255091794,0.11718840225502239,-0.020019478731528692,0.08389682810461212,-0.02554778343071289,0.029126907310542207,0.38298417687543995,-0.1005737248029602,0.04947815794153443,0.4914660192291248,0.6673704810628669,False,False
sp|P54729|NUB1_MOUSE,-0.012014546708290247,0.020452725983223594,0.5585290114130012,-0.06469727763333358,0.040668184216753084,0.025897403714042505,0.0295330938375169,0.3831058285957074,-0.050174804817092966,0.10196961224517798,0.8586341518737182,0.6673704810628669,False,False
sp|P36916|GNL1_MOUSE,-0.0037161279620254043,0.020480901555699975,0.8564671727236406,-0.05647143435229766,0.04903917842824685,0.025921523845152495,0.029573778479092462,0.38331687048232244,-0.0502554813779577,0.10209852906826268,0.9672875961020359,0.6673704810628669,False,False
tr|A0A075B5V9|A0A075B5V9_MOUSE,-0.01671386285058632,0.019359629512299577,0.39047099996926077,-0.06658096385421768,0.033153238153045037,0.024481544572836043,0.027954696870983568,0.38371986801441316,-0.04752498279927018,0.09648807194494227,0.7691980219642064,0.6676207163088608,False,False
sp|Q9Z2R9|E2AK1_MOUSE,-0.006969714151923414,0.020192825184543243,0.7308594397545818,-0.05898298498371013,0.0450435566798633,0.025512201609531056,0.02915780524849613,0.3841459265459554,-0.0495933275767172,0.10061773079577932,0.9358344392680499,0.6679107095582952,False,False
sp|Q9DBD0|ICA_MOUSE,0.010332663702419854,0.02019281946404236,0.6102363344059647,-0.041680592394333055,0.06234591979917277,-0.025455386466804494,0.029157796988272554,0.3852006839026648,-0.10056089437612681,0.04965012144251782,0.8860033768586976,0.6692926862681254,False,False
sp|O54734|OST48_MOUSE,0.004965803438672615,0.019847507670513135,0.8030601406739097,-0.04615798842144669,0.05608959529879192,0.02499257846778122,0.02865917760570883,0.3857208715575564,-0.048828571024616005,0.09881372796017844,0.9565299624897676,0.669631899141986,False,False
sp|Q8BG32|PSD11_MOUSE,-0.021545386023037526,0.02047545949757372,0.29577396866012085,-0.07428667460051656,0.031195902554441508,0.02574088532173594,0.02956592031810973,0.3864995842190148,-0.050415878620042924,0.1018976492635148,0.7038612026286413,0.669631899141986,False,False
sp|Q08890|IDS_MOUSE,-0.011136485542726561,0.020428382171507758,0.5871316806788706,-0.06375651096419216,0.04148353987873904,0.025672317234815847,0.029497942138112316,0.38667234933000516,-0.050309346518923756,0.10165398098855545,0.8755588163150538,0.669631899141986,False,False
sp|Q03734|SPA3M_MOUSE,-0.006957494714292372,0.01936658553314736,0.7203296407566909,-0.056842513240259546,0.042927523811674806,-0.02433747007626141,0.027964741146578022,0.3866818449972119,-0.09636986978777676,0.04769492963525393,0.9289057589943592,0.669631899141986,False,False
sp|P70349|HINT1_MOUSE,-0.012141874042139303,0.020004152341430628,0.5455493485673478,-0.06366915583585267,0.03938540775157406,-0.025137921472452522,0.0288853675898287,0.3866961685530614,-0.09954169775411495,0.04926585480920991,0.8526708497878961,0.669631899141986,False,False
sp|Q60778|IKBB_MOUSE,0.04193442403133779,0.019948915683407294,0.03861354615300527,-0.00945057756000895,0.09331942562268453,-0.025009959375025537,0.028805607590794237,0.38780113418858503,-0.09920828751392398,0.049188368763872906,0.28489937347847727,0.6710940326180151,False,False
sp|P50247|SAHH_MOUSE,0.03643781406877257,0.019171362583025472,0.06086327233312019,-0.012944343461545382,0.08581997159909052,0.023997665982162235,0.027682845339147957,0.38853814033971046,-0.04730861824802717,0.09530395021235163,0.35581987938898485,0.6718253349526203,False,False
sp|P07743|BPIA2_MOUSE,-0.009190537182538979,0.020266402268186247,0.6513963980263463,-0.061393330022443016,0.04301225565736505,-0.025357237565855437,0.0292640482459969,0.38874553362306963,-0.10073643057836305,0.05002195544665218,0.8979915441766587,0.6718253349526203,False,False
tr|F6YNI8|F6YNI8_MOUSE,-0.020869781372178844,0.020457287506607028,0.3106512815080227,-0.07356426200282204,0.03182469925846436,0.025538671674773167,0.029539680533991267,0.38980532015772557,-0.05055050306215457,0.1016278464117009,0.7105527400250299,0.6732050297827923,False,False
sp|Q05144|RAC2_MOUSE,0.04109870838678092,0.018901688730269713,0.03256169057070946,-0.007588815331207817,0.08978623210476966,0.02355892103212807,0.027293444767043616,0.39056088253733734,-0.04674433379361627,0.09386217585787242,0.26321491209886666,0.6740578234139702,False,False
sp|Q9EQQ9|OGA_MOUSE,-0.0018892317404244582,0.020366294351958903,0.9263183761319914,-0.05434932953690266,0.05057086605605375,0.0253618208901154,0.029408289277050796,0.39098051212996915,-0.05038891239695495,0.10111255417718576,0.9807852872285682,0.6743300862254994,False,False
sp|Q80WM4|HPLN4_MOUSE,-0.011491340930559856,0.019878486987440852,0.5647948109064305,-0.06269493022302551,0.039712248361905796,-0.024709389164743027,0.028703910766197997,0.39183791964092,-0.09864576364276859,0.04922698531328254,0.8624343533708358,0.6743575685582257,False,False
sp|Q8BRN9|C2D1B_MOUSE,0.021807853630151766,0.019593234137618654,0.2689478370173199,-0.02866097301282103,0.07227668027312456,0.024335827158501175,0.028292014611713344,0.39220552195567454,-0.048539573134783714,0.09721122745178606,0.6726549628833807,0.6743575685582257,False,False
sp|Q03265|ATPA_MOUSE,0.009053932007362939,0.019868063706875747,0.6498082072593195,-0.042122808693584,0.060230672708309875,0.024650919767648403,0.028688859876488896,0.39270726065151473,-0.04924668618761998,0.09854852572291678,0.8973269315332452,0.6743575685582257,False,False
sp|P46460|NSF_MOUSE,-0.0033382771865610615,0.020117756339346336,0.8686150967680358,-0.05515818348710601,0.04848162911398389,0.024956112375375608,0.02904940819417228,0.39279426481092655,-0.049870204501926904,0.09978242925267812,0.9700936139410723,0.6743575685582257,False,False
sp|Q9JHH6|CBPB2_MOUSE,0.004776512020683448,0.019595860899289864,0.8080324200164396,-0.045699080711975495,0.055252104753342385,0.024305869326279445,0.02829580757305201,0.3928491347839076,-0.048579300987968824,0.09719103964052771,0.9583518580992989,0.6743575685582257,False,False
sp|Q8BV13|CSN7B_MOUSE,-0.0013614228987168344,0.020461697975526077,0.9471137018223372,-0.05406726414444411,0.05134441834701045,0.025376636355648897,0.02954604911256415,0.3929081756690734,-0.050728942752588824,0.10148221546388661,0.9842921944970106,0.6743575685582257,False,False
sp|Q6P4T2|U520_MOUSE,0.006847389952907036,0.020324854113749395,0.7370550098921465,-0.045505964863645075,0.05920074476945914,0.025193506869139834,0.029348450874840046,0.3931589644660923,-0.050403092908038516,0.10079010664631818,0.9367801828589719,0.6743575685582257,False,False
sp|P56400|GP1BB_MOUSE,0.007556262499202117,0.020268341585254566,0.7102509784193688,-0.044651525690435366,0.0597640506888396,0.02511296460914699,0.029266848558923718,0.3933557294249242,-0.050273441531456624,0.1004993707497506,0.9247341681252006,0.6743575685582257,False,False
sp|O35963|RB33B_MOUSE,0.0073083506749464225,0.02029838297668247,0.7197384632516152,-0.04497681901105044,0.059593520360943286,0.02514723218733814,0.029310227384454244,0.39341106194459946,-0.05035091040322055,0.10064537477789683,0.9289057589943592,0.6743575685582257,False,False
sp|Q61475|DAF1_MOUSE,-0.003718187596315083,0.019472605509601247,0.8490410234092524,-0.053876295484393745,0.046439920291763574,0.02411373425939594,0.028117830662167883,0.39361531089049057,-0.048312997912441875,0.09654046643123376,0.9657706868987608,0.6743575685582257,False,False
sp|Q8K386|RAB15_MOUSE,0.009056051013129163,0.020268917216811677,0.6562009007899765,-0.04315321990514118,0.0612653219313995,0.02507091009453018,0.02926767975280985,0.3941583455934292,-0.050317637059642276,0.10045945724870263,0.9017727397260993,0.674838922807899,False,False
tr|A0A0B4J1I7|A0A0B4J1I7_MOUSE,-0.011537104760257641,0.019785132314628695,0.5614128908030656,-0.06250022835087052,0.039426018830355236,-0.024456203740430563,0.028569109551211124,0.39447211402571686,-0.09804535329873895,0.04913294581787783,0.8624343533708358,0.6749273711735686,False,False
sp|O08539|BIN1_MOUSE,0.029966755687037647,0.01950652857446909,0.12832872974103968,-0.020278732225593794,0.08021224359966908,0.02396812669151237,0.028166814502210525,0.39728354762543316,-0.04858477949090764,0.09652103287393238,0.5097764444348968,0.6792862783104187,False,False
sp|Q9D0J8|PTMS_MOUSE,-0.007925883334283226,0.020506938761695095,0.7001292648285791,-0.060748257122740255,0.0448964904541738,0.025175594562421383,0.029611375386641676,0.3976895127236444,-0.0510982538768769,0.10144944300171967,0.9209731051296092,0.6795291939372159,False,False
tr|Q14BI5|Q14BI5_MOUSE,0.011486029213040243,0.020138185895347716,0.5699926809677253,-0.04038650013651156,0.06335855856259204,-0.024648953151209692,0.029078907831283852,0.39909618257761054,-0.09955125605822823,0.050253349755808856,0.8654075197475782,0.681408946224605,False,False
sp|Q3TXS7|PSMD1_MOUSE,-0.026132504983237742,0.02041693709945672,0.2041746605092472,-0.07872304985273305,0.02645803988625757,0.02497828978438521,0.029481415813595098,0.3993188737292928,-0.050960804978382984,0.1009173845471534,0.612048603971259,0.681408946224605,False,False
sp|Q923B1|DBR1_MOUSE,0.025789797338398777,0.019328641411803175,0.18580608496465095,-0.02399748360791263,0.07557707828471019,0.023581786664147494,0.027909951027297143,0.4006118277457192,-0.04830948305257922,0.09547305638087421,0.5921328317698707,0.6825444649483311,False,False
sp|Q80T21|ATL4_MOUSE,0.007333450276284359,0.020303735925851597,0.7188884052281629,-0.04496550769304274,0.059632408245611467,0.02476282035814171,0.02931795687490206,0.4007751416523211,-0.05075523208041396,0.10028087279669737,0.9289057589943592,0.6825444649483311,False,False
sp|P58771|TPM1_MOUSE,-0.003911114642927746,0.019550460921960687,0.8419349811252921,-0.05426976478360174,0.046447535497746245,0.023823397106886343,0.02823025143193989,0.4011827034540536,-0.04889291177805774,0.09653970599183043,0.9654510607143304,0.6825444649483311,False,False
sp|P46061|RAGP1_MOUSE,0.01905741688542154,0.019961801890847276,0.34253835463279075,-0.032360777376660724,0.0704756111475038,0.02431901994653519,0.028824214869542647,0.40129105103513374,-0.049927237366222704,0.0985652772592931,0.7338072073040235,0.6825444649483311,False,False
sp|P49183|DNAS1_MOUSE,0.02250684363199825,0.0198591392751781,0.2603808464368585,-0.02864690925626437,0.07366059652026087,0.024192989169978932,0.028675973277461003,0.4013096388084556,-0.04967142310589032,0.09805740144584818,0.665159404340189,0.6825444649483311,False,False
tr|A0A075B5J7|A0A075B5J7_MOUSE,0.0016173973763187657,0.02028295811996827,0.9366369895214315,-0.05062804051175062,0.053862835264388155,-0.02466397433329526,0.029287954375900548,0.4021701659161427,-0.10010474545574313,0.05077679678915262,0.9824303813616132,0.6835565526297475,False,False
sp|Q64337|SQSTM_MOUSE,0.0016421410911496715,0.020308904776470352,0.9357517647637643,-0.050670130955066894,0.053954413137366236,0.024586798164467887,0.029325420532826246,0.40423644097755695,-0.05095047938288057,0.10012407571181635,0.9824303813616132,0.6856701938716098,False,False
sp|P17751|TPIS_MOUSE,0.027582436409700716,0.02037638906744485,0.1795685198499207,-0.024903663650737182,0.08006853647013862,-0.02466302237131342,0.029422865729106826,0.404340315843663,-0.10045130211073146,0.051125257368104624,0.5895843234820141,0.6856701938716098,False,False
sp|P63017|HSP7C_MOUSE,0.025158800193399045,0.019466209192301787,0.1998368920558367,-0.02498283187314487,0.07530043225994296,0.023554772234555776,0.028108594580915223,0.40447128003610544,-0.04884816936854147,0.09595771383765303,0.6075324640422426,0.6856701938716098,False,False
sp|P01896|HA1Z_MOUSE,0.010768883594246298,0.016730908879925562,0.5215972383130221,-0.032327081773672474,0.05386484896216507,0.02024463895740318,0.024158906853936533,0.40447884446251464,-0.041984581258674915,0.08247385917348127,0.8403437991004972,0.6856701938716098,False,False
sp|O88393|TGBR3_MOUSE,-0.005355030001033585,0.01929873442410889,0.7821092418802025,-0.05506527565206117,0.044355215649994,-0.023276569801213697,0.02786676627653593,0.4059868708838032,-0.09505660297146323,0.04850346336903583,0.9507057621974679,0.6863465751158648,False,False
sp|Q9CS84|NRX1A_MOUSE,-0.008157141160390933,0.01891807808113733,0.6674672258600375,-0.056886881048610616,0.04057259872782876,-0.022794876506741647,0.027317110474857156,0.40644955681898254,-0.09315909015616133,0.04756933714267803,0.9078067865179023,0.6863465751158648,False,False
sp|P16858|G3P_MOUSE,0.006326907968209419,0.02032421808036498,0.7563633934346381,-0.04602480853491307,0.05867862447133192,0.02448450172448314,0.029347532462612694,0.4065386580531245,-0.051109732379567265,0.10007873582853355,0.942480654859813,0.6863465751158648,False,False
sp|O09043|NAPSA_MOUSE,0.052385793972951206,0.0146896983681264,0.0006078744521186166,0.014547638456036759,0.09022394948986565,0.017687553629080338,0.021211462995521867,0.4067780827487504,-0.03694955432592802,0.0723246615840887,0.026087945236757296,0.6863465751158648,False,False
sp|Q571I9|A16A1_MOUSE,-0.012710943483401285,0.020077595193072017,0.5284359675151683,-0.06442740152650872,0.039005514559706154,0.024168485127339608,0.02899141676053578,0.406904116184919,-0.05050845571584719,0.0988454259705264,0.8429958338580071,0.6863465751158648,False,False
tr|B7ZWD6|B7ZWD6_MOUSE,-0.024025047631032765,0.02021365196939012,0.23804543894482344,-0.07609196470552677,0.028041869443461247,0.024314228573873848,0.029187878471582437,0.40725049160470933,-0.05086876410165228,0.09949722124939997,0.6459083301189888,0.6863465751158648,False,False
tr|B1AVM1|B1AVM1_MOUSE,-0.005867987659532089,0.019399493285449737,0.7630509875317271,-0.05583777093819365,0.044101795619129476,0.02333254687994896,0.028012258907170177,0.40729775936152757,-0.04882225047173869,0.0954873442316366,0.9432819457005267,0.6863465751158648,False,False
sp|Q8BZE1|DMBTL_MOUSE,0.02300374843674506,0.02045824732975161,0.26411389807609476,-0.029693204534480183,0.0757007014079703,-0.024603237217614125,0.029541066488461085,0.40734930703899985,-0.1006959819366786,0.05148950750145036,0.669381552929221,0.6863465751158648,False,False
sp|P62835|RAP1A_MOUSE,0.017057733385596307,0.020065961992178184,0.39775422768066626,-0.03462875951775472,0.06874422628894734,0.02411178324371626,0.028974618783879264,0.40773048100974324,-0.05052188887895836,0.09874545536639087,0.7718290401489944,0.6863465751158648,False,False
sp|P11438|LAMP1_MOUSE,0.002252615547189376,0.02037408906304392,0.9122332373966405,-0.05022756009451431,0.054732791188893064,0.024471108294473503,0.02941954459500201,0.40793894765291483,-0.05130861677039633,0.10025083335934334,0.978342601539504,0.6863465751158648,False,False
sp|Q8CJ12|AGRG2_MOUSE,-0.02397502200028069,0.0197338308289039,0.22788346293131523,-0.07480600172064805,0.026855957720086664,-0.023694291871805547,0.02849503181736004,0.408092780297808,-0.09709262983251982,0.049704046088908715,0.6308389222667321,0.6863465751158648,False,False
sp|P63038|CH60_MOUSE,0.01667926421152309,0.019989718488914916,0.40648428551765525,-0.034810838441917194,0.06816936686496337,0.023991210220738905,0.028864525560207167,0.4082936183234945,-0.05035888055027896,0.09834130099175678,0.7799214573899018,0.6863465751158648,False,False
sp|Q64516|GLPK_MOUSE,0.002069261643779795,0.020400232831592185,0.9194541706271206,-0.05047825588305571,0.054616779170615304,-0.02447171226393539,0.029457295375530507,0.40852601236344843,-0.10034867689552239,0.0514052523676516,0.9796217891919234,0.6863465751158648,False,False
sp|Q91WG4|ELP2_MOUSE,0.023992467414177994,0.01979871512496162,0.22906189992986195,-0.02700564317731497,0.07499057800567097,0.023745898390238253,0.028588722702654532,0.4086094367582993,-0.04989377129829301,0.09738556807876952,0.6308389222667321,0.6863465751158648,False,False
sp|Q07968|F13B_MOUSE,-0.014784332675366442,0.019032244874402235,0.43950925907021776,-0.06380814673517009,0.0342394813844372,-0.02280371390146111,0.027481963738005866,0.40907789752356677,-0.0935925614168849,0.04798513361396268,0.7960152796882342,0.6866855189851268,False,False
sp|Q3TBD2|HMHA1_MOUSE,0.014219460926709743,0.020005885196130002,0.4792473395074128,-0.03731228440491706,0.06575120625833654,0.023939005632583586,0.028887869777580365,0.40968709940432047,-0.05047121585761258,0.09834922712277974,0.819677896606254,0.6870346582568811,False,False
sp|P97461|RS5_MOUSE,0.0033012202839582012,0.020401681491474238,0.8718525861147054,-0.04925002874345237,0.05585246931136878,0.02440568378962875,0.029459387194893386,0.4098195087699299,-0.05147666901157087,0.10028803659082837,0.9715968040147054,0.6870346582568811,False,False
sp|P14131|RS16_MOUSE,0.012829566384380585,0.020190762419714105,0.5269253561776909,-0.03917839111731291,0.06483752388607408,0.02402240608125994,0.029154826680880562,0.4123525515772685,-0.05107545082324154,0.09912026298576142,0.842878758365086,0.6908313730068097,False,False
sp|Q3V2T4|KTDAP_MOUSE,-0.034627976512119414,0.01972315095753444,0.08287354526999907,-0.08543144670685518,0.016175493682616345,0.02342516803298742,0.028479610418589745,0.41316410621493005,-0.049933447036872615,0.09678378310284746,0.41843015503970116,0.6915129971083773,False,False
sp|Q8VED9|LEGL_MOUSE,-0.022485894414278052,0.019827626507229284,0.2600701953675097,-0.07355847579142218,0.028586686962866068,-0.023540970657632648,0.02863046983045469,0.4133277613471734,-0.09728817382129056,0.05020623250602525,0.665159404340189,0.6915129971083773,False,False
sp|P62908|RS3_MOUSE,0.018943052769550453,0.019927516179187036,0.3446020509840823,-0.032386827351744335,0.07027293289084524,0.023647500976082644,0.02877470737892363,0.4135650545813208,-0.0504712334915936,0.0977662354437589,0.7353997503933322,0.6915129971083773,False,False
sp|P07759|SPA3K_MOUSE,-0.0562434976323452,0.013509762553781729,7.704944995195609e-05,-0.0910423399023638,-0.0214446553623266,-0.015991987565247088,0.019507672744976702,0.41471838292480323,-0.0662404226658003,0.034256447535306114,0.00536222523314289,0.6917771655601883,True,False
sp|P39054|DYN2_MOUSE,-0.017939511084906334,0.020444287882715028,0.38278815606419925,-0.07060050690339341,0.034721484733580735,0.024179297430346205,0.029520909485448898,0.4151282083540928,-0.05186152628968775,0.10022012115038016,0.7664692860538982,0.6917771655601883,False,False
sp|P24063|ITAL_MOUSE,0.021039374631348497,0.020419954769754,0.3058827235671104,-0.03155894324172699,0.073637692504424,-0.024140519912482523,0.029485773234710178,0.41532059159597895,-0.10009083864824685,0.05180979882328181,0.71047970557432,0.6917771655601883,False,False
sp|P80318|TCPG_MOUSE,0.013065502352147372,0.020189095766992952,0.5193383201246422,-0.03893816213662814,0.06506916684092288,0.023848080536484878,0.029152420086705842,0.4157005631869611,-0.0512435773922196,0.09893973846518936,0.8387082593649304,0.6917771655601883,False,False
sp|Q9CQ10|CHMP3_MOUSE,0.006079353718382935,0.020309587669462417,0.765442460155396,-0.04623467734361378,0.05839338478037964,0.023979612507989728,0.029326406608855042,0.41590961305314783,-0.05156020500288923,0.09951943001886869,0.9443577321161442,0.6917771655601883,False,False
sp|Q9DCD0|6PGD_MOUSE,0.007844751508698802,0.02041712002220471,0.7018068657737501,-0.04474626453857107,0.060435767555968675,-0.024100798966830327,0.029481679948297035,0.41602090755950516,-0.10004057409550386,0.0518389761618432,0.9212563523070392,0.6917771655601883,False,False
tr|E9Q8V6|E9Q8V6_MOUSE,0.001241657683295136,0.019983524818881725,0.9506072690698631,-0.05023249113337715,0.05271580649996742,0.02358671943883819,0.028855582095241233,0.41606528697290823,-0.050740334493045144,0.09791377337072153,0.9853794978699983,0.6917771655601883,False,False
sp|P32883|RASK_MOUSE,-0.00620415192792288,0.020269607806107624,0.7603183602774896,-0.05841520168633844,0.04600689783049267,0.023922376978143332,0.02926867694205969,0.41610426782389925,-0.051468738765320036,0.0993134927216067,0.9431187041757689,0.6917771655601883,False,False
sp|Q3V1L4|5NTC_MOUSE,0.015763604455584317,0.0201041836094227,0.43524311392118786,-0.03602134080949418,0.0675485497206628,0.023725269540849272,0.02902980959852323,0.41614090464183756,-0.051050564699472,0.09850110378117055,0.7960152796882342,0.6917771655601883,False,False
sp|Q9CXW4|RL11_MOUSE,0.024762167585319628,0.019516132881332995,0.208100547642314,-0.025508059382372134,0.07503239455301139,0.02299950912639918,0.028180682819621546,0.41678207495670627,-0.04958911947439905,0.09558813772719742,0.6159297818148949,0.6922463953683027,False,False
tr|A0A5F8MPH8|A0A5F8MPH8_MOUSE,-0.055354208789890155,0.01794412105377211,0.0027762506371681625,-0.10157520162662512,-0.009133215953155187,-0.021133879673907573,0.02591074712229086,0.4170681556275513,-0.08787554138834971,0.04560778204053456,0.06382897670275016,0.6922463953683027,False,False
sp|Q9D5V6|SYAP1_MOUSE,0.004242875326645537,0.0192970557913963,0.8265175666056834,-0.04546304645305107,0.05394879710634214,0.022719401947964905,0.027864342383629906,0.417229672082177,-0.049054387687908624,0.09449319158383843,0.9614444256331551,0.6922463953683027,False,False
sp|P03977|KV3A4_MOUSE,0.028224254670617566,0.020245716057563295,0.1670580571822575,-0.023925254021784484,0.08037376336301962,-0.023773255198428864,0.029234178007674083,0.41845789869176797,-0.09907550757576057,0.051528997178902844,0.5697675460189576,0.6938371468971684,False,False
sp|Q9D3G5|STX11_MOUSE,-0.03941919332903218,0.020072956984796175,0.05294244663424591,-0.09112370413934676,0.012285317481282386,0.023523591994656024,0.028984719333485672,0.41937886160028864,-0.05113609741967673,0.09818328140898877,0.33250439044678837,0.6940985385766489,False,False
sp|Q9WUM4|COR1C_MOUSE,0.00811559156610464,0.020304026699805716,0.6904141201634646,-0.04418411538729419,0.060415298519503474,0.023788365215893583,0.02931837674335772,0.4194960279465829,-0.05173076873213381,0.09930749916392098,0.9164001852685161,0.6940985385766489,False,False
sp|Q8R367|RERG_MOUSE,-0.037730656473906596,0.019878428054284428,0.06120533778096522,-0.08893409396462099,0.013472781016807787,0.023282937161672512,0.02870382566857139,0.4196311320477811,-0.05065321811939279,0.09721909244273781,0.35581987938898485,0.6940985385766489,False,False
sp|Q64237|DOPO_MOUSE,-0.05900149296931713,0.0176214804668791,0.0012299862243578053,-0.10439141872781887,-0.013611567210815384,-0.020625001655854222,0.025444864249938366,0.4199553946334891,-0.08616662861566927,0.04491662530396083,0.04060531445796601,0.6940985385766489,False,False
sp|P19536|COX5B_MOUSE,0.000993561722063044,0.020428360296090693,0.9613273360782136,-0.051626407352062254,0.053613530796188344,0.023909895800566038,0.029497910550697243,0.419963309942687,-0.05207168658938421,0.09989147819051628,0.9882266025055787,0.6940985385766489,False,False
sp|P23927|CRYAB_MOUSE,0.033420718164372615,0.020248258132584004,0.1026562629641095,-0.018735338479359598,0.08557677480810483,-0.02367831935189945,0.02923784868414969,0.4203693893992471,-0.09899002676526086,0.05163338806146197,0.46218609119296844,0.6943240395786153,False,False
sp|P04444|HBBZ_MOUSE / sp|P04443|HBB0_MOUSE,0.006618286419462365,0.019710188259164204,0.7378944290473427,-0.04415179407695828,0.057388366915883005,-0.0230289394813317,0.02846089268934086,0.42077435553346554,-0.09633934087569655,0.05028146191303316,0.9369221670596191,0.6945474137812011,False,False
sp|P08249|MDHM_MOUSE,-0.009488605719454,0.02005811881903465,0.637430341616127,-0.06115489594758911,0.04217768450868111,0.02341594547216979,0.028963293488237892,0.4211596327556934,-0.051188554622120415,0.09802044556646,0.8958931591327508,0.694738023283735,False,False
sp|P59325|IF5_MOUSE,-0.02510909163722831,0.020432734790149593,0.22263703654218278,-0.07774032866133872,0.027522145386882104,0.023821566285980096,0.029504227182702146,0.42177479828207576,-0.05217628666978811,0.09981941924174831,0.6283162109158187,0.6953073659259571,False,False
sp|Q8BHI9|NIM1_MOUSE,0.012423699197724947,0.02052368239839416,0.5466282822405553,-0.040441803340789506,0.0652892017362394,-0.02384957205911073,0.029635552672066627,0.4232841451298853,-0.10018569705868687,0.052486552940465406,0.8532995904226169,0.6971739439046617,False,False
sp|P62267|RS23_MOUSE,0.021493375950509645,0.019916480854873776,0.2836737018248574,-0.02980807905904488,0.07279483096006417,0.02313573434180076,0.02875877271726834,0.423448562433744,-0.05094195515744167,0.09721342384104319,0.6891130020745357,0.6971739439046617,False,False
sp|Q99MS7|EH1L1_MOUSE,0.008255427064974738,0.02049980504974846,0.6882113131303704,-0.044548571499207074,0.06105942562915655,-0.023759371765861195,0.0296010745306823,0.4244959882365246,-0.10000668695852769,0.052487943426805295,0.9160505102752249,0.6984518656287865,False,False
tr|F6ZIS7|F6ZIS7_MOUSE,-0.03190598076378963,0.01396364766875764,0.024899947136917008,-0.06787395361340784,0.004061992085828588,0.01611781719767247,0.020163068593091565,0.42638352739120106,-0.035818805733879286,0.06805444012922422,0.2271449023624836,0.7011095677090311,False,False
tr|A3KG49|A3KG49_MOUSE / tr|A2BG95|A2BG95_MOUSE / tr|Q52KH6|Q52KH6_MOUSE,-0.020410031237843757,0.02049500785753554,0.3222508404553983,-0.07320167305374878,0.03238161057806126,0.023611877284252535,0.029594147535821225,0.4272583869999738,-0.05261759515206526,0.09984134972057032,0.7145051012263474,0.702099774425611,False,False
sp|Q07235|GDN_MOUSE,0.001491626054588577,0.020331072883081894,0.941692895279862,-0.05087774725024219,0.05386099935941935,0.023366065522386816,0.02935743058240574,0.4283786499096259,-0.052253664448676546,0.09898579549345018,0.9837216114595029,0.7029234230850845,False,False
sp|P35918|VGFR2_MOUSE,0.0017404877859216073,0.020275614333197214,0.9318017242998354,-0.05048603376098388,0.05396700933282709,-0.023296903112736106,0.029277350178493793,0.4284857578564829,-0.09871035963276305,0.052116553407290836,0.9824303813616132,0.7029234230850845,False,False
sp|P99029|PRDX5_MOUSE,0.003289159907909589,0.02040086803317535,0.8723116034687848,-0.0492599937897775,0.05583831360559668,0.02343250733415739,0.029458212586662987,0.42864891767695695,-0.052446819876742184,0.09931183454505696,0.9715968040147054,0.7029234230850845,False,False
sp|P97390|VPS45_MOUSE,-0.02546003994781764,0.019888203125297606,0.2040992757557819,-0.07668865635289204,0.025768576457256755,0.02283359656266213,0.02871794056404974,0.4288515330744341,-0.05113891627979283,0.09680610940511708,0.612048603971259,0.7029234230850845,False,False
sp|Q71M36|CSPG5_MOUSE,-0.05698941702033061,0.017594434395120085,0.0017326475321648124,-0.1023096767146496,-0.011669157326011627,-0.020131487426904973,0.025405810571917625,0.43041577521264,-0.08557251877846284,0.04530954392465289,0.04849529777526513,0.704240550492987,False,False
sp|Q9Z2V5|HDAC6_MOUSE,-0.02282761475291931,0.020440128796846146,0.2673399340252777,-0.07547789747614934,0.02982266797031072,0.023376033006477642,0.02951490389610376,0.43064139988501987,-0.05264932134053603,0.09940138735349131,0.6723762349005385,0.704240550492987,False,False
sp|P56399|UBP5_MOUSE,-0.03893176372266667,0.01999126565618209,0.054904731037247974,-0.09042585161489122,0.012562324169557888,0.02284861733512271,0.02886675962113974,0.43092425802006,-0.05150722799551119,0.09720446266575661,0.34068426658128714,0.704240550492987,False,False
sp|Q99KJ8|DCTN2_MOUSE,0.0067199135016833425,0.02023089755593867,0.7406153262733186,-0.04539142525999932,0.058831252263366,0.023120502881931848,0.02921278055682228,0.4309639078158224,-0.05212663331447455,0.09836763907833825,0.9385648852018718,0.704240550492987,False,False
sp|P83510|TNIK_MOUSE,-0.01750421815617411,0.020355662430089294,0.3923409110138585,-0.06993692993674754,0.034928493624399315,0.023260115774416817,0.029392937115852048,0.43102256604929995,-0.05245107296596499,0.09897130451479863,0.7691980219642064,0.704240550492987,False,False
tr|Q8C084|Q8C084_MOUSE,-0.004368739005808447,0.02040530764927307,0.8310019938927611,-0.05692932839673655,0.04819185038511965,-0.02329381264540099,0.029464623252846267,0.43147615318530635,-0.09918965263811073,0.05260202734730875,0.9630198624094778,0.7045346191833632,False,False
sp|Q61838|PZP_MOUSE,0.04305269916811551,0.018578266837734853,0.02297733521984615,-0.0048017449616726895,0.0909071432979037,-0.021110350078088414,0.02682643371388747,0.43359516764617984,-0.09021066414803192,0.047989963991855095,0.22159789584683084,0.7065971353795587,False,False
sp|Q9QZZ6|DERM_MOUSE,-0.050761353374334,0.01755371547125431,0.0049029848571518955,-0.09597672807135055,-0.005545978677317452,-0.019943528893239117,0.02534701372496055,0.4336555920658259,-0.08523310960344868,0.04534605181697044,0.08890976061384599,0.7065971353795587,False,False
sp|Q8BND5|QSOX1_MOUSE,-0.007189765330471435,0.020354387558562784,0.7248230385937706,-0.05961919325960861,0.04523966259866574,-0.023099802285777935,0.029391096241415355,0.43416463902164504,-0.09880624924784155,0.05260664467628569,0.93181194427307,0.7065971353795587,False,False
sp|O08573|LEG9_MOUSE,0.03324899368553477,0.01947477424344101,0.09155303145387972,-0.01691470049071995,0.08341268786178949,-0.022098330442601007,0.028120962245705983,0.434231260096136,-0.09453312903908277,0.05033646815388075,0.4365723259143338,0.7065971353795587,False,False
sp|Q60960|IMA5_MOUSE,-0.004784705084415529,0.020333978231152194,0.8145579664994412,-0.05716156206994279,0.047592151901111726,0.023057068451165577,0.02936162581375344,0.43455307304586,-0.05257346771973835,0.0986876046220695,0.9594032134606171,0.7065971353795587,False,False
sp|P97873|LOXL1_MOUSE,-0.015532761112332706,0.019684167292626648,0.4323296830084768,-0.06623581604063924,0.035170293815973835,-0.022309971432561415,0.02842331923105824,0.43476360139724524,-0.09552359001204623,0.0509036471469234,0.7960152796882342,0.7065971353795587,False,False
sp|Q4VC33|MAEA_MOUSE,0.005609946638020613,0.020385960354915283,0.7838649636052324,-0.046900807425156316,0.05812070070119754,0.023103667520936236,0.029436686367550913,0.4347975492488057,-0.052720211823979846,0.09892754686585231,0.9507057621974679,0.7065971353795587,False,False
sp|P97927|LAMA4_MOUSE,-0.001972601148433573,0.020300496657553038,0.9228284297094805,-0.0542632153155552,0.050318013018688046,-0.022991376879527854,0.0293132794732342,0.43510460596225115,-0.09849738112980297,0.05251462737074727,0.9802504791831174,0.7065971353795587,False,False
sp|P52479|UBP10_MOUSE,0.019547768841436792,0.020502242040856815,0.34316661761525946,-0.03326250699585441,0.07235804467872799,-0.023214568619324027,0.02960459346928947,0.4352089540629049,-0.09947094799717225,0.0530418107585242,0.734542011936237,0.7065971353795587,False,False
sp|Q80X72|LRC15_MOUSE,-0.03504797685527198,0.019076298243123752,0.06979518010558043,-0.08418526487314855,0.01408931116260459,-0.021503167050392073,0.027545575418589593,0.43726226277029645,-0.09245586739671141,0.04944953329592727,0.38567079135594334,0.7090368912363948,False,False
tr|A0A075B5X6|A0A075B5X6_MOUSE,0.035413819936510264,0.02002982522240665,0.0807713372865898,-0.016179590816327652,0.08700723068934818,-0.02257799591194578,0.02892243842349489,0.4372623624401533,-0.09707726033327257,0.05192126850938102,0.4127029328049051,0.7090368912363948,False,False
tr|E9QA15|E9QA15_MOUSE,-0.006400783265019078,0.020529439267861698,0.7559948482669758,-0.05928111451660472,0.04647954798656657,0.023103321401229084,0.029643865410737,0.4380096776410073,-0.05325421579420693,0.0994608585966651,0.942480654859813,0.709801711721582,False,False
sp|Q60847|COCA1_MOUSE,-0.026407169250104747,0.0195893926164864,0.18135961843470166,-0.07686610079037488,0.024051762290165393,-0.022016254698074292,0.02828646757587222,0.4386136400194909,-0.09487736677389179,0.050844857377743205,0.5895843234820141,0.7103334107233893,False,False
sp|Q03350|TSP2_MOUSE,-0.023434784463721176,0.020237371819228724,0.25022758654579985,-0.07556279982250524,0.02869323089506289,0.022696641369412008,0.029222129189636837,0.439574297887585,-0.05257457530934624,0.09796785804817025,0.6564884285238085,0.7104283116467086,False,False
sp|Q8K296|MTMR3_MOUSE,0.016711587562837398,0.020525274643779054,0.41789111293613695,-0.03615801632799791,0.0695811914536727,-0.02300644541511959,0.02963785182438515,0.43983342532394726,-0.0993484926386111,0.05333560180837192,0.7877522809740501,0.7104283116467086,False,False
sp|P35951|LDLR_MOUSE,0.003640573445518435,0.02020437482192971,0.857450020930393,-0.048402447280693706,0.05568359417173058,-0.022642756283749708,0.029174482562072987,0.43991386961808215,-0.0977912433830137,0.052505730815514295,0.9672875961020359,0.7104283116467086,False,False
sp|P35762|CD81_MOUSE,-0.0034677026773131323,0.019756556996298306,0.8611025033768482,-0.05435722112561235,0.04742181577098609,0.02214052259299848,0.028527847689179604,0.4399214965544803,-0.05134234345197013,0.09562338863796709,0.967475544341756,0.7104283116467086,False,False
sp|P62830|RL23_MOUSE,0.020166165143779793,0.01997531249352744,0.3156785765392754,-0.03128683012459464,0.07161916041215423,0.02237927783957502,0.028843723755403734,0.4400517114860195,-0.05191723103306345,0.0966757867122135,0.7105527400250299,0.7104283116467086,False,False
sp|P62192|PRS4_MOUSE,-0.017756921771871992,0.020500569681013412,0.3889257709237364,-0.07056288989567247,0.03504904635192849,0.022920392611500952,0.029602178634209497,0.44099165467280294,-0.05332976656338504,0.09917055178638695,0.7691888326640716,0.711499693472724,False,False
sp|Q91WM1|STRBP_MOUSE,-0.008965534412309144,0.019646111375840984,0.6493435997223005,-0.05957056379498575,0.041639494970367466,-0.021934710371650592,0.0283683676826717,0.4416212549048123,-0.09500678314252597,0.051137362399224784,0.8973269315332452,0.7118815807102221,False,False
tr|A8R0V1|A8R0V1_MOUSE,-0.01597188998962113,0.019634991280209235,0.41832146416106836,-0.06654827590411122,0.03460449592486896,0.02191458563808852,0.028352310613895444,0.44178126833978054,-0.051116126864503876,0.09494529814068092,0.7879866643853337,0.7118815807102221,False,False
sp|Q8C8T8|TSR2_MOUSE,0.02026382481255354,0.02042006050356787,0.3239466510284744,-0.03233476541277809,0.07286241503788518,-0.022737260511380208,0.029485925911015985,0.44285068428375085,-0.098687972515247,0.053213451492486574,0.7160194218011344,0.712710205017494,False,False
sp|Q6P8X1|SNX6_MOUSE,0.0002551518581174768,0.020325696753460742,0.9900147768689493,-0.052100373454495454,0.052610677170730404,-0.02262026792951756,0.02934966762011336,0.4430901037420486,-0.09822000183482586,0.05297946597579074,0.9972017238375122,0.712710205017494,False,False
sp|P22315|HEMH_MOUSE,0.014893050003217962,0.019908870031669298,0.45656345727737896,-0.03638880082490234,0.06617490083133826,0.02215464305531883,0.02874778292764015,0.4431258400904885,-0.05189473862175946,0.09620402473239713,0.8053288393322638,0.712710205017494,False,False
sp|P97333|NRP1_MOUSE,0.0314456927588092,0.019706864761615057,0.11440913953057404,-0.019315826975234075,0.08220721249285248,-0.021896795693394557,0.02845609366328105,0.4438110280263322,-0.09519483561580606,0.05140124422901694,0.4837496457984042,0.713366664898755,False,False
sp|P01727|LV1E_MOUSE / sp|P01723|LV1A_MOUSE / sp|P01728|LV2A_MOUSE / sp|P01726|LV1D_MOUSE / tr|A0A075B663|A0A075B663_MOUSE / sp|P01729|LV2B_MOUSE,-0.022429805387289115,0.01973274172074691,0.25898314586293275,-0.07325797975095097,0.028398368976372733,-0.02188114911801151,0.028493459179393544,0.4447311149459817,-0.0952754362317678,0.05151313799574479,0.6648685386122579,0.7138284366703084,False,False
sp|Q8VHN7|AGRV1_MOUSE,0.04104249941440135,0.020017003051115295,0.043521607965520355,-0.010517883613889174,0.09260288244269188,-0.0221887702508573,0.028903923610933527,0.4448862627121793,-0.09664034367543883,0.052262803173724226,0.3081973714309675,0.7138284366703084,False,False
sp|P14733|LMNB1_MOUSE,0.004205179103446193,0.020418824704642336,0.8373434008942064,-0.04839022791479976,0.05680058612169214,0.02262408226650357,0.02948414145618771,0.4450888375602263,-0.053322033286325676,0.09857019781933282,0.9634342245039778,0.7138284366703084,False,False
sp|P62754|RS6_MOUSE,0.020855771222923442,0.019976548175592895,0.29954754410953166,-0.03060040695152506,0.07231194939737194,0.022101729809178215,0.028845508041489717,0.44575121225879877,-0.052199375079846455,0.09640283469820288,0.7038612026286413,0.7138284366703084,False,False
sp|Q8CGC7|SYEP_MOUSE,0.03879597288349937,0.019521410746767907,0.050221311717539706,-0.011487848964639828,0.08907979473163857,-0.02159485501683575,0.028188303891515772,0.4458208555246574,-0.09420311419794358,0.05101340416427208,0.32408357087077033,0.7138284366703084,False,False
sp|Q99L27|GMPR2_MOUSE / sp|Q9DCZ1|GMPR1_MOUSE,0.03177959854395496,0.019643658112954373,0.10954525253385633,-0.018819111652289014,0.08237830874019893,-0.021725837277504136,0.028364825248127876,0.44590950121475575,-0.09478878534167562,0.051337110786667355,0.4748805139304378,0.7138284366703084,False,False
sp|P48725|PCNT_MOUSE,0.01350629168639471,0.02019372698248569,0.505478716849103,-0.03850930202295804,0.06552188539574746,0.022327840284745503,0.02915910741639681,0.44603881732136935,-0.05278104306373946,0.09743672363323047,0.8314828244699919,0.7138284366703084,False,False
sp|Q9Z1K5|ARI1_MOUSE,0.023953390641763276,0.019568350565875425,0.2244243085177922,-0.026451340167936353,0.07435812145146291,0.0215284996113251,0.02825608351578471,0.44830158473028686,-0.0512543483121582,0.09431134753480841,0.6294976866819978,0.7162341537634961,False,False
tr|Q9EPV7|Q9EPV7_MOUSE,-0.0179881992559221,0.017909286181217374,0.3181375866358618,-0.0641194634071452,0.028143064895300995,0.019690417575681858,0.025860446660590997,0.4485961321626296,-0.046921678735531734,0.08630251388689544,0.7122559776926307,0.7162341537634961,False,False
sp|Q9JLN5|ERMAP_MOUSE,0.014850070733281349,0.020407621668211556,0.4688865969089313,-0.03771647917543747,0.06741662064200017,-0.02242953648716458,0.029467964623503075,0.44875097333422465,-0.09833398328032614,0.053474910305996985,0.8152484720057381,0.7162341537634961,False,False
sp|Q7M747|S2B24_MOUSE,-0.009478180378652914,0.020357581563887832,0.6427469674560624,-0.06191583552030204,0.04295947476299622,0.022371438889379397,0.029395708284771314,0.44881360275256266,-0.05334688790910974,0.09808976568786854,0.8973269315332452,0.7162341537634961,False,False
sp|Q6NZJ6|IF4G1_MOUSE,0.022855045650819653,0.01980778919996799,0.2519171870133435,-0.028166438208977324,0.07387652951061663,0.021746166943648046,0.028601825381919466,0.44925173297780874,-0.05192725301008884,0.09541958689738493,0.6592345086985361,0.7162341537634961,False,False
sp|Q9WTR5|CAD13_MOUSE,-0.007865409166190532,0.020235194929814473,0.6985059349209412,-0.059987817229430786,0.044256998897049725,-0.022208932378665586,0.029218985829705366,0.4493832582766932,-0.09747205229880075,0.05305418754146958,0.9209691666264328,0.7162341537634961,False,False
sp|P68404|KPCB_MOUSE / sp|P20444|KPCA_MOUSE,-0.03445194941907044,0.020225087717329542,0.09227566630670136,-0.08654832302821482,0.017644424190073935,0.022180766907502834,0.029204391332375377,0.4497308122677482,-0.05304476007873917,0.09740629389374483,0.43920488121951207,0.7162341537634961,False,False
sp|Q7TML3|S35F2_MOUSE,-0.023896931275998894,0.020434091263877036,0.24560494784880624,-0.07653166234488595,0.02873779979288816,0.022408173081859016,0.029506185888153614,0.4497672336448828,-0.0535947251648081,0.09841107132852614,0.6544271545094794,0.7162341537634961,False,False
tr|A0A075B5X2|A0A075B5X2_MOUSE,-0.01995635490033493,0.0199870754004689,0.32099223805963156,-0.0714396494091041,0.03152693960843424,-0.021885371948287196,0.02886070902351856,0.4504392728355513,-0.09622563197226448,0.052454888075690084,0.7143257838575422,0.7167869797367362,False,False
sp|Q9JKF1|IQGA1_MOUSE,0.023163732062497264,0.01997418807106567,0.24954340334297737,-0.028286366885550578,0.07461383101054511,-0.02186002785672436,0.028842100124690462,0.4506711146383595,-0.09615235453379345,0.052432298820344725,0.6564884285238085,0.7167869797367362,False,False
sp|P01741|HVM00_MOUSE,0.024065691762487903,0.02032009077881891,0.2397040119782823,-0.028275393516367642,0.07640677704134345,-0.02219565171305513,0.02934157276883125,0.45154285043110287,-0.0977745346632231,0.053383231237112846,0.6469998226877116,0.7176123667855668,False,False
tr|A0A075B677|A0A075B677_MOUSE,0.015179765818610224,0.020422305006001597,0.4594283747491633,-0.03742460586186209,0.06778413749908253,-0.022297179940109303,0.029489166902023647,0.45174743555705005,-0.09825624018358617,0.053661880303367555,0.8053288393322638,0.7176123667855668,False,False
sp|O70458|OSMR_MOUSE,-0.0038129809133214867,0.02038292505240971,0.8520698602927844,-0.05631591655535943,0.048689954728716456,-0.022219133394955723,0.029432303486080943,0.45245778083724647,-0.09803172318534747,0.05359345639543603,0.9664610117101669,0.7179382925523977,False,False
sp|O88786|I13R2_MOUSE,0.017911783899886,0.020497251556308337,0.3847451018772562,-0.03488563730106632,0.07070920510083832,-0.022341157639176462,0.029597387366367748,0.4525102325485598,-0.09857897532595453,0.0538966600476016,0.7673876261411612,0.7179382925523977,False,False
sp|Q6NV83|SR140_MOUSE,0.019798891610603966,0.020264422859032676,0.33142935414449987,-0.032398802609198585,0.07199658583040652,-0.022010399056338056,0.0292611900413584,0.45408190337600585,-0.09738222982158229,0.05336143170890617,0.7269425782982003,0.7194046251953224,False,False
sp|Q9WV91|FPRP_MOUSE,0.004747004884618431,0.02038701222700462,0.8164623265924759,-0.04776645862150979,0.05726046839074666,-0.022131837805094194,0.029438205237805416,0.4543198601262693,-0.09795962950052012,0.05369595389033172,0.9599956579797376,0.7194046251953224,False,False
sp|Q9ER39|TOR1A_MOUSE,-0.025776025826700296,0.02040255059878381,0.21003551101541604,-0.07832951352618679,0.026777461872786203,0.022148481136377806,0.029460642158547108,0.45432442626102504,-0.05373710423697596,0.09803406650973158,0.6160843253861347,0.7194046251953224,False,False
sp|Q02819|NUCB1_MOUSE,-0.012333694459579922,0.0202226952514948,0.543618669135235,-0.06442390548511942,0.03975651656595958,0.021935133183764458,0.02920093668686463,0.4546953087536831,-0.053281495225337594,0.09715176159286651,0.8513706448922156,0.7194046251953224,False,False
sp|P40142|TKT_MOUSE,0.03388979452083235,0.01991392345863886,0.09257900535239245,-0.017405073072559493,0.0851846621142242,-0.021593678546713888,0.028755079917440706,0.4548313513856252,-0.09566185602394815,0.05247449893052038,0.43983568041035165,0.7194046251953224,False,False
sp|P53810|PIPNA_MOUSE,-0.014361767976165247,0.02028849294696293,0.48102857229903295,-0.06662146263379755,0.03789792668146705,0.021975891137744622,0.029295946492215105,0.4553208618147523,-0.05348546631210367,0.09743724858759291,0.819677896606254,0.7195792222069416,False,False
sp|O70172|PI42A_MOUSE,-0.04397706425869203,0.01988679108333935,0.029793632805617493,-0.0952020434847125,0.007247914967328455,0.02152866395924046,0.02871590161981855,0.4555735901720337,-0.05243859691091549,0.09549592482939642,0.2513741131755841,0.7195792222069416,False,False
sp|P0DP26|CALM1_MOUSE / sp|P0DP28|CALM3_MOUSE / sp|P0DP27|CALM2_MOUSE,-0.012791628780672918,0.020513809770235147,0.534646107069895,-0.06563170111427234,0.04004844355292651,0.022197241623228378,0.029621296907134262,0.4557800821046687,-0.05410216295929046,0.09849664620574722,0.8464047074344277,0.7195792222069416,False,False
sp|Q8BY35|FGD2_MOUSE,0.009707289048277267,0.020418557578884326,0.6357551856643183,-0.04288742989961347,0.062302007996168,-0.02201255676106262,0.029483755734984376,0.45744064322041034,-0.09795767876191332,0.05393256523978808,0.8954788164816426,0.7217583678263215,False,False
sp|D3YYU8|OBSL1_MOUSE,-0.07704008567347763,0.0156671161587881,4.441759687793737e-06,-0.1173959025773885,-0.03668426876956676,-0.016864956091393865,0.022622823581575184,0.4581106907423551,-0.07513748800183231,0.041407575819044584,0.0007625020797379249,0.7223729508031626,True,False
sp|Q6PAR5|GAPD1_MOUSE,-0.029567867113101307,0.020343528414625917,0.14992129963255935,-0.08196932374107445,0.02283358951487183,0.02187204995819815,0.029375415978689222,0.4586603505646653,-0.053794007323648155,0.09753810724004446,0.5444955522621161,0.7227970640783434,False,False
sp|Q91V41|RAB14_MOUSE,0.0006330664073085189,0.020471613456692978,0.9754052074723748,-0.05209831542536725,0.05336444823998429,0.02197497669572123,0.029560366755893762,0.4593683149265631,-0.054167482217762665,0.09811743560920513,0.9939447960749526,0.7234699761075841,False,False
sp|P62880|GBB2_MOUSE,0.0025633984151051336,0.020453780803412695,0.900571915855337,-0.05012204954669126,0.05524884637690152,0.021928836661995816,0.02953461696473485,0.45991874577595393,-0.054147295184860694,0.09800496850885232,0.9756564155259001,0.7238941139199764,False,False
tr|Q3UU43|Q3UU43_MOUSE,-0.02754932309991121,0.01973068418022019,0.16640224447090618,-0.07837219759039109,0.023273551390568675,-0.02107265213553982,0.02849048815550656,0.46163183796851537,-0.09445928639890647,0.052313982127826834,0.5690382198042276,0.7260264145305776,False,False
sp|Q9CPP0|NPM3_MOUSE,0.00820671829524461,0.020430143616836993,0.6889523870382082,-0.044417844308716634,0.06083128089920585,-0.021809640648940917,0.029500485609835377,0.46183738524314016,-0.09779785595167753,0.05417857465379569,0.9160505102752249,0.7260264145305776,False,False
sp|Q03402|CRIS3_MOUSE,-0.0294314251325852,0.017663626427142604,0.0994860890019451,-0.07492991169055989,0.016067061425389485,0.01883818385558118,0.025505721692626215,0.4622668501516494,-0.046860201488448286,0.08453656919961065,0.45690690984054005,0.7262581690912125,False,False
tr|A0A0A6YXW6|A0A0A6YXW6_MOUSE,0.0517777129645964,0.01870087657693745,0.006956337179540688,0.0036074470756696578,0.09994797885352313,-0.019908093802732604,0.027003478325751628,0.46307962779204426,-0.08946444457195124,0.04964825696648603,0.11243347493491548,0.72709148875885,False,False
sp|Q9Z319|CORIN_MOUSE,-0.02483055282311217,0.019018765945422865,0.19534603896460656,-0.0738196474626703,0.024158541816445955,0.020198540666377548,0.027462500587973764,0.4641364404495194,-0.05054017309685417,0.09093725442960927,0.6000141298068339,0.727432315401057,False,False
sp|Q9CWK8|SNX2_MOUSE,0.03697430678366348,0.0192004146653926,0.057607408595011685,-0.012482683951744837,0.0864312975190718,0.02039036472543502,0.027724795633471924,0.4641603050460202,-0.05102397630216656,0.09180470575303659,0.34497459798175606,0.727432315401057,False,False
tr|Q6P9N8|Q6P9N8_MOUSE,0.00013561037900047452,0.020043051894510354,0.9946180240762131,-0.0514918700234306,0.05176309078143154,0.021269396001560165,0.028941537322522682,0.4644915341272126,-0.05327906392354795,0.09581785592666828,0.9977177296440393,0.727432315401057,False,False
sp|Q62523|ZYX_MOUSE,-0.016062545798283583,0.020436385700801044,0.43414586134015837,-0.06870318694503463,0.036578095348467475,0.021680132534386325,0.029509498982996648,0.46462833186030933,-0.05433129967906291,0.09769156474783555,0.7960152796882342,0.727432315401057,False,False
sp|P01635|KV5A3_MOUSE,-0.023927961323022308,0.019549809440182593,0.22447676964045538,-0.07428493335784156,0.026429010711796937,-0.020735758305402707,0.028229310712717344,0.4647107805611857,-0.09344964405820694,0.05197812744740152,0.6294976866819978,0.727432315401057,False,False
sp|Q91VW3|SH3L3_MOUSE,0.03464176473326285,0.020051605391124393,0.08781914985712994,-0.017007748016394472,0.08629127748292018,-0.02125212330628876,0.02895388830294204,0.4650429863123995,-0.09583239724868861,0.0533281506361111,0.4301367320324413,0.727432315401057,False,False
sp|O08912|GALT1_MOUSE,-0.00947438829795362,0.020046341096699057,0.6377367614331387,-0.061110341123767654,0.042161564527860414,0.021235504890704405,0.02894628682715934,0.465274183870113,-0.053325188947624155,0.09579619872903296,0.8958931591327508,0.727432315401057,False,False
sp|O70591|PFD2_MOUSE,-0.002433843174726284,0.020103620690035545,0.9039357872323123,-0.05421733845555181,0.049349652106099234,0.021254048967198933,0.029028996760611187,0.4661546983773874,-0.05351969154140947,0.09602778947580733,0.9763568171657736,0.7279520948831809,False,False
sp|Q8BY71|HAT1_MOUSE,0.0028165000491033087,0.020407909388714337,0.8905706818434408,-0.049750790978517805,0.05538379107672443,0.021565967413785844,0.029468380082870914,0.46635623313867275,-0.054339549531789835,0.09747148435936152,0.9717888839047834,0.7279520948831809,False,False
sp|Q08093|CNN2_MOUSE,-0.005166473802670398,0.020267096728970112,0.7994236984762557,-0.05737105545501168,0.04703810784967088,0.021402524682998754,0.029265051025553684,0.4666599995524863,-0.05397925131847623,0.09678430068447375,0.9565299624897676,0.7279520948831809,False,False
sp|P70326|TBX5_MOUSE,0.0009840618016420041,0.020454630071828385,0.9617459673316429,-0.0517035737306261,0.053671697333910105,-0.021596798440998082,0.029535843281649005,0.466737440253255,-0.09767608907089752,0.054482492188901346,0.9882266025055787,0.7279520948831809,False,False
sp|P59997|KDM2A_MOUSE,-0.019443318296452773,0.02044381452687394,0.344368200483263,-0.07210309483109337,0.03321645823818782,0.021558564228029365,0.029520225974483914,0.46728936508093094,-0.0544804988844317,0.09759762734049042,0.7353997503933322,0.7283717403652525,False,False
sp|Q9QUP5|HPLN1_MOUSE,-0.010804515844597587,0.02012200307147949,0.5927559171426662,-0.06263536100221542,0.041026329313020256,-0.021186336474575355,0.029055540341969794,0.4679772333397162,-0.09602844871786838,0.053655775768717676,0.875700795549263,0.7288482652634763,False,False
sp|P35282|RAB21_MOUSE,-0.006490685865906114,0.020483691736899772,0.7521468909754744,-0.05925317928667502,0.04627180755486279,0.021558213552677973,0.029577807413096905,0.4681611769886563,-0.05462916951670293,0.09774559662205887,0.942480654859813,0.7288482652634763,False,False
sp|Q62418|DBNL_MOUSE,0.012875720826662638,0.02004074712501697,0.52235576665178,-0.03874582288296945,0.06449726453629473,0.021063168297877556,0.02893820930777405,0.4687683116076897,-0.05347671922931838,0.0956030558250735,0.8403437991004972,0.728906384454166,False,False
sp|Q60930|VDAC2_MOUSE,-0.005033037420667427,0.019901170775261143,0.8009771941241243,-0.05629505627851607,0.04622898143718121,0.020908950086265258,0.02873666544324381,0.46892769037270715,-0.05311179484872321,0.09492969502125372,0.9565299624897676,0.728906384454166,False,False
sp|Q8QZR4|OAF_MOUSE,0.0059035095448412055,0.02007284041202936,0.7694213560930742,-0.0458007009939246,0.05760772008360702,-0.02108049367904641,0.0289845510060723,0.46911301879684847,-0.0957397495106952,0.05357876215260238,0.9457494169086615,0.728906384454166,False,False
sp|Q9ESJ0|XPO4_MOUSE,-0.016781423139966074,0.02053094784103497,0.4160844372290249,-0.06966564021853798,0.03610279393860584,0.02155100094132236,0.029646043743010338,0.46933079045631343,-0.05481214726621619,0.0979141491488609,0.785496646528401,0.728906384454166,False,False
sp|Q80TH2|ERBIN_MOUSE,-0.004553631278312907,0.020388368787978946,0.8238228094594409,-0.057070589053950856,0.047963326497325036,0.02138436681854449,0.029440164069238644,0.4696821103594469,-0.05444847049228784,0.09721720412937682,0.9612305140240618,0.7289932931969506,False,False
sp|P18531|HVM60_MOUSE,-0.024370872110280738,0.019556647438330396,0.2162511463524593,-0.07474545766110671,0.026003713440545237,-0.020499469391525093,0.028239184567240474,0.469952957944442,-0.09323878850814898,0.05223984972509879,0.624131969333854,0.7289932931969506,False,False
sp|P29391|FRIL1_MOUSE,0.04285674325502502,0.018583981699547118,0.023629142493476925,-0.0050124213832849415,0.09072590789333498,0.019451836236717326,0.02683468579482321,0.47059115912366273,-0.049669733785115716,0.08857340625855037,0.22487981499589682,0.7295437897311448,False,False
sp|P99026|PSB4_MOUSE,0.03684377656380621,0.01996995380669601,0.06865357984690476,-0.014595415641999288,0.08828296876961171,-0.020876813076859884,0.028835985979951784,0.4711356016131427,-0.09515339076074494,0.05339976460702517,0.38347715424247236,0.7299483599000255,False,False
sp|P47879|IBP4_MOUSE,0.025169491275827672,0.01711483238115358,0.14521968970201893,-0.018915395496875324,0.06925437804853067,0.01786001547982262,0.024713280329506274,0.47192718224310526,-0.04579717617973826,0.0815172071393835,0.5394033083094845,0.7307351138159928,False,False
sp|P0CW02|LY6C1_MOUSE / sp|P0CW03|LY6C2_MOUSE,0.020959978054054244,0.020476729669853422,0.3090345937167563,-0.0317845822704034,0.07370453837851189,-0.021317593995991233,0.029567754406981648,0.47297579450265975,-0.0974790822376317,0.05484389424564924,0.7105527400250299,0.7314594932574654,False,False
sp|Q640N3|RHG30_MOUSE,0.006478735285989869,0.020398330720633427,0.7515873534414576,-0.04606388272769947,0.05902135329967921,0.021235686852352626,0.029454548787057146,0.4729817945820335,-0.05463420303615989,0.09710557674086513,0.942480654859813,0.7314594932574654,False,False
sp|Q8K3W0|BABA2_MOUSE,0.022782238141322027,0.019887903976345045,0.25532093352914664,-0.02844560770711424,0.0740100839897583,0.020691854842134233,0.028717508602359422,0.4732471905891019,-0.053279545340740794,0.09466325502500926,0.6620860058787036,0.7314594932574654,False,False
sp|P21180|CO2_MOUSE,0.005361587399586278,0.02054293008220622,0.7947512744921224,-0.04755349388691672,0.05827666868608927,-0.021343710555882495,0.02966334572286302,0.473859282128224,-0.097751425710135,0.055064004598370006,0.9549624506846548,0.7319661976485763,False,False
tr|A0A075B5T2|A0A075B5T2_MOUSE,0.025019413122244615,0.020361965104431112,0.22268672260577455,-0.027429533271589188,0.07746835951607842,-0.02110865190361128,0.02940203797961549,0.4748399381405079,-0.09684328291556256,0.05462597910834001,0.6283162109158187,0.7330412714099567,False,False
sp|Q61554|FBN1_MOUSE,-0.03220085306249195,0.017216945962250593,0.06501025850250515,-0.07654876698967494,0.012147060864691049,-0.017809923398352766,0.024860729132912558,0.47578728466342385,-0.08184691800650079,0.04622707120979525,0.3687255851188343,0.7338430497724874,False,False
sp|P17563|SBP1_MOUSE / sp|Q63836|SBP2_MOUSE,0.036440951584117254,0.020127207786492636,0.07387617319876026,-0.01540330003094808,0.0882852031991826,-0.020813698377990852,0.02906305578695287,0.4759292788815743,-0.0956751691247005,0.0540477723687188,0.3985049957594202,0.7338430497724874,False,False
sp|Q8BYC6|TAOK3_MOUSE,0.023402682936326663,0.020449739693933003,0.25578730785454373,-0.029272355817253085,0.07607772168990641,-0.02110632635647799,0.0295287817295897,0.4767803832478479,-0.09716742763365453,0.05495477492069854,0.6625396858757386,0.7347154319947387,False,False
sp|Q6PB93|GALT2_MOUSE,-0.011607072175536012,0.019367549609499272,0.5506216969166904,-0.0614945739976213,0.03828042964654928,0.019964224771616614,0.027966133242545613,0.47733370890587357,-0.0520717607414854,0.09200021028471864,0.8557349860654497,0.735128170115206,False,False
sp|O54962|BAF_MOUSE,0.021135593811575377,0.020459619411479734,0.30462261851144384,-0.03156489340797203,0.07383608103112278,-0.021014657246720896,0.02954304773137524,0.47890256753401966,-0.09711250530934111,0.05508319081589931,0.71047970557432,0.7354148261637484,False,False
tr|Q9D8U0|Q9D8U0_MOUSE,0.024120226882432195,0.01987111753792711,0.22829588406118523,-0.02706437996602493,0.07530483373088932,0.020402726337457655,0.028693269512596948,0.47906288140664355,-0.05350623808771583,0.09431169076263114,0.6308389222667321,0.7354148261637484,False,False
sp|Q9D7S7|RL22L_MOUSE,0.012051672298209654,0.020253078873133847,0.5534460853089437,-0.04011680175029565,0.06422014634671495,0.020786378861841107,0.02924480968206955,0.47924261839028104,-0.054543258893944235,0.09611601661762645,0.8557349860654497,0.7354148261637484,False,False
sp|O35643|AP1B1_MOUSE,-0.0009028352669175836,0.020509908640179826,0.9649959038597797,-0.053732858955403556,0.05192718842156839,0.02103831293897525,0.02961566379788072,0.4794853344133666,-0.05524658171565823,0.09732320759360873,0.9907753000155234,0.7354148261637484,False,False
sp|Q9D6N5|NC2A_MOUSE,0.0012642750747196647,0.020485315640978306,0.9509390494007557,-0.05150240124576088,0.05403095139520021,0.021004773920939124,0.029580152279574546,0.47965863889708193,-0.0551886491242278,0.09719819696610604,0.9853794978699983,0.7354148261637484,False,False
sp|A2ASQ1|AGRIN_MOUSE,0.009869928230479214,0.020238746883768782,0.6270815044217863,-0.04226162905984141,0.062001485520799836,0.02075143692332386,0.029224114739637725,0.4796695259781989,-0.05452489419331033,0.09602776803995805,0.8930625941490823,0.7354148261637484,False,False
sp|Q8K1H9|OBP2A_MOUSE,-0.014660226712048445,0.02021161866519307,0.4703105116508287,-0.06672190634200867,0.037401452917911776,-0.020721368613806024,0.029184942444194163,0.4797171386131808,-0.09589679858394942,0.054454061356337374,0.8160711371299757,0.7354148261637484,False,False
sp|Q8BK62|OLFL3_MOUSE,-0.022703800926315104,0.019899067674871176,0.2572128125048763,-0.07396040255655095,0.02855280070392075,0.02039669114869867,0.028733628632345472,0.4798082424809696,-0.0536162314797885,0.09440961377718585,0.6633380598922038,0.7354148261637484,False,False
sp|P08607|C4BPA_MOUSE,0.004228815062795265,0.014465266950564179,0.770763033430516,-0.033031243432125386,0.04148887355771592,0.014817459135424168,0.02088739107863466,0.4800902224393247,-0.03898489487960886,0.06861981315045719,0.9460032464650041,0.7354148261637484,False,False
sp|P21126|UBL4A_MOUSE,0.018608349821112844,0.01995604024120266,0.35383269208270096,-0.03279500341497803,0.07001170305720372,-0.020374865599056123,0.028815895228446742,0.48152733295015615,-0.09459969293648418,0.05384996173837193,0.7420855970746075,0.7371776946175103,False,False
sp|Q05020|APOC2_MOUSE,-0.005503578316462768,0.02042276125249153,0.7882353107337898,-0.05810912521001349,0.047101968577087955,-0.020813863532797898,0.029489825707623016,0.48231407267937093,-0.09677462074704296,0.05514689368144716,0.9511274250888044,0.7379433969990375,False,False
sp|Q8VBT9|ASPC1_MOUSE,0.0269252207351644,0.020171085426494793,0.1856223037646466,-0.025032052190789057,0.07888249366111785,-0.020510048460669384,0.029126413720786015,0.48331975345100087,-0.09553471842995875,0.05451462150861999,0.5921328317698707,0.7390429721712157,False,False
sp|P24549|AL1A1_MOUSE,0.003981616927675412,0.020000931882997598,0.8426995439864158,-0.04753736951483529,0.055500603370186107,0.020315883118532243,0.02888071734901579,0.48377350924510315,-0.054075914936575736,0.09470768117364023,0.9654510607143304,0.7392977960273831,False,False
sp|Q99JI6|RAP1B_MOUSE,0.011740126147126622,0.020292258501871788,0.5644772287600508,-0.04052926793718404,0.06400952023143729,0.020593083200248784,0.029301383835215977,0.48416938459357267,-0.05488227991703459,0.09606844631753217,0.8624343533708358,0.7394639177511564,False,False
sp|Q922Q8|LRC59_MOUSE,-0.0016859095601631747,0.01994856198320902,0.9328546904724403,-0.05307000008017454,0.049698180959848196,0.020196867389234346,0.028805096858818734,0.48519070150866944,-0.05400014519127533,0.09439387996974402,0.9824303813616132,0.7405845028955683,False,False
sp|Q3UI43|BABA1_MOUSE,0.018786801960704053,0.0200777951088056,0.35217495504104585,-0.0329301710312082,0.0705037749526163,0.020291410235195453,0.02899170543257511,0.4859681901923385,-0.05438627417788937,0.09496909464828028,0.740890938913965,0.7412943838893162,False,False
sp|Q61809|LRRN1_MOUSE,-0.042782028808496415,0.014288428923399227,0.00363690892383077,-0.07958658273106381,-0.005977474885929021,0.014424076081046447,0.020632042522428132,0.4864613263830252,-0.03872054364029091,0.0675686958023838,0.07477825442498498,0.7412943838893162,False,False
tr|F6URP1|F6URP1_MOUSE / tr|E9Q328|E9Q328_MOUSE,-0.0020980637049441415,0.02047805609226405,0.9186462666318647,-0.054846040667115965,0.05064991325722768,-0.020664957541778203,0.029569669719275635,0.4866191465705112,-0.09683137930095097,0.05550146421739456,0.9796217891919234,0.7412943838893162,False,False
sp|Q9Z2U1|PSA5_MOUSE,0.03254486752717412,0.01995081076797102,0.10667149901557497,-0.018845015478524574,0.08393475053287282,-0.02012418237282615,0.028808344033373897,0.4868073021968286,-0.09432955912070876,0.05408119437505646,0.4667533720091613,0.7412943838893162,False,False
sp|Q91VK1|5MP1_MOUSE,0.028560967810523436,0.019704427035225135,0.15102033811576251,-0.02219427275645065,0.07931620837749752,0.019823939273357974,0.028452573662950394,0.4879383439059468,-0.05346503372905333,0.09311291227576927,0.5454100570099417,0.7425775623864144,False,False
sp|Q4ZJN1|C1QT9_MOUSE,-0.014606602436906998,0.01909718148715576,0.446552677761458,-0.06379768212671437,0.03458447725290038,-0.019155699798091386,0.027575730166965677,0.4892333107728745,-0.09018607362891899,0.051874674032736226,0.7991629674539912,0.7436505641590431,False,False
sp|Q9Z0K8|VNN1_MOUSE,0.040615228381600095,0.016988981228370763,0.01910831317443841,-0.003145487303879514,0.08437594406707971,-0.017018510525825516,0.024531555218254928,0.48980613398293443,-0.08020760931863449,0.04617058826698347,0.2008322711190976,0.7436505641590431,False,False
sp|P63330|PP2AA_MOUSE,0.006047668805545711,0.02041812782885772,0.7678329485221171,-0.04654594317963329,0.05864128079072471,0.020444922199377782,0.02948313518944571,0.48999016787760913,-0.05549860138209024,0.09638844578084581,0.9455618567405316,0.7436505641590431,False,False
sp|Q61749|EI2BD_MOUSE,0.018144221641135695,0.020117012140771003,0.36973346825238956,-0.03367376773091125,0.06996221101318265,0.020140353121862367,0.02904833359480704,0.49005587297258396,-0.05468319577090558,0.09496390201463031,0.7580124846734897,0.7436505641590431,False,False
sp|P22437|PGH1_MOUSE,-0.0023572572694725217,0.020273579574257218,0.9077209670058319,-0.054578537624674704,0.04986402308572966,0.02029562431761269,0.029274412050502397,0.490087381505979,-0.055110264086236434,0.09570151272146182,0.9767336082495744,0.7436505641590431,False,False
sp|Q3UU35|OVOS_MOUSE,0.024396280558396405,0.01953282656790538,0.21522300047735518,-0.025916946496352768,0.07470950761314557,0.019495059917154178,0.02820478797863266,0.49139406186307916,-0.053155659458591575,0.09214577929289994,0.624131969333854,0.745194175086825,False,False
sp|P49717|MCM4_MOUSE,0.023095749927082874,0.019866189015625625,0.24837806601666088,-0.028076161889206898,0.07426766174337265,-0.019813257909413323,0.028686152881213466,0.49171049400771905,-0.09370389110692669,0.05407737528810004,0.6564884285238085,0.7452351513065782,False,False
tr|A0A1L1SSC7|A0A1L1SSC7_MOUSE,-0.007611699362953027,0.02039529642129096,0.7099562824980218,-0.060146501539480306,0.04492310281357425,0.02032410594448062,0.029450167354123185,0.49206830570056875,-0.055534498120689064,0.09618271000965031,0.9247341681252006,0.7453387571640967,False,False
sp|Q7TMF3|NDUAC_MOUSE,0.03532205234995343,0.019514373447975932,0.07395107119816513,-0.014943642617739575,0.08558774731764643,-0.01940302917183477,0.028178142253123095,0.49302843396868873,-0.09198511370699868,0.053179055363329134,0.3985049957594202,0.7463540373129768,False,False
sp|Q91WP6|SPA3N_MOUSE,-0.0522921877102735,0.01744382580392272,0.003598740929471832,-0.0972245053820201,-0.007359870038526901,-0.017300278894639313,0.025188336497302028,0.49412335057780515,-0.08218113415204015,0.04758057636276153,0.07473191849508037,0.7474781782534144,False,False
sp|Q9JM76|ARPC3_MOUSE,0.021001200148060385,0.019942491231829527,0.2953939040038029,-0.03036725315265312,0.07236965344877389,0.019767900606973907,0.028796330884527484,0.4943515874041028,-0.05440653232008222,0.09394233353403003,0.7038612026286413,0.7474781782534144,False,False
sp|O08538|ANGP1_MOUSE,-0.009979147847652982,0.02035831968472356,0.6253187733081711,-0.06241870426258034,0.04246040856727437,0.02013516086078166,0.029396774108071486,0.4953105001704218,-0.055585911316596466,0.0958562330381598,0.8925697568007431,0.7480118236844011,False,False
sp|Q60590|A1AG1_MOUSE,-0.0033760739631556714,0.015963160606274902,0.833028460769392,-0.044494450830056,0.037742302903744654,-0.015784632449459008,0.02305030246409066,0.49540710832984125,-0.07515827699212915,0.043589012093211144,0.9634342245039778,0.7480118236844011,False,False
sp|P97372|PSME2_MOUSE,0.007694234300217408,0.02039134659850143,0.7069043884615194,-0.04483039380702477,0.060218862407459585,0.020148085422425372,0.029444463934091038,0.49573146332448714,-0.05569582760629506,0.0959919984511458,0.9235305937536339,0.7480118236844011,False,False
sp|Q99KF1|TMED9_MOUSE,0.02086079353189084,0.020378100939353928,0.30899375961813647,-0.03162971601837438,0.07335130308215607,-0.0201211818808076,0.029425337618368436,0.49602639511097124,-0.09591582878502082,0.05567346502340563,0.7105527400250299,0.7480118236844011,False,False
sp|P61979|HNRPK_MOUSE,0.024885767410902114,0.019874159297449418,0.2140687485612509,-0.026306674490866926,0.07607820931267115,0.019617629741100897,0.02869766171779626,0.49615696887493477,-0.05430264825493218,0.09353790773713398,0.624131969333854,0.7480118236844011,False,False
sp|Q6P9Q4|FHOD1_MOUSE,-0.0006194136346124199,0.02043501616896592,0.9758923714738679,-0.05325652710113043,0.052017699831905594,-0.020117758709070982,0.029507521422047885,0.49729667998000454,-0.09612409706307884,0.055888579644936875,0.9939447960749526,0.7492913697767769,False,False
sp|Q99M28|RNPS1_MOUSE,-0.007803534789121631,0.020515095258324283,0.7046468107101149,-0.060646918320610414,0.045039848742367154,0.02013488204574947,0.029623153111553883,0.49860824310398955,-0.056169303802506815,0.09643906789400575,0.922971815777788,0.7508282023349551,False,False
sp|Q9Z2X2|PSD10_MOUSE,0.014518630992758571,0.02021735655528634,0.47472005770949405,-0.03755782846264444,0.06659509044816159,0.019823440931707965,0.02919322777724428,0.4990231373888923,-0.05537333064209559,0.09502021250551151,0.8188220010928255,0.7508764570510081,False,False
sp|Q9QZB7|ARP10_MOUSE,-0.004591059846413415,0.020531300130873554,0.8236148240998888,-0.05747618436347489,0.04829406467064806,0.020121844907187318,0.029646552438470752,0.4992234929985732,-0.05624261361302476,0.09648630342739939,0.9612305140240618,0.7508764570510081,False,False
sp|Q9D0M0|EXOS7_MOUSE,-0.0031784362344684713,0.019917944474900123,0.8736070891768752,-0.05448366127937612,0.04812678881043918,0.019483742811705864,0.028760886138609634,0.5000344268556725,-0.054599390500158204,0.09356687612356994,0.9715968040147054,0.7514615394922605,False,False
sp|P00329|ADH1_MOUSE,0.03802704916344775,0.01922163967608202,0.05124747718143177,-0.011484613576462507,0.087538711903358,0.018795504227137966,0.02775544388216538,0.5001961470639745,-0.05269778145755068,0.09028878991182661,0.3258327252893502,0.7514615394922605,False,False
sp|Q00897|A1AT4_MOUSE,-0.05594610970644401,0.01844259315763933,0.0032366266289891245,-0.10345108159532183,-0.008441137817566183,0.017984306485075242,0.026630525181751998,0.5013681318780121,-0.05061138064697846,0.08657999361712895,0.06945261308039163,0.7525219009839013,False,False
sp|P10518|HEM2_MOUSE,-0.00196371031096727,0.020499325854873986,0.9239179877118537,-0.0547664745509493,0.050839053929014756,0.01998438914740038,0.029600382588336523,0.5014864396459707,-0.05626114371989549,0.09622992201469624,0.9802504791831174,0.7525219009839013,False,False
sp|Q61074|PPM1G_MOUSE,0.05024913041286193,0.018467741310968188,0.007947643296941613,0.002679381173709486,0.09781887965201437,0.017968933188773566,0.026666838325178976,0.5023140136308881,-0.05072029040222332,0.08665815677977046,0.12047517509219965,0.753120087621628,False,False
sp|P30355|AL5AP_MOUSE,-0.013382178743914033,0.020454557378134196,0.5147882942600625,-0.06606962702963445,0.039305269541806395,0.019894801953944167,0.02953573831423813,0.5024700235083328,-0.056184218297822414,0.09597382220571074,0.8360930064604167,0.753120087621628,False,False
tr|A0A075B5Y4|A0A075B5Y4_MOUSE,0.012983224007217164,0.019688197103406344,0.511459780668367,-0.03773021102578347,0.0636966590402178,-0.01913027198715292,0.02842913815123552,0.5028960960763112,-0.09235887911174538,0.05409833513743954,0.8342747317237162,0.7533202137268769,False,False
sp|Q0GNC1|INF2_MOUSE,0.016492615872291033,0.020137353606486028,0.41515687458584216,-0.03537776964322181,0.06836300138780388,0.019546735111752374,0.0290777060323123,0.5033307845403796,-0.05535247216625828,0.09444594238976303,0.7854549427319959,0.7535282949106321,False,False
sp|Q9CYR6|AGM1_MOUSE,0.032976269545608554,0.020056858988922753,0.10397623908920846,-0.018686775575206843,0.08463931466642395,-0.019452649092539975,0.02896147433313141,0.5036796428781267,-0.09405246335379921,0.05514716516871926,0.46413352511274686,0.7535282949106321,False,False
sp|Q9CZ42|NNRD_MOUSE,-0.05338113010469935,0.019337010930878615,0.007117148122093678,-0.1031899695035019,-0.003572290705896812,0.018733331173807703,0.027922036349930054,0.5041597177589763,-0.05318906827109971,0.09065573061871512,0.11243347493491548,0.7535282949106321,False,False
sp|Q6DFW5|AT11B_MOUSE,-0.004572442076777561,0.02018727147669041,0.8213752652283768,-0.0565714075051336,0.04742652335157848,-0.019554940362180667,0.029149785868815472,0.5042055348081628,-0.0946398129952512,0.05552993227088987,0.9612305140240618,0.7535282949106321,False,False
sp|Q8K209|AGRG1_MOUSE,-0.001133065012415285,0.020083224246178272,0.9551456813391477,-0.05286402253546506,0.050597892510634485,-0.019425370966541917,0.028999544936395547,0.504834803205843,-0.0941232486032927,0.055272506670208874,0.9854328625709547,0.7538916046822209,False,False
sp|P05480|SRC_MOUSE,-0.015676789306742295,0.02045971127354916,0.44574124653736247,-0.0683775131473,0.037023934533815424,0.019761420720059666,0.029543180377317825,0.5054383725116759,-0.05633676901586644,0.09585961045598577,0.7991629674539912,0.7538916046822209,False,False
sp|P58252|EF2_MOUSE,0.0484835128660336,0.018534287904516104,0.010591550025942097,0.0007423509611690707,0.09622467477089813,0.017899703524733124,0.026762929515831493,0.5054860055370961,-0.05103703457095943,0.08683644162042567,0.1458462102502722,0.7538916046822209,False,False
sp|Q8R1I1|QCR9_MOUSE,0.012504298227942922,0.019946447741319574,0.5324706004474674,-0.03887434636585481,0.06388294282174066,0.019246505344347027,0.02880204395994513,0.5058608725863731,-0.05494264348978325,0.0934356541784773,0.8458431808465322,0.7538916046822209,False,False
sp|Q99LD9|EI2BB_MOUSE,0.009413673193718613,0.02056325255304356,0.6483133204380853,-0.04355375530868773,0.06238110169612496,-0.01983925145987031,0.029692690732361596,0.5059125020935448,-0.09632255434950217,0.05664405142976155,0.8973269315332452,0.7538916046822209,False,False
sp|B1ATG9|TIKI2_MOUSE,-0.039978561064345164,0.018451328961808983,0.033159689897677744,-0.08750603489359325,0.007548912764902924,0.017787114060277377,0.026643139408554832,0.5062598435471215,-0.050841065166816676,0.08641529328737142,0.2660006276838635,0.7539728728362278,False,False
sp|P70195|PSB7_MOUSE,0.01407681922081884,0.020205826449612215,0.4879787853660758,-0.037969940650515746,0.06612357909215343,-0.01944674053688017,0.029176578666846493,0.506950512716779,-0.09460062684424307,0.05570714577048273,0.8207350570330799,0.7545650695061884,False,False
sp|Q3TYX3|SMYD5_MOUSE,0.004340895942331635,0.02042912010088423,0.8322554528680655,-0.048281030259245836,0.0569628221439091,0.01962038956441261,0.029499007684951336,0.5078399583709037,-0.056364018856099256,0.09560479798492447,0.9634342245039778,0.7554522777614541,False,False
sp|Q9EPK7|XPO7_MOUSE,-0.026545612460753112,0.020201885424645634,0.19250477833824903,-0.07858222092449275,0.02549099600298653,0.01935384157676733,0.029170887950594315,0.5088942509774687,-0.055785386416915037,0.09449306957044969,0.5995262059075294,0.7565835428793197,False,False
sp|Q8R0Z5|MFRN2_MOUSE,-0.0073078479053680645,0.020291451550687005,0.7196652984519243,-0.059575163421170425,0.044959467610434296,-0.019420718423044565,0.029300218623053934,0.509305859739009,-0.0948930801526961,0.056051643306606974,0.9289057589943592,0.7567585625089142,False,False
sp|P62983|RS27A_MOUSE,0.04145712404460775,0.019599458249370354,0.03744652089332388,-0.009027734847803635,0.09194198293701913,-0.01873235041550101,0.028301002033564542,0.509893035966673,-0.09163090077335359,0.05416619994235156,0.2811218405256821,0.7571940989701171,False,False
sp|A2A5R2|BIG2_MOUSE,0.020737738718550794,0.0203812676036408,0.3119130610543199,-0.03176092761837905,0.07323640505548064,-0.019463999228850417,0.029429910182124132,0.5102304906792858,-0.09527042427677791,0.05634242581907707,0.7105527400250299,0.7572585092214185,False,False
sp|P56379|ATP68_MOUSE,0.010135632952822542,0.020516976071377625,0.6226184414292393,-0.04271259523204354,0.06298386113768863,-0.01951961838176887,0.02962586894652086,0.5118246995486022,-0.09583079975731669,0.05679156299377895,0.8901957172017163,0.7591869823373564,False,False
sp|Q9WVG5|LIPE_MOUSE,0.0013980512277993625,0.02010378151041083,0.944727747521327,-0.05038585829886143,0.05318196075446015,0.01908969215957504,0.02902922898018124,0.512635389497771,-0.05568464650700676,0.09386403082615684,0.9841278017357504,0.7599517144253082,False,False
sp|Q91YR1|TWF1_MOUSE,-0.00837347360075432,0.020557899877545235,0.6848404126332174,-0.06132711452475969,0.04458016732325105,0.01946602531905179,0.02968496163708581,0.5138182854383184,-0.056997368740478775,0.09592941937858235,0.9160505102752249,0.7612670224416973,False,False
sp|Q9D1R9|RL34_MOUSE,0.027802977066705127,0.019772692056084444,0.16346368857854232,-0.023128102541405744,0.078734056674816,0.01869583571630348,0.02855114620865954,0.5144168897756936,-0.054847043337870854,0.09223871477047782,0.5642345818897405,0.7613630330951561,False,False
sp|A2AG06|MEIOC_MOUSE,-0.00747172868557336,0.020498436342136498,0.716421213231903,-0.06027220169258028,0.045328744321433564,0.019367652707572656,0.02959909815988589,0.5147286556865176,-0.05687457169128175,0.09560987710642706,0.9273241194237647,0.7613630330951561,False,False
sp|Q61398|PCOC1_MOUSE,0.024896047615319165,0.020154349611375955,0.2202578822510827,-0.027018116707632416,0.07681021193827074,-0.019035502170101633,0.029102247729477206,0.514883806097953,-0.09399792467082847,0.0559269203306252,0.6273938570758163,0.7613630330951561,False,False
sp|P07091|S10A4_MOUSE,0.0066421934047991415,0.020109237298616106,0.7420114978818156,-0.045155769300994755,0.05844015611059304,-0.01898465063622322,0.029037106966966778,0.5150657878259269,-0.09377928165202018,0.05580998037957374,0.9393705049388767,0.7613630330951561,False,False
sp|P70315|WASP_MOUSE,0.02848583400446684,0.019514733508754028,0.14819060204610268,-0.021780788418329432,0.07875245642726311,0.018394561030176643,0.02817866216957606,0.515721960280299,-0.054188862721022205,0.09097798478137549,0.5428034143224956,0.7616360975737455,False,False
sp|P50516|VATA_MOUSE,0.021204582814375594,0.02043277217279233,0.3024262179611025,-0.03142675050104143,0.07383591612979262,-0.019254378781518547,0.029504281162063956,0.5158420792887815,-0.09525237077890869,0.0567436132158716,0.7087266409907413,0.7616360975737455,False,False
sp|Q8C6C9|LEG1H_MOUSE,-0.0006583332753284047,0.016767248447670583,0.9687761033306858,-0.0438479031667231,0.042531236616066295,-0.01577171349834767,0.024211380048224124,0.5165986223866552,-0.07813609570592256,0.046592668709227215,0.9922826038490516,0.7621754059510216,False,False
sp|Q80X76|SPA3F_MOUSE,-0.04169686771211938,0.017979505713697257,0.022876639422181787,-0.08800900539278567,0.004615269968546901,-0.0169038801136211,0.02596184145968311,0.5167993238021296,-0.0837771521195636,0.049969391892321406,0.22145618989518082,0.7621754059510216,False,False
sp|P62962|PROF1_MOUSE,0.005051199983695683,0.020450367665621746,0.805527113973849,-0.04762545631776173,0.05772785628515309,0.019191919923473626,0.02952968850098175,0.5175608531212561,-0.056871517042026164,0.09525535688897341,0.9580749738949936,0.7628615894603518,False,False
sp|P68040|RACK1_MOUSE,0.005949750856044747,0.020460364158213597,0.7719431065778904,-0.04675265470396347,0.05865215641605296,-0.01914318606548622,0.02954412312226418,0.518825914849714,-0.09524380415147092,0.05695743202049848,0.9462044905702415,0.7642887475617925,False,False
tr|Q8BSD7|Q8BSD7_MOUSE,0.0012922679851156038,0.019632062432627856,0.9476778796170797,-0.04927657371794873,0.051861109688179946,0.018331664973548326,0.02834808144999193,0.5196558326519011,-0.05468815392473189,0.09135148387182854,0.9842921944970106,0.7647738720911599,False,False
sp|Q8VI75|IPO4_MOUSE,-0.003529912662959013,0.02046381230089935,0.8634731491270234,-0.05624120004994,0.04918137472402198,0.019104036148921883,0.029549102131985767,0.5197492334600116,-0.05700940701620634,0.0952174793140501,0.9679770827174947,0.7647738720911599,False,False
sp|Q8BJY1|PSMD5_MOUSE,-0.020914975979161168,0.020435778939691417,0.3091054972664343,-0.0735540542128658,0.03172410225454346,0.01904845975810336,0.029508622839014557,0.52039133347422,-0.056960715658002675,0.0950576351742094,0.7105527400250299,0.7647859649824071,False,False
sp|Q80YX1|TENA_MOUSE,-0.017951450087807363,0.020147156783202946,0.37552726342273257,-0.06984708691317551,0.03394418673756079,-0.01876175385862312,0.029091861511543964,0.5207830676752176,-0.09369742323484447,0.05617391551759822,0.7617832475251141,0.7647859649824071,False,False
sp|Q8N7N5|DCAF8_MOUSE,0.026068968640534523,0.01986542253227124,0.1930876714510459,-0.025100968845470344,0.07723890612653939,0.018493826573302556,0.028685046103327307,0.5209081991328843,-0.05539395575329912,0.09238160889990424,0.5995262059075294,0.7647859649824071,False,False
sp|Q505D1|ANR28_MOUSE,0.0030804744444380117,0.020484395020078854,0.8808329206884316,-0.04968383051375226,0.05584477940262829,0.019068353081260418,0.029578822931915237,0.5209454689627736,-0.057121645791251056,0.09525835195377189,0.9717888839047834,0.7647859649824071,False,False
sp|Q2EG98|PK1L3_MOUSE,-0.010868974146517881,0.020335082725237468,0.5944462695195764,-0.06324867612027558,0.041510727827239816,-0.01887690326115008,0.02936322066851706,0.522098315185576,-0.09451154750568905,0.05675774098338889,0.8771552563153427,0.7659036788188914,False,False
sp|P56135|ATPK_MOUSE,0.007409203165946461,0.02032742480030775,0.7164282166988172,-0.0449507733003729,0.05976917963226582,-0.018849641492384658,0.029352162865477236,0.5225417202687463,-0.09445580272382079,0.056756519739051464,0.9273241194237647,0.7659036788188914,False,False
sp|Q6NVF9|CPSF6_MOUSE,0.028955736867601778,0.02026878884380889,0.15692098120454978,-0.023253203383726197,0.08116467711892975,-0.018792667120904008,0.02926749438622641,0.5225991315280747,-0.09418073680239894,0.056595402560590924,0.5561330123183216,0.7659036788188914,False,False
tr|A0A075B6D5|A0A075B6D5_MOUSE,-0.00486694800586157,0.020421115171286763,0.8122203453323302,-0.057468254875209034,0.04773435886348589,-0.01890057681798379,0.02948744881807175,0.5233294124885576,-0.09485521157047139,0.0570540579345038,0.9583518580992989,0.766537677564298,False,False
sp|Q07417|ACADS_MOUSE,-0.010745756264713935,0.020478819594580817,0.6011898685711338,-0.06349569987852662,0.04200418734909875,0.018930567929835572,0.029570772192637124,0.523841464354244,-0.0572386936125281,0.09509982947219925,0.8800818144233482,0.7668514898875374,False,False
sp|P62331|ARF6_MOUSE,0.02489950039940498,0.02025449097128927,0.22246311775183245,-0.027272610972908555,0.0770716117717185,-0.018708004902972305,0.029246848707447693,0.5241775378497637,-0.09404289484007736,0.05662688503413274,0.6283162109158187,0.766907477251785,False,False
sp|Q8R0A7|K0513_MOUSE,0.0045640616369519915,0.02031258635709645,0.8227783880546414,-0.04775769353252465,0.05688581680642864,0.018746558070160204,0.0293307366196007,0.524510825838307,-0.0568044128092821,0.09429752894960251,0.9612305140240618,0.7669593279577743,False,False
sp|Q9WUX5|IRAG1_MOUSE,0.031245288364550358,0.02025864461768001,0.12684666426671368,-0.020937522091853025,0.08342809882095374,-0.01867777275093301,0.029252846442357268,0.5249313395919287,-0.09402811182937305,0.05667256632750704,0.5071896901968753,0.7670192012767216,False,False
sp|P70336|ROCK2_MOUSE,0.010018628303761436,0.02015360271293919,0.6204392830100087,-0.041893612136309946,0.061930868743832815,0.01857010959717644,0.029101169231596866,0.5251720677158407,-0.0563895348771064,0.09352975407145928,0.8890546208963676,0.7670192012767216,False,False
sp|P01629|KV2A4_MOUSE / tr|A0A075B5J6|A0A075B5J6_MOUSE,0.021822776720724912,0.0201670806215557,0.282380499037924,-0.03012418051131143,0.07376973395276126,-0.018570240702647404,0.02912063090825705,0.5254453868163639,-0.09358001513396774,0.05643953372867294,0.6866192493131769,0.7670192012767216,False,False
sp|Q6ZQ73|CAND2_MOUSE,0.001023292239870644,0.020533558689617145,0.960374974205227,-0.051867649938986356,0.05391423441872765,-0.01886774739331434,0.029649813726348312,0.5263187094208556,-0.09524060643440874,0.05750511164778005,0.9882266025055787,0.7674133006994636,False,False
sp|Q91WB4|PKHF2_MOUSE,-0.014930892740413261,0.020551118076322657,0.4695861165868704,-0.06786706490209866,0.038005279421272145,0.01887634318363661,0.029675168929157388,0.5264834459301926,-0.05756182653185084,0.09531451289912406,0.815709207572116,0.7674133006994636,False,False
sp|Q60716|P4HA2_MOUSE,-0.026509109702922244,0.019615044355321527,0.1802621559664614,-0.07703411574377089,0.024015896337926397,-0.018011050515597916,0.0283235078809511,0.5266094378003697,-0.09096757209464998,0.054945471063454154,0.5895843234820141,0.7674133006994636,False,False
sp|Q00896|A1AT3_MOUSE,-0.05664465339006031,0.015748932605502638,0.0005494320776548691,-0.09721121549493073,-0.01607809128518988,0.014433409659266462,0.02274096396052783,0.5273990350950164,-0.04414343170121058,0.07301025101974351,0.02439288965450496,0.7681292507746986,False,False
sp|Q61233|PLSL_MOUSE,0.04827494344474918,0.01962899278227493,0.016021117171900363,-0.0022859913629844422,0.0988358782524828,-0.01795758146906372,0.028343648971309345,0.5281271373017478,-0.09096598305886597,0.05505082012073853,0.1833527854117486,0.7687548776438669,False,False
sp|Q9ET26|RN114_MOUSE,-0.013741449639874916,0.020358806113759786,0.5015977542486378,-0.06618225901296788,0.038699359733218044,0.01857792153458742,0.02939747649631959,0.5291734209094533,-0.05714495987502264,0.09430080294419749,0.8291149416951304,0.7693812229252656,False,False
sp|O09167|RL21_MOUSE,0.015655462636356143,0.020168651195872796,0.4398478527873563,-0.036295540127029575,0.06760646539974186,0.018384001244891653,0.02912289876823443,0.5296289583053603,-0.056631614806614765,0.09339961729639806,0.7960152796882342,0.7693812229252656,False,False
sp|Q6ZQK0|CNDD3_MOUSE,-0.010308432489908084,0.020020950758602364,0.6080204361404411,-0.06187898413882564,0.04126211915900947,0.018248593241694776,0.02890962397653537,0.5296464424937923,-0.056217663351644916,0.09271484983503447,0.8840500412544529,0.7693812229252656,False,False
sp|P62918|RL8_MOUSE,0.0209361064125579,0.019934560575541882,0.29669241541638136,-0.030411918871293513,0.07228413169640932,0.018165154161994553,0.02878487926597413,0.5297525857267945,-0.05597978135041878,0.09231008967440787,0.7038612026286413,0.7693812229252656,False,False
sp|P20108|PRDX3_MOUSE,-0.002025359256249589,0.019775021873710878,0.918673299340194,-0.05296244007687455,0.04891172156437537,0.01799303616321258,0.028554510392125466,0.5303620001429619,-0.0555585084533158,0.09154458077974095,0.9796217891919234,0.7698321028005224,False,False
sp|Q08943|SSRP1_MOUSE,0.02475938685779,0.019705136459914053,0.2125046444826927,-0.025997681066086457,0.07551645478166646,0.017875806089672486,0.028453598049916005,0.5315899577112739,-0.05541580555870301,0.09116741773804798,0.6211117588455547,0.7711797978064959,False,False
sp|Q9QXY6|EHD3_MOUSE,0.022617531396178774,0.01943171602853994,0.24782008429622115,-0.027435252168375265,0.07267031496073281,0.017602099017852244,0.028058787535978177,0.5321863749742033,-0.05467254813937299,0.08987674617507747,0.6564884285238085,0.7716103128145121,False,False
sp|Q9D662|SC23B_MOUSE,0.030525987627684728,0.018951572654903177,0.11108013715976402,-0.018290028565150905,0.07934200382052037,0.017071277692126657,0.02736547558720872,0.5344738609042529,-0.05341751623095761,0.08756007161521093,0.4778892743394382,0.7740909403205587,False,False
sp|Q9CZX0|ELP3_MOUSE,0.01342943134003122,0.018623983210636866,0.4729095463482613,-0.03454277036272996,0.06140163304279239,-0.016775175585520795,0.02689244672026782,0.534498521122312,-0.08604552789171416,0.052495176720672575,0.8188220010928255,0.7740909403205587,False,False
sp|P35564|CALX_MOUSE,0.012430059498805211,0.020271920164610314,0.5414633736148855,-0.03978694650040188,0.0646470654980123,0.01820174299976096,0.029272015915099366,0.535789370501373,-0.05719797336830176,0.09360145936782369,0.849621876135113,0.7755242434182325,False,False
sp|Q8R429|AT2A1_MOUSE,-0.018006541506513006,0.02028949029229373,0.3774155711050793,-0.07026880515547415,0.03425572214244813,0.018200278306429587,0.02929738662754313,0.5361745238397108,-0.05726478868619769,0.09366534529905687,0.7617832475251141,0.7756457297119411,False,False
sp|O35900|LSM2_MOUSE,0.029289465055499137,0.01943133554793395,0.13556878015156199,-0.020762338455960556,0.07934126856695883,0.017345943779243075,0.028058238133935178,0.5381488697672011,-0.05492728821210037,0.08961917577058652,0.5239690008224164,0.7780647611738029,False,False
sp|Q8BWT5|DIP2A_MOUSE / sp|Q3UH60|DIP2B_MOUSE,0.00787031943043781,0.020276780925180364,0.6989150079226037,-0.044359207058283154,0.060099845919158776,0.018013634915817384,0.029279034700671263,0.5400999395756463,-0.05740416064579676,0.09343143047743152,0.9209731051296092,0.7787650727237788,False,False
sp|Q9JHE7|TSSC4_MOUSE,-0.020835603431428335,0.020218300408317583,0.3057904517283429,-0.07291449409112746,0.03124328722827079,0.01795117196434879,0.029194590671372103,0.5403365003747878,-0.057249110192086845,0.09315145412078443,0.71047970557432,0.7787650727237788,False,False
sp|P08226|APOE_MOUSE,-0.036318393907781014,0.0200887418988808,0.07428900682400424,-0.08806356396234877,0.015426776146786732,0.017835791191683707,0.029007512253571767,0.5403444298444895,-0.056882608894120244,0.09255419127748765,0.3990215264668443,0.7787650727237788,False,False
sp|A1KXC4|FAIM3_MOUSE,0.038185540117934395,0.0186975282117456,0.04433759706370033,-0.009976100953812198,0.08634718118968099,0.01659598131491031,0.026998643391596924,0.540456915777524,-0.052947915489231924,0.08613987811905255,0.31170407550036605,0.7787650727237788,False,False
sp|Q03157|APLP1_MOUSE,-0.008758355658106039,0.0202065218052768,0.6658317969535135,-0.06080690664693785,0.04329019533072578,-0.017931641103375362,0.029177582738582918,0.5405408866878981,-0.09308811372813981,0.05722483152138909,0.9076320154342494,0.7787650727237788,False,False
sp|P97470|PP4C_MOUSE,-0.018145225551448232,0.02052296024532578,0.37920421394095233,-0.07100886794692751,0.03471841684403104,0.01819244097503733,0.029634509905720915,0.5409849102238277,-0.05814099803642876,0.09452587998650343,0.7621373839601641,0.7787650727237788,False,False
sp|Q9D7X3|DUS3_MOUSE,0.01933764451287507,0.01985903294056143,0.3330466955277498,-0.03181583447556595,0.07049112350131609,-0.01760144350035267,0.028675819733614827,0.5410414078068023,-0.09146546027348357,0.05626257327277823,0.7273920619032703,0.7787650727237788,False,False
sp|P07214|SPRC_MOUSE,0.02705519591896011,0.02036451897290751,0.18768337841753552,-0.02540032880413261,0.07951072064205283,-0.01804440313267227,0.02940572568547064,0.5411546325253244,-0.09378853304542811,0.05769972678008358,0.5922606610602378,0.7787650727237788,False,False
sp|P09470|ACE_MOUSE,-0.008690222957964386,0.02016768249621628,0.6676728087277884,-0.06063873051638851,0.04325828460045974,-0.017848664371288417,0.029121499996360215,0.5416364371885565,-0.09286067742521226,0.05716334868263542,0.9078067865179023,0.7787650727237788,False,False
sp|Q99PL5|RRBP1_MOUSE,0.030964194683831804,0.01960019881443765,0.11800497572883531,-0.019522571777781106,0.08145096114544471,0.017345524869277727,0.028302071386258322,0.5416575709702088,-0.055555779958579306,0.09024682969713477,0.4919309261538196,0.7787650727237788,False,False
sp|Q6PNC0|DMXL1_MOUSE / sp|Q8BPN8|DMXL2_MOUSE,0.009560594147766345,0.020563827781431634,0.6432189199178487,-0.04340831604477823,0.06252950434031092,-0.018171808301891825,0.0296935213440843,0.5422449092729658,-0.0946572507055389,0.058313634101755246,0.8973269315332452,0.7791744650546244,False,False
sp|Q9D3H2|OBP1A_MOUSE,0.012013829571598413,0.02015442885374424,0.5527578265032815,-0.03990053886616748,0.0639281980093643,0.017755989173315036,0.029102362152967767,0.5434682266058293,-0.057206728062791805,0.09271870640942187,0.8557349860654497,0.7804967560011212,False,False
sp|Q9JKW0|AR6P1_MOUSE,-0.014289086174475602,0.020554284358151105,0.48890302717652034,-0.06723341413767803,0.03865524178872682,0.018025923948172134,0.029679740940655133,0.5452983724994632,-0.058424022488507366,0.09447587038485164,0.8208501742926827,0.7826885781416487,False,False
sp|Q9WV69|DEMA_MOUSE,-0.010471602602473725,0.01910493826805647,0.5851056329180397,-0.059682662435826365,0.03873945723087891,-0.016719848637758543,0.027586930714922245,0.5461366741099667,-0.08777907316822847,0.05433937589271139,0.8755588163150538,0.7834551174558018,False,False
sp|P15379|CD44_MOUSE,0.019890516342646013,0.01816732100039503,0.27678725203702964,-0.026905401457150833,0.06668643414244285,-0.01587671976728798,0.026233040833825966,0.5467052162471796,-0.08344855506825179,0.051695115533675826,0.6792907934031005,0.7836800534597024,False,False
sp|Q8VCG4|CO8G_MOUSE,-0.012155304600563523,0.012807461447310537,0.345368762385161,-0.04514513910061881,0.02083452989949177,-0.01117892371934154,0.018493572008643627,0.547196051759665,-0.05881520842649749,0.036457360987814415,0.7355869008616953,0.7836800534597024,False,False
sp|Q8K0D2|HABP2_MOUSE,-0.036623778407384504,0.019316754561168065,0.061487856739629976,-0.08638044085550309,0.01313288404073408,-0.01685978597428124,0.02789278678838213,0.5472135799865958,-0.08870684354143756,0.05498727159287507,0.3558449652565168,0.7836800534597024,False,False
sp|Q8CAQ8|MIC60_MOUSE,0.013472718207484398,0.020213049811881562,0.5069398552672865,-0.03859264781205372,0.06553808422702251,0.017628962852966328,0.029187008975055675,0.5475108412326232,-0.057551790147926836,0.0928097158538595,0.8314828244699919,0.7836800534597024,False,False
sp|Q01853|TERA_MOUSE,-0.013575279295153307,0.020501403106111447,0.5097232135154838,-0.06638339417974362,0.03923283558943701,0.017766464880113658,0.02960338207387065,0.5500613839113486,-0.05848679414991659,0.0940197239101439,0.8323001108448769,0.7865232874655609,False,False
sp|P17439|GBA1_MOUSE,0.0015930477753774088,0.020543110551211274,0.9383776532161562,-0.051322498368477194,0.05450859391923201,-0.017789206491737306,0.02966360631443724,0.5503610427548868,-0.09419759288540294,0.05861917990192833,0.9827577696408201,0.7865232874655609,False,False
sp|Q9ERS7|ILRL2_MOUSE,-0.009381262928362381,0.02041812553795066,0.6471213664481132,-0.06197486901255584,0.04321234315583108,0.017678242389281795,0.02948313188144788,0.5504225561294405,-0.05826527267134847,0.09362175744991207,0.8973269315332452,0.7865232874655609,False,False
sp|Q9Z0F8|ADA17_MOUSE,0.02337773547003583,0.020337480753286015,0.2536955668370645,-0.029008143414640055,0.07576361435471171,-0.01759529699705633,0.029366683345689818,0.5507190241943325,-0.09323886050692562,0.05804826651281297,0.659864731924688,0.7865232874655609,False,False
sp|P54116|STOM_MOUSE,-0.04826635948576816,0.019237651835275284,0.014078426996244014,-0.09781926681454152,0.0012865478430052063,0.01662102347002878,0.02777856493704989,0.5512623387038551,-0.05493181810536035,0.08817386504541791,0.1734543039010925,0.7865655554986318,False,False
sp|Q99KC8|VMA5A_MOUSE,0.017078953393270858,0.020184725971741018,0.39994127712694394,-0.034913455248844205,0.06907136203538593,-0.017420771816891265,0.029146110239630596,0.5516840093147508,-0.09249617665659841,0.057654633022815885,0.7735899695788303,0.7865655554986318,False,False
sp|Q08189|TGM3_MOUSE,-0.024496321538189703,0.0200507288186129,0.22531520920234008,-0.07614357638668523,0.027150933310305832,0.01728017011205389,0.02895262255977125,0.5522565614982887,-0.057296843491995875,0.09185718371610366,0.6294976866819978,0.7865655554986318,False,False
sp|Q9D0I9|SYRC_MOUSE,0.015174592052990696,0.02024318321934272,0.45563192145622955,-0.03696839248050165,0.06731757658648305,0.01744271784343455,0.02923052066884771,0.5523318962875902,-0.057850113853375185,0.0927355495402443,0.8053288393322638,0.7865655554986318,False,False
sp|P01942|HBA_MOUSE,-0.005426280008311947,0.018549464252172666,0.7706201303318051,-0.05320653359419109,0.0423539735775672,0.015955804247053316,0.026784843685112386,0.5530145280676703,-0.053037381008035886,0.08494898950214251,0.9460032464650041,0.7865655554986318,False,False
sp|Q60597|ODO1_MOUSE,0.013246541741929851,0.020529240658772163,0.5205650029584173,-0.03963327792654302,0.06612636141040272,-0.017654593748950603,0.029643578625450622,0.5531079965206999,-0.09401139223444215,0.05870220473654093,0.8393580980700843,0.7865655554986318,False,False
sp|Q922Q4|P5CR2_MOUSE / sp|Q922W5|P5CR1_MOUSE,-0.020367310895126278,0.01966678139582966,0.30342396320790926,-0.07102558272099466,0.0302909609307421,0.016903115967030126,0.028398214542227226,0.5533371812119865,-0.05624583721930728,0.09005206915336753,0.7096427840693609,0.7865655554986318,False,False
tr|A0A075B5L3|A0A075B5L3_MOUSE,0.014385587589095864,0.020407111607961,0.4828512410518502,-0.038179648491483004,0.06695082366967472,-0.017534872056455753,0.02946722811252381,0.553439653935363,-0.09343742172305454,0.05836767761014304,0.819677896606254,0.7865655554986318,False,False
sp|P09528|FRIH_MOUSE,0.03286545144223299,0.01959299735761892,0.09727079857741026,-0.017602765295878002,0.08333366818034399,0.016832869796663093,0.028291672708831716,0.5534977811897168,-0.05604164981316033,0.08970738940648652,0.45211607642027335,0.7865655554986318,False,False
sp|A2ASS6|TITIN_MOUSE,0.019635738205362938,0.018820135333221726,0.2998585395276192,-0.02884171788270563,0.0681131942934315,0.01615633389938223,0.02717568422354628,0.5538050220828673,-0.05384358986761982,0.08615625766638428,0.7038612026286413,0.7865680815572991,False,False
sp|Q91WR6|GINM1_MOUSE,0.028915236086526973,0.01978338917375633,0.1476748713911045,-0.022043397470746653,0.0798738696438006,0.016947603859881165,0.028566592510548782,0.5546356352414381,-0.056635062231330933,0.09053026995109326,0.5424507070243373,0.7872085514218093,False,False
sp|Q99KN2|CIAO1_MOUSE,-0.002279921945913597,0.020417944732227362,0.9113637689510787,-0.05487306230542674,0.05031321841359955,0.01747167038163961,0.029482870803663096,0.5550768562872369,-0.05847117218718211,0.09341451295046133,0.978342601539504,0.7872085514218093,False,False
sp|Q91YM2|RHG35_MOUSE,0.01016923485857892,0.020327101097984766,0.6182182036639794,-0.042189907805811264,0.06252837752296911,0.017387044777410585,0.02935169544949132,0.5552332590220209,-0.05821791247023207,0.09299200202505324,0.8888396842181725,0.7872085514218093,False,False
sp|Q8K124|PKHO2_MOUSE,0.0021920005437126053,0.02047766211316997,0.9150159351275292,-0.050554961595563705,0.05493896268298891,0.017504932748888192,0.029569100825839866,0.555478810847933,-0.058660023637902126,0.0936698891356785,0.9785482611772603,0.7872085514218093,False,False
sp|P02104|HBE_MOUSE,-0.010819110367200834,0.019455110960066992,0.579652501405145,-0.060932155281936774,0.03929393454753511,0.01651220415734625,0.02809256908219737,0.5582963111018702,-0.055849458496549584,0.08887386681124208,0.8703237265995618,0.7907662272207457,False,False
sp|P62309|RUXG_MOUSE,0.03245857348331528,0.02022433413863931,0.11235465397285813,-0.019635859035756258,0.08455300600238683,-0.017134350375462164,0.029203303188418874,0.558999308643536,-0.09235707448861454,0.0580883737376902,0.4799579267192146,0.7913107613274311,False,False
sp|P15864|H12_MOUSE / sp|P43277|H13_MOUSE,0.012748903709670446,0.020110676644062554,0.5278863429427344,-0.03905276650430234,0.06455057392364323,0.017025199201182534,0.029039185336577237,0.559295373054728,-0.05777478533996065,0.09182518374232572,0.842878758365086,0.7913107613274311,False,False
sp|P24369|PPIB_MOUSE,-0.01443699527172853,0.020416189480199985,0.4814875916340188,-0.06702561440163445,0.038151623858177386,0.017237060618435968,0.029480336274873363,0.5603569174067644,-0.05869925343685847,0.09317337467373041,0.819677896606254,0.7923772994631623,False,False
sp|Q61937|NPM_MOUSE,0.0670154497408354,0.018417708491854257,0.0004779199735760446,0.019574576503295776,0.11445632297837502,-0.015532519388007943,0.026594592506061308,0.560791284413942,-0.08403565008106265,0.052970611305046766,0.022375344217423907,0.7925562883457193,False,False
sp|Q8BVF2|PDCL3_MOUSE,0.0030365503798582016,0.020502067364167823,0.882619976513115,-0.049773275520098845,0.055846376279815244,0.017245868958966234,0.029604341241637692,0.5617979345962235,-0.059009860723505364,0.09350159864143784,0.9717888839047834,0.7935434347697617,False,False
sp|P00920|CAH2_MOUSE,0.004198783649853599,0.02043577732253124,0.8377200888017111,-0.04844029041832246,0.056837857718029655,0.017168355847820938,0.02950862050388606,0.5622920332087259,-0.0588408135533927,0.09317752524903457,0.9634342245039778,0.7938059131099063,False,False
sp|Q9R182|ANGL3_MOUSE,-0.03613173559035295,0.019835395200604542,0.07216551707257188,-0.08722432779554334,0.014960856614837446,0.016626970675629946,0.028641687579650302,0.5631583866256676,-0.05714912749512588,0.09040306884638577,0.39537490736568637,0.7938893390212459,False,False
sp|O88968|TCO2_MOUSE,-0.0027673335674716086,0.020237685386022854,0.8915702174754612,-0.05489615662079261,0.0493614894858494,-0.016962240757195775,0.029222581970237475,0.5632031295216569,-0.09223462372149321,0.05831014220710167,0.9717888839047834,0.7938893390212459,False,False
sp|Q91YN9|BAG2_MOUSE,-0.027094077170676124,0.02032941592360597,0.18630454517378145,-0.07945918243073401,0.025271028089381763,0.01703593482610371,0.02935503798497263,0.5632760475308025,-0.05857763222237986,0.09264950187458729,0.5921328317698707,0.7938893390212459,False,False
sp|Q8CHP8|PGP_MOUSE,0.04956519073257772,0.018556519658119157,0.009117367071826083,0.0017667636253131738,0.09736361783984226,0.015523552181821755,0.026795031469667385,0.5639450337217616,-0.05349587506726245,0.08454297943090597,0.1304290011664009,0.7940103585313629,False,False
sp|Q8BYA0|TBCD_MOUSE,-0.0011105407413966107,0.020518278197157763,0.9569676537971717,-0.05396212298000408,0.05174104149721086,0.017155209566147953,0.02962774917524365,0.5641594766222671,-0.0591608149576414,0.09347123408993731,0.9864658560959637,0.7940103585313629,False,False
sp|P97807|FUMH_MOUSE,0.01955764559207002,0.01960909109167504,0.3215159547537442,-0.030952025857826245,0.07006731704196628,0.016373992075943977,0.02831491155525567,0.5646588661615762,-0.05656038683547894,0.0893083709873669,0.7143257838575422,0.7940103585313629,False,False
sp|P70168|IMB1_MOUSE,-0.011589428826417914,0.02050042487442441,0.5733954296194868,-0.0643950239531631,0.041216166300327275,0.01710775167128338,0.029601969538043796,0.5648977025976493,-0.05914186890757174,0.0933573722501385,0.8675048362339474,0.7940103585313629,False,False
sp|Q9QYB8|ADDB_MOUSE,-0.013097547352510827,0.019313297999071784,0.49957817563828955,-0.06284530628669227,0.036650211581670616,-0.01609094434895808,0.02788779562129622,0.5655277705539505,-0.08792514552167559,0.05574325682375943,0.8287947418258782,0.7940103585313629,False,False
sp|P24452|CAPG_MOUSE,0.042294082337943795,0.019722123829055457,0.034953039591429896,-0.008506742149157295,0.09309490682504488,-0.016427046646864847,0.02847812727733132,0.5656343097722698,-0.08978184139801013,0.056927748104280425,0.27356862294204254,0.7940103585313629,False,False
sp|Q9ESW4|AGK_MOUSE,0.01955225865009727,0.020124017997781702,0.33411274201025076,-0.03228377661373431,0.07138829391392884,0.016752478159186533,0.029058449832255234,0.565849902394014,-0.058097128434442126,0.0916020847528152,0.7284845983712072,0.7940103585313629,False,False
sp|Q8R3Q2|PP6R2_MOUSE,0.033151576791290896,0.020165008001258852,0.10400195883108929,-0.018790041724649695,0.08509319530723149,-0.01677776834893682,0.029117638109655706,0.5660539229272161,-0.0917798338419202,0.05822429714404656,0.46413352511274686,0.7940103585313629,False,False
sp|P28301|LYOX_MOUSE,-0.018681656543328564,0.01976660838159602,0.3473783567586738,-0.06959706564441889,0.03223375255776177,-0.01644276127430896,0.028542361573804954,0.5661370944712941,-0.08996301260860387,0.05707749005998594,0.7378176155896825,0.7940103585313629,False,False
sp|Q9DCL2|CIA2A_MOUSE,-0.01580090151273743,0.020460067696201623,0.44216877000905647,-0.06850254343720781,0.036900740411732955,0.016971202590597874,0.029543695040431667,0.5672398837054948,-0.059128312829658324,0.09307071801085406,0.7974119766856017,0.7946993059982086,False,False
sp|O70469|DOK2_MOUSE,-0.045225670088421537,0.019760349996043147,0.024669051154208123,-0.09612495865661187,0.005673618479768799,0.01639056058344271,0.02853332466166151,0.5672455628833816,-0.057106413207739515,0.08988753437462493,0.22686716686459257,0.7946993059982086,False,False
tr|A0A075B5V3|A0A075B5V3_MOUSE,0.007640834158213091,0.02057897308888059,0.7113767173275903,-0.04536708776106976,0.06064875607749595,-0.017036019689444723,0.02971539069228048,0.5680063102286472,-0.09357779380102503,0.059505754422135584,0.9247341681252006,0.7949912081949866,False,False
sp|P42859|HD_MOUSE,0.004998274350224593,0.020482063463091508,0.8078157475820108,-0.04776002491515478,0.057756573615603976,0.016944493302963375,0.029575456236866794,0.5682637968983467,-0.0592368335377862,0.09312582014371296,0.9583518580992989,0.7949912081949866,False,False
sp|P62702|RS4X_MOUSE,0.016593819636121297,0.02020273345347838,0.4138200301177735,-0.03544497320513599,0.06863261247737859,0.016708372845304447,0.029172112477589638,0.5683801220531923,-0.05843400932089546,0.09185075501150436,0.7852517152197986,0.7949912081949866,False,False
sp|P97371|PSME1_MOUSE,0.026527841312417477,0.019663278444554008,0.18101661864262555,-0.02412140750890618,0.07717709013374113,0.01621289825724004,0.028393156390623526,0.5695516145777679,-0.056923025993974766,0.08934882250845484,0.5895843234820141,0.7954219460613193,False,False
sp|Q9DBH5|LMAN2_MOUSE,0.01915804414161334,0.01604159677847369,0.23581448956349657,-0.02216237091609483,0.060478459199321516,0.013220683584004312,0.02316356183282725,0.569727592326465,-0.04644469775955899,0.07288606492756762,0.6412062414213344,0.7954219460613193,False,False
sp|Q08EC4|CASS4_MOUSE,0.011559133375070621,0.02036951113164766,0.571943730417981,-0.04090925029679295,0.0640275170469342,-0.01678478738569976,0.029412934205872546,0.5697906195194326,-0.09254748521654207,0.058977910445142556,0.8675048362339474,0.7954219460613193,False,False
sp|P01878|IGHA_MOUSE,0.04724605278812609,0.0189760161773381,0.014803125630270753,-0.0016329257460793792,0.09612503132233155,-0.01562684047039503,0.027400771265759457,0.5700291807811229,-0.08620655003657894,0.05495286909578888,0.17895797416876613,0.7954219460613193,False,False
sp|P70303|PYRG2_MOUSE,0.003266963757385607,0.020502915289547105,0.8737917041943589,-0.049545046253610614,0.056078973768381835,0.016868463763120217,0.02960556561924946,0.5703891119962767,-0.05939041970708239,0.09312734723332283,0.9715968040147054,0.7954219460613193,False,False
sp|O35453|HEPS_MOUSE,-0.06906016303930694,0.014254224308481212,5.90279566829606e-06,-0.10577661171245191,-0.03234371436616197,0.011722802620688493,0.020582652132957388,0.5705414890777696,-0.04129459588813643,0.06474020112951341,0.000876836807690049,0.7954219460613193,True,False
tr|Q61635|Q61635_MOUSE,0.02573607787070798,0.01978266933296135,0.19692267088359003,-0.025220701499552037,0.076692857240968,0.016245513239812794,0.028565553083053214,0.5711073464220402,-0.05733447546359731,0.0898255019432229,0.6036617589586242,0.7954330359403754,False,False
sp|Q8R409|HEXI1_MOUSE,0.025910813293848766,0.020167529035279255,0.20248708164128726,-0.026037298975396823,0.07785892556309436,-0.016558977322352626,0.029121278403587827,0.5711672557101958,-0.09157041959111989,0.058452464946414644,0.6105436009675816,0.7954330359403754,False,False
sp|O70439|STX7_MOUSE,-0.02083494692438924,0.020354388078183967,0.3090300317819979,-0.0732643761919819,0.03159448234320341,0.016676451941800292,0.029391096991732025,0.5719939103094472,-0.05902999695295099,0.09238290083655157,0.7105527400250299,0.7961536859712576,False,False
tr|A0A075B6A7|A0A075B6A7_MOUSE,0.04758036615050103,0.019473048152618418,0.016696235493575094,-0.0025788819104322694,0.09773961421143432,-0.01592378613645702,0.028118469824779918,0.5727293864872365,-0.08835216468208065,0.05650459240916661,0.18611604500413795,0.7966284833883132,False,False
sp|Q9R1V7|ADA23_MOUSE,0.026668415702281966,0.01946955351425815,0.17450430961891233,-0.02348183076675765,0.07681866217132158,0.015911604600971702,0.0281134236767649,0.5729537674699635,-0.0565037759287248,0.0883269851306682,0.5850893193602854,0.7966284833883132,False,False
sp|O88342|WDR1_MOUSE,-0.011063643354703395,0.02032608222176753,0.5877068368765647,-0.06342016156787654,0.04129287485846975,0.016586293406696193,0.02935022422423963,0.5735374885928851,-0.05901487421583104,0.09218746102922343,0.8755588163150538,0.797009731854657,False,False
sp|Q78HU7|GLPC_MOUSE,-0.012661182867411056,0.019747490741909554,0.5232106131112298,-0.0635273481919823,0.03820498245716018,-0.01604953351216424,0.028514756302640838,0.5750726658490811,-0.0894986783800622,0.05739961135573373,0.8404662063389999,0.7981142286940338,False,False
sp|P01029|CO4B_MOUSE,-0.016621471794194348,0.015412186675338746,0.28398947314238937,-0.056320633864297795,0.0230776902759091,0.012522462734137211,0.02225471341558386,0.5751824707568235,-0.04480188022380653,0.06984680569208096,0.6892298711985416,0.7981142286940338,False,False
sp|P06683|CO9_MOUSE,-0.03187165254643727,0.013159389840032556,0.017641691513353253,-0.0657679945132168,0.002024689420342264,-0.010689823288821999,0.01900174555259426,0.5752621392062628,-0.05963507630177428,0.03825542972413029,0.19248879511391792,0.7981142286940338,False,False
sp|P62281|RS11_MOUSE,0.004987934709720484,0.020468012123117222,0.8080763593494026,-0.047734170702399,0.057710040121839966,0.01660460179338034,0.0295551665433392,0.5757729802283985,-0.05952446226022083,0.09273366584698152,0.9583518580992989,0.7983927970318396,False,False
sp|Q7TMS5|ABCG2_MOUSE,-0.02091636782950069,0.020044874501568923,0.29979393484186906,-0.07254854295660207,0.0307158072976007,0.01623094253995912,0.028944169109861632,0.5764853037029603,-0.05832429642009737,0.0907861815000156,0.7038612026286413,0.7989502998036182,False,False
sp|P45952|ACADM_MOUSE,0.005979840531662627,0.019632745424572443,0.7614538974685141,-0.04459076044206667,0.05655044150539193,0.01581900282476847,0.028349067668905062,0.5783593647317589,-0.057203356405087905,0.08884136205462485,0.9431187041757689,0.8006411766791731,False,False
sp|P61028|RAB8B_MOUSE,0.0225714647632933,0.020042794096583928,0.26338138852623055,-0.02905535159568449,0.07419828112227109,0.016136803552049907,0.02894116507041514,0.5786551781623204,-0.05841069751517128,0.0906843046192711,0.6688432696795302,0.8006411766791731,False,False
sp|Q9JJK2|LANC2_MOUSE,-0.0018836230178837267,0.020098294438158026,0.9255597736276975,-0.05365339878304505,0.049886152747277604,-0.01617247641188839,0.029021305820213804,0.5788662977442973,-0.09092640637084937,0.05858145354707259,0.9803851983098811,0.8006411766791731,False,False
sp|O08808|DIAP1_MOUSE,0.02627897931246919,0.019462923120455607,0.18066456274691708,-0.02385418839391977,0.07641214701885815,0.0156577915490347,0.028103849596394836,0.5789490761074254,-0.056732927783890066,0.08804851088195946,0.5895843234820141,0.8006411766791731,False,False
sp|Q61361|PGCB_MOUSE,0.0059794478701367376,0.020315132452341032,0.7692459882720261,-0.04634886560608053,0.05830776134635401,-0.016322481244781795,0.02933441310115329,0.5794338293069401,-0.09188292211314121,0.05923795962357763,0.9457494169086615,0.8008814334220992,False,False
tr|B2RXM6|B2RXM6_MOUSE,0.0062365786356268025,0.01991255373969287,0.7549252279157127,-0.045054760795566334,0.057527918066819936,0.015940205155443466,0.02875310208630973,0.580826252438762,-0.058122877766406164,0.09000328807729309,0.942480654859813,0.8023753219044055,False,False
sp|P26011|ITB7_MOUSE,-0.04665706426674229,0.01864387782964081,0.014317126950860112,-0.09468051111211677,0.0013663825786321832,-0.014839197665718729,0.026921173925159095,0.5829891554901929,-0.08418354634808009,0.05450515101664263,0.1747232317462786,0.8046167629718198,False,False
sp|Q61245|COBA1_MOUSE,0.016137396699134336,0.018785025550279787,0.3928137471390025,-0.03224962258119114,0.06452441597945982,-0.014942225777205685,0.027124986799883066,0.5832234880574306,-0.08481156163472159,0.054927110080310225,0.7691980219642064,0.8046167629718198,False,False
sp|O35379|MRP1_MOUSE,-0.001351846358516297,0.02052728902648134,0.9476527212907169,-0.05422663895534471,0.05152294623831211,-0.01632101173519865,0.02964076052972937,0.5833862122207331,-0.09267055128715118,0.060028527816753885,0.9842921944970106,0.8046167629718198,False,False
sp|P11859|ANGT_MOUSE,-0.028718176402528765,0.016650661326666347,0.08834063079756789,-0.07160743777122436,0.01417108496616682,-0.013225409336516784,0.024043031907849666,0.5837649515189953,-0.07515615547091718,0.04870533679788361,0.43082788693889645,0.8047081103647821,False,False
sp|Q9WUA2|SYFB_MOUSE,0.006013783661615319,0.020100364459329445,0.7655537460685949,-0.045761324124738316,0.057788891447968956,0.015943101197996547,0.02902429486575968,0.5842910974571177,-0.05881852803207113,0.09070473042806423,0.9443577321161442,0.8050024483424709,False,False
sp|P84091|AP2M1_MOUSE,0.00915744064894557,0.0199350590141577,0.647188566137325,-0.04219186852769849,0.06050674982558962,0.01578446799236058,0.028785598995677907,0.5849441688872707,-0.05836232142091437,0.08993125740563553,0.8973269315332452,0.805430796235029,False,False
sp|Q91YQ5|RPN1_MOUSE,0.008949020077680897,0.020034323669004896,0.656280432717169,-0.042655977905725236,0.06055401806108703,-0.015849136323653343,0.028928934039072884,0.5852732395959441,-0.09036513234193053,0.058666859694623846,0.9017727397260993,0.805430796235029,False,False
sp|P18760|COF1_MOUSE,0.005599633787898275,0.020568899696868516,0.7861234351924742,-0.04738234079305374,0.05858160836885029,-0.016260433025788338,0.029700845030650885,0.5855403691463977,-0.09276473999590362,0.06024387394432695,0.9507057621974679,0.805430796235029,False,False
sp|Q91WK2|EIF3H_MOUSE,0.033168265148019474,0.0192432060237601,0.08854237202714839,-0.01639894882221051,0.08273547911824947,0.01516511593782525,0.02778658501074803,0.5867049748095697,-0.05640838397841217,0.08673861585406267,0.43099547820398315,0.806601874070818,False,False
sp|Q3U1J4|DDB1_MOUSE,0.022162772578929558,0.02003519951760793,0.27187832593244665,-0.02944448144097374,0.07377002659883286,0.015761576751300414,0.028930198736942594,0.5873601530374175,-0.05875767691280971,0.09028083041541053,0.6726549628833807,0.8070717150860993,False,False
sp|D3YXK2|SAFB1_MOUSE,0.02815333818599917,0.019765206373997247,0.15812860098396833,-0.022758459582834446,0.07906513595483279,0.01552486889771993,0.028540337118873643,0.587943391184159,-0.0579901677862392,0.08903990558167907,0.5576878130076082,0.807442257226245,False,False
sp|P28474|ADHX_MOUSE,-0.013005964923175335,0.020309939585028837,0.523714679150998,-0.0653209024596004,0.03930897261324973,-0.015903704671991332,0.029326914763878217,0.5890892114163969,-0.09144483110346972,0.059637421759487066,0.8407514331756981,0.80816858409457,False,False
sp|E9Q414|APOB_MOUSE,-0.030440400882092166,0.020269836083599238,0.1370006490236294,-0.08265203864435997,0.02177123688017563,0.015871842184737788,0.02926900656758669,0.5890999737264109,-0.05952012261781722,0.0912638069872928,0.5255698462428712,0.80816858409457,False,False
sp|Q8CAE9|PDXL2_MOUSE,-0.03868248310843462,0.019302254301719717,0.048367179800520514,-0.08840179536335709,0.011036829146487848,-0.015099912693512619,0.02787184886923592,0.5894514613004916,-0.08689303775497678,0.05669321236795155,0.31848328724966807,0.808220187885392,False,False
sp|P54071|IDHP_MOUSE,-0.01798215163121026,0.02025436982121905,0.37723655133154116,-0.07015395094162279,0.03418964767920227,0.015795185220590455,0.02924667377055198,0.5906140783421961,-0.05953925410893235,0.09112962455011325,0.7617832475251141,0.8093833165147181,False,False
sp|Q99JY3|GIMA4_MOUSE,0.014707641050796276,0.01855005105309759,0.43014596576377245,-0.033074124034100635,0.06248940613569319,-0.014421075918953977,0.02678569100721478,0.5917681805644261,-0.08341644373114407,0.05457429189323612,0.7945149063050485,0.8105335451879773,False,False
sp|P14430|HA18_MOUSE,0.07162111058931862,0.018027105692717874,0.00015183169258684825,0.02518636348784272,0.11805585769079452,-0.013950752387886251,0.026030574334128934,0.5934527774748157,-0.08100106854594347,0.05309956377017097,0.009294785038777632,0.8124087729918397,True,False
sp|B2RXR6|ANR44_MOUSE,-0.00464595388718077,0.020177608075160877,0.8184686650365619,-0.05662002804270508,0.04732812026834354,0.015598379536389229,0.02913583222056363,0.5938447333173106,-0.059450550880622795,0.09064730995340126,0.9601625569335521,0.8125133837896252,False,False
sp|Q9CZN7|GLYM_MOUSE,0.02796246514087598,0.020346936035646704,0.17309814772174395,-0.024447768937177896,0.08037269921892985,-0.015705450922855028,0.029380336476399507,0.594403022371436,-0.09138418256689151,0.059973280721181466,0.5811313303565719,0.8128453439227019,False,False
sp|P70290|EM55_MOUSE,-0.01835983464880951,0.019132763598958845,0.3400766299796594,-0.06764256778488142,0.0309228984872624,-0.014749027602531446,0.0276271096186671,0.5948822239864787,-0.08591174613065186,0.05641369092558896,0.7313736960788748,0.8129665448095629,False,False
sp|Q9D1H9|MFAP4_MOUSE,-0.02318445370457856,0.019633006221764965,0.24105966068713638,-0.07375572644735864,0.02738681903820152,-0.015124741145256304,0.028349444251858633,0.5951230823169033,-0.0881480703885197,0.05789858809800709,0.6499776191302369,0.8129665448095629,False,False
tr|A0A0B4J1K5|A0A0B4J1K5_MOUSE,-0.01350367379674376,0.02012922781448932,0.504201915920671,-0.06535312865911694,0.038345781065629414,-0.015485195834860372,0.029065972643924864,0.5956403826668544,-0.09035417990723274,0.059383788237512,0.830658946574362,0.8132417737895812,False,False
sp|Q91YH5|ATLA3_MOUSE,0.01934522596429935,0.02050440590142353,0.34821372591363897,-0.03347062360844839,0.07216107553704709,-0.015735975469702446,0.02960771801597437,0.5965215181021768,-0.09200040314646193,0.06052845220705705,0.7380932289548531,0.8138122205626234,False,False
sp|P09405|NUCL_MOUSE,0.03841686713997913,0.0193483606833027,0.05042706910754064,-0.011421207283705388,0.08825494156366365,0.014830787450986179,0.02793842503590023,0.5969656420266649,-0.05713382645148987,0.08679540135346223,0.32408357087077033,0.8138122205626234,False,False
sp|Q80TM9|NISCH_MOUSE,0.0030428889246979277,0.020491592465489705,0.88231708813572,-0.04973995542429231,0.05582573327368817,0.01570472155511566,0.02958921581699488,0.5970208774954603,-0.060512047615332375,0.09192149072556369,0.9717888839047834,0.8138122205626234,False,False
sp|Q9CZ13|QCR1_MOUSE,0.011236269993340781,0.020085658093545924,0.5774015944430647,-0.040500956705078944,0.06297349669176051,0.015375589933287657,0.029003059335539896,0.5974497117726596,-0.059331340195763506,0.09008252006233883,0.8689708390946181,0.8138122205626234,False,False
tr|A0A0A6YYE5|A0A0A6YYE5_MOUSE,-0.0030909810550841933,0.019898367337089506,0.8769362719507519,-0.05434577873473964,0.048163816624571254,0.015224363344809567,0.028732617366588477,0.5976384112947265,-0.05878595443570706,0.0892346811253262,0.9717888839047834,0.8138122205626234,False,False
sp|Q9EQP2|EHD4_MOUSE,0.0037291699835364646,0.02005216603113554,0.8529248894671484,-0.04792178687909031,0.05538012684616324,0.015310289827268352,0.028954697849506734,0.5983954319769228,-0.059272069368895425,0.08989264902343214,0.9664610117101669,0.8144123876007274,False,False
sp|P10107|ANXA1_MOUSE,0.013699631588655274,0.02051551748956681,0.5061560199757216,-0.03914483953844089,0.06654410271575144,-0.015597455220466516,0.02962376280020453,0.5999494391224484,-0.09190321152261517,0.06070830108168214,0.8314828244699919,0.8160960410672502,False,False
sp|P81117|NUCB2_MOUSE,0.00485029069234292,0.020126288551279,0.8101622493016448,-0.04699159312972228,0.05669217451440812,0.015281679385803106,0.029061728440180352,0.6004219385867533,-0.05957637234219393,0.09013973111380014,0.9583518580992989,0.8163075458610822,False,False
sp|P08730|K1C13_MOUSE,0.023891262792561936,0.020402054925226027,0.24498148692593275,-0.028660948136449434,0.07644347372157331,-0.015450932346557568,0.02945992642150028,0.601364646083568,-0.09133467410345247,0.060432809410337344,0.6543851958861793,0.8164131061565093,False,False
sp|Q7TMQ7|WDR91_MOUSE,0.0023916890654925574,0.020339622397032034,0.9066819131187356,-0.04999970632790208,0.054783084458887195,0.015398391797371864,0.02936977581198353,0.601488605859447,-0.060253137377797014,0.09104992097254073,0.9767336082495744,0.8164131061565093,False,False
sp|Q8K019|BCLF1_MOUSE,0.009826592639739323,0.01973787009178577,0.6199189711210661,-0.04101479153232389,0.06066797681180254,0.014937128054891918,0.028500864386075943,0.6016270426351658,-0.058476233607235736,0.08835048971701957,0.8890546208963676,0.8164131061565093,False,False
sp|Q61114|BPIB1_MOUSE,0.015145427524873013,0.020245420321192798,0.4565451659291076,-0.03700331940111978,0.06729417445086582,0.015315286820556176,0.029233750973645063,0.6017677963048755,-0.05998586559000997,0.09061643923112232,0.8053288393322638,0.8164131061565093,False,False
sp|Q9DBR3|ARMC8_MOUSE,0.0035576001385629343,0.02049796636144955,0.862640035789672,-0.04924166227841845,0.05635686255554431,-0.015467672886750168,0.029598419522537462,0.6026725669358796,-0.091708149231636,0.060772803458135675,0.9679770827174947,0.8172100367877251,False,False
sp|P70698|PYRG1_MOUSE,-0.00581647867856893,0.020471707747422224,0.7770325006903113,-0.058548103388068144,0.046915146030930284,-0.015336146856313815,0.02956050290874484,0.6052938154179874,-0.09147895647630128,0.06080666276367364,0.9481678008640579,0.8203324077375356,False,False
sp|Q9WTP7|KAD3_MOUSE,-0.009748006306179719,0.020556221179685016,0.6366090993036377,-0.06269732319104493,0.043201310578685495,0.015374258261152634,0.029682537650108656,0.6058834242495499,-0.06108289202169075,0.09183140854399602,0.8954788164816426,0.8206995357404476,False,False
sp|P16045|LEG1_MOUSE,-0.02733285922666562,0.02033449509590788,0.18260302877653956,-0.07971104756757655,0.025045329114245302,0.015188720995120792,0.029362372150224362,0.6063496740957095,-0.06044373761113525,0.09082117960137684,0.5911146040596782,0.8208103295555831,False,False
sp|P22907|HEM3_MOUSE,-0.009054615309731584,0.019843135012565547,0.649373589695528,-0.0601671439493751,0.04205791332991193,-0.014811268421825383,0.02865286362499099,0.6066027406385532,-0.08861615417766755,0.058993617334016785,0.8973269315332452,0.8208103295555831,False,False
sp|Q9DBU3|RIOK3_MOUSE,-0.00998870918617567,0.0205819025304319,0.6287469478299502,-0.06300417684684942,0.04302675847449808,0.015336649427148415,0.029719620713857905,0.6072120166619537,-0.06121602049796567,0.0918893193522625,0.8934630156793685,0.8212032263154049,False,False
sp|Q05186|RCN1_MOUSE,-0.05142609928825439,0.018569780074583358,0.00694442493546505,-0.09925868296482468,-0.0035935156116840908,-0.013816226347235347,0.026814179094491727,0.6077588945883765,-0.08288497460943546,0.05525252191496476,0.11243347493491548,0.8215113667008239,False,False
sp|O88634|PAR4_MOUSE,0.004125063064146134,0.02006851000868935,0.8376526159729982,-0.04756799309480029,0.05581811922309255,0.014866581506870431,0.028978298039680446,0.6093134531606984,-0.05977656775071211,0.08950973076445298,0.9634342245039778,0.8227781294890786,False,False
sp|Q8BSM7|LAT3_MOUSE,-0.03427128660431236,0.01982310638845529,0.08759837836781532,-0.08533222492706291,0.01678965171843818,0.014683898690875889,0.028623942920935706,0.6093351040526885,-0.05904649226798141,0.08841428964973318,0.4301367320324413,0.8227781294890786,False,False
tr|A0A075B5W6|A0A075B5W6_MOUSE,-0.00888261197340421,0.020351838861044053,0.6636554613450534,-0.06130547489278676,0.04354025094597834,-0.015022159701866348,0.02938741600226064,0.6106010530713083,-0.09071912699607118,0.06067480759233848,0.9065850466649934,0.8238905482983452,False,False
sp|Q80YQ8|RMD5A_MOUSE,-0.024812139284252552,0.02041218720834377,0.22764251882930464,-0.07739044924503047,0.02776617067652536,0.015058340937399137,0.02947455712003651,0.6107988569714723,-0.0608630870015168,0.09097976887631506,0.6308389222667321,0.8238905482983452,False,False
sp|Q61176|ARGI1_MOUSE,0.06132787888572822,0.018763801500878523,0.0015813233303497724,0.012995529133790484,0.10966022863766596,-0.013797281803486683,0.027094339939259512,0.6119578510434518,-0.08358767657934667,0.0559931129723733,0.0461254336951835,0.8250217101763814,False,False
sp|Q8K2T8|PAF1_MOUSE,0.0076984949360312405,0.020500485623837834,0.7082379194494174,-0.045107256670833214,0.06050424654289569,-0.015032735617745149,0.029602057258288458,0.6129376937246181,-0.09128258214897698,0.06121711091348668,0.9246160947296631,0.8255058214385967,False,False
sp|Q6PDJ6|FBX42_MOUSE,-0.020076102302476417,0.02049489298580426,0.3301816065850411,-0.07286744822840985,0.032715243623457006,0.015027769378299131,0.029593981664649726,0.6129581089672221,-0.0612012758021945,0.09125681455879275,0.7260611758808546,0.8255058214385967,False,False
sp|P35831|PTN12_MOUSE,-0.020381354229338296,0.020156847562198096,0.3149247554465328,-0.07230195284721637,0.03153924438853978,0.014708919672872776,0.029105854691996152,0.6146620463973816,-0.060262793747607166,0.08968063309335271,0.7105527400250299,0.8273678878584724,False,False
sp|P28654|PGS2_MOUSE,-0.013227188045816721,0.02022634033173384,0.514968352716979,-0.06532678817584973,0.038872412084216296,0.01474511126748334,0.02920620006822676,0.6150096494510393,-0.060485074713567046,0.08997529724853373,0.8360930064604167,0.8274032640211213,False,False
sp|P97315|CSRP1_MOUSE,-0.004801583958238362,0.020076445513510986,0.8115743673576141,-0.05651508062304281,0.046911912706566083,0.014614535975669802,0.028989756659364575,0.615523598523579,-0.06005812873027335,0.08928720068161296,0.9583518580992989,0.8276622799990683,False,False
sp|Q8CBW3|ABI1_MOUSE,0.01299939458633605,0.02051076697885144,0.5279858008710228,-0.03983284003605264,0.06583162920872473,-0.014882255824886436,0.02961690321195951,0.616668335607797,-0.09117034299862328,0.061405831348850415,0.842878758365086,0.8284259234626494,False,False
sp|Q80U95|UBE3C_MOUSE,-0.01123080203574825,0.02055070501902623,0.5862115566099682,-0.06416591023234547,0.041704306160848977,0.014908411007431883,0.02967457248739673,0.616734949622485,-0.06152822237589059,0.09134504439075436,0.8755588163150538,0.8284259234626494,False,False
sp|P17426|AP2A1_MOUSE,0.036267993943786506,0.019509583788493712,0.06661677766578936,-0.013985363678658172,0.08652135156623118,0.01411836910290011,0.028171226135288524,0.6175993250657403,-0.05844590069327871,0.08668263889907893,0.3754207492813295,0.8291544640481133,False,False
tr|Q3UW77|Q3UW77_MOUSE,-0.013385720095988861,0.018564145629946262,0.4729281175653963,-0.061203790404953703,0.034432350212975985,0.01340889010226369,0.026806043133430785,0.6182607634909189,-0.05563890131302311,0.08245668151755049,0.8188220010928255,0.8296099353773403,False,False
sp|O54781|SRPK2_MOUSE / sp|O70551|SRPK1_MOUSE / sp|Q9Z0G2|SRPK3_MOUSE,0.03514764314944925,0.019499561853102355,0.075143606022101,-0.01507989967813609,0.08537518597703458,0.014059817755100758,0.028156754775402842,0.6188764121063046,-0.05846717628822232,0.08658681179842384,0.4014414637072823,0.8296118035745783,False,False
sp|Q9JHJ0|TMOD3_MOUSE,-0.01340425977776304,0.020476849103030662,0.5145536831887375,-0.06614912774169844,0.039340608186172354,0.014757422459688422,0.02956792686473782,0.6190436601089244,-0.06140451000369403,0.09091935492307086,0.8360930064604167,0.8296118035745783,False,False
sp|Q80UY2|KCMF1_MOUSE,-0.01768850718116235,0.02039088962382562,0.38821546216639863,-0.0702119581996436,0.03483494383731889,0.014683858163460345,0.02944380407701413,0.6193203480495831,-0.06115835518606524,0.09052607151298593,0.7689652423680589,0.8296118035745783,False,False
sp|Q91X83|METK1_MOUSE / sp|Q3THS6|METK2_MOUSE,0.02045400987020378,0.02045266007571263,0.32022061218864634,-0.03222855128834149,0.07313657102874904,-0.014703593893755272,0.029532998669141424,0.6199082814359897,-0.09077555728740042,0.06136836949988988,0.7139117544465492,0.8296118035745783,False,False
sp|Q3UZ09|C1RL_MOUSE,0.029765084050289336,0.01891489229702103,0.11942315994016446,-0.0189564498018488,0.07848661790242747,-0.01358019593026678,0.027312510302668375,0.6203678784361274,-0.08393256032136123,0.056772168460827666,0.4919309261538196,0.8296118035745783,False,False
sp|Q99LJ1|FUCO_MOUSE,-0.037997482125638374,0.01939524297487587,0.05349798933161744,-0.08795631732977459,0.011961353078497841,-0.013906677184199096,0.028006121592216684,0.6208290118886693,-0.08604566586018442,0.05823231149178623,0.33436243332260895,0.8296118035745783,False,False
sp|Q3UQN2|FCHO2_MOUSE,0.007822217710687399,0.02049596278028595,0.7037105828126469,-0.044971883823220746,0.06061631924459554,-0.014670001053121735,0.029595526414275788,0.6214439267394204,-0.09090302524496882,0.06156302313872536,0.9227630088487275,0.8296118035745783,False,False
sp|Q91X79|CELA1_MOUSE,-0.026836308305564757,0.01986401685527123,0.18041115426253596,-0.07800262500756167,0.024330008396432158,0.014208025004624751,0.028683016349895875,0.6216805697284898,-0.059674529023609264,0.08809057903285877,0.5895843234820141,0.8296118035745783,False,False
sp|Q9Z100|CPXM1_MOUSE,0.005792125869433882,0.019979247418055998,0.7726191262573197,-0.045671005092848466,0.05725525683171623,0.01428781127611821,0.028849405662815037,0.6217447295854712,-0.06002333322013036,0.08859895577236677,0.9462044905702415,0.8296118035745783,False,False
sp|P27601|GNA13_MOUSE,0.02379191006250301,0.02008700442040285,0.23965955840802655,-0.027948784544086946,0.07553260466909296,-0.01435245599514508,0.029005003389229084,0.6220455690532214,-0.08906439367465653,0.060359481684366376,0.6469998226877116,0.8296118035745783,False,False
sp|Q8C8R3|ANK2_MOUSE,-0.03165757008865728,0.019150828518844473,0.10214146016351539,-0.08098683537473686,0.017671695197422295,-0.013678187600016562,0.027653194795507933,0.6221817407435286,-0.08490809709103184,0.05755172189099872,0.46218609119296844,0.8296118035745783,False,False
sp|P07758|A1AT1_MOUSE,-0.05415346232655781,0.015558665204750077,0.0008043461072264015,-0.0942299280850597,-0.01407699656805591,0.01111247155558572,0.02246622381071822,0.6221838717216089,-0.04675668607615031,0.06898162918732174,0.030458694501588002,0.8296118035745783,False,False
sp|Q99N57|RAF1_MOUSE / sp|P04627|ARAF_MOUSE,-0.008782731692670877,0.02040349297165398,0.6679958878260871,-0.061338646783811235,0.04377318339846947,-0.014547075444701811,0.029462002915368837,0.6227976527215897,-0.090436165895352,0.06134201500594838,0.9078067865179023,0.8296118035745783,False,False
sp|Q9R1P0|PSA4_MOUSE,0.03326598874206476,0.01999460852053188,0.09998019144723777,-0.018236709798109776,0.0847686872822393,-0.014235312278533578,0.02887158661225131,0.6232907638215804,-0.08860359111432062,0.06013296655725347,0.45690690984054005,0.8296118035745783,False,False
tr|Q3UJB0|Q3UJB0_MOUSE,-0.029146500469999177,0.01980927744843065,0.14502223977375844,-0.08017181780379723,0.021878816863798882,-0.014093793172432771,0.028603974365949143,0.6235261822139042,-0.08777274854220615,0.05958516219734061,0.5394033083094845,0.8296118035745783,False,False
sp|Q61316|HSP74_MOUSE,-0.002886907318648079,0.020515247593156684,0.88843618926477,-0.055730683238662114,0.04995686860136595,0.014583009555514689,0.029623373078266572,0.6238364948703965,-0.06172174288944594,0.09088776200047531,0.9717888839047834,0.8296118035745783,False,False
sp|Q8K4Q8|COL12_MOUSE,0.017218774066759132,0.020333627527740563,0.3995642023246735,-0.03515717956664359,0.06959472770016185,-0.014443620567691683,0.029361119409043707,0.6240830800639519,-0.09007285232650483,0.061185611191121474,0.7735899695788303,0.8296118035745783,False,False
sp|Q9R1T4|SEPT6_MOUSE,-0.010191579366205081,0.020348637786943912,0.6178197017410477,-0.06260619686511766,0.042223038132707495,-0.014444029492761735,0.0293827937518155,0.6243287289017992,-0.09012909065882163,0.06124103167329817,0.8888395805664272,0.8296118035745783,False,False
sp|P62315|SMD1_MOUSE,0.011984530761307356,0.020185000434318846,0.5543240764293803,-0.04000858484955841,0.06397764637217312,-0.01430417306530983,0.029146506554971273,0.6249013503767752,-0.08938059874568495,0.06077225261506529,0.8557349860654497,0.8296118035745783,False,False
sp|P10605|CATB_MOUSE,0.07574041211685434,0.01631020661503657,1.286286313810951e-05,0.03372810397090602,0.11775272026280266,0.011540363206693799,0.023551425998973054,0.6254374404455619,-0.049124090021824426,0.07220481643521202,0.0015177760296146516,0.8296118035745783,True,False
sp|Q99NH8|TREM2_MOUSE,0.04272699677072329,0.017459381500481992,0.016532214011277073,-0.0022453897200577985,0.08769938326150437,-0.012348543163683485,0.025210798434481926,0.6255750606342062,-0.07728725653708678,0.0525901702097198,0.18611604500413795,0.8296118035745783,False,False
sp|O09117|SYPL1_MOUSE,0.03902195615763062,0.01898931187205166,0.04306805987718077,-0.009891269816629071,0.0879351821318903,0.013429394682033908,0.027419969831267668,0.6256065766644997,-0.05719976711177215,0.08405855647583997,0.3070374658711392,0.8296118035745783,False,False
sp|Q8BFZ3|ACTBL_MOUSE,0.008310319243586639,0.020280876967312424,0.6830495322661123,-0.043929757950486654,0.060550396437659935,0.014338410020532516,0.029284949256840834,0.6257122095301234,-0.0610946204281807,0.08977144046924573,0.9155921632406242,0.8296118035745783,False,False
tr|Q9EQI5|Q9EQI5_MOUSE,-0.02600800447880479,0.020209832653334793,0.20175067703827945,-0.07806508364708398,0.0260490746894744,0.014274101799240489,0.02918236349917486,0.626052266317789,-0.06089468524874994,0.08944288884723092,0.6101316189859776,0.8296118035745783,False,False
sp|Q923T9|KCC2G_MOUSE / sp|P28652|KCC2B_MOUSE,0.02243133087567476,0.019330247101007458,0.24924255847702467,-0.02736008605194143,0.07222274780329095,-0.013635106702168671,0.027912269592068547,0.6265005323516949,-0.08553234864597575,0.0582621352416384,0.6564884285238085,0.8296118035745783,False,False
sp|P22599|A1AT2_MOUSE,-0.050657699060905406,0.017613240216053053,0.005129028188189348,-0.09602639933986082,-0.005288998781949987,0.012410911280769902,0.025432965586596867,0.6268626086782978,-0.05310006675333705,0.07792188931487685,0.09171699711519146,0.8296118035745783,False,False
sp|P97430|SLPI_MOUSE,0.03564982874839806,0.02009157135400574,0.07971408684332494,-0.016102629499593582,0.0874022869963897,-0.014153183773547445,0.0290115978978904,0.6269609979635454,-0.08888210778171123,0.06057574023461633,0.412176252252132,0.8296118035745783,False,False
sp|Q61189|ICLN_MOUSE,-0.02186529820891346,0.020464025771416757,0.28844172834178144,-0.07457713545950864,0.030846539041681713,0.014384115734342215,0.02954941037670715,0.627711575432013,-0.06173012141657201,0.09049835288525644,0.6950050454601762,0.8301783804506591,False,False
sp|P62874|GBB1_MOUSE,0.0032049668145933373,0.020497604152520183,0.8761350597755906,-0.04959336261401377,0.056003296243200454,0.014373216816856726,0.029597896504221538,0.6285343963485541,-0.06186591232212467,0.09061234595583813,0.9715968040147054,0.830839871969983,False,False
sp|Q6ZPU9|KBP_MOUSE,-0.016303999154999586,0.020200204406090157,0.4219320254215276,-0.06833627760188422,0.03572827929188506,-0.014088250032959642,0.02916846061260611,0.630385634697241,-0.08922122561832237,0.061044725552403076,0.7907962413000987,0.8327372224105565,False,False
sp|Q61646|HPT_MOUSE,0.01262866029026021,0.015175175073367308,0.4077176106084895,-0.026460000350204134,0.05171732093072456,0.0105764824559858,0.021912476107591557,0.6306165373594506,-0.04586631561526368,0.06701928052723528,0.780440419905799,0.8327372224105565,False,False
sp|P47867|SCG3_MOUSE,-0.009412463419244683,0.020477382411277476,0.6469826072411938,-0.062158705094190046,0.04333377825570068,0.014248596516389185,0.02956869694509339,0.6311740711975449,-0.06191531954253922,0.09041251257531759,0.8973269315332452,0.833046249786611,False,False
sp|Q5PT54|NTCP5_MOUSE,0.0005400164185081416,0.020550051262534147,0.9790993645444558,-0.05239340781295939,0.053473440649975675,0.014280613848824083,0.029673628483558638,0.6316162756846994,-0.06215358794174957,0.09071481563939773,0.9942219204161421,0.8332028226885763,False,False
tr|A0A0B4J1H6|A0A0B4J1H6_MOUSE / sp|P01630|KV2A6_MOUSE,-0.011126101551330163,0.020327073423171013,0.5856223580190443,-0.06348517293012412,0.04123296982746379,-0.014067723525048391,0.02935165548792961,0.6330136954237544,-0.08967257783852939,0.0615371307884326,0.8755588163150538,0.8334833639032717,False,False
sp|Q8K1I3|SPP24_MOUSE,-0.009317477190908476,0.02033166719447285,0.6479677178056179,-0.0616883813404355,0.04305342695861855,0.014068631575050566,0.029358288749385147,0.6330684879106998,-0.0615533088876657,0.08969057203776683,0.8973269315332452,0.8334833639032717,False,False
sp|Q04207|TF65_MOUSE,0.0011883328146300458,0.02051670827488635,0.9539530674714497,-0.05165920557218643,0.05403587120144652,0.014195065962753075,0.02962548225679976,0.6331068853553535,-0.06211511936607976,0.09050525129158592,0.9854328625709547,0.8334833639032717,False,False
sp|Q6DFW4|NOP58_MOUSE,-0.003824837176849464,0.01998147007040795,0.8486703604904543,-0.055293693312191576,0.04764401895849265,0.013809210527093265,0.028852615102990996,0.6334883264085559,-0.06051020093920851,0.08812862199339504,0.9657706868987608,0.8334833639032717,False,False
sp|P38647|GRP75_MOUSE,0.024759389769162383,0.01928598342553869,0.2028269788951442,-0.02491801148609858,0.07443679102442334,0.013316841635669237,0.027848354235148167,0.6337864642847022,-0.058415765258835545,0.08504944853017402,0.6108531820526273,0.8334833639032717,False,False
sp|P13504|IL1R1_MOUSE,-0.02970724787860536,0.019815745477306454,0.13766877320880522,-0.08074922575071791,0.021334729993507197,-0.013671787399774128,0.028613313996465363,0.6340552349964397,-0.0873748000635155,0.06003122526396725,0.5267415914007034,0.8334833639032717,False,False
sp|O08717|INHBE_MOUSE,-0.004012227877397317,0.020571784240830907,0.8458476089209823,-0.057001632551215035,0.048977176796420406,0.014191424704070397,0.02970501022152029,0.6341026784275925,-0.062323611086741185,0.09070646049488197,0.9654510607143304,0.8334833639032717,False,False
sp|Q99LC5|ETFA_MOUSE,0.0029782028483687087,0.02053497616779832,0.8850424899187095,-0.04991639051232451,0.05587279620906192,0.014148835937794188,0.02965186052031463,0.6345138042538306,-0.062229295295176984,0.09052696717076536,0.9717888839047834,0.8334833639032717,False,False
sp|Q8K0G5|EIPR1_MOUSE,-0.015568910138546256,0.02035747173698802,0.44660019812283236,-0.06800628238484854,0.036868462107756024,0.014005494340247197,0.029395549698177984,0.6350213311838295,-0.06171242396624768,0.08972341264674208,0.7991629674539912,0.8334833639032717,False,False
sp|P63056|NOE3_MOUSE,-0.0013614174529072572,0.020520226045385538,0.947264531279076,-0.054218017016058696,0.05149518211024418,-0.014115609156569196,0.029630561806896726,0.6350657708653278,-0.09043887853939064,0.062207660226252244,0.9842921944970106,0.8334833639032717,False,False
sp|Q6PFE3|RA54B_MOUSE,-0.0428616453270017,0.019615039082516775,0.03173197080889987,-0.09338663778600534,0.007663347132001945,0.01344319645444903,0.028323500267186674,0.6363119955788615,-0.05951330551284551,0.08639969842174357,0.26105375345979925,0.8345772884233995,False,False
sp|Q8BML9|SYQ_MOUSE,0.016540298909532736,0.0200783958686497,0.41245083520090525,-0.035178221537190336,0.0682588193562558,-0.013751141078948632,0.0289925729109183,0.636547492995556,-0.08843105996817004,0.06092877781027277,0.7849674062397124,0.8345772884233995,False,False
sp|Q7TPV4|MBB1A_MOUSE,0.04703146416537065,0.019509708777255087,0.018159370412528884,-0.003222215406788194,0.0972851437375295,-0.013337132350797334,0.028171406615133676,0.6371658346247445,-0.08590186703225,0.05922760233065533,0.19647217988345328,0.834962862167286,False,False
sp|P61211|ARL1_MOUSE,0.036825202936793956,0.019996807348848535,0.06915614674179983,-0.014683159409792097,0.08833356528338002,-0.01365399187704589,0.028874761651268687,0.6375626160359296,-0.0880304490713738,0.06072246531728203,0.38378680573304863,0.835057851623865,False,False
sp|P01027|CO3_MOUSE,0.028249003306117716,0.020147167646221733,0.16464992187085015,-0.023646661500532545,0.08014466811276798,-0.01374087696638459,0.029091877197401854,0.6379480836041106,-0.08867658674669834,0.06119483281392916,0.5671690800222309,0.8351375537703527,False,False
sp|Q9D4V7|RABL3_MOUSE,-0.01079684158905564,0.01990062322570599,0.5889195611097761,-0.06205745005271497,0.04046376687460369,0.01355412668855192,0.028735874798886365,0.6384081506068885,-0.060464581681531945,0.08757283505863579,0.8755588163150538,0.8351375537703527,False,False
sp|P48193|EPB41_MOUSE,-0.027296346114922442,0.019217927624791284,0.15929453622906603,-0.07679844724434175,0.022205755014496866,-0.013081799107448099,0.027750083796708364,0.6385964440286697,-0.08456127812694703,0.05839767991205083,0.5576878130076082,0.8351375537703527,False,False
sp|Q9CR29|CCD43_MOUSE,-0.015341657698936646,0.020540225991478547,0.45725544051063405,-0.06824977370930385,0.03756645831143056,0.013950439149607837,0.02965944110079597,0.6393507202871177,-0.062447218364705084,0.09034809666392075,0.8053288393322638,0.8356995455529584,False,False
sp|Q30D77|COOA1_MOUSE,0.04193198556543109,0.019856682129464544,0.03775341674197468,-0.009215438134899466,0.09307940926576164,-0.013439781744952577,0.02867242523623704,0.6405025113957716,-0.08729505487226696,0.060415491382361804,0.28252815580061785,0.8366615315940081,False,False
sp|Q9Z1T2|TSP4_MOUSE,-0.06856369270891773,0.015886406646540778,4.4128165030482005e-05,-0.10948436447717147,-0.027643020940663975,-0.010745003095815109,0.022939472157309636,0.6407365205061686,-0.06983316768655738,0.048343161494927164,0.003246572141528319,0.8366615315940081,True,False
sp|Q7TNV0|DEK_MOUSE,0.027958831429412544,0.019743828613107802,0.16053963189039575,-0.022897900876477778,0.07881556373530287,0.013291057416268442,0.0285094683036897,0.6423098612714352,-0.06014446646897405,0.08672658130151094,0.5601484446040231,0.8381497054981061,False,False
sp|Q99J93|IFM2_MOUSE / sp|Q9CQW9|IFM3_MOUSE,0.01781544251247529,0.0202303514369868,0.381092220774159,-0.034294489540007925,0.0699253745649585,0.013609665343578707,0.029211991978211033,0.6425271917100044,-0.061635439608932675,0.0888547702960901,0.7642620471132862,0.8381497054981061,False,False
sp|Q61171|PRDX2_MOUSE,-0.031654204946874584,0.020030030942481795,0.11787953955451709,-0.08324814559951038,0.01993973570576122,0.013406020765591766,0.028922735476821105,0.6442257486681358,-0.06109400881439741,0.08790605034558094,0.4919309261538196,0.8390199093171138,False,False
sp|Q7TQI3|OTUB1_MOUSE,0.008405586685438083,0.020230231905181643,0.6788638835941659,-0.04370403747351869,0.06051521084439485,0.013537368443305928,0.029211819378039242,0.644290388899387,-0.06170729192062517,0.08878202880723703,0.9118802818231494,0.8390199093171138,False,False
sp|Q8VCC2|EST1_MOUSE,-0.009337963999264587,0.018455312016485138,0.6142303550898575,-0.05687569749746515,0.03819976949893598,-0.012346093285170518,0.026648890814387354,0.6443857367633725,-0.08098908715194458,0.056296900581603554,0.8865712804688246,0.8390199093171138,False,False
sp|P35700|PRDX1_MOUSE,0.03836966238774967,0.018915853498926816,0.04576127771002474,-0.010354347356424022,0.08709367213192337,0.012638184780925463,0.027313898248026058,0.644803801754817,-0.057717754720493036,0.08299412428234396,0.31550642120710115,0.8390199093171138,False,False
sp|Q9D281|NXP20_MOUSE,-0.01026873068575261,0.020573131402323228,0.6190221149189427,-0.06326160541761885,0.04272414404611364,0.013737506855774448,0.029706955480396764,0.6449948408629895,-0.06278253958985414,0.09025755330140303,0.8890546208963676,0.8390199093171138,False,False
sp|O35684|NEUS_MOUSE,-0.046012837765570205,0.01887196455549911,0.01692307582851556,-0.09462379708316102,0.0025981215520205977,0.01259567466331305,0.027250523992401497,0.6451492894943244,-0.0575970235733771,0.0827883729000032,0.18622615495054518,0.8390199093171138,False,False
tr|A0A075B5U7|A0A075B5U7_MOUSE,-0.01174960604977264,0.02035281090985767,0.565320890877532,-0.06417497280097378,0.040675760701428504,-0.013564131179198507,0.029388819610212495,0.645632896750974,-0.08926471392789642,0.0621364515694994,0.8624343533708358,0.8391334545738274,False,False
sp|Q8K479|C1QT5_MOUSE,0.010458432222110039,0.017984462237757553,0.5624812220174105,-0.03586647261847449,0.056783337062694575,0.011937921487193413,0.025968998524726696,0.6469488179420416,-0.05495378589661577,0.0788296288710026,0.8624343533708358,0.8391334545738274,False,False
sp|Q9JIM1|S29A1_MOUSE,-0.018479850042459285,0.02021566831924341,0.3633260767571916,-0.0705519608899916,0.033592260805073035,-0.013415471909024146,0.02919079001743091,0.6470346261126373,-0.0886059642296654,0.0617750204116171,0.7550357944234586,0.8391334545738274,False,False
sp|O88487|DC1I2_MOUSE,-0.0013348171809277709,0.0205478391480561,0.9483628135096265,-0.054262543383099944,0.05159290902124441,-0.01362830492329296,0.029670434259741578,0.6472177925774258,-0.09005427893855654,0.06279766909197061,0.9842943348598501,0.8391334545738274,False,False
sp|Q61990|PCBP2_MOUSE,0.03614394837495981,0.019244567388237356,0.06391676082540214,-0.013426772237783505,0.08571466898770312,0.012751670636692178,0.027788550778288595,0.6475328209123887,-0.058826892761180194,0.08433023403456455,0.3649349426284047,0.8391334545738274,False,False
sp|Q8C7G5|APOA5_MOUSE,-0.00416050490904982,0.0197465592345664,0.8336478318618376,-0.055024270829710106,0.04670326101161046,-0.013075434515313237,0.028513411235298804,0.6477550955006881,-0.08652111471933634,0.06037024568870987,0.9634342245039778,0.8391334545738274,False,False
sp|O70435|PSA3_MOUSE,0.033459167438946336,0.019927029100286948,0.09694242495905854,-0.017869458050244466,0.08478779292813714,-0.013183012272527309,0.02877400405229253,0.6480514893168429,-0.08729993509085722,0.0609339105458026,0.45140460084914236,0.8391334545738274,False,False
sp|Q64433|CH10_MOUSE / tr|Q9JI95|Q9JI95_MOUSE,-0.0029473132401314863,0.020586891581617982,0.8865114407972116,-0.05597563184504725,0.050081005364784284,0.01361951018496825,0.02972682474704936,0.6480525382798292,-0.06295171609994411,0.09019073646988061,0.9717888839047834,0.8391334545738274,False,False
sp|Q8BJ66|KAZD1_MOUSE,-0.029562313342317757,0.01968489112964461,0.13699594943600737,-0.08026723275122616,0.021142606066590644,0.013018133997525841,0.028424364428974256,0.6481694917077059,-0.06019817683337905,0.08623444482843073,0.5255698462428712,0.8391334545738274,False,False
sp|Q9WUZ9|ENTP5_MOUSE,-0.033198171939003734,0.019062211368000823,0.08533384027285419,-0.08229917457114322,0.015902830693135757,0.012592336660763974,0.027525234413423628,0.6485334984923591,-0.058307968728385236,0.08349264204991319,0.42666920136427094,0.8391827932752888,False,False
tr|A0A075B5T9|A0A075B5T9_MOUSE,-0.03776915942800818,0.019469873600703486,0.055832528348467254,-0.08792023038509336,0.012381911529077,-0.012770335134402164,0.028113885871537073,0.6508591639042407,-0.08518690619893678,0.05964623593013245,0.34068426658128714,0.8417691346325563,False,False
sp|Q9WVA4|TAGL2_MOUSE,-0.014840291896868104,0.020146156544481472,0.4634488319449789,-0.06673335227802693,0.037052768484290725,0.013197623778642621,0.029090417198250694,0.6512604617738528,-0.06173432529307441,0.08812957285035966,0.8101702255657302,0.8418653057568629,False,False
sp|P31230|AIMP1_MOUSE,0.029230095188208183,0.02005741002206305,0.14884670572318168,-0.02243436929991722,0.08089455967633358,-0.013125569145724436,0.028962270007676368,0.6516049743637036,-0.08772743292879266,0.06147629463734379,0.5436599535279331,0.8418880125371484,False,False
sp|Q9CPW4|ARPC5_MOUSE,0.017263508957605,0.01989731880773256,0.3881289929716394,-0.033988587889407194,0.06851560580461719,0.01297980716003785,0.028731103323134534,0.6526284669033733,-0.061026610702983264,0.08698622502305897,0.7689652423680589,0.8426613490935184,False,False
sp|P35285|RB22A_MOUSE / sp|Q921E2|RAB31_MOUSE,0.01693240563178974,0.020212260118696493,0.4046177930300396,-0.03513092627290146,0.06899573753648094,0.01316900443756347,0.0291858686829031,0.6530280301077489,-0.06200881136538848,0.08834682024051542,0.7781386945131771,0.8426613490935184,False,False
sp|Q3U7U3|FBX7_MOUSE,-0.034485873323863506,0.020100188856303682,0.08999342003244828,-0.08626052878679759,0.017288782139070577,0.0130896274961249,0.0290240413005067,0.6531852632196748,-0.06167134859313379,0.08785060358538359,0.43233779213349693,0.8426613490935184,False,False
sp|P52760|RIDA_MOUSE,0.0156295328926101,0.01998536500246345,0.4364382506929484,-0.0358493559228559,0.0671084217080761,0.012976925155741883,0.028858239262527487,0.6541288308396682,-0.061356973185501824,0.08731082349698559,0.7960152796882342,0.8434560537867529,False,False
sp|Q91YY2|B4GT3_MOUSE,-0.022443719204173825,0.018024797080975995,0.21662028027507665,-0.06887251971587448,0.02398508130752683,0.011671176782621724,0.026027240771294168,0.6550316433877799,-0.055370552686600474,0.07871290625184392,0.624131969333854,0.8440791621009086,False,False
sp|Q8R242|DIAC_MOUSE,0.02870443388790524,0.019175026794039658,0.1382405470472009,-0.020687162024517435,0.07809602980032791,-0.012406864421527646,0.027688136344748444,0.6552676679765889,-0.08372677737898802,0.058913048535932724,0.5271702885727443,0.8440791621009086,False,False
sp|Q8QZT1|THIL_MOUSE,0.006354558216184318,0.020314317785760153,0.7552178363649305,-0.0459716568179813,0.058680773250349934,0.013109345443468184,0.029333236748201652,0.656117509674354,-0.06244806534048708,0.08866675622742345,0.942480654859813,0.8442143759531552,False,False
sp|Q9JLV5|CUL3_MOUSE,0.030135367294236794,0.01971723708075428,0.1302674978570653,-0.02065286976339106,0.08092360435186464,0.012715372206363876,0.02847107096629203,0.6563362900166873,-0.06062124669203145,0.0860519911047592,0.5105613500486197,0.8442143759531552,False,False
sp|Q02788|CO6A2_MOUSE,-0.020569381951976846,0.020153697770339162,0.3104335689680017,-0.07248186724368459,0.03134310333973091,0.012996034520754766,0.029101306491496386,0.6563561866633851,-0.06196396351159947,0.08795603255310899,0.7105527400250299,0.8442143759531552,False,False
sp|P32921|SYWC_MOUSE,0.001833156152899542,0.020548817047377342,0.9291326948024765,-0.05109708895100021,0.05476340125679929,-0.013180432354431535,0.029671846315642663,0.6580632654551306,-0.08961004358466337,0.06324917887580031,0.9822438232162402,0.8459874730638848,False,False
sp|P01725|LV1C_MOUSE,-0.014124401580029772,0.020230578123224974,0.48704550715372075,-0.06623491753756798,0.03798611437750843,-0.012905415351621737,0.029212319306018055,0.6598113625909056,-0.08815136344469032,0.06234053274144685,0.8202368743759522,0.8474245265371494,False,False
tr|A0A075B5T4|A0A075B5T4_MOUSE,-0.01874141356808798,0.019986722469180065,0.3511557955186553,-0.07022379898610123,0.03274097184992526,-0.012748737500343863,0.028860199401824126,0.659839291536693,-0.08708768482582689,0.06159020982513917,0.740890938913965,0.8474245265371494,False,False
sp|P11835|ITB2_MOUSE,0.029838504195025997,0.020272426923049584,0.14488196748616142,-0.022379807127418792,0.0820568155174708,-0.012904560069583362,0.029272747658366852,0.6604898465335521,-0.08830616128339716,0.062497041144230436,0.5394033083094845,0.8478371659142058,False,False
sp|P21614|VTDB_MOUSE,0.047425189960692046,0.01892541669728791,0.014191645620729982,-0.0013234529500558007,0.0961738328714399,0.011954954255227919,0.027327707206050364,0.6629231750614081,-0.05843655476492105,0.0823464632753769,0.17401660701609384,0.8505367094086327,False,False
sp|Q91XV3|BASP1_MOUSE,0.03025697689043199,0.02019378678823128,0.1378871961418347,-0.021758770868312773,0.08227272464917676,-0.012635117609763663,0.029159193774014762,0.6659236463167713,-0.08774422340073153,0.062473988181204206,0.5267945549929145,0.8533218691588289,False,False
sp|Q61647|HYAS1_MOUSE,-0.033578929971320205,0.02007205815555343,0.0981544760911067,-0.08528112555093242,0.018123265608292013,0.012543463349949577,0.028983421452294107,0.6663103083912152,-0.06211288294397742,0.08719980964387657,0.455249175019104,0.8533218691588289,False,False
sp|Q6X893|CTL1_MOUSE,-0.03599717766145244,0.020021361663849296,0.07586734424696517,-0.08756878773214602,0.015574432409241147,0.012508731077464608,0.028910217310804155,0.666386672196035,-0.06195905384367143,0.08697651599860065,0.4028008483215161,0.8533218691588289,False,False
sp|P52480|KPYM_MOUSE,0.04356024925367533,0.019582857612434418,0.028869360039613934,-0.006881849231658896,0.09400234773900956,-0.012233483432845835,0.028277031235305488,0.6664195257780213,-0.08507028910611326,0.0606033222404216,0.24945839631545597,0.8533218691588289,False,False
tr|A0A0G2JDU0|A0A0G2JDU0_MOUSE,0.03622287395273023,0.020053299327125733,0.07453567154584548,-0.01543100208691768,0.08787674999237814,-0.01250339925101931,0.028956334293316302,0.6670186855164482,-0.08708997364710139,0.062083175145062765,0.3990215264668443,0.853664570181339,False,False
sp|P31532|SAA4_MOUSE,-0.049754593280012915,0.018699476436672146,0.009377401112078621,-0.09792125264661519,-0.0015879339134106316,0.011617773024344951,0.027001456567191186,0.6681318364380175,-0.057933370039929,0.08116891608861891,0.13194976974646147,0.8539055627354999,False,False
sp|Q91WI7|ITFG2_MOUSE,0.02475784450826015,0.01912605166865626,0.19914120951738798,-0.024507599841054988,0.07402328885757528,-0.011877560269130042,0.027617417802152287,0.6682692610981956,-0.08301531433226697,0.059260193794006884,0.6075324640422426,0.8539055627354999,False,False
sp|Q921I9|EXOS4_MOUSE,0.01242882650157204,0.01979551995730506,0.5318399698674678,-0.03856105388344141,0.06341870688658549,-0.012286452745303225,0.02858410898092838,0.6684430623000723,-0.08591423827421385,0.0613413327836074,0.8453629150671171,0.8539055627354999,False,False
sp|Q9WU78|PDC6I_MOUSE,-0.01396450664824872,0.01980719148821106,0.4827943356605002,-0.06498445090458713,0.03705543760808968,-0.012277386999572999,0.028600962304918404,0.6688562781538175,-0.08594858381427932,0.06139380981513333,0.819677896606254,0.8539055627354999,False,False
sp|Q9EPS3|GLCE_MOUSE,0.009282892930735615,0.019214791295828357,0.6303037538823488,-0.04021112955063542,0.058776915412106646,-0.011909854675446084,0.02774555503620752,0.668865056325244,-0.08337766838093819,0.059557959030046015,0.8934630156793685,0.8539055627354999,False,False
sp|O08688|CAN5_MOUSE,-0.03506114660955598,0.0200038650690482,0.08338800236725796,-0.08658768843864859,0.01646539521953662,0.012377222203775668,0.02888495277753257,0.669410138667681,-0.06202548559221893,0.08677992999977027,0.41938301971814307,0.8540593061976091,False,False
sp|Q9Z1R2|BAG6_MOUSE,0.024000700245057387,0.020082542237925632,0.23549195294481157,-0.02772850054114997,0.07572990103126474,0.01241635575630798,0.028998560137902692,0.6696488307623195,-0.062278985207626814,0.08711169672024277,0.6412062414213344,0.8540593061976091,False,False
sp|Q8R2S8|CD177_MOUSE,0.013710261814124847,0.02052873316239062,0.5061001699957265,-0.039168250630297,0.06658877425854669,-0.012653915222165116,0.029642845816617677,0.6705860163981822,-0.08900882611719087,0.06370099567286062,0.8314828244699919,0.8547771964651062,False,False
sp|P40124|CAP1_MOUSE,-0.004886866154382856,0.020424900807740714,0.8115008228003455,-0.05749792417704099,0.04772419186827528,0.012578140351000057,0.029492915158192915,0.6708756171091184,-0.06339057476055482,0.08854685546255492,0.9583518580992989,0.8547771964651062,False,False
sp|P14106|C1QB_MOUSE,0.06263772818929744,0.018456495993641183,0.0010639890335304987,0.015096944968043605,0.11017851141055128,-0.011343019209905311,0.026650600440208363,0.6715000290241817,-0.07999041678096723,0.05730437836115661,0.037023942720824786,0.8551496413141779,False,False
sp|P97449|AMPN_MOUSE,0.009419818135833756,0.02006185124570069,0.6399307247459731,-0.04225608618628109,0.06109572245794861,0.01229209540019556,0.028968682995096796,0.6724410323640673,-0.0623262871437935,0.08691047794418462,0.8971809403947095,0.855924695174233,False,False
sp|Q9JLJ2|AL9A1_MOUSE,0.00025484067977332345,0.020108247350591187,0.9899191118914822,-0.051540572088889,0.05205025344843564,0.012295839004860159,0.02903567751311607,0.6730585414700981,-0.06249510998182008,0.08708678799154039,0.9972017238375122,0.8562874230659598,False,False
sp|Q9WVH9|FBLN5_MOUSE,-0.025244437826432382,0.01767705777152951,0.15706354214045606,-0.07077752123486492,0.02028864558200015,-0.010771729898176263,0.025525116132001577,0.6741256426567854,-0.07652007200747468,0.054976612211122156,0.5561330123183216,0.8572214962178877,False,False
sp|Q8BH61|F13A_MOUSE,-0.02639832249466001,0.019746856430576984,0.1849730868982907,-0.07726285394151325,0.02446620895219323,0.011935522677976308,0.028513840377002258,0.6766123251424534,-0.061511262921821935,0.08538230827777454,0.5921328317698707,0.8599589028834242,False,False
tr|Q3ULL6|Q3ULL6_MOUSE,-0.005984762931739892,0.020599162906867034,0.7721410500680908,-0.05904469037582554,0.04707516451234576,0.012410968112729884,0.02974454415522938,0.6775845647938267,-0.06420590034301411,0.08902783656847389,0.9462044905702415,0.8607697357395676,False,False
sp|Q3UP87|ELNE_MOUSE,0.013985683432702428,0.020450548434631174,0.49598019620347356,-0.038691438498866644,0.0666628053642715,-0.012302212091487052,0.02952994952575286,0.6780586432463249,-0.08836632141224122,0.06376189722926713,0.8277051232818823,0.86094724179452,False,False
sp|Q9Z1X4|ILF3_MOUSE,0.0036315561199791076,0.020108376046113884,0.8571278091022754,-0.048164188146381806,0.05542730038634003,0.011981100868561956,0.029035863345408124,0.6809537790859262,-0.0628103267903817,0.08677252852750561,0.9672875961020359,0.8633249932535524,False,False
sp|P61290|PSME3_MOUSE,-0.009159991200148185,0.0205928666642291,0.6576262360090714,-0.06220370059794479,0.04388371819764843,0.012260422923438952,0.029735452578644316,0.6811832924234276,-0.06433302718292179,0.0888538730297997,0.9026586128589333,0.8633249932535524,False,False
sp|Q3TIV5|ZC3HF_MOUSE,0.008627904935852729,0.020560570392918802,0.6758505820365001,-0.04433261477990745,0.061588424651612905,-0.01223951440093924,0.02968881777739624,0.681224603432206,-0.08871284121968001,0.06423381241780152,0.9104836307896825,0.8633249932535524,False,False
sp|P39655|LOX12_MOUSE,0.014298006199728396,0.02005381373432123,0.4778810695823531,-0.03735719486504763,0.06595320726450442,0.011935951558717132,0.028957077081147507,0.6812723830257159,-0.06265253613202688,0.08652443924946114,0.8193040958645351,0.8633249932535524,False,False
sp|Q8VEK3|HNRPU_MOUSE,0.023215027988584675,0.020016579551933436,0.2495002069416999,-0.02834426417810319,0.07477432015527254,0.011861368338422778,0.028903312091418318,0.6825968364895603,-0.06258862991627179,0.08631136659311733,0.6564884285238085,0.8639669407427755,False,False
sp|Q06185|ATP5I_MOUSE,0.010511137108093375,0.020580243400776865,0.6109059898531088,-0.042500056917796555,0.0635223311339833,-0.012192427230125355,0.02971722498275434,0.6826694907668719,-0.08873892616085945,0.06435407170060874,0.8860033768586976,0.8639669407427755,False,False
sp|P21107|TPM3_MOUSE,-0.0006765405467658504,0.02056573522835061,0.973837072622164,-0.05365036399697929,0.05229728290344759,0.012179115657932973,0.029696275637516603,0.6827855240433197,-0.0643134213354476,0.08867165265131355,0.9939447960749526,0.8639669407427755,False,False
sp|Q58A65|JIP4_MOUSE,-0.01068797940717156,0.020572880800516547,0.6047991871354526,-0.06368020863156064,0.04230424981721752,0.012120507755187627,0.02970659361926008,0.6843316835871167,-0.06439860659792128,0.08863962210829653,0.8830672540767859,0.8652117385452192,False,False
sp|Q9CPY7|AMPL_MOUSE,0.01561055167992706,0.020300664709918932,0.44412182836230263,-0.036680495361403165,0.06790159872125728,0.011955625529733775,0.02931352213557152,0.6844440970197235,-0.06355100377730069,0.08746225483676823,0.7986129246040009,0.8652117385452192,False,False
sp|Q80WQ2|VAC14_MOUSE,0.008927816191504456,0.020594952432748267,0.6657932175559317,-0.04412126578996425,0.06197689817297316,-0.012115391501479155,0.029738464362865667,0.6847772905456919,-0.08871659944989321,0.06448581644693491,0.9076320154342494,0.8652117385452192,False,False
sp|Q8R1U2|CGRE1_MOUSE,-0.048507590255986305,0.018576336571040703,0.010724483515347624,-0.09635706234826005,-0.0006581181637125635,-0.01091329683475801,0.02682364646941666,0.6851755483936424,-0.08000643143871745,0.05817983776920143,0.14684557995652084,0.865290356603055,False,False
sp|O55023|IMPA1_MOUSE,0.014804052592582514,0.02002205672241385,0.4617833336806657,-0.036769347830329334,0.06637745301549436,0.011748544272594148,0.028911220953537473,0.6855321225125796,-0.06272182586090466,0.08621891440609294,0.8083562775171409,0.8653162820930844,False,False
sp|Q3TCJ1|ABRX2_MOUSE,0.019423783489448156,0.020194013645281002,0.33894853131305075,-0.032592548614333,0.07144011559322931,0.01182567939389936,0.029159521348468293,0.6861286097819991,-0.06328427017294501,0.08693562896074374,0.7305269119784844,0.8656448653545554,False,False
sp|P11672|NGAL_MOUSE,0.05863571510688799,0.017934174879542977,0.0015759911228381657,0.012440341917190616,0.10483108829658536,0.010458739940746595,0.025896385159143543,0.6873605962589587,-0.056245927808164196,0.07716340768965739,0.0461254336951835,0.8667745031179328,False,False
sp|Q91W90|TXND5_MOUSE,0.07304515512420075,0.01774173130532479,9.094705966825663e-05,0.027345483732254268,0.11874482651614723,-0.010313538480034657,0.025618502683209785,0.6883036251421487,-0.07630242840449256,0.05567535144442324,0.006162859964362127,0.8675388324723607,True,False
sp|Q6IQX7|CHSS2_MOUSE,0.0005585120815990754,0.017501497916237632,0.9746195820180871,-0.044522359107045835,0.04563938327024399,-0.010161876027275921,0.025271613215828503,0.6886519795056594,-0.07525723789656064,0.0549334858420088,0.9939447960749526,0.8675532520680396,False,False
sp|Q02105|C1QC_MOUSE,0.04944830845630578,0.019285100707224563,0.012169657839737178,-0.00022681906725487144,0.09912343597986643,-0.011162046048698372,0.02784707961763143,0.6895851377313802,-0.08289136974605271,0.060567277648655965,0.160701891986273,0.8675550644613288,False,False
sp|Q9QZQ8|H2AY_MOUSE / sp|Q8CCK0|H2AW_MOUSE,-0.0019383832586998754,0.019988860364364473,0.9229843239171706,-0.05342627552977704,0.049549509012377285,-0.01156631790070956,0.028863286455312626,0.6896628413341558,-0.08591321694902988,0.06278058114761077,0.9802504791831174,0.8675550644613288,False,False
sp|O88738|BIRC6_MOUSE,0.01612616310866522,0.020205172406853107,0.4271059186547515,-0.035918912060164676,0.06817123827749512,0.011678255024378819,0.029175634249647812,0.6899954327962632,-0.06347319862548895,0.08682970867424658,0.7935104778362561,0.8675550644613288,False,False
sp|Q8R1L8|ANGL8_MOUSE,0.002170338464455272,0.017317869647782355,0.9005740822382636,-0.04243753764934259,0.04677821457825314,-0.010009249457868675,0.025006459764500857,0.6900010765113792,-0.07442162129728651,0.054403122381549165,0.9756564155259001,0.8675550644613288,False,False
sp|Q03401|CRIS1_MOUSE,-0.020672290640812413,0.01358438361229603,0.1319141182609539,-0.055663344020013994,0.014318762738389168,0.007838969518416602,0.019615423209397208,0.6904659197967769,-0.04268701238586194,0.05836495142269515,0.514037738497006,0.8677158338100052,False,False
tr|A0A075B5W7|A0A075B5W7_MOUSE,0.008660450350251111,0.019667213702394316,0.6608425162629907,-0.04199893502353463,0.05931983572403685,-0.011320809301615851,0.028398838779326526,0.6911973271648232,-0.08447137041616601,0.0618297518129343,0.9051433400942559,0.868211276804595,False,False
sp|P19221|THRB_MOUSE,-0.021920614248155175,0.020052324989601626,0.2775199668582764,-0.07357198056065695,0.02973075206434659,-0.0115258620876118,0.02895492738053839,0.6916188237863025,-0.08610881251653299,0.06305708834130938,0.6792907934031005,0.868272089562206,False,False
sp|Q8CFX1|G6PE_MOUSE,0.0551958991341729,0.018901515124940326,0.0045161080152332335,0.006508822593878853,0.10388297567446694,-0.010853189330307945,0.027293194086401455,0.6919201272938434,-0.08115579844550837,0.059449419784892474,0.08550719220018807,0.868272089562206,False,False
sp|Q9ERI5|JMJD6_MOUSE,0.0037255888624939336,0.02055089756053456,0.8565904902516309,-0.049210015288162594,0.05666119301315046,0.011762000923182823,0.029674850511286443,0.6928671180930117,-0.06467534860222188,0.08819935044858751,0.9672875961020359,0.8687686658906936,False,False
sp|Q9QXB9|DRG2_MOUSE,0.02156371736448998,0.020123290225218984,0.2870524552737355,-0.03027044328144823,0.07339787801042819,0.011512382077516488,0.02905739895153622,0.6929906173745571,-0.0633345176267616,0.08635928178179458,0.6940470162721774,0.8687686658906936,False,False
sp|O09164|SODE_MOUSE,-0.03540378509846113,0.017474291014079244,0.04601104539719357,-0.08041457595126768,0.009607005754345421,-0.009950605846651637,0.025232327303763243,0.6943394763025814,-0.07494477391242202,0.05504356221911874,0.31550642120710115,0.8690460035838026,False,False
sp|Q9D6R2|IDH3A_MOUSE,0.008293570594957738,0.020441546296840966,0.6860041216466772,-0.044360363366296736,0.06094750455621221,0.011599322114048252,0.029516950721568295,0.6953602530139081,-0.06443130450597623,0.08762994873407273,0.9160505102752249,0.8690460035838026,False,False
sp|Q07797|LG3BP_MOUSE,0.03289388763830087,0.018424745523125702,0.07790860847089237,-0.014565111790597732,0.08035288706719947,-0.010452991007296174,0.026604753758162746,0.695413362666534,-0.0789822953512745,0.05807631333668216,0.40742088722525804,0.8690460035838026,False,False
sp|Q93092|TALDO_MOUSE,0.018582602638124626,0.020482347437805047,0.3669332580063982,-0.034176428097643353,0.0713416333738926,-0.011617824262340898,0.02957586628743264,0.695475926573538,-0.08780020732335392,0.06456455879867212,0.7566818189789002,0.8690460035838026,False,False
sp|Q91W96|APC4_MOUSE,0.028301570583386917,0.019909444161713707,0.1589593269821012,-0.022981759105725825,0.07958490027249966,0.011274751079362998,0.02874861195338911,0.6959396170904921,-0.06277676602653287,0.08532626818525887,0.5576878130076082,0.8690460035838026,False,False
sp|Q6PIU9|YJ005_MOUSE,-0.026394475789371284,0.01996169055046591,0.18975915883343109,-0.07781238325763656,0.02502343167889399,-0.011301511382810948,0.028824054097529493,0.6960117954620352,-0.08554735457430618,0.06294433180868428,0.5973469853252873,0.8690460035838026,False,False
sp|P83741|WNK1_MOUSE,-8.514626225650147e-05,0.020580751455560663,0.9967090663080169,-0.05309764895054635,0.05292735642603334,0.011647113092734813,0.029717958597902598,0.6961327972900659,-0.0649012755053957,0.08819550169086532,0.998259761082514,0.8690460035838026,False,False
sp|P49222|EPB42_MOUSE,-0.031770217757816514,0.019108073697986803,0.10019871349978929,-0.08098935392346293,0.017448918407829896,-0.010811734154650586,0.027591458177248274,0.696185008850294,-0.08188262065525062,0.060259152345949446,0.45690690984054005,0.8690460035838026,False,False
sp|A2AVA0|SVEP1_MOUSE,-0.0092901312223805,0.02059186385399322,0.6530683884006665,-0.06233125755218563,0.043750995107424626,0.011648696105375451,0.02973400455216502,0.6962492836479164,-0.0649410241319476,0.0882384163426985,0.8987980225182877,0.8690460035838026,False,False
sp|Q9WVC5|TRPC7_MOUSE / sp|Q61143|TRPC6_MOUSE,0.011644616220539474,0.02056669999742218,0.5728123770469896,-0.041331692310119676,0.06462092475119863,-0.011582079389650966,0.029697668733749617,0.6975480230942712,-0.0880782047611312,0.06491404598182926,0.8675048362339474,0.8700890047461973,False,False
sp|Q0VFX2|CF157_MOUSE,-0.014639472248427217,0.020542130179715706,0.4780816868440778,-0.06755249312265518,0.03827354862580074,0.011547051901167492,0.02966219068879409,0.6980743151621296,-0.06485768808248367,0.08795179188481865,0.8193040958645351,0.8700890047461973,False,False
sp|Q8K2B3|SDHA_MOUSE,0.020230768216111604,0.019873289697857982,0.3116778844938201,-0.03095943374554746,0.07142097017777066,0.011164774812564806,0.028696406043302987,0.6982363679503777,-0.06275226878031277,0.08508181840544239,0.7105527400250299,0.8700890047461973,False,False
sp|Q07079|IBP5_MOUSE,-0.012536898083409756,0.019297383454022803,0.5177223119234698,-0.06224366386610139,0.03716986769928188,-0.010826423238223318,0.027864815518169696,0.6986280003905855,-0.08260143158790896,0.060948585111462325,0.8384496561024748,0.8700890047461973,False,False
sp|Q9D7V9|NAAA_MOUSE,-0.002932528266819411,0.02055460563384349,0.8869006921416643,-0.0558776837813648,0.050012627247725976,-0.011525868140305012,0.029680204852662696,0.6987743929379169,-0.08797700953512785,0.06492527325451783,0.9717888839047834,0.8700890047461973,False,False
sp|P10126|EF1A1_MOUSE,0.022333325641152153,0.020144977286257505,0.27083086961372455,-0.02955669717211693,0.07422334845442125,0.011213566932917854,0.029088714386419374,0.700868610009551,-0.06371399598618564,0.08614112985202134,0.6726549628833807,0.8719153786509419,False,False
sp|O88947|FA10_MOUSE,-0.027384426449115026,0.020078502906544258,0.17634135232775483,-0.0791032226071835,0.02433436970895344,0.01117460878516308,0.028992727470275655,0.7009183820611455,-0.06350570822258014,0.0858549257929063,0.5866653517363937,0.8719153786509419,False,False
sp|Q8R0X2|CACL1_MOUSE,-0.04305191971932033,0.019760916727364207,0.03222920011748425,-0.0939526680906547,0.007848828652014028,0.010938309218487603,0.028534143003886365,0.7024589272698095,-0.06256077248257774,0.08443739091955293,0.26262718450165173,0.8734098202413131,False,False
sp|P50580|PA2G4_MOUSE,0.0031338494170738474,0.02055293865543926,0.8791853272684518,-0.04980701224564954,0.05607471107979724,0.011327154356569797,0.029677797788211842,0.703692677361862,-0.06511778685110502,0.0877720955642446,0.9717888839047834,0.8745215464318506,False,False
sp|G5E8K5|ANK3_MOUSE,-0.03123503309969498,0.019072818635266747,0.10532206820593848,-0.08036335824168861,0.017893292042298652,-0.010487002477757813,0.02754055097414913,0.7043482095697009,-0.08142676071285336,0.06045275575733773,0.4667533720091613,0.87483368497182,False,False
sp|Q7TNP2|2AAB_MOUSE,-0.007501560744146033,0.020505648194308675,0.7154347534067487,-0.06032061025131091,0.045317488763018846,-0.011257582840217228,0.029609511847876326,0.7047788391890716,-0.08752663112175542,0.06501146544132096,0.9273241194237647,0.87483368497182,False,False
sp|Q9ERG2|STRN3_MOUSE,-0.0037759316395904745,0.020164220207332488,0.8519201359777581,-0.05571552093285038,0.04816365765366943,0.011043504134146589,0.029116500559973033,0.7054553306404894,-0.06395563122502991,0.0860426394933231,0.9664610117101669,0.87483368497182,False,False
sp|Q8BFR5|EFTU_MOUSE,0.006937922658953367,0.020465913217333202,0.7354771377584741,-0.045778776330142254,0.05965462164804898,0.011204894785519722,0.029552135789320085,0.7055514435556857,-0.06491636256306717,0.08732615213410662,0.9360856764025818,0.87483368497182,False,False
sp|Q9R0G6|COMP_MOUSE,-0.04642763650173556,0.01772580470345862,0.010496775871899748,-0.0920862836858892,-0.0007689893175819168,-0.009701558697516977,0.025595505170417986,0.7056425490044544,-0.07563121095461701,0.05622809355958307,0.14531826811904222,0.87483368497182,False,False
sp|P97351|RS3A_MOUSE,0.02697611938775225,0.019998466720953133,0.18107942349289602,-0.02453651721812632,0.07848875599363082,0.010927194427250448,0.028877157732461807,0.7061093588170438,-0.0634554346632284,0.08530982351772928,0.5895843234820141,0.8748654687444293,False,False
sp|Q8BHL8|PSMF1_MOUSE,-0.008619119578874663,0.020594029738513382,0.6766573414543953,-0.06166582485749493,0.0444275856997456,0.01124303274139957,0.02973713202137512,0.706347693017347,-0.06535474332276081,0.08784080880555994,0.9104836307896825,0.8748654687444293,False,False
sp|Q3V3Q7|PACS2_MOUSE,-0.0019622343408790847,0.02046832575943407,0.9238602094943642,-0.05468514762661416,0.050760678944855996,0.011134662426723582,0.02955561942432846,0.70734302241833,-0.06499556817100074,0.0872648930244479,0.9802504791831174,0.8755826068356194,False,False
sp|Q99JR5|TINAL_MOUSE,0.0007421383226751505,0.020528430615317016,0.9712492359722534,-0.0521355948121288,0.05361987145747911,0.011156800532857721,0.029642408948147316,0.7076067591553102,-0.06519698506356027,0.08751058612927572,0.9936351314696881,0.8755826068356194,False,False
tr|Q9WUR0|Q9WUR0_MOUSE,-0.0271412247947714,0.019878529430413232,0.17587591266164287,-0.07834492341308903,0.024062473823546232,0.010790094323819726,0.02870397205251685,0.7079549846198095,-0.06314643801730185,0.0847266266649413,0.5858738358392372,0.8755927403439047,False,False
sp|Q8BHD7|PTBP3_MOUSE,-0.03426058843534429,0.019321546100408073,0.0799119789398152,-0.08402959307064639,0.015508416199957811,-0.010458963712278214,0.027899705620527897,0.708719613512791,-0.08232384301002192,0.0614059155854655,0.41237143440886603,0.8761176211211891,False,False
sp|P10854|H2B1M_MOUSE / sp|Q6ZWY9|H2B1C_MOUSE / sp|Q64525|H2B2B_MOUSE / sp|Q64475|H2B1B_MOUSE / sp|Q64478|H2B1H_MOUSE / sp|P10853|H2B1F_MOUSE / sp|Q8CGP2|H2B1P_MOUSE / sp|Q8CGP1|H2B1K_MOUSE,0.03945529875540278,0.01941664947982295,0.04538770158498119,-0.010558675951462683,0.08946927346226824,0.010456363300404043,0.028037031912916916,0.7101492457223921,-0.06176224508542302,0.08267497168623111,0.3151503967948513,0.8773632824179477,False,False
sp|P46737|BRCC3_MOUSE,0.03467050765203698,0.020071183267741852,0.08786482370837442,-0.01702943436591285,0.08637044966998682,-0.010791466630002841,0.028982158141777074,0.7105939136271413,-0.08544455885168058,0.0638616255916749,0.4301367320324413,0.8773632824179477,False,False
sp|Q9D131|CK001_MOUSE,-0.026260729836931094,0.019745397697345946,0.18721663634311642,-0.07712150383598176,0.024600044162119573,-0.010597054389619637,0.02851173401203988,0.7110946870429026,-0.08403841435282382,0.06284430557358454,0.5922579616417099,0.8773632824179477,False,False
sp|P48722|HS74L_MOUSE,-0.021462012532519805,0.02045438077419981,0.2971400558827242,-0.07414900591665091,0.031224980851611305,0.010965733039471095,0.029535483303704542,0.7113916142896941,-0.06511263034869035,0.08704409642763254,0.7038612026286413,0.8773632824179477,False,False
sp|P11247|PERM_MOUSE,0.028897929505407205,0.01885657390722249,0.12924530351653665,-0.019673386129352065,0.07746924514016648,0.01010769655646774,0.027228300379757077,0.7114308868693883,-0.06002775744754219,0.08024315056047768,0.5104788263276623,0.8773632824179477,False,False
sp|P42669|PURA_MOUSE,-0.010674160757134303,0.020574315898416625,0.6052905846536676,-0.06367008654874787,0.042321765034479264,0.011006004766324533,0.029708665855547014,0.7119917007465184,-0.06551844731373613,0.08753045684638519,0.8830672540767859,0.8776345760757707,False,False
sp|P16301|LCAT_MOUSE,-0.007467631932316201,0.020089013589251813,0.7110548433876833,-0.05921350181490309,0.044278237950270694,0.010663137675685205,0.02900790456593289,0.7141229200587352,-0.06405627293979467,0.08538254829116508,0.9247341681252006,0.8798404397852838,False,False
sp|O09159|MA2B1_MOUSE,0.04214593705094546,0.01977119344526878,0.03602600318627151,-0.00878128239151181,0.09307315649340273,-0.010470145122305402,0.028548982261717638,0.7147552475166749,-0.08400745021853545,0.06306715997392465,0.27691629314820637,0.8799993415278253,False,False
sp|Q06890|CLUS_MOUSE,0.021098819322858155,0.016137739924089626,0.19472383908856292,-0.02046924406666291,0.06266688271237922,-0.008536469692092652,0.023302389514948382,0.7150589816890737,-0.06855944744740734,0.05148650806322204,0.5997773751830736,0.8799993415278253,False,False
sp|Q64685|SIAT1_MOUSE,-0.04618084776154612,0.019616371458481968,0.020954544609159024,-0.09670927219360426,0.004347576670512013,0.010368267440625788,0.028325424176226435,0.7152771346865003,-0.06259319018795073,0.0833297250692023,0.21159981321013524,0.8799993415278253,False,False
sp|P18572|BASI_MOUSE,-0.019647059107263668,0.019616368524481703,0.31950039215985665,-0.07017547598183795,0.030881357767310606,-0.010346830695672563,0.02832541993962222,0.7158397380922428,-0.08330827741147981,0.06261461602013468,0.7135416390387085,0.8802709291248927,False,False
sp|Q3U7R1|ESYT1_MOUSE,0.0009421757291133915,0.020227962061840205,0.9629629077200309,-0.051161601700850046,0.05304595315907683,0.010646110120568514,0.029208541795556882,0.716433249361081,-0.06459010775035971,0.08588232799149674,0.9890823643315036,0.8804020030898027,False,False
sp|Q9CQQ7|AT5F1_MOUSE,0.0004709810889395729,0.02058367042082454,0.981800547676241,-0.052549040355613,0.05349100253349215,0.010808551955426357,0.029722173492050075,0.7170531881129907,-0.06575069349056058,0.0873677974014133,0.9945461881456809,0.8804020030898027,False,False
tr|A0A140T8M5|A0A140T8M5_MOUSE,-0.002794824865607108,0.020533137770917004,0.8920656381354842,-0.05568468282974187,0.050095033098527655,-0.010779438038913097,0.02964920593296764,0.7171179065508159,-0.08715073150800705,0.06559185543018085,0.9717888839047834,0.8804020030898027,False,False
sp|P16294|FA9_MOUSE,-0.021632738000869466,0.01937201065845512,0.2673837920536511,-0.0715317307235798,0.02826625472184086,-0.01016250239112296,0.027972574857102757,0.717313942711614,-0.08221508040376344,0.06189007562151752,0.6723762349005385,0.8804020030898027,False,False
sp|Q07076|ANXA7_MOUSE,0.022046446084474248,0.01983602835207232,0.2696295370422838,-0.029047777010820442,0.07314066917976894,0.01037859388457855,0.028642601830480566,0.7180240862019885,-0.06339985924025666,0.08415704700941377,0.6726549628833807,0.8808537503430779,False,False
sp|Q05895|TSP3_MOUSE,-0.05024858330276789,0.018127788095566384,0.006894654630604241,-0.09694267108785269,-0.0035544955176830817,-0.009352211311922988,0.026175956561102037,0.7217982166713068,-0.07677700727043271,0.05807258464658674,0.11243347493491548,0.8848414035441893,False,False
sp|Q9DCL9|PUR6_MOUSE,0.0320758470899668,0.01966857416276905,0.10676416936442563,-0.01858704259751849,0.0827387367774521,0.010138718094477875,0.02840080324137145,0.7220185800241462,-0.0630169031389733,0.08329433932792905,0.4667533720091613,0.8848414035441893,False,False
sp|O55201|SPT5H_MOUSE,0.009576752089808661,0.020289696176118775,0.6381798855963091,-0.042686041880742154,0.06183954606035948,0.010447623010109507,0.029297683917319062,0.7223054874756838,-0.06501820975023428,0.08591345577045328,0.8960268295586129,0.8848414035441893,False,False
sp|P08103|HCK_MOUSE,-0.0018266171663988207,0.02057844396710419,0.9294862036696908,-0.05483317615830488,0.05117994182550724,-0.010571874858397431,0.029714626657056674,0.7229188554113771,-0.08711168094565931,0.06596793122886445,0.9822438232162402,0.8851716845859705,False,False
sp|Q9CXY6|ILF2_MOUSE,0.004767065190661104,0.019918266636457984,0.8114458712322977,-0.04653898968742776,0.056073120068749975,0.010130522970868186,0.02876135132977911,0.7255717171433295,-0.06395380859404198,0.08421485453577834,0.9583518580992989,0.8879977051540272,False,False
tr|A0A075B5R5|A0A075B5R5_MOUSE,-0.026731018377096395,0.01936501706697524,0.17122216668205137,-0.0766119968019358,0.023149960047743005,0.009812712284983512,0.027962476330695762,0.7265451299668956,-0.06221385364741516,0.08183927821738218,0.5772264777132874,0.8886605803794831,False,False
sp|P01675|KV6A1_MOUSE / sp|P01676|KV6A2_MOUSE / sp|P01678|KV6A4_MOUSE / sp|P01677|KV6A3_MOUSE,-0.025591309766932982,0.020147063884653132,0.20759684067323073,-0.07748670730149426,0.026304087767628298,0.010185591495958803,0.02909172736895626,0.7271464726655547,-0.06474973235185427,0.08512091534377189,0.6159297818148949,0.8886605803794831,False,False
sp|Q8VDP4|CCAR2_MOUSE,0.04308953925195984,0.019239527577113794,0.027821579809457722,-0.006468199667607047,0.09264727817152672,0.00969526053403944,0.027781273449341944,0.7279947644841065,-0.06186455770668058,0.08125507877475946,0.2453444109909371,0.8886605803794831,False,False
sp|A2ADY9|DDI2_MOUSE,0.0015809627127986931,0.020401941431696827,0.9384218836112869,-0.0509709558762544,0.05413288130185179,-0.010268028667870136,0.029459762540409287,0.7283248450311984,-0.08615134829504857,0.0656152909593083,0.9827577696408201,0.8886605803794831,False,False
sp|P11352|GPX1_MOUSE,0.003313442197214059,0.01998908254276856,0.8687517956303351,-0.04817502236750697,0.05480190676193508,0.01005768619291125,0.02886360727394883,0.7283910905130073,-0.06429003922945334,0.08440541161527584,0.9700936139410723,0.8886605803794831,False,False
tr|A8R0U8|A8R0U8_MOUSE,-0.016311164519362147,0.019621520840232717,0.4082242198698623,-0.06685285287982902,0.034230523841104726,0.009871913874862567,0.028332859721716792,0.7284130145765925,-0.06310869644967589,0.08285252419940102,0.780440419905799,0.8886605803794831,False,False
sp|Q8C129|LCAP_MOUSE,-0.0022031511001447887,0.020556841824894704,0.9149130285590478,-0.05515406666112822,0.050747764460838646,0.010324343276050817,0.029683433842295093,0.7288703867628042,-0.06613511544488801,0.08678380199698965,0.9785482611772603,0.8886605803794831,False,False
sp|P68134|ACTS_MOUSE,0.013574345425617727,0.020366601574019285,0.5069623434632572,-0.03888654372244631,0.06603523457368175,0.010216460339805675,0.029408732896055213,0.7291843221446389,-0.06553541563409586,0.08596833631370722,0.8314828244699919,0.8886605803794831,False,False
sp|P61089|UBE2N_MOUSE,0.013094361591943878,0.02021662792918934,0.5189867236892565,-0.038980221047007144,0.0651689442308949,0.010130306931450244,0.02919217566404857,0.7294643429542033,-0.06506375457835314,0.08532436844125363,0.8387082593649304,0.8886605803794831,False,False
sp|P83882|RL36A_MOUSE / tr|A0A2I3BPG9|A0A2I3BPG9_MOUSE,0.02770505297017772,0.02027009550631717,0.17542551402352222,-0.024507253020728936,0.07991735896108437,-0.01014979511060479,0.02926938116584213,0.7296511183616925,-0.08554272481432322,0.06524313459311364,0.5856904529945749,0.8886605803794831,False,False
sp|Q5FW85|ECM2_MOUSE,-0.0510342152092822,0.018425114361645862,0.00693519358259431,-0.0984941647032493,-0.003574265715315092,-0.009199520413315586,0.02660528634939952,0.7303951713531148,-0.07773019662140843,0.05933115579477725,0.11243347493491548,0.8886605803794831,False,False
sp|P68033|ACTC_MOUSE,0.0131708519293359,0.020360299227280575,0.5195105528881802,-0.03927380344931744,0.06561550730798923,0.010160852046552512,0.029399632505340372,0.7305197585029177,-0.065567582874272,0.08588928696737702,0.8387082593649304,0.8886605803794831,False,False
sp|Q9Z1Z2|STRAP_MOUSE,0.023575271726480405,0.019325742945410167,0.22600369128057488,-0.026204543265160536,0.07335508671812135,-0.009613506100589107,0.02790576573287527,0.7313530754327016,-0.08149399521329997,0.06226698301212177,0.6298263041639397,0.8886605803794831,False,False
sp|Q6R0H7|GNAS1_MOUSE,0.007031743962568538,0.020279381231100138,0.7296722666917529,-0.04520448047033877,0.05926796839547585,-0.010082366276575199,0.029282789460735908,0.7314943705607089,-0.08550983345919165,0.06534510090604125,0.9348093205286742,0.8886605803794831,False,False
sp|Q8JZR0|ACSL5_MOUSE,-0.012313466022484912,0.02040904970015161,0.5479520291104678,-0.06488369429772133,0.0402567622527515,-0.01014553298383657,0.029470026656765687,0.7315274436517641,-0.08605529122270085,0.06576422525502772,0.8541019824209775,0.8886605803794831,False,False
sp|P70269|CATE_MOUSE,-0.0037315993092750873,0.02014329261301181,0.8534882876228813,-0.05561728269183101,0.04815408407328084,-0.010004836315048152,0.029086281771173294,0.7317486127723072,-0.08492613323251653,0.06491646060242022,0.9664610117101669,0.8886605803794831,False,False
sp|O35350|CAN1_MOUSE,0.03198773929894519,0.019865364270974413,0.11119149055904362,-0.019182048115904043,0.08315752671379442,-0.009857927066785621,0.028684961975844855,0.7319802295086927,-0.08374549269535277,0.06402963856178152,0.4778892743394382,0.8886605803794831,False,False
sp|P17918|PCNA_MOUSE,0.04884793727191784,0.019266027842265977,0.01312969869926965,-0.0007780618071798542,0.09847393635101553,-0.009542343318337341,0.027819538999767864,0.7324697282453848,-0.08120072708516086,0.06211604044848619,0.16904487075309677,0.8888357918152053,False,False
tr|A0A0B4J1J3|A0A0B4J1J3_MOUSE / tr|A0A075B5N5|A0A075B5N5_MOUSE,-0.01328060490222782,0.020566468858495602,0.5202502942086602,-0.0662563180584667,0.039695108254011055,0.010122746050244047,0.029697334976400418,0.7340779324211547,-0.06637251961927584,0.08661801171976394,0.8393580980700843,0.890343302576016,False,False
sp|Q9QYB1|CLIC4_MOUSE,0.039096763933625496,0.01992139957134974,0.0530896701466572,-0.012217360849963672,0.09041088871721467,-0.009774466351781972,0.028765875189347808,0.7348806271041435,-0.08387045060673433,0.06432151790317038,0.33261776308428775,0.890343302576016,False,False
sp|P51859|HDGF_MOUSE,0.018230275384218533,0.020058802299787123,0.3660971991418991,-0.03343777537366721,0.06989832614210428,0.009815945290071758,0.02896428041297426,0.7355526678691567,-0.06479109695387478,0.0844229875340183,0.7559745691983882,0.890343302576016,False,False
sp|Q8K297|GT251_MOUSE,0.022091874808970503,0.01905449844972764,0.24965624478868187,-0.026989260662265046,0.07117301028020605,-0.009308835228058613,0.027514097201723344,0.7359795073528573,-0.08018045306095041,0.06156278260483318,0.6564884285238085,0.890343302576016,False,False
sp|P61027|RAB10_MOUSE,0.011503532185475441,0.020436035153537247,0.5750359259169583,-0.041136206011361254,0.06414327038231213,0.009980807931615555,0.02950899280375948,0.7360548026902481,-0.06602932045052173,0.08599093631375285,0.8680883559270176,0.890343302576016,False,False
sp|Q9R1P3|PSB2_MOUSE,0.03274571355003851,0.019968124271124016,0.10485707090222067,-0.018688766084428758,0.08418019318450579,-0.009751919647176109,0.02883334418805709,0.7360642823682121,-0.08402169252608493,0.06451785323173273,0.46633326005737175,0.890343302576016,False,False
sp|Q640N1|AEBP1_MOUSE,0.01948523835206814,0.02010293843881554,0.335259231241562,-0.032296499566072515,0.0712669762702088,0.009815126233703472,0.029028011611281084,0.7361323849259566,-0.06495607669839208,0.08458632916579902,0.7297485379941016,0.890343302576016,False,False
sp|Q61739|ITA6_MOUSE,-0.011295067273633785,0.020523040942869566,0.5835684369055635,-0.06415891753221106,0.0415687829849435,0.009959105888887662,0.02963462643043918,0.7376816678182433,-0.06637463327036232,0.08629284504813765,0.8741644706409691,0.8917982603905992,False,False
sp|Q3V3R1|C1TM_MOUSE,-0.025837973633970363,0.0202397838622779,0.20534939297590626,-0.07797220200392191,0.02629625473598119,0.009782384414726819,0.029225612104030244,0.7386913181195828,-0.06549780365698772,0.08506257248644135,0.6127169025642626,0.8921967027880866,False,False
sp|P67984|RL22_MOUSE,0.014039351537911223,0.020208996154524005,0.4892020869841767,-0.03801557295221875,0.0660942760280412,0.009761175592006347,0.029181155621169054,0.7388543275490251,-0.06540450016842161,0.0849268513524343,0.8208501742926827,0.8921967027880866,False,False
sp|P47738|ALDH2_MOUSE,-0.002748469564347716,0.020210126873771498,0.8921588044857894,-0.05480630659424947,0.04930936746555403,0.009754098122443372,0.02918278834424311,0.739050705649316,-0.06541578325392332,0.08492397949881007,0.9717888839047834,0.8921967027880866,False,False
sp|Q62170|SELPL_MOUSE,0.018563537657898185,0.020402708677305717,0.3655648717399668,-0.0339903572248773,0.07111743254067368,-0.009745151236571676,0.02946087041896701,0.741652250711561,-0.08563132456980387,0.06614102209666052,0.7558873925139515,0.8949177814349905,False,False
sp|Q80XI4|PI42B_MOUSE,-0.03130607227475192,0.020043503125610977,0.12216140809280776,-0.08293471497147464,0.02032257042197081,0.00953997997156442,0.028942188886057443,0.742526184663297,-0.06501015826998965,0.08409011821311849,0.4985192168605071,0.8955526583175596,False,False
sp|Q9CQQ8|LSM7_MOUSE,0.03959016680481616,0.019895405995034553,0.04993294099560913,-0.011657002963196307,0.09083733657282864,-0.00944390810280096,0.028728341281685877,0.7431967736189684,-0.08344321141852103,0.0645553952129191,0.3230586006625465,0.8958213223376534,False,False
sp|Q91Y97|ALDOB_MOUSE,0.027757161020757162,0.020110313678093024,0.17126253552347634,-0.024043574254835116,0.07955789629634943,-0.009498223549172617,0.029038661225119097,0.7444341663508436,-0.0842968580686636,0.06530041097031836,0.5772264777132874,0.8958213223376534,False,False
sp|P25911|LYN_MOUSE,-0.00704393994311252,0.02014488358272451,0.7274873424318129,-0.05893372139207547,0.044845841505850435,-0.009513513179035486,0.029088579081461237,0.7444610551307616,-0.08444072757566289,0.06541370121759192,0.9343041928987124,0.8958213223376534,False,False
sp|P12382|PFKAL_MOUSE,0.037945738962424216,0.01993047699965304,0.0604302341574803,-0.013391767726989454,0.08928324565183789,-0.009408656408601761,0.028778982710668168,0.7445553813916164,-0.083538403401068,0.06472109058386447,0.35581987938898485,0.8958213223376534,False,False
sp|Q91YL2|RN126_MOUSE,-0.03170836340322741,0.019839419650714778,0.11383371634068808,-0.08281132190494242,0.0193945950984876,-0.009364149497138397,0.028647498759189278,0.7445953961323454,-0.0831552162744389,0.0644269172801621,0.4834239561230445,0.8958213223376534,False,False
tr|A0A075B5K2|A0A075B5K2_MOUSE,-0.004428331615653411,0.02058990107343378,0.8302444227634795,-0.0574644021577771,0.04860773892647028,0.009708871361524362,0.029731170358694086,0.7448362916989966,-0.06687354847720434,0.08629129120025306,0.9627191776399195,0.8958213223376534,False,False
tr|A8DUK4|A8DUK4_MOUSE,-0.007922963827013524,0.01866739684153574,0.6723652832199362,-0.05600699163241747,0.04016106397839042,0.00877777699678368,0.026955134639531756,0.7455232593817112,-0.06065404868882824,0.0782096026823956,0.9095911589818277,0.8959623913514114,False,False
sp|P26350|PTMA_MOUSE,0.003234284716665211,0.020354185858939843,0.8741381920241839,-0.04919462366867268,0.0556631931020031,0.009565488169653108,0.029390804993495827,0.7456630687126332,-0.06614020858748479,0.085271184926791,0.9715968040147054,0.8959623913514114,False,False
sp|Q62420|SH3G2_MOUSE / sp|Q62419|SH3G1_MOUSE,0.0025301956275877164,0.020568378049075898,0.9023971283966974,-0.050450435277693946,0.05551082653286938,0.009652529026904822,0.02970009178762489,0.746008829020414,-0.06684983771775142,0.08615489577156106,0.9763568171657736,0.8959623913514114,False,False
sp|Q9WUP7|UCHL5_MOUSE,-0.004448440404222651,0.020051124211083134,0.824978421744923,-0.056096713716229415,0.04719983290778411,0.009396866332392189,0.02895319349407779,0.7463453706597194,-0.06518161790097476,0.08397535056575914,0.9612305140240618,0.8959623913514114,False,False
sp|Q9EQ21|HEPC_MOUSE,0.019612048572722064,0.01702411486499423,0.25266225181422164,-0.024239165363512505,0.06346326250895663,-0.0079486265513523,0.02458228708588495,0.7472550887062211,-0.07126840197542646,0.05537114887272186,0.6593509702284016,0.896636464780298,False,False
sp|P29699|FETUA_MOUSE,0.0032682251170742527,0.015770227350352224,0.8363360591333049,-0.03735318861559134,0.04388963884973984,0.007328249980519072,0.022771712903158003,0.7484127483097978,-0.05132779540743792,0.06598429536847607,0.9634342245039778,0.8972620622546631,False,False
sp|P27641|XRCC5_MOUSE,0.029555481972057582,0.019615669394027743,0.1357232324460395,-0.020971134061806382,0.08008209800592155,0.00911094474648929,0.02832441041720851,0.7485257377788549,-0.06384790161190212,0.08206979110488069,0.5239690008224164,0.8972620622546631,False,False
sp|Q91WP0|MASP2_MOUSE,-0.01987817672368754,0.019832836270660452,0.3191539711051771,-0.07096417756214222,0.03120782411476714,-0.00919198090856907,0.0286379925651948,0.7490485674141224,-0.08295856135281338,0.06457459953567524,0.7133866975658256,0.8972620622546631,False,False
sp|Q91WG0|EST2C_MOUSE,-0.00974374846306737,0.020358979620281065,0.6334989544767816,-0.0621850047593422,0.04269750783320746,-0.009417524139452623,0.029397727034285944,0.7495188976284552,-0.08514105089209807,0.06630600261319282,0.8938409905631302,0.8972620622546631,False,False
sp|P41241|CSK_MOUSE,0.019385717913425478,0.019463110064143016,0.32216880503378875,-0.03074793132799162,0.06951936715484258,-0.00899341332457651,0.02810411953720699,0.7497797157917944,-0.08138482797895544,0.06339800132980242,0.7145051012263474,0.8972620622546631,False,False
sp|Q3UW53|NIBA1_MOUSE,-0.03781989034676759,0.018368112756487646,0.04266838236049581,-0.08513301343581883,0.009493232742283655,-0.008447530186357313,0.026522977822144637,0.7509165944072349,-0.07676619367801506,0.05987113330530043,0.30519745716187974,0.8972620622546631,False,False
sp|Q9R1P1|PSB3_MOUSE,0.03289361828118085,0.01990998766545681,0.10233524348956666,-0.01839111138079997,0.08417834794316167,-0.00915325892137727,0.028749396755721048,0.7510055040313792,-0.08320679754411722,0.0649002797013627,0.46218609119296844,0.8972620622546631,False,False
sp|Q62383|SPT6H_MOUSE,-0.030000304876539728,0.019807103144660373,0.13371303539919244,-0.08102002157497148,0.021019411821892035,-0.009105739179865445,0.02860083473960635,0.7510113283817158,-0.08277660740810286,0.06456512904837197,0.5180383519721663,0.8972620622546631,False,False
sp|O89053|COR1A_MOUSE,0.0225180802199388,0.020162180145109704,0.2673213869931529,-0.029416254221266598,0.07445241466114419,0.00926782333605225,0.02911355477420788,0.7510412352804693,-0.0657237241818284,0.0842593708539329,0.6723762349005385,0.8972620622546631,False,False
sp|Q6WVG3|KCD12_MOUSE,-0.004272728856580934,0.020202189672442705,0.8330232270281192,-0.05631012101071181,0.04776466329754994,0.009277732533640743,0.029171327274855937,0.7512609732897295,-0.06586262708434847,0.08441809215162994,0.9634342245039778,0.8972620622546631,False,False
sp|Q9CW03|SMC3_MOUSE,-0.04766817368729625,0.01919897964842477,0.015073072783612213,-0.09712146806394774,0.0017851206893552407,0.008799241872822236,0.027722723514048617,0.7517455429181473,-0.06260976172884834,0.0802082454744928,0.1805263368269835,0.8974245586528649,False,False
sp|P09813|APOA2_MOUSE,-0.04304470724559897,0.019728303630178495,0.03198089990648993,-0.09386144984552289,0.007772035354324941,0.009005822218570925,0.028487050716026658,0.7527015307054495,-0.06437195778745423,0.08238360222459608,0.2618174224266246,0.8981494168519614,False,False
sp|Q8K021|SCAM1_MOUSE,-0.018952231926311767,0.01994238871270344,0.3447275742441916,-0.07032042115525612,0.03241595730263258,0.009068845839937095,0.028796182850129852,0.7536131178425208,-0.06510520577577966,0.08324289745565386,0.7353997503933322,0.8986916864318385,False,False
sp|P61161|ARP2_MOUSE,0.02233866412176147,0.020190675840549118,0.27179513755101725,-0.02966907036678177,0.0743463986103047,0.00917247264221178,0.029154701663286035,0.7538539971622412,-0.06592506223830626,0.08427000752272983,0.6726549628833807,0.8986916864318385,False,False
sp|P60710|ACTB_MOUSE / sp|P63260|ACTG_MOUSE,0.011351922746777371,0.020267606812102785,0.5769370015872717,-0.04085397279264429,0.06355781828619904,0.00913801197342844,0.029265787569574,0.7556491340654622,-0.06624566123971742,0.0845216851865743,0.8689708390946181,0.900174139456435,False,False
sp|Q6P5G6|UBXN7_MOUSE,0.022730008747684632,0.020417755050048027,0.26885503362717367,-0.029862643022912624,0.07532266051828189,-0.009199963536582817,0.02948259690855463,0.7557966949533251,-0.08514210059835806,0.06674217352519243,0.6726549628833807,0.900174139456435,False,False
sp|Q61792|LASP1_MOUSE,0.014086054413735689,0.0205375157013228,0.4947300902854091,-0.03881508035182722,0.0669871891792986,-0.009212341093682283,0.02965552752694952,0.756858764907355,-0.08559991790979991,0.06717523572243535,0.8266904493737368,0.9010223391754227,False,False
sp|P57784|RU2A_MOUSE,-0.012407199096081076,0.020023071148491733,0.53720944368211,-0.06398321250741063,0.03916881431524847,-0.008958764077057545,0.028912685752927728,0.7574566819276397,-0.0834329072837496,0.0655153791296345,0.84658158964592,0.9012116566636498,False,False
sp|O35343|IMA3_MOUSE,-0.010923395647866397,0.020473426683317062,0.5951030030224869,-0.06365944804281445,0.041812656747081664,-0.009150077814565978,0.029562984998179987,0.7577177618162337,-0.08529928087325453,0.06699912524412258,0.8771552563153427,0.9012116566636498,False,False
sp|P15532|NDKA_MOUSE / sp|Q01768|NDKB_MOUSE,0.017296487840253585,0.020027899010968367,0.3903159422234948,-0.03429196132071677,0.06888493700122394,-0.008879811193209745,0.028919657034686158,0.7595829259704202,-0.08337191123173844,0.06561228884531896,0.7691980219642064,0.9030129429242069,False,False
sp|O08796|EF2K_MOUSE,0.0038216613022252627,0.020183050123648648,0.8502863821814243,-0.04816643064126518,0.05580975324571571,0.008920323938984336,0.02914369036762869,0.7603188932813766,-0.06614884772350949,0.08398949560147814,0.9657706868987608,0.9033545751032632,False,False
sp|Q91VD9|NDUS1_MOUSE,-0.009560442280061133,0.02047640656161767,0.6418093537180346,-0.062304170332856915,0.04318328577273464,0.009040117654656983,0.029567287848839035,0.7605719296403396,-0.06712016881284794,0.0852004041221619,0.8973269315332452,0.9033545751032632,False,False
sp|O35405|PLD3_MOUSE,0.016078018293171115,0.02045079447591288,0.4340277240128203,-0.036599737398741256,0.0687557739850835,-0.009006871372146587,0.029530304801634738,0.7611356660027171,-0.08507189582292815,0.06705815307863497,0.7960152796882342,0.9034725566663752,False,False
sp|P56371|RAB4A_MOUSE / sp|Q91ZR1|RAB4B_MOUSE,-0.015832259943439866,0.020383474114047742,0.43955859060723057,-0.0683366098745345,0.03667208998765477,0.00895533780654471,0.02943309631383856,0.7616999946124746,-0.06685929417281777,0.0847699697859072,0.7960152796882342,0.9034725566663752,False,False
sp|O88792|JAM1_MOUSE,0.005234587880827349,0.0203802265241928,0.7979407065112989,-0.04726139681315302,0.057730572574807716,0.008935998510724748,0.029428406896104695,0.7621620668339725,-0.06686655432902228,0.08473855135047176,0.9565299624897676,0.9034725566663752,False,False
sp|P08905|LYZ2_MOUSE,0.014197245644858194,0.019934568431138354,0.478367222263835,-0.03715079987366881,0.0655452911633852,0.008731091164338168,0.02878489060920867,0.7624127038975457,-0.06541387356631109,0.08287605589498742,0.8193040958645351,0.9034725566663752,False,False
sp|Q61129|CFAI_MOUSE,0.03952816077688223,0.019779112481379035,0.04897840067994895,-0.011419456750843694,0.09047577830460815,-0.008657126212933837,0.02856041710109987,0.7625689554704159,-0.08222388550352602,0.06490963307765835,0.31848328724966807,0.9034725566663752,False,False
sp|P70218|M4K1_MOUSE,0.003438492883397247,0.019650231264019203,0.8615228827866589,-0.047177148627976166,0.05405413439477066,0.00859296324466554,0.028374316671782848,0.7627764420165825,-0.06449443310668881,0.08168035959601991,0.967475544341756,0.9034725566663752,False,False
sp|Q9DCN2|NB5R3_MOUSE,-0.007496046518388717,0.019709365681654826,0.7046845009006334,-0.05826400819555627,0.04327191515877883,-0.008604510192942207,0.02845970491325698,0.7631583695320834,-0.08191185207886414,0.06470283169297975,0.922971815777788,0.9035093340437309,False,False
sp|Q02357|ANK1_MOUSE,-0.033870061017899654,0.01915710718035545,0.08077789441045485,-0.08321549906428627,0.015475377028486961,-0.008342019481216913,0.027662260985497945,0.7637457767237347,-0.07959528193008,0.06291124296764616,0.4127029328049051,0.9035999391669538,False,False
sp|P70232|NCHL1_MOUSE,-0.019507812086529366,0.020282838507472277,0.3389832052196161,-0.0717529418732265,0.032737317700167766,-0.00882486135963694,0.02928778165921372,0.7639367252685275,-0.08426518759338167,0.0666154648741078,0.7305269119784844,0.9035999391669538,False,False
sp|Q9R001|ATS5_MOUSE,-0.015304612848795083,0.020308518237017584,0.4532445409846819,-0.06761588923536223,0.03700666353777206,-0.008812820791499776,0.029324862381998825,0.7645382171487085,-0.08434866063759117,0.0667230190545916,0.8053288393322638,0.9038961933691113,False,False
tr|O19441|O19441_MOUSE,0.010190609260290591,0.014672983014579203,0.48932233690845356,-0.027604490359137805,0.04798570887971899,-0.00633233307655592,0.02118732655007975,0.7657926010265259,-0.06090726966811097,0.04824260351499912,0.8208501742926827,0.9049637208092263,False,False
sp|Q64726|ZA2G_MOUSE,-0.020237239167427493,0.02021956646787272,0.3198321215040442,-0.07231939098042878,0.0318449126455738,-0.008710267487374992,0.029196418821598947,0.7662033596307393,-0.08391525864673621,0.06649472367198622,0.7136635293526117,0.9050337848849328,False,False
sp|Q80XH1|KXDL1_MOUSE,-0.020549480613541934,0.020137962951838777,0.31052345329123676,-0.07242143569867038,0.0313224744715865,-0.008619157640082382,0.029078585907860274,0.7676671069350061,-0.08352063132731298,0.06628231604714822,0.7105527400250299,0.9062551583526853,False,False
sp|P06728|APOA4_MOUSE,-0.017680282616810233,0.018963249288508895,0.35389557794470605,-0.06652637582465429,0.031165810591033814,0.008106508024421108,0.027382336279336842,0.7679412642817706,-0.0624257161635249,0.07863873221236711,0.7420855970746075,0.9062551583526853,False,False
sp|Q62167|DDX3X_MOUSE,0.04481984580565116,0.019193371920638806,0.021978873613762395,-0.004619004021442913,0.09425869563274523,-0.008170668761039312,0.02771462613128145,0.768880832172279,-0.07955881488689616,0.06321747736481755,0.21851582839937514,0.906550006106749,False,False
tr|A8R0U9|A8R0U9_MOUSE,-0.003559072916047021,0.019777694960003717,0.8576327415926301,-0.05450303915067599,0.04738489331858195,0.008417722095839996,0.028558370244762564,0.7689260009638483,-0.0651437648422184,0.08197920903389838,0.9672875961020359,0.906550006106749,False,False
sp|Q6P9J9|ANO6_MOUSE,0.02333391471767309,0.020146456018974416,0.25013877224627923,-0.028559917058660334,0.07522774649400651,0.0085473832237969,0.0290908496300111,0.7696402262623823,-0.06638567971832038,0.08348044616591418,0.6564884285238085,0.906550006106749,False,False
sp|P35979|RL12_MOUSE,0.03926959658518458,0.019478701304136346,0.04707142791040515,-0.010904213029086,0.08944340619945515,0.008263638327859415,0.028126632797989146,0.7696521842657547,-0.06418576664336063,0.08071304329907945,0.31689942366745183,0.906550006106749,False,False
tr|A2AEN9|A2AEN9_MOUSE,0.0090101402736445,0.02046018611120088,0.660824722598272,-0.04369180666765095,0.061712087214939954,0.00866841460263431,0.029543866027970815,0.7699514032448388,-0.06743154125233577,0.08476837045760438,0.9051433400942559,0.906550006106749,False,False
sp|P18242|CATD_MOUSE,0.08303166380043873,0.016011561908674043,1.5219257817641546e-06,0.04178861344048877,0.1242747141603887,-0.006772235887383715,0.023120192424323064,0.7703275882253681,-0.06632590503764435,0.052781433262876924,0.0003014583760032845,0.906578400219526,True,False
sp|P35821|PTN1_MOUSE,0.008215020224744747,0.020373047593621102,0.687828647745014,-0.0442624727695009,0.06069251321899039,-0.00859774185343543,0.029418040745871177,0.770825373772687,-0.08437359325964595,0.0671781095527751,0.9160505102752249,0.9067498115416487,False,False
sp|P01643|KV5AA_MOUSE,-0.010269003126773538,0.020144812263526015,0.6115894528043432,-0.062158600869655106,0.04162059461610802,-0.008462730244235685,0.029088476098778963,0.7718389249061663,-0.08338967937505234,0.06646421888658097,0.8860033768586976,0.9068987177757285,False,False
sp|Q9R0Q6|ARC1A_MOUSE,-0.005622378813950987,0.020601959157829718,0.7856123073723703,-0.0586895089232064,0.04744475129530443,0.00863520237993623,0.029748581853780758,0.7723404036455749,-0.06799206649805531,0.08526247125792777,0.9507057621974679,0.9068987177757285,False,False
sp|P32261|ANT3_MOUSE,0.02011388259884581,0.017096308033662157,0.2427974449520584,-0.023923288616759655,0.06415105381445127,-0.007162924729694441,0.024686531753634687,0.7724300277621895,-0.0707512166236971,0.05642536716430821,0.6519326598034937,0.9068987177757285,False,False
sp|Q99J47|DRS7B_MOUSE,-0.009867492411680499,0.020498085061468878,0.6315242993029568,-0.06266706057964999,0.042932075756289,-0.008583704042442585,0.02959859092163664,0.7725454104705136,-0.0848246218821507,0.06765721379726553,0.8934630156793685,0.9068987177757285,False,False
sp|P97500|MYT1L_MOUSE,0.0024752352854278312,0.020557011080520125,0.9044542380332755,-0.05047611624915535,0.05542658682001102,0.008601857086300081,0.029683678242101365,0.7727129269126013,-0.06785823116682152,0.08506194533942169,0.9765071961994484,0.9068987177757285,False,False
sp|P62996|TRA2B_MOUSE,0.0367831464635187,0.019963364153077975,0.06901149257074615,-0.014639071919397222,0.08820536484643463,-0.008293816291522886,0.028826470727128375,0.7742905907110392,-0.08254588430835473,0.06595825172530896,0.38378680573304863,0.9075462102438697,False,False
sp|Q61735|CD47_MOUSE,-0.02054670151220077,0.02016676672818841,0.31127572511916396,-0.07249285020850346,0.031399447184101925,0.008368004313164118,0.029120177656095033,0.7745608422475657,-0.0666406026179554,0.08337661124428364,0.7105527400250299,0.9075462102438697,False,False
sp|O08601|MTP_MOUSE,-0.02745322653914294,0.019444279498952388,0.16176530800679959,-0.07753837145893963,0.02263191838065375,-0.008067497649530386,0.028076928792596982,0.774580340945053,-0.08038887358715753,0.06425387828809677,0.5617007923312725,0.9075462102438697,False,False
sp|Q9QUM0|ITA2B_MOUSE,-0.003895544264315169,0.020101060287619696,0.8468133643353601,-0.05567244438556907,0.047881355856938736,0.008336419959024833,0.02902529961995272,0.7746743961615634,-0.06642779734633615,0.08310063726438581,0.9657706868987608,0.9075462102438697,False,False
sp|Q9WUA3|PFKAP_MOUSE,0.04393255395962535,0.019648157220225552,0.028071185598698867,-0.006677745168967533,0.09454285308821823,-0.008106857532901522,0.02837132181769683,0.775796870844231,-0.08118653965134126,0.06497282458553821,0.24586157454642715,0.9080618265049082,False,False
sp|P55066|NCAN_MOUSE,-0.05785019901080536,0.018874383485111,0.002946254457076305,-0.1064673890781737,-0.009233008943437024,0.007782157179945131,0.027254016850775144,0.775949232945131,-0.062419538063696996,0.07798385242358725,0.06488299191405632,0.9080618265049082,False,False
sp|Q61247|A2AP_MOUSE,-0.016559484276753876,0.01795953778611027,0.35921059555878304,-0.06282018798441044,0.029701219430902696,-0.007397370660602944,0.025933008399500766,0.7761724583057487,-0.07419637362521679,0.059401632304010896,0.7495683011052401,0.9080618265049082,False,False
tr|A0A140T8P6|A0A140T8P6_MOUSE,-0.0036502794688892033,0.02047504217122035,0.8589432192903509,-0.05639049308491808,0.04908993414713967,-0.008386926777851234,0.029565317711964953,0.7773748462267219,-0.08454213850906389,0.06776828495336143,0.9672875961020359,0.9085232319905788,False,False
sp|B1AY13|UBP24_MOUSE,-0.01161457859910499,0.01953403369968556,0.5537602109188178,-0.06193091501926679,0.038701757821056816,0.007992071987771205,0.02820653103900356,0.7776294196073643,-0.06466313721395578,0.08064728118949818,0.8557349860654497,0.9085232319905788,False,False
sp|Q9ER00|STX12_MOUSE,-0.02158958447436482,0.01953009689726716,0.272196687893003,-0.07189578036349503,0.02871661141476539,0.007982734194847697,0.02820084641997832,0.7778387107149586,-0.06465783239861456,0.08062330078830995,0.6726549628833807,0.9085232319905788,False,False
sp|Q62203|SF3A2_MOUSE,-0.0038806836222457196,0.02054224683564671,0.8506283176257824,-0.05679400498223919,0.049032637737747756,0.008391026030413827,0.029662359136293944,0.7779781462288258,-0.06801414784524357,0.0847961999060712,0.9657706868987608,0.9085232319905788,False,False
sp|Q3U9N9|MOT10_MOUSE,-0.031901118062175424,0.019683542369072472,0.108921417351193,-0.08260256329407864,0.018800327169727793,0.007987425790598891,0.028422416861076757,0.7793986734184696,-0.06522386843784497,0.08119872001904277,0.47377136770155737,0.9095431283605715,False,False
sp|P47915|RL29_MOUSE,0.006710447014034973,0.02054399658462952,0.7447740730261216,-0.046207381400662266,0.05962827542873222,0.008330410049888779,0.029664885718860185,0.7795579356472937,-0.06808127187118057,0.08474209197095814,0.9405557812860535,0.9095431283605715,False,False
sp|P16330|CN37_MOUSE,0.004046400474795219,0.020558096188297317,0.8444494920599842,-0.04890774611219796,0.057000547061788406,0.008290692408696381,0.0296852451036451,0.7807280677010962,-0.06817343181230417,0.08475481662969694,0.9654510607143304,0.9104958217075737,False,False
sp|Q9Z0X1|AIFM1_MOUSE,0.020880225825782254,0.019825674875005847,0.295346953468914,-0.03018732847989099,0.0719477801314555,-0.007969580483953173,0.028627651734830745,0.7814157084438925,-0.08170952471432272,0.06577036374641637,0.7038612026286413,0.9108852192136818,False,False
sp|Q03958|PFD6_MOUSE,0.014632482876563392,0.02045207044825605,0.4763618196363941,-0.03804855950230104,0.06731352525542782,-0.008138485289288323,0.029532147265616107,0.7835635225702289,-0.08420825561278383,0.06793128503420717,0.8193040958645351,0.9129755975648595,False,False
sp|Q9Z2W0|DNPEP_MOUSE,-0.02756196990568166,0.019784576613984393,0.16735357478528765,-0.07852366210629094,0.023399722294927622,-0.007814640856160317,0.028568307136936994,0.7851241821239034,-0.08140172353226782,0.06577244181994718,0.5700204432170843,0.9141779434492899,False,False
tr|A2AJD1|A2AJD1_MOUSE,0.0123610929842862,0.02042772146916271,0.5467744948339099,-0.04025723058071811,0.06497941654929051,0.008061692413628248,0.02949698810468073,0.7853054799649823,-0.06791751391284172,0.08404089874009822,0.8532995904226169,0.9141779434492899,False,False
sp|Q9D154|ILEUA_MOUSE,0.012046281691172368,0.020378068932919758,0.5560529726663779,-0.04044414541598181,0.06453670879832654,-0.00802369111982021,0.029425291402082915,0.7857846461246291,-0.08381821897877088,0.06777083673913047,0.8568739704463932,0.9143223966429823,False,False
sp|Q3UH66|WNK2_MOUSE / sp|Q80XP9|WNK3_MOUSE,0.015729123949807723,0.02038308580699024,0.4425249377412524,-0.03677422576858942,0.06823247366820487,0.007984405581475885,0.029432535610645433,0.7868588219754209,-0.06782878212217115,0.08379759328512291,0.7974119766856017,0.915097231930561,False,False
tr|Q0VGU8|Q0VGU8_MOUSE,-0.020603057120516657,0.02045159018340659,0.31670316162892154,-0.07328286241910838,0.03207674817807507,0.007990888804237017,0.029531453778260067,0.7873870149856251,-0.06807709521420516,0.08405887282267918,0.7109944561416504,0.915097231930561,False,False
sp|P28798|GRN_MOUSE,0.05039085819528211,0.01886479970928118,0.009114406272133935,0.0017983542985348655,0.09898336209202935,0.007359272029903876,0.027240178179532393,0.7877140918272894,-0.062806777158829,0.07752532121863674,0.1304290011664009,0.915097231930561,False,False
sp|Q91Z96|BMP2K_MOUSE,-0.027860688327389638,0.02004861914746034,0.16839486550436172,-0.07950250902310955,0.02378113236833028,0.007815121883452732,0.028949576260898134,0.7878720633747782,-0.06675404497469228,0.08238428874159776,0.5716584937060867,0.915097231930561,False,False
sp|Q8K426|RETNG_MOUSE,-0.04807724158357269,0.019427673402789898,0.015397128087072883,-0.09811961203425648,0.0019651288671111086,0.007472993978818312,0.028052950111386275,0.7906084396737789,-0.06478661696908584,0.07973260492672248,0.18080521774878439,0.9165968005677368,False,False
sp|Q8CIE0|SPA11_MOUSE,-0.01935797791828202,0.019781717434102935,0.33066622683445385,-0.07031230535956852,0.03159634952300448,0.007607359126601296,0.028564178571003702,0.7906573478237466,-0.06596908906839359,0.08118380732159618,0.726506428411876,0.9165968005677368,False,False
sp|Q8BTT6|UTP25_MOUSE,0.03352587891029325,0.019904659452420013,0.09592219135586597,-0.017745126184411826,0.08479688400499832,-0.0076541069977156175,0.02874170298347127,0.7906715350569198,-0.08168782777643976,0.06637961378100854,0.45072927507546506,0.9165968005677368,False,False
sp|Q9JK23|PSMG1_MOUSE,0.032904292757468,0.019174220599998456,0.08992526390224705,-0.016485226536719,0.08229381205165501,0.007370097457970321,0.02768697222587795,0.7907582298292049,-0.06394681692799062,0.07868701184393126,0.43233779213349693,0.9165968005677368,False,False
sp|P62748|HPCL1_MOUSE,0.029487223657607198,0.020160000550937293,0.14738284594426426,-0.022441496521059055,0.08141594383627346,-0.0077286904485827325,0.0291104075086906,0.7912938905361945,-0.08271213114771793,0.06725475025055246,0.5424507070243373,0.9165968005677368,False,False
sp|Q6PZE0|MUC19_MOUSE,-0.007305066787598356,0.02050298368769241,0.7225363511347842,-0.060117252980541554,0.04550711940534485,-0.00784193679330136,0.029605664384022685,0.7917668998002978,-0.084101074664701,0.06841720107809827,0.9302655520860347,0.9165968005677368,False,False
sp|P15949|K1KB9_MOUSE,-0.020318147593952313,0.018943058060687856,0.2866013098818834,-0.06911223164550029,0.02847593645759567,-0.007230194873361644,0.02735318078063107,0.7921908793573754,-0.07768731947338174,0.06322692972665846,0.6936074933701596,0.9165968005677368,False,False
tr|D3Z5G7|D3Z5G7_MOUSE,-0.017252067002665593,0.018789691283200585,0.36122447888998255,-0.065651104414571,0.03114697040923981,-0.007164880323282018,0.027131723971655856,0.7923826884128378,-0.07705156998527332,0.0627218093387093,0.7525509976874637,0.9165968005677368,False,False
sp|Q63932|MP2K2_MOUSE,0.025408892887927702,0.01999296715749487,0.2073608511028386,-0.02608957778123835,0.07690736355709375,0.007617834767483448,0.028869216535586075,0.7925390503982602,-0.06674433915537764,0.08198000869034452,0.6159297818148949,0.9165968005677368,False,False
sp|P36536|SAR1A_MOUSE / sp|Q9CQC9|SAR1B_MOUSE,0.05223583540519264,0.019201115652137845,0.007957673345505192,0.0027770390475845216,0.10169463176280075,-0.007309486823879318,0.02772580783631193,0.7927227475201359,-0.07872643511321732,0.06410746146545869,0.12047517509219965,0.9165968005677368,False,False
tr|Q91WB5|Q91WB5_MOUSE,0.029264038208787126,0.01994863945739758,0.14620937246308957,-0.022120251871509393,0.08064832828908364,-0.007561689615447019,0.02880520872911331,0.7935857518486201,-0.08175899035473967,0.06663561112384563,0.5409326639259421,0.9168550920831612,False,False
tr|Q9QXN7|Q9QXN7_MOUSE,0.02576429688329716,0.02014470568348222,0.20451833547410714,-0.026125026327584424,0.07765362009417874,-0.007633264835015996,0.029088322200543727,0.7936582525255792,-0.08255981755024856,0.06729328788021656,0.6123659463323557,0.9168550920831612,False,False
sp|Q9Z1F9|SAE2_MOUSE,0.041986848669776054,0.019666298450421588,0.03574865830997428,-0.008670179171158206,0.09264387651071032,-0.007436891984497957,0.02839751718422875,0.7940666107052442,-0.08058404889566784,0.06571026492667192,0.2756071711023466,0.9169154809713022,False,False
sp|Q60787|LCP2_MOUSE,0.01794085519198748,0.019420857735107887,0.3583044733259123,-0.03208395926215774,0.06796566964613271,0.0073308608476382224,0.02804310850135428,0.7944287473037708,-0.06490339979275143,0.07956512148802787,0.748283875761739,0.9169224671928327,False,False
sp|Q8K4Z5|SF3A1_MOUSE,0.04292149289613774,0.019327329198278953,0.0291248861133564,-0.006862408012125461,0.09270539380440093,0.007226607192233803,0.027908056232188772,0.7963278239479701,-0.06465978185572854,0.07911299624019616,0.2495380149913115,0.9186392965822,False,False
sp|P35486|ODPA_MOUSE,0.008525429159977466,0.0198332166316827,0.6684278319370651,-0.042561551423544244,0.059612409743499184,-0.007400585928342318,0.02863854179456263,0.7967353092154561,-0.08116858109368666,0.06636740923700202,0.9078067865179023,0.9186392965822,False,False
sp|Q5ND34|WDR81_MOUSE,-0.017891973755715575,0.020246618979768254,0.37944082572307974,-0.07004380822159198,0.034259860710160836,0.007545295164242542,0.029235481798974512,0.7969864809959747,-0.06776031555692653,0.08285090588541162,0.7621373839601641,0.9186392965822,False,False
sp|P32233|DRG1_MOUSE,-0.005132921954756267,0.020600539436113702,0.8038566364380028,-0.05819639510321268,0.04793055119370015,0.0076381229543412525,0.029746531820220603,0.7979967466599743,-0.06898386538713279,0.0842601112958153,0.9565299624897676,0.9193922248990756,False,False
sp|Q8BGE5|FANCM_MOUSE,0.042891841664056726,0.01956287956921514,0.031176512669917323,-0.007498796792125714,0.09328248012023917,-0.007196433075436028,0.02824818356846788,0.7995483284422248,-0.07995893208312414,0.06556606593225207,0.2589661939517326,0.9207678648205406,False,False
sp|Q8CG03|PDE5A_MOUSE,0.036986368636339154,0.019850991603791078,0.06601433008558161,-0.014146397241209085,0.08811913451388739,-0.007276775299266321,0.028664208295921256,0.8002370409391257,-0.08111088299092978,0.06655733239239714,0.3735975823524673,0.9211490301377956,False,False
sp|Q8VDG3|PARN_MOUSE,0.03141209937218008,0.019807038937936065,0.11660971315748413,-0.019607451940689725,0.08243165068504987,0.007223419686411331,0.02860074202711338,0.8012398235763317,-0.0664472097302699,0.08089404910309254,0.4898368864282572,0.9218912179218295,False,False
sp|Q9Z1Q5|CLIC1_MOUSE,0.034436764146440486,0.020057788813389762,0.08977673185184769,-0.017228676043484187,0.08610220433636516,-0.007256704518565081,0.028962816970453158,0.8027868714301959,-0.08185997718438172,0.06734656814725155,0.43233779213349693,0.9232586842039994,False,False
sp|O55234|PSB5_MOUSE,-0.030559739440917603,0.01986350400888931,0.12777970637280733,-0.08172473513817574,0.02060525625634054,-0.007166818310903778,0.028682275815830445,0.8033133895085759,-0.08104746484979178,0.06671382822798422,0.5093386128637445,0.9234517758859745,False,False
sp|P24270|CATA_MOUSE,0.015836157198755568,0.019610354624406526,0.4216914482223498,-0.03467676889577645,0.06634908329328759,-0.006993230548117686,0.028316736056828534,0.8055529005204448,-0.07993230906415635,0.065945847967921,0.7907962413000987,0.9252409687381107,False,False
sp|Q8BGD9|IF4B_MOUSE,-0.016984097543669915,0.020472167328086155,0.4091629385913898,-0.06971690605451063,0.035748710967170805,0.007299198385096463,0.029561166528786733,0.8055884473440171,-0.06884532060684133,0.08344371737703425,0.780440419905799,0.9252409687381107,False,False
tr|D4AFX7|D4AFX7_MOUSE,-0.018118298327917344,0.02049193348503061,0.3791909949777734,-0.07090202108503413,0.03466542442919944,0.007279321896479306,0.029589708238499487,0.8062903355858229,-0.06893871566770998,0.08349735946066861,0.7621373839601641,0.9256342461584903,False,False
sp|P97298|PEDF_MOUSE,-0.05793567259725466,0.01845891610064309,0.002359141549148465,-0.10548268960104173,-0.010388655593467591,0.006542881693455462,0.026654094998696202,0.8067029325408672,-0.06211351726376241,0.07519928065067333,0.057824575144106834,0.9256952100234996,False,False
sp|E9Q735|UBE4A_MOUSE,0.020911872203765412,0.02027400721188729,0.30535682806126796,-0.031310509672975606,0.07313425408050643,0.007165379474028975,0.029275029545806824,0.8072531084445815,-0.0682420994923201,0.08257285844037804,0.71047970557432,0.9259139217126047,False,False
sp|Q921M3|SF3B3_MOUSE,0.04342230839482182,0.01909046383212697,0.025544262267443954,-0.005751467762311266,0.09259608455195491,0.006674891555822273,0.027566030084126055,0.8092747661312789,-0.06433049651738017,0.07768027962902473,0.23079465031111643,0.9275482730306654,False,False
sp|P01746|HVM02_MOUSE / sp|P01747|HVM03_MOUSE,0.00019131059258830686,0.02060512948768814,0.9926146109372344,-0.05288398574521835,0.05326660693039496,0.007181016678814279,0.029753159710506627,0.80988397666984,-0.0694580439766792,0.08382007733430777,0.9972017238375122,0.9275482730306654,False,False
tr|F6TQW2|F6TQW2_MOUSE,-0.03955086971628195,0.019118916121434314,0.041726895369918866,-0.08879793411396594,0.009696194681402037,-0.006647922725173746,0.027607114296113018,0.810307552006962,-0.07775913671552542,0.06446329126517794,0.3018167291503963,0.9275482730306654,False,False
sp|P70399|TP53B_MOUSE,0.02538244064475645,0.020076034603956492,0.2096987684611763,-0.026329997587176426,0.07709487887668932,-0.0069803786151140575,0.028989163318875803,0.8103168250654518,-0.08165151497723924,0.06769075774701114,0.6160843253861347,0.9275482730306654,False,False
sp|Q91V80|APOF_MOUSE,0.027356691160496365,0.01970408466512828,0.1687825914998335,-0.023397667519549577,0.0781110498405423,-0.006845076757696087,0.028452079291285418,0.8104790735219406,-0.0801327763430859,0.06644262282769371,0.5718620698843043,0.9275482730306654,False,False
sp|O55131|SEPT7_MOUSE,0.006437751866981714,0.02054444646193328,0.7548049154335553,-0.046481235354857556,0.059356739088820984,0.0071043564051172636,0.029665535327554803,0.8113295819639548,-0.06930899879706352,0.08351771160729805,0.942480654859813,0.9281091397410856,False,False
sp|P28667|MRP_MOUSE,0.014786870392362565,0.020269100166881975,0.46775773204949717,-0.03742287177405993,0.06699661255878506,-0.00698831582358831,0.02926794392696434,0.8118794242199906,-0.08237754344528912,0.06840091179811252,0.8143180186136165,0.9282944113769692,False,False
sp|P62806|H4_MOUSE,0.04563724771892491,0.019184638903357278,0.019690858491973856,-0.0037791073463470035,0.09505360278419683,0.00660247873897486,0.02770201592865753,0.8122125471193443,-0.06475318565743961,0.07795814313538933,0.20445145410013177,0.9282944113769692,False,False
sp|Q793I8|TIFA_MOUSE,-0.017796971863012753,0.02049339736401794,0.3876964807234247,-0.07058446532252197,0.03499052159649645,0.007031464748728451,0.029591822033772308,0.8127723091443195,-0.06919201759126628,0.08325494708872319,0.7689652423680589,0.9285220479355025,False,False
sp|O70404|VAMP8_MOUSE,0.0168458215587946,0.02036315053749527,0.4104850918772616,-0.035606178308263264,0.06929782142585246,-0.006914899545171204,0.02940374970772208,0.8146625668715282,-0.08265393967653915,0.06882414058619675,0.7823827620902655,0.9295363531391342,False,False
sp|Q9DBJ1|PGAM1_MOUSE / sp|O70250|PGAM2_MOUSE,0.002749331134701779,0.020571891300334842,0.8940107232750962,-0.0502403493061234,0.05573901157552696,-0.0069813046234707766,0.02970516481208091,0.8147791975577116,-0.08349673861317845,0.06953412936623689,0.9725371151089967,0.9295363531391342,False,False
sp|Q9D883|U2AF1_MOUSE,0.0025604540101200977,0.020466383462765064,0.9007463523452195,-0.05015745625093877,0.055278364271178965,0.0069437420349317035,0.029552814808951854,0.8148251947985088,-0.06917926435232039,0.08306674842218378,0.9756564155259001,0.9295363531391342,False,False
sp|Q9D1A2|CNDP2_MOUSE,0.019199717198681587,0.019686917470210737,0.3323033042176438,-0.03151042171763602,0.06990985611499918,0.006637074358961257,0.028427290401098225,0.8159740976176435,-0.06658677327668193,0.07986092199460444,0.7273920619032703,0.9295363531391342,False,False
sp|Q99J83|ATG5_MOUSE,0.015023910807283387,0.020174331700354757,0.45857953509970795,-0.03694172396600591,0.06698954558057268,-0.006796820860704359,0.029131101238264474,0.8160956547866436,-0.08183356507487566,0.06823992335346693,0.8053288393322638,0.9295363531391342,False,False
sp|P08032|SPTA1_MOUSE,-0.035892775997265626,0.019609585183719903,0.07082804482058128,-0.08640372014392969,0.014618168149398446,0.006588313852911835,0.028315625008647517,0.8165942183951308,-0.06634790279266452,0.07952453049848819,0.3888746597292042,0.9295363531391342,False,False
sp|B2RUP2|UN13D_MOUSE,0.01737640538407378,0.020366228497530205,0.39603544618861825,-0.03508352278263721,0.06983633355078478,0.006837840493186668,0.029408194185324445,0.8167175456683002,-0.06891264785382842,0.08258832884020176,0.7718290401489944,0.9295363531391342,False,False
sp|Q6A4J8|UBP7_MOUSE,0.027118431779122376,0.020078827584603737,0.180539670949454,-0.02460120069420592,0.07883806425245067,0.006740978084474264,0.02899319629519442,0.8167274032190542,-0.06794054653623294,0.08142250270518148,0.5895843234820141,0.9295363531391342,False,False
sp|P42208|SEPT2_MOUSE,0.010573088171477316,0.020105879727988777,0.6003975401565593,-0.041216226005505965,0.062362402348460605,0.006742915182270491,0.02903225874045241,0.8169178933486493,-0.06803922762960052,0.0815250579941415,0.8800148543318804,0.9295363531391342,False,False
sp|O35188|X3CL1_MOUSE,-0.05214270055824304,0.019195419942611754,0.008047273831401297,-0.10158682574034936,-0.0026985753761367345,0.00642496535172778,0.0277175834106758,0.8172700207794173,-0.06497079822105183,0.07782072892450738,0.12047517509219965,0.9295363531391342,False,False
sp|Q920Q4|VPS16_MOUSE,0.02052308859926879,0.020442994619313294,0.31837150692202637,-0.03213457599345089,0.07318075319198847,-0.0068282545096425935,0.029519042053722133,0.8176448134319667,-0.08286426804431238,0.06920775902502718,0.7122559776926307,0.9295520505904258,False,False
sp|Q99MK8|ARBK1_MOUSE,-0.017457952152743584,0.02048952458087097,0.3966719777208497,-0.07023546998393654,0.03531956567844936,0.006767725200978292,0.02958622985656396,0.8196360310792382,-0.06944135264509253,0.08297680304704912,0.7718290401489944,0.9305863774542052,False,False
sp|Q60931|VDAC3_MOUSE,0.010386903247572209,0.020434375832949207,0.612603970199274,-0.04224856082266983,0.06302236731781424,-0.006741929420118265,0.029506596796954648,0.8198350457514436,-0.08274588609771617,0.06926202725747964,0.8860653115180789,0.9305863774542052,False,False
tr|S4R299|S4R299_MOUSE,-0.006046890004534024,0.020597173091911582,0.7698216612973028,-0.05910169202494879,0.04700791201588074,0.006792584103498261,0.029741670924939845,0.819914680059399,-0.06981688340147013,0.08340205160846664,0.9457494169086615,0.9305863774542052,False,False
sp|P10810|CD14_MOUSE,0.009325112236769606,0.02042111571433223,0.6491366377764619,-0.043276196031370284,0.0619264205049095,0.006731268903757438,0.02948744960221234,0.8200001904635307,-0.06922336786854247,0.08268590567605735,0.8973269315332452,0.9305863774542052,False,False
sp|Q9CZU6|CISY_MOUSE,0.01611631591736328,0.02019880042900319,0.4272419425350048,-0.03591234612419924,0.0681449779589258,0.006615121185872195,0.02916643331379571,0.8211390875032584,-0.06851263242380766,0.08174287479555205,0.7935104778362561,0.9314683481589825,False,False
sp|Q6P5F9|XPO1_MOUSE,0.016712318139032883,0.020379161916512175,0.4145542299603646,-0.03578092430728695,0.06920556058535271,0.006655267663029735,0.02942686963605643,0.8216374769974425,-0.06914332545723778,0.08245386078329725,0.7853407010863372,0.9314910063672255,False,False
sp|Q9EQF2|KELL_MOUSE,-0.023534022479752795,0.01972735698073759,0.2363239745494341,-0.07434832667230665,0.02728028171280105,-0.006433400344273679,0.02848568378397113,0.8218825500840141,-0.07980765936665424,0.06694085867810687,0.6419137494354354,0.9314910063672255,False,False
sp|P54822|PUR8_MOUSE,0.017930439458436684,0.019583696457736346,0.36257196861749674,-0.0325138197492074,0.06837469866608076,0.006341086706979425,0.028278242501570794,0.8231290730529285,-0.06649883898142858,0.07918101239538744,0.7542897035890388,0.9324933405680997,False,False
sp|P18761|CAH6_MOUSE,0.03857021321081543,0.019489708809172807,0.05117189186139309,-0.011631949857487035,0.08877237627911788,0.006259952572482892,0.02814252728948262,0.824526449667663,-0.06623039389569105,0.07875029904065683,0.3258327252893502,0.9329760093174754,False,False
sp|Q3TIR3|RIC8A_MOUSE,-0.010427704229167927,0.02045761703750321,0.6116151635577103,-0.06312303367514994,0.042267625216814084,-0.006563622220231093,0.02954015636625379,0.8247159480152285,-0.0826540226198442,0.06952677817938202,0.8860033768586976,0.9329760093174754,False,False
sp|P63328|PP2BA_MOUSE,0.016389728982265706,0.020262344411791453,0.4209270675335981,-0.03580261151222703,0.06858206947675843,-0.00645721525276266,0.029258188828832417,0.8258764022227518,-0.08182131540683628,0.06890688490131096,0.7907962413000987,0.9329760093174754,False,False
sp|O35129|PHB2_MOUSE,0.008125502928889373,0.02003216356059089,0.6860761895311995,-0.04347393098396511,0.05972493684174386,0.0063791668016267,0.028925814910378624,0.8260023543722697,-0.06812879487355827,0.08088712847681168,0.9160505102752249,0.9329760093174754,False,False
sp|P12023|A4_MOUSE,-0.0001684575471028014,0.018965093306109498,0.9929344539023508,-0.049019300629518744,0.048682385535313136,0.006035366527220832,0.027384998982825922,0.8261156010659342,-0.064503716330399,0.07657444938484068,0.9972017238375122,0.9329760093174754,False,False
sp|Q61881|MCM7_MOUSE,0.02545302952283419,0.02014627640228125,0.21002178837139118,-0.02644033959155757,0.07734639863722595,0.006387829567990139,0.029090590269148477,0.8267408138108404,-0.068544565304817,0.08132022444079728,0.6160843253861347,0.9329760093174754,False,False
sp|Q8CG85|MAMC2_MOUSE,-0.004626215792220037,0.020293505957526648,0.8202406789137551,-0.05689882310936136,0.04764639152492129,0.0064334764488954725,0.029303185121995222,0.8267682473795561,-0.06904652647565798,0.08191347937344892,0.9609280019121561,0.9329760093174754,False,False
sp|O55106|STRN_MOUSE,0.00672235683398611,0.020462265989956676,0.7433525700685646,-0.04598494751995635,0.05942966118792856,0.006486967633940436,0.029546869307558874,0.8267684933804028,-0.06962072415659931,0.08259465942448019,0.9405557812860535,0.9329760093174754,False,False
sp|Q02053|UBA1_MOUSE,0.01531155265729388,0.020300370131252504,0.45285974863412143,-0.036978735599675155,0.06760184091426291,0.006414049112696598,0.029313096773230806,0.827340412108171,-0.06909148453355603,0.08191958275894921,0.8053272463624741,0.9329760093174754,False,False
sp|Q91ZX7|LRP1_MOUSE,-0.038649141424515907,0.019606827415443454,0.052073082274438125,-0.0891529820308411,0.011854699181809293,-0.006188974174692652,0.028311642877886206,0.827503453918951,-0.07911493353116346,0.06673698518177816,0.32945500456186283,0.9329760093174754,False,False
sp|Q9WUB3|PYGM_MOUSE,-0.006375587681010673,0.02038148844689372,0.7552171793022542,-0.05887482287246288,0.04612364751044153,0.006432088740946733,0.029430229072843993,0.8275406622450927,-0.0693751577150416,0.08223933519693508,0.942480654859813,0.9329760093174754,False,False
sp|Q6PDG5|SMRC2_MOUSE / sp|P97496|SMRC1_MOUSE,0.022396740425277922,0.020279541147100563,0.27264954005635594,-0.029839895923949387,0.07463337677450524,-0.006369698623402555,0.029283020374417074,0.8283419835634047,-0.08179776060024554,0.06905836335344043,0.6729750661577325,0.9334707254598543,False,False
sp|Q6PHN9|RAB35_MOUSE,0.01614566226305092,0.020393924581504845,0.43082576845798554,-0.03638560628835551,0.06867693081445735,0.006363970317359034,0.029448186460565687,0.8294407388819519,-0.06948953130413803,0.0822174719388561,0.7946738282831423,0.9343000448910875,False,False
sp|Q91V92|ACLY_MOUSE,0.007240702263791592,0.020599703465322486,0.7261182679954175,-0.0458206175666039,0.060302022094187085,-0.0063854535762802225,0.02974532470465847,0.8305569371900043,-0.08300433259411655,0.07023342544155611,0.933011247549002,0.9351482786463756,False,False
sp|P63163|RSMN_MOUSE / sp|P27048|RSMB_MOUSE,0.05504652699991312,0.018990316548572715,0.004806450922415387,0.0061307131504299076,0.10396234084939635,-0.005852439926864628,0.02742142055260413,0.8315245733249053,-0.07648533853120043,0.06478045867747118,0.08828916664213216,0.9358285735627758,False,False
sp|Q9D6W8|BORC6_MOUSE,-0.009340239745267234,0.02032804316413079,0.6471084993701961,-0.061701809011242226,0.043021329520707766,-0.006185288828110761,0.029353055763413016,0.8336281871562005,-0.08179375001221495,0.06942317235599343,0.8973269315332452,0.9377861869494173,False,False
sp|Q7TQ62|PODN_MOUSE,0.03911460867664038,0.01846103615699946,0.03713642165783588,-0.00843786923043461,0.08666708658371536,0.005598865036518297,0.026657156293477386,0.8341634161064309,-0.06306541929350375,0.07426314936654034,0.27960902271616195,0.9379785137441308,False,False
sp|Q99JR1|SFXN1_MOUSE,-0.0073970132402413295,0.020544681090182298,0.719739046123027,-0.06031660482439986,0.0455225783439172,0.006209589889259244,0.029665874123376,0.8347194484065621,-0.07020463799312571,0.08262381777164418,0.9289057589943592,0.9380905937713004,False,False
sp|Q03311|CHLE_MOUSE,-0.006673098780642466,0.019442746618882137,0.7323129171599538,-0.05675429526303538,0.04340809770175044,-0.005854583474445594,0.02807471536192796,0.835327753030738,-0.07817025799249411,0.06646109104360293,0.9360856764025818,0.9380905937713004,False,False
sp|P84750|KVM5_MOUSE,0.00039881997877252756,0.020608800772758135,0.984607371988124,-0.0526859329626991,0.05348357292024416,0.006201542690917902,0.029758460930821486,0.8354365861721715,-0.07045117300320718,0.08285425838504297,0.9954255961709187,0.9380905937713004,False,False
sp|P13609|SRGN_MOUSE,0.01361222059732697,0.02040935950414097,0.506670325853603,-0.0389588056801036,0.06618324687475753,0.006114055673923572,0.029470474003994444,0.8361620474625051,-0.0697968548550414,0.08202496620288856,0.8314828244699919,0.9380905937713004,False,False
sp|Q8CIE4|PAR10_MOUSE,0.015572145301630527,0.020292924739653884,0.4450665735540451,-0.03669896489748239,0.06784325550074344,-0.006048914846074056,0.029302345861644766,0.8369659002035031,-0.0815267559792235,0.06942892628707538,0.7991629674539912,0.9380905937713004,False,False
sp|Q9CPQ8|ATP5L_MOUSE,0.02014691246553335,0.019981344157477314,0.31628318590755194,-0.03132161933959233,0.07161544427065902,0.005953440823198976,0.028852433288674463,0.8370360016863517,-0.06836550232045847,0.08027238396685642,0.7106712074275272,0.9380905937713004,False,False
sp|Q9QZ47|TNNT3_MOUSE,-0.006958272850292064,0.020492341454352855,0.7350599750740109,-0.05974304646674404,0.045826500766159906,0.006094885571697507,0.02959029733338525,0.8373203350451931,-0.07012466940036112,0.08231444054375613,0.9360856764025818,0.9380905937713004,False,False
sp|Q9Z0M6|AGRE5_MOUSE,-0.042674803500341515,0.018001616810023324,0.02010531821196536,-0.08904389559085807,0.0036942885901750447,-0.005351003477416623,0.025993769188201243,0.83741271627041,-0.0723065158620719,0.061604508907238655,0.2070847775832432,0.9380905937713004,False,False
sp|Q9D0K2|SCOT1_MOUSE,-0.0011734243194620054,0.02060260969736997,0.954719494512888,-0.05424223010752832,0.05189538146860431,-0.006119217649827551,0.02974952121244146,0.8375418544000853,-0.08274890615538388,0.07051047085572879,0.9854328625709547,0.9380905937713004,False,False
sp|P33622|APOC3_MOUSE,-0.04157061373492675,0.01848344167267828,0.027189166940676978,-0.08918080442584836,0.0060395769559948645,-0.005403725533563096,0.026689509154292294,0.8400537224350452,-0.07415134531052582,0.06334389424339963,0.24059142567781175,0.9404949283783658,False,False
sp|O88338|CAD16_MOUSE,-0.00026587426112891627,0.020429181018763162,0.9896478881444266,-0.05288795737676405,0.05235620885450622,-0.0059337589362095,0.029499095648454893,0.8410789882156854,-0.08191839393569146,0.07005087606327247,0.9972017238375122,0.9412335483074272,False,False
sp|P20918|PLMN_MOUSE,0.010330761124031945,0.02051221997738004,0.6158652039595719,-0.042505216174544724,0.06316673842260861,0.005873785805908227,0.029619001296191706,0.8432922624234035,-0.07041970567467523,0.08216727728649167,0.8879355544209954,0.943300423866318,False,False
sp|Q9R229|BMP10_MOUSE,-0.010379678577433755,0.020372407621101155,0.6117724287591317,-0.06285552311170906,0.04209616595684154,0.0057379469961118135,0.029417116645655855,0.8458326105927537,-0.07003552408568467,0.0815114180779083,0.8860033768586976,0.9453770705396356,False,False
sp|Q9Z1E4|GYS1_MOUSE,0.005444289282712314,0.020576705905716,0.7919930270490594,-0.04755779275973867,0.0584463713251633,0.00578890685510533,0.029712116951009917,0.8460054511552971,-0.07074443465777802,0.08232224836798868,0.9543365191952856,0.9453770705396356,False,False
sp|Q99MD9|NASP_MOUSE,0.04269988705313055,0.01894470740579183,0.02686919634483123,-0.006098445429867913,0.09149821953612901,0.005311177771355402,0.027355562383150265,0.8465358848367751,-0.06515208143022305,0.07577443697293385,0.23857993306186354,0.9453770705396356,False,False
tr|A0A0A6YXA5|A0A0A6YXA5_MOUSE,-0.01785661042247832,0.020425007840413796,0.38453419270674044,-0.07046794414303222,0.03475472329807558,0.005721825674366529,0.029493069710010623,0.8466511680313351,-0.0702472875362893,0.08169093888502237,0.7673876261411612,0.9453770705396356,False,False
sp|P10923|OSTP_MOUSE,0.05124501595309015,0.018002369771612722,0.0055818526616930614,0.004873984362047175,0.09761604754413314,-0.005032052527072818,0.02599485644108352,0.8469844278582288,-0.07199036548956264,0.061926260435417,0.09844705893054544,0.9453770705396356,False,False
sp|P59999|ARPC4_MOUSE,0.03136138547174798,0.01986664284992311,0.11827907661495493,-0.01981169534422421,0.08253446628772017,0.005460413637771505,0.028686808203682725,0.8495086066935545,-0.06843190755856146,0.07935273483410446,0.4919309261538196,0.9474990367170786,False,False
sp|O08784|TCOF_MOUSE,0.060676313557260886,0.018579262591657004,0.001594238290823818,0.012819304535340886,0.10853332257918089,-0.005102696120941639,0.0268278715512714,0.8496214663222269,-0.0742067138145524,0.06400132157266913,0.0461254336951835,0.9474990367170786,False,False
sp|Q8K1H7|T11L2_MOUSE,0.01113357240400224,0.020507742688885566,0.5886740349652733,-0.041690872163669915,0.0639580169716744,0.005600556761502882,0.02961253623225092,0.8504599106932978,-0.07067628181793259,0.08187739534093835,0.8755588163150538,0.9480234935217497,False,False
sp|P20491|FCERG_MOUSE,-0.00018290716734150112,0.020613372441187716,0.9929418329784004,-0.05327943594632015,0.05291362161163715,0.005587585107225386,0.029765062276423806,0.851557592756452,-0.07108213452634499,0.08225730474079576,0.9972017238375122,0.9486391178466396,False,False
sp|Q9JM14|NT5C_MOUSE,-0.01450099559425894,0.0205333350864161,0.48205480501846265,-0.06739136180943832,0.038389370620920446,0.00555862758671308,0.02964949085035006,0.8517489865869634,-0.0708133997809236,0.08193065495434976,0.819677896606254,0.9486391178466396,False,False
sp|Q99JY9|ARP3_MOUSE,0.004799555708501169,0.020553592728493383,0.815944112740919,-0.04814299073476168,0.05774210215176402,0.005504889688153892,0.029678742249155572,0.8533085786051415,-0.07094248428969582,0.08195226366600361,0.9598246186879245,0.9499652355850581,False,False
sp|Q8R480|NUP85_MOUSE,0.039213120743630786,0.019593696814192967,0.04866612149992342,-0.011256897675220194,0.08968313916248177,0.005215326902369512,0.028292682702152575,0.8542059025084051,-0.06766179427784619,0.0780924480825852,0.31848328724966807,0.9501127235693544,False,False
sp|P84096|RHOG_MOUSE,0.04104194326655426,0.019505541442996665,0.038431343553491745,-0.009201001963904047,0.09128488849701258,0.005187215628452514,0.028165389115373144,0.8543348991128712,-0.06736201900078287,0.07773645025768791,0.2843698553167852,0.9501127235693544,False,False
sp|P36993|PPM1B_MOUSE,0.023946608525945046,0.019862920322019983,0.23144163633511272,-0.02721688369357099,0.07511010074546108,-0.005269018138753326,0.028681432990326515,0.8546957907979145,-0.07914749370301052,0.06860945742550387,0.6340023548541652,0.9501127235693544,False,False
sp|P01843|LAC1_MOUSE / tr|A0A0G2JE99|A0A0G2JE99_MOUSE,-0.022226344168742626,0.020072423247574234,0.27139866733183454,-0.07392948016308051,0.029476791825595268,-0.005316395355355046,0.0289839486337035,0.8549169633049297,-0.07997409957860464,0.06934130886789454,0.6726549628833807,0.9501127235693544,False,False
sp|Q9DAU7|WFDC2_MOUSE,0.013531994061867118,0.020405813719269826,0.509098235775268,-0.03902989887898828,0.0660938870027225,0.005388610416498614,0.029465354002024387,0.8553439426459143,-0.07050911186135767,0.0812863326943549,0.8322585824744994,0.9501771580298659,False,False
sp|Q3TB82|PKHF1_MOUSE,-0.022981491951032496,0.0202269462936426,0.2591901036394243,-0.07508265293550692,0.02911966903344193,-0.005307371439899108,0.0292070750581879,0.8562546281284836,-0.08053981124573172,0.0699250683659335,0.6648685386122579,0.9507786405480143,False,False
sp|Q52KI8|SRRM1_MOUSE,0.019320045139927088,0.02006763352523711,0.3385052625520599,-0.032370753347258974,0.07101084362711316,0.005215072396305982,0.02897703242510842,0.8576180772082163,-0.06942481685417495,0.0798549616467869,0.7305269119784844,0.95092875930227,False,False
sp|Q3V1G4|OLM2B_MOUSE,-0.060277432394650644,0.018140382459225897,0.0013330419832497658,-0.10700396111070917,-0.013550903678592116,0.004699510575710985,0.02619414242659915,0.8580577805408208,-0.06277212906805661,0.07217115021947858,0.0427585416264106,0.95092875930227,False,False
sp|Q8CF94|RHD_MOUSE,-0.0249776108720665,0.020127740814472855,0.2181611086822862,-0.07682323547622288,0.026868013732089892,0.005210695551087365,0.02906382546261228,0.8581565231996213,-0.06965275774874001,0.08007414885091475,0.6241970540392059,0.95092875930227,False,False
sp|Q9QWR8|NAGAB_MOUSE,0.01802700505837656,0.02004878137692564,0.37120181528704893,-0.03361523351275398,0.0696692436295071,-0.005181071514868676,0.02894981051514991,0.858404779261854,-0.07975084177197989,0.06938869874224254,0.7592094315839166,0.95092875930227,False,False
sp|Q8BTW3|EXOS6_MOUSE,0.022942763168224772,0.020114328507936374,0.25734940653682004,-0.02886831362372677,0.07475383996017632,-0.005189658423727209,0.02904445851329489,0.8586298482862832,-0.08000322576798252,0.06962390892052811,0.6633380598922038,0.95092875930227,False,False
sp|O35609|SCAM3_MOUSE,-0.0020059786599910864,0.020616528409502708,0.9227259545711416,-0.055110636674636566,0.05109867935465439,0.005305342409271552,0.029769619395532104,0.8589949998053399,-0.07137611558523775,0.08198680040378085,0.9802504791831174,0.95092875930227,False,False
sp|Q8CH77|NAV1_MOUSE,-0.012736791423283303,0.020463795368903744,0.535401830500381,-0.06544803519633385,0.039974452349767244,-0.005253061079644737,0.029549077682716,0.8593388054881862,-0.08136644126762745,0.07086031910833797,0.8464047074344277,0.95092875930227,False,False
sp|Q91WR8|GPX6_MOUSE,0.009906607314005403,0.020558476372648456,0.6311786855906397,-0.04304851856298019,0.062861733190991,-0.005260278952154228,0.0296857940779054,0.8597894194295084,-0.08172581723714135,0.07120525933283291,0.8934630156793685,0.95092875930227,False,False
sp|O70400|PDLI1_MOUSE,-0.0008568391353766489,0.02048393180889996,0.9667360499258806,-0.0536199509406386,0.05190627266988531,0.005201822689436196,0.029578154069523785,0.8608319794809887,-0.07098645330772732,0.08139009868659972,0.9921663326262027,0.95092875930227,False,False
sp|Q3TL44|NLRX1_MOUSE,-0.0061137493979639725,0.020405056190489625,0.7652256890162309,-0.05867369107398904,0.0464461922780611,-0.005180845141705281,0.029464260154262057,0.8608571585900512,-0.08107574985444173,0.07071405957103118,0.9443577321161442,0.95092875930227,False,False
sp|O70624|MYOC_MOUSE,-0.056281359416432815,0.018213110055675115,0.0027319355303899212,-0.10319522200660192,-0.009367496826263706,-0.0046212715942303105,0.02629915879127707,0.8609476300381312,-0.07236341546748748,0.06312087227902685,0.06337598189868511,0.95092875930227,False,False
sp|Q9D1Q6|ERP44_MOUSE,0.010931816232958805,0.020570776604551096,0.5965612683005301,-0.04205499294180205,0.06391862540771967,-0.005217201394538413,0.02970355522638516,0.8610079684524119,-0.0817284893662444,0.07129408657716758,0.8786050968849666,0.95092875930227,False,False
sp|O54957|LAT_MOUSE,0.0020491842242117784,0.020509407128455052,0.9206561909825665,-0.05077954765567745,0.054877916104101004,-0.005193258236867355,0.029614939630704155,0.8612295345716803,-0.08147628756046676,0.07108977108673206,0.9802504791831174,0.95092875930227,False,False
sp|Q8K1M6|DNM1L_MOUSE,-0.0067455571859304725,0.02022343586080232,0.7395694641412037,-0.05883767589462677,0.045346561522765824,-0.005108527905764467,0.029202006103439898,0.8615599205639596,-0.0803279109494188,0.07011085513788987,0.9385648852018718,0.95092875930227,False,False
sp|Q62469|ITA2_MOUSE,-0.03851405526801843,0.01896612296738358,0.045528523342790166,-0.08736755058211688,0.01033944004608002,-0.004755531252190551,0.02738648578136091,0.8625722761155284,-0.07529844384904529,0.06578738134466418,0.3151503967948513,0.9513042846052147,False,False
sp|Q80WM9|TNR14_MOUSE,-0.0026728864379901777,0.020528480255757976,0.8967240580671508,-0.0555507474380966,0.05020497456211624,-0.0051447480549343194,0.029642480627384706,0.8626390308944374,-0.08149871828483245,0.0712092221749638,0.9742887972670521,0.9513042846052147,False,False
sp|Q9CYA0|CREL2_MOUSE,0.011555661389620268,0.019973412838143877,0.5644770932393228,-0.03989244069075054,0.06300376346999108,-0.004971637293207213,0.028840980712703815,0.8635627533644401,-0.07926108055607835,0.06931780596966393,0.8624343533708358,0.9518045428993361,False,False
sp|Q9Z0Y1|DCTN3_MOUSE,0.014618582179346262,0.02028714643955866,0.4732150696666845,-0.03763764410505667,0.0668748084637492,0.005035082999158941,0.029294002177821226,0.8639545517896153,-0.07042126622869828,0.08049143222701617,0.8188220010928255,0.9518045428993361,False,False
sp|Q99PG2|OGFR_MOUSE,0.03129198385222701,0.019963638875211458,0.1208609194010202,-0.020130942168010674,0.08271490987246469,0.004915234583348728,0.02882686741725927,0.8650300243306877,-0.06933785523954672,0.07916832440624416,0.49399502771051906,0.9518045428993361,False,False
sp|Q3U962|CO5A2_MOUSE,-0.010849667689803832,0.0205011416155589,0.5980808226117574,-0.06365710901936629,0.041957773639758625,-0.005031302981361275,0.029603004489726983,0.8654608425570112,-0.0812835894190897,0.07122098345636715,0.8800148543318804,0.9518045428993361,False,False
sp|Q7TNC4|LC7L2_MOUSE,-0.0039542441423516,0.02061522413968694,0.8483637853154656,-0.05705554258058589,0.049147054295882696,0.00504611354639876,0.02976773607088921,0.8658081287857261,-0.07163049332530727,0.0817227204181048,0.9657706868987608,0.9518045428993361,False,False
sp|Q8R1V4|TMED4_MOUSE,-0.0023922265748698613,0.02054550677696636,0.9075920866401528,-0.05531394498724234,0.05052949183750261,-0.005028826898117759,0.029667066389154857,0.8658139822471516,-0.0814461258536335,0.07138847205739798,0.9767336082495744,0.9518045428993361,False,False
sp|Q8VHL0|UT1_MOUSE,-0.01790994742347144,0.020238996970025718,0.37878585895154276,-0.0700421488933011,0.03422225404635821,-0.004941421832049842,0.02922447585633677,0.8661461559228599,-0.08021868312365944,0.07033583945955975,0.7621373839601641,0.9518045428993361,False,False
sp|P01897|HA1L_MOUSE,0.03272704341217313,0.016264320672099555,0.04748201488099574,-0.00916707037733705,0.07462115720168332,0.003951468712999959,0.023485168138788873,0.8667979268135083,-0.05654231557766541,0.06444525300366533,0.3184015320795938,0.9518045428993361,False,False
sp|Q91VU6|DCA11_MOUSE,0.0022731025606601493,0.020451731926569846,0.9117731639688815,-0.05040706784412507,0.05495327296544537,0.004967109320565932,0.029531658450935222,0.8668431818504782,-0.07110140189975053,0.0810356205408824,0.978342601539504,0.9518045428993361,False,False
tr|A0A140T8M2|A0A140T8M2_MOUSE,-0.004124002115098027,0.02053798336592014,0.8413531309673825,-0.05702634150483501,0.04877833727463895,-0.004979111057752521,0.029656202819937312,0.8670797358507979,-0.08136842731333659,0.07141020519783155,0.9654510607143304,0.9518045428993361,False,False
tr|Q9CV82|Q9CV82_MOUSE,0.01186004089687923,0.020519057187912876,0.5648472179788482,-0.04099354788894245,0.06471362968270092,-0.004971542104057988,0.029628874013423567,0.8671586243269291,-0.08129046401899294,0.07134737981087695,0.8624343533708358,0.9518045428993361,False,False
sp|O88207|CO5A1_MOUSE,-0.039125757585564185,0.01953244582623606,0.04846825543209119,-0.08943800391476445,0.011186488743636078,-0.004603026419264465,0.028204238199622415,0.8707598743065736,-0.07725232965812516,0.06804627681959623,0.31848328724966807,0.9551772920162374,False,False
sp|P04945|KV6AB_MOUSE,-0.02256541958504745,0.019286743970010675,0.24539181563425436,-0.072244779873046,0.027113940702951096,-0.004525265037185518,0.0278494524374747,0.8713195446145781,-0.0762607007134242,0.06721017063905316,0.6544271545094794,0.9551772920162374,False,False
sp|P25206|MCM3_MOUSE,0.04407024300241293,0.019230771208261825,0.024490328819435785,-0.005464941005672366,0.09360542701049823,0.004511257852081192,0.02776862952778385,0.8713442559014142,-0.06701599180497772,0.0760385075091401,0.22684387305772355,0.9551772920162374,False,False
sp|Q9D0T1|NH2L1_MOUSE,0.012937471210276084,0.019839172403614932,0.5161491970652463,-0.03816485042511393,0.06403979284566609,0.004639776520894113,0.028647141742143882,0.8717334295170801,-0.06915037064143899,0.07842992368322722,0.8370284133724559,0.9551972685133963,False,False
tr|E9PZ87|E9PZ87_MOUSE,-0.05870945230859022,0.018583725148513537,0.0022158306807094096,-0.10657795611523002,-0.010840948501950408,0.004332995847853945,0.02683431534318977,0.8721186955852874,-0.06478761995380614,0.07345361164951403,0.055928453899635744,0.9552129481633838,False,False
sp|O55143|AT2A2_MOUSE,0.010810428701795268,0.02024545367706341,0.5948081619439133,-0.041338404143226495,0.06295926154681704,0.004690236732702681,0.029233799138474417,0.8729299822320346,-0.07061103974224232,0.07999151320764768,0.8771552563153427,0.9556950273161093,False,False
sp|O08710|THYG_MOUSE,0.05660778828192899,0.01874558858614776,0.003371437232774118,0.00832235188945779,0.1048932246744002,-0.0043015766653395435,0.02706804106251127,0.8741248790316216,-0.074024230023821,0.0654210766931419,0.07115943339666683,0.956205343214417,False,False
sp|Q8R3I9|B3GN8_MOUSE,-0.021734036654035057,0.016561972287948354,0.19308533930262856,-0.06439485019789726,0.02092677688982714,0.003800075622341258,0.023914967721933026,0.8741387875443641,-0.05780079902923992,0.06540095027392244,0.5995262059075294,0.956205343214417,False,False
sp|Q78PY7|SND1_MOUSE,0.007845292041316988,0.019547413069012556,0.6892088093672979,-0.042505507350420295,0.05819609143305427,0.004435800565643002,0.02822585042802511,0.8755099260308864,-0.06826917208445234,0.07714077321573835,0.9160505102752249,0.9569378239903101,False,False
sp|Q9CQK7|RWDD1_MOUSE,0.019762945966958254,0.020440233996429365,0.33645457141988544,-0.032887607732440954,0.07241349966635746,-0.004607231703311803,0.029515055800997288,0.8763396848688378,-0.08063297733140158,0.07141851392477798,0.7302365808053777,0.9569378239903101,False,False
sp|Q9ERI2|RB27A_MOUSE,-0.011169029187035495,0.020448622331906034,0.5864118008605277,-0.06384118980676351,0.04150313143269251,0.004588656384611487,0.029527168293922493,0.8768843093588133,-0.07146828895769405,0.08064560172691704,0.8755588163150538,0.9569378239903101,False,False
sp|Q61335|BAP31_MOUSE,0.0064085131081968155,0.020510903087153108,0.7554961237999794,-0.046424072105943764,0.0592410983223374,-0.004600377635143701,0.02961709974807154,0.8769441257570626,-0.08088897105235714,0.07168821578206973,0.942480654859813,0.9569378239903101,False,False
sp|P62827|RAN_MOUSE,-0.015516961105031087,0.020374298321315598,0.4484867054781434,-0.06799767576032298,0.0369637535502608,-0.004549885971712344,0.029419846757372872,0.8774744179644939,-0.08033038935527148,0.0712306174118468,0.8014248900806518,0.9569378239903101,False,False
sp|Q9ERN0|SCAM2_MOUSE,-0.004142390351161614,0.020580356113966233,0.8409789929496562,-0.057153874706987615,0.04886909400466438,0.004582876843273603,0.029717387737059123,0.8778188781959804,-0.07196404131476804,0.08112979500131524,0.9654510607143304,0.9569378239903101,False,False
sp|Q9CR00|PSMD9_MOUSE,0.008202425890166528,0.02047662999447657,0.6897748321708325,-0.04454187768753458,0.06094672946786764,0.004541243424093101,0.02956761047886858,0.8783115958286677,-0.07161987408329612,0.08070236093148234,0.9160505102752249,0.9569378239903101,False,False
sp|P17182|ENOA_MOUSE,0.05550979006841459,0.018868361783613403,0.0042389794480744486,0.006908110876220987,0.10411146926060819,-0.004184276093429422,0.02724532170297255,0.878319979539665,-0.07436357412056295,0.06599502193370411,0.08207046675783236,0.9569378239903101,False,False
sp|P50543|S10AB_MOUSE,0.013260015764485735,0.020171758698374884,0.5127933439085907,-0.03869899139490572,0.06521902292387718,-0.004467765186550111,0.029127385904231348,0.8784698636029046,-0.0794949393344464,0.07055940896134619,0.8353249004462594,0.9569378239903101,False,False
sp|Q3UE37|UBE2Z_MOUSE,-0.013558847885136694,0.020459688264484185,0.5093745731960431,-0.06625951245827061,0.03914181668799722,-0.004529477862486217,0.029543147152950783,0.8785246663740167,-0.08062758201811411,0.07156862629314169,0.8322585824744994,0.9569378239903101,False,False
sp|P39053|DYN1_MOUSE,-0.008981085089043911,0.020312733142764355,0.6595513763165819,-0.06130321835334529,0.04334104817525747,0.004470465810356145,0.02933094857349417,0.8792343175333371,-0.07108105102613596,0.08002198264684826,0.9043369510198075,0.957305863699088,False,False
sp|P07361|A1AG2_MOUSE,-0.0024746368182001926,0.01579930435268287,0.8759218624026005,-0.043170947945528414,0.03822167430912803,-0.0034326329747777565,0.022813699181126475,0.8807683149650767,-0.062196827847872886,0.05533156189831737,0.9715968040147054,0.9584108255699172,False,False
sp|P15508|SPTB1_MOUSE,-0.03211966460871016,0.019308529191252196,0.10003069529037067,-0.08185513990796692,0.0176158106905466,-0.004185793494562936,0.027880909612607474,0.8810298027230999,-0.0760022574843155,0.06763067049518962,0.45690690984054005,0.9584108255699172,False,False
sp|Q64692|SIA8D_MOUSE,0.013640415204443583,0.019140850948776544,0.47809542089432466,-0.03566314956427681,0.06294397997316398,-0.00410805462947608,0.02763878749775563,0.8822076137954655,-0.07530085338075602,0.06708474412180386,0.8193040958645351,0.9584108255699172,False,False
sp|Q9D8V0|HM13_MOUSE,0.00038141945497747787,0.02057739162998935,0.9852564056901496,-0.05262242889615096,0.05338526780610592,-0.004408282405142974,0.02971310711531995,0.8824216830577102,-0.08094417441227143,0.07212760960198548,0.9954255961709187,0.9584108255699172,False,False
sp|P35991|BTK_MOUSE,-0.018223906979022646,0.020174703445210312,0.3690101317669973,-0.07019049930360433,0.033742685345559034,0.004320165867741921,0.029131638026158264,0.8824716089824032,-0.07071796102041598,0.07935829275589983,0.757736115869233,0.9584108255699172,False,False
sp|P59862|CAD26_MOUSE,-0.01721297061645267,0.01939698994216704,0.37745676563090447,-0.06717630571012982,0.03275036447722447,0.0041501644084055754,0.02800864415810758,0.8825688895795262,-0.06799532196672164,0.07629565078353279,0.7617832475251141,0.9584108255699172,False,False
sp|P29788|VTNC_MOUSE,-0.02665242759135618,0.019993750792691264,0.18621122939743445,-0.0781529167710244,0.024848061588312036,-0.004266830984787745,0.0288703480801933,0.8828690622571589,-0.07863191957340639,0.07009825760383089,0.5921328317698707,0.9584108255699172,False,False
sp|Q9QZ08|NAGK_MOUSE,0.006778412248501283,0.018651596826896474,0.7172244553764014,-0.04126491741619834,0.05482174191320091,-0.003968159500228847,0.026932319914719116,0.8832267530397723,-0.07334121834911596,0.06540489934865827,0.9276006893994142,0.9584108255699172,False,False
sp|P62852|RS25_MOUSE,0.03844429365808249,0.019544597517254625,0.052564736962781765,-0.011899253352931058,0.08878784066909604,0.004120492570720904,0.028221784859731692,0.8842765836090027,-0.06857400786942867,0.07681499301087048,0.3317504845077526,0.9590865437771776,False,False
sp|Q80W04|TMCC2_MOUSE,-0.019761710783657366,0.020417443938306707,0.33594857237329395,-0.07235356118351464,0.03283013961619992,0.004284664689735534,0.02948214767297313,0.8848063244196303,-0.07165631521786467,0.08022564459733575,0.7302365808053777,0.9590865437771776,False,False
sp|P49817|CAV1_MOUSE,0.009377505931602585,0.02048921497257703,0.6483927159977075,-0.043399214401474207,0.06215422626467938,-0.004290261935559739,0.02958578279191325,0.8850580817937554,-0.0804981882194027,0.07191766434828321,0.8973269315332452,0.9590865437771776,False,False
tr|B1AVU4|B1AVU4_MOUSE / tr|Q9D3N5|Q9D3N5_MOUSE,-0.003227744995468518,0.02057520951030162,0.8757286312369523,-0.056225972578761454,0.04977048258782442,0.004295761900310275,0.02970995620303788,0.8853893983938864,-0.07223201389462912,0.08082353769524968,0.9715968040147054,0.9590865437771776,False,False
sp|P84244|H33_MOUSE / sp|P02301|H3C_MOUSE / sp|P68433|H31_MOUSE / sp|P84228|H32_MOUSE,0.05263430564454478,0.01904013128206207,0.007041486849348689,0.003590177544791205,0.10167843374429836,-0.003932196651138335,0.027493351462930644,0.8866224526457007,-0.07475037700212411,0.06688598369984744,0.11243347493491548,0.9590865437771776,False,False
sp|Q9WUM3|COR1B_MOUSE,0.02839327424572712,0.019982825398794417,0.15914216641443366,-0.02307907298418878,0.07986562147564302,0.004115564803311305,0.028854572154606066,0.8869312727154928,-0.07020888769388912,0.07844001730051174,0.5576878130076082,0.9590865437771776,False,False
sp|Q923D2|BLVRB_MOUSE,0.0008135186663297793,0.020601901983966477,0.9685976605216756,-0.0522534641728133,0.05388050150547286,0.004215077110944969,0.02974849929651824,0.8876720835235478,-0.07241197911363056,0.08084213333552051,0.9922826038490516,0.9590865437771776,False,False
sp|Q9QXC1|FETUB_MOUSE,0.04632298910416131,0.01932089679907028,0.01877690905000918,-0.003444343041728061,0.09609032125005068,-0.003949502398318011,0.02789876804979265,0.8877704601012653,-0.07581196667388773,0.06791296187725171,0.19897341894557052,0.9590865437771776,False,False
sp|Q3UMC0|SPAT5_MOUSE / sp|Q9D3R6|KATL2_MOUSE,-0.00705528436260022,0.020583676502396623,0.7326552700225142,-0.06007532147224438,0.04596475274704394,0.004202736197825399,0.029722182273649117,0.8879002429642556,-0.07235653186806168,0.08076200426371247,0.9360856764025818,0.9590865437771776,False,False
tr|A0A075B5U4|A0A075B5U4_MOUSE,0.03426799517577807,0.01913922297663842,0.0770709122579634,-0.015031376214603584,0.08356736656615972,0.003903025874515121,0.027636436757127732,0.8880365708077674,-0.06728371777017043,0.07508976951920067,0.40742088722525804,0.9590865437771776,False,False
sp|Q8R418|DICER_MOUSE,0.00015362385759858243,0.02058476298609233,0.9940635783449553,-0.052869211848586804,0.053176459563783966,-0.0041947093018249,0.029723751121975967,0.8881187745136727,-0.0807580184532051,0.07236859984955529,0.9977177296440393,0.9590865437771776,False,False
tr|G3X972|G3X972_MOUSE,-0.0012415999055137936,0.02061086410504942,0.9521110079716658,-0.05433166763876427,0.05184846782773669,-0.00417217044345534,0.029761440317834564,0.888855929953377,-0.08083256052995531,0.07248821964304462,0.9854328625709547,0.9590865437771776,False,False
sp|Q7TSG2|CTDP1_MOUSE,0.030301094961531445,0.01962896472811804,0.12651338434897536,-0.020259767583482774,0.08086195750654566,-0.0039496042609725324,0.028343608461988065,0.8895174232060888,-0.07695790150567797,0.0690586929837329,0.5071896901968753,0.9590865437771776,False,False
sp|Q9DCC4|P5CR3_MOUSE,0.006219351543872983,0.0203270006026487,0.7604067122049333,-0.0461395322616857,0.05857823534943166,-0.004075639270573284,0.0293515503373829,0.8899043828638316,-0.07968022273419477,0.07152894419304821,0.9431187041757689,0.9590865437771776,False,False
sp|P35459|LY6D_MOUSE,0.0057157340421803825,0.02058453854269089,0.7819636258905632,-0.04730652353611459,0.05873799162047536,0.004125585770029614,0.02972342703275474,0.8899491931637227,-0.07243688858283759,0.08068806012289681,0.9507057621974679,0.9590865437771776,False,False
sp|Q3V3A1|CDK15_MOUSE,-0.005069248113509413,0.02012367882111233,0.8017450584086238,-0.056904409716136944,0.04676591348911811,-0.0040256860412676565,0.029057960071799227,0.8901534240286756,-0.07887403109556201,0.0708226590130267,0.9565299624897676,0.9590865437771776,False,False
sp|Q8BTI8|SRRM2_MOUSE,0.025246911023993197,0.02014955207895656,0.2137755872315225,-0.026654895674367778,0.07714871772235417,0.004029832461631958,0.02909532024336867,0.8901812969427008,-0.07091474601737659,0.07897441094064049,0.6241180692983792,0.9590865437771776,False,False
sp|C0HKE3|H2A1D_MOUSE / sp|Q8CGP7|H2A1K_MOUSE / sp|Q8CGP6|H2A1H_MOUSE / sp|Q64523|H2A2C_MOUSE / sp|C0HKE8|H2A1O_MOUSE / sp|C0HKE6|H2A1I_MOUSE / sp|Q8CGP5|H2A1F_MOUSE / sp|C0HKE1|H2A1B_MOUSE / sp|Q8R1M2|H2AJ_MOUSE / sp|C0HKE5|H2A1G_MOUSE / sp|C0HKE9|H2A1P_MOUSE / sp|Q8BFU2|H2A3_MOUSE / sp|C0HKE2|H2A1C_MOUSE / sp|C0HKE7|H2A1N_MOUSE / tr|Q8CGP4|Q8CGP4_MOUSE / sp|C0HKE4|H2A1E_MOUSE / sp|Q6GSS7|H2A2A_MOUSE,0.044707468918551485,0.019312646100278375,0.02311705866518495,-0.005038610835614951,0.09445354867271792,0.0038477878626752204,0.027886854299916657,0.8905956277226101,-0.06798398862684876,0.07567956435219919,0.22211353008526588,0.9591282993406589,False,False
sp|P22777|PAI1_MOUSE,0.0585671450549009,0.018054075568834496,0.0017063450475220785,0.012062928156210719,0.10507136195359107,0.0035745686868528075,0.026069517988035595,0.8912745902094737,-0.06357605967612445,0.07072519704983007,0.048304563361368985,0.9591282993406589,False,False
sp|Q03172|ZEP1_MOUSE,0.005849209821964631,0.020603573804055184,0.7772079994780392,-0.047222079340353204,0.05892049898428246,-0.004076975055260677,0.029750913352209387,0.8913374836202707,-0.08071024947522587,0.07255629936470451,0.9481678008640579,0.9591282993406589,False,False
sp|Q9QYJ1|SIA7E_MOUSE,0.003930420348711599,0.020455037279080282,0.8481003414656925,-0.04875826407992856,0.056619104777351756,-0.004004082136057856,0.02953643127612913,0.8924980601842031,-0.0800848873393695,0.0720767230672538,0.9657706868987608,0.9599115023596367,False,False
sp|Q91VM3|WIPI4_MOUSE,-0.0017002723522851384,0.020539739653535914,0.9342284946692485,-0.054607135639128286,0.051206590934558004,0.003996524970226434,0.02965873884408416,0.8931394829931534,-0.07239932365066959,0.08039237359112245,0.9824303813616132,0.9599115023596367,False,False
sp|Q6ZWY8|TYB10_MOUSE / sp|P20065|TYB4_MOUSE / tr|A2AEH9|A2AEH9_MOUSE,-0.007287653905634539,0.020581063284225192,0.7241765105663847,-0.06030095981133616,0.045725652000067084,0.004000563855917034,0.029718408868698695,0.893245614715077,-0.07254898456292459,0.08055011227475865,0.9314458115426776,0.9599115023596367,False,False
tr|A0A087WPN7|A0A087WPN7_MOUSE,-0.029518021853690693,0.020167721105722163,0.14711883525755517,-0.08146662886361147,0.022430585156230087,0.003908733714448291,0.02912155574727387,0.8935564548178832,-0.07110342294431264,0.07892089037320922,0.5424507070243373,0.9599115023596367,False,False
sp|Q9Z1G4|VPP1_MOUSE,0.017794570758581173,0.020375595476455552,0.38503487882500204,-0.03468948514693146,0.0702786266640938,-0.003902018990406292,0.02942171980864738,0.8948158514521667,-0.07968734703432537,0.07188330905351278,0.7673876261411612,0.9607094798126107,False,False
sp|P53986|MOT1_MOUSE,-0.01647642243818731,0.020091630427703528,0.41455705232542756,-0.06822903284994078,0.035276187973566166,-0.003834949700886132,0.029011683198454322,0.8951606831510216,-0.07856409342874206,0.0708941940269698,0.7853407010863372,0.9607094798126107,False,False
sp|Q8CI94|PYGB_MOUSE,0.006839394811073567,0.020605038431330085,0.7407903486261469,-0.04623566698109773,0.05991445660324487,-0.003913541245686289,0.029753028227985954,0.8956749149305477,-0.08055226322465012,0.07272518073327755,0.9385648852018718,0.9607094798126107,False,False
sp|Q9CRC6|BORC7_MOUSE,0.018557007078531175,0.02031130108442612,0.3635900524602286,-0.03376143744793818,0.07087545160500053,-0.00385340999086192,0.02932888072623906,0.8957916353514868,-0.07939960040579905,0.0716927804240752,0.7550357944234586,0.9607094798126107,False,False
sp|P62264|RS14_MOUSE,0.009491065609587306,0.02026774568701387,0.6408237394322189,-0.04271518764789986,0.06169731886707447,-0.003825340112437597,0.02926598810058312,0.89632532614716,-0.07920952985923302,0.07155884963435782,0.8973269315332452,0.9608816464733293,False,False
sp|P17742|PPIA_MOUSE,0.00044414355758760687,0.020470945260311263,0.9827429320616454,-0.05228551711526761,0.05317380423044283,0.003804466326376642,0.02955940190130865,0.8979056033439234,-0.07233550728639326,0.07994443993914654,0.9947181800545349,0.9621751679611331,False,False
sp|Q7TMR0|PCP_MOUSE,-0.005177068755194477,0.02032040441798588,0.7995371201440996,-0.05751896191500704,0.04716482440461809,0.0037036508733766156,0.02934202565393599,0.8998640527175545,-0.07187639863151529,0.07928370037826851,0.9565299624897676,0.9635491866514969,False,False
sp|O89023|TPP1_MOUSE,-0.004348162825830193,0.02007277458625509,0.829042576315724,-0.05605220380863771,0.047355878156977324,-0.003655865941630119,0.02898445595572204,0.8999362306395534,-0.0783148769398014,0.07100314505654116,0.9624818007272269,0.9635491866514969,False,False
sp|P60766|CDC42_MOUSE,0.044114339987497614,0.019392064758730627,0.02552476342023044,-0.0058363086743586715,0.09406498864935389,0.00347382226458432,0.028001532347940374,0.9015727227250581,-0.06865334530151294,0.07560098983068157,0.23079465031111643,0.9645786349682272,False,False
sp|Q9CQF9|PCYOX_MOUSE,0.003365436467815139,0.020148930602335684,0.8677591915345185,-0.04853476941285431,0.05526564234848459,-0.0036066700055725886,0.029094422850650593,0.9016469026673876,-0.07854893695412112,0.07133559694297593,0.9700936139410723,0.9645786349682272,False,False
sp|Q99NB9|SF3B1_MOUSE,0.04248089006132055,0.01964991301775452,0.03354175562622003,-0.008133931701998547,0.09309571182463966,-0.0034960615912916354,0.028373857134173727,0.9022390007376374,-0.07658227425220634,0.06959015106962307,0.2665905967919047,0.9648112237954387,False,False
sp|P14069|S10A6_MOUSE,0.03522763232639843,0.019724965670064664,0.07780552652772002,-0.015580512258050204,0.08603577691084707,-0.0034811640854643115,0.028482230806477753,0.9030219996097483,-0.07684652882723293,0.06988420065630431,0.40742088722525804,0.9652476749668335,False,False
sp|Q9CZY3|UB2V1_MOUSE,0.02087995465647644,0.020381979059794803,0.3086438767409832,-0.03162054427006308,0.07338045358301595,-0.003571295106822448,0.029430937502461514,0.9037146977073598,-0.0793803663565791,0.07223777614293421,0.7105527400250299,0.9653303082792204,False,False
sp|P35235|PTN11_MOUSE,0.010088361983898321,0.020286154744463766,0.6203063835283148,-0.042165309863219,0.06234203383101564,-0.0035495194746881964,0.029292570201256356,0.9038490769946409,-0.07900218017534763,0.07190314122597125,0.8890546208963676,0.9653303082792204,False,False
sp|P97321|SEPR_MOUSE,-0.007851966680309434,0.020353212871864722,0.7006548788151086,-0.06027836881702726,0.044574435456408386,-0.0035109470022864422,0.029389400030723833,0.905200719089184,-0.07921302481514583,0.07219113081057296,0.9209731051296092,0.9663730728253104,False,False
sp|P47856|GFPT1_MOUSE / sp|Q9Z2Z9|GFPT2_MOUSE,-0.005837649150893213,0.020561592295859972,0.7771947184821338,-0.05880080111419464,0.04712550281240821,-0.0035208440644880924,0.029690293373142218,0.9058936212083915,-0.07999797176599155,0.07295628363701537,0.9481678008640579,0.9664249015030758,False,False
sp|Q9D2V7|CORO7_MOUSE,0.005453858081073853,0.020035121489865398,0.7861410669818563,-0.04615319495268374,0.05706091111483145,0.0034268019358366527,0.028930086067333466,0.9059998882440486,-0.07109216151059265,0.07794576538226596,0.9507057621974679,0.9664249015030758,False,False
sp|Q3TJD7|PDLI7_MOUSE,-0.02024222654967761,0.018948397030160238,0.28852830819298186,-0.06905006287524332,0.02856560977588809,0.0031882486609197073,0.027360890084835936,0.9075207842451909,-0.06728873379078125,0.07366523111262067,0.6950050454601762,0.9673267435952301,False,False
sp|Q9QYG0|NDRG2_MOUSE,0.0021954684651420008,0.02061947024104153,0.9154651499712699,-0.050916767205387285,0.055307704135671286,-0.0034665628968541667,0.029773867307862297,0.9075966650586702,-0.08015896278842248,0.07322583699471415,0.9785482611772603,0.9673267435952301,False,False
sp|Q01339|APOH_MOUSE,0.013183058022594719,0.019448725051913553,0.49978349569376324,-0.036913537882789824,0.06327965392797925,0.0032461111424085557,0.02808334803142458,0.9082612990700382,-0.0690917996586972,0.07558402194351431,0.8287947418258782,0.9676346069943518,False,False
sp|P21803|FGFR2_MOUSE,-0.0005728411826162194,0.020328129094469845,0.9775872745060424,-0.05293463179047662,0.05178894942524418,0.00337294013038555,0.02935317984412328,0.9087982828957352,-0.07223584066444813,0.07898172092521924,0.9942219204161421,0.9678062772773027,False,False
sp|Q8CH18|CCAR1_MOUSE,0.03502704549688447,0.019510648337058397,0.07629360141071366,-0.015229054220948168,0.08528314521471711,-0.003194792986934243,0.028172763309975226,0.9099905713895229,-0.07576302228271574,0.06937343630884725,0.40423050130162075,0.9686328423711502,False,False
sp|Q9R0Q3|TMED2_MOUSE,0.015909809912937986,0.019987682665817585,0.4283415783271441,-0.035575048807711354,0.06739466863358733,-0.0032569454973888027,0.028861585895606008,0.9104276066866189,-0.0775994641941844,0.07108557319940678,0.7935104778362561,0.9686328423711502,False,False
sp|Q9Z266|SNAPN_MOUSE,0.02513578365525954,0.02029240510148236,0.21899843489594523,-0.027133988044623924,0.077405555355143,-0.0032903596740886465,0.029301595520448503,0.9108656485596255,-0.0787662680563971,0.07218554870821979,0.6258588062438172,0.9686328423711502,False,False
sp|Q9JHK4|PGTA_MOUSE,-0.01074760095560421,0.020511842474634952,0.6017124378879579,-0.0635826058715479,0.04208740396033949,-0.0033170521406167483,0.029618456194086307,0.9111028563643297,-0.0796091395312237,0.07297503524999019,0.8803183762269919,0.9686328423711502,False,False
sp|Q9JMK0|B4GT5_MOUSE,0.014799332571737803,0.02029528689610377,0.46795677968513183,-0.037477862139178295,0.0670765272826539,-0.0032571538779977128,0.029305756741355896,0.911773892980749,-0.07874378085505797,0.07222947309906254,0.8143180186136165,0.9686328423711502,False,False
sp|P21279|GNAQ_MOUSE,0.006271083960730302,0.02056555188350198,0.7611909737234328,-0.04670226722444938,0.05924443514590999,-0.003298365646943504,0.029696010893314598,0.9118314601583177,-0.0797902207044506,0.07319348941056358,0.9431187041757689,0.9686328423711502,False,False
sp|E9Q555|RN213_MOUSE,-0.009663564066482083,0.018952096459259382,0.6114952742716234,-0.05848092948992776,0.03915380135696359,0.0030243449441236226,0.02736623194424479,0.9122719826214901,-0.06746639722557811,0.07351508711382536,0.8860033768586976,0.9687011774228194,False,False
sp|P16675|PPGB_MOUSE,0.034686980106257315,0.01944593807141134,0.07816152166573882,-0.015402437013081208,0.08477639722559584,0.0030600581295509247,0.02807932371912691,0.9134853480663563,-0.06926748673001186,0.07538760298911372,0.40742088722525804,0.9695614630146028,False,False
sp|Q18PI6|SLAF5_MOUSE,0.019862332058944245,0.02025299092830106,0.3296199363102116,-0.032305915458683665,0.07203057957657216,-0.0031715087405834075,0.029244682692493622,0.9139057619857092,-0.07850081939289784,0.07215780191173103,0.7256310024126451,0.9695614630146028,False,False
sp|Q921I1|TRFE_MOUSE,0.04796063182792805,0.016979986539460402,0.00594313403671878,0.004223084925720058,0.09169817873013604,0.0026467522152124837,0.02451856717001887,0.914299930228745,-0.06050889158235415,0.06580239601277912,0.10340250097669498,0.9695614630146028,False,False
sp|Q9JMA1|UBP14_MOUSE,-0.014629347770492308,0.020505885273339592,0.4776102867468582,-0.06744900795277228,0.038190312411787664,0.0031258375906202014,0.029609854182549602,0.9161833476402509,-0.07314409248660105,0.07939576766784144,0.8193040958645351,0.9695614630146028,False,False
sp|Q61851|FGFR3_MOUSE,-0.017354546379230652,0.020318928086889215,0.39553383461696495,-0.06969263676214268,0.03498354400368139,0.0030892702057765714,0.029339893878208456,0.9164008678487177,-0.07248528820872777,0.0786638286202809,0.7718290401489944,0.9695614630146028,False,False
sp|Q9R0N0|GALK1_MOUSE,0.019125952174606057,0.02039970356633777,0.35122370202877523,-0.03342020205527778,0.0716721064044899,-0.0030921096839744847,0.02945653113312896,0.9166544089815301,-0.07896710575758856,0.07278288638963959,0.740890938913965,0.9695614630146028,False,False
sp|Q9DCR2|AP3S1_MOUSE,-0.028624535307571423,0.02005201818461859,0.1572290613466944,-0.0802751113428074,0.02302604072766456,0.0030009084405324604,0.028954484363780564,0.9177063086738823,-0.07158090085284197,0.07758271773390688,0.5561330123183216,0.9695614630146028,False,False
sp|Q99KY4|GAK_MOUSE,-0.0027461950223841105,0.02061607989663528,0.8943564615837297,-0.05584969774444264,0.050357307699674426,0.0030683113240047143,0.029768971757040685,0.9181584465639304,-0.07361147846430027,0.0797481011123097,0.9725371151089967,0.9695614630146028,False,False
sp|Q3TPJ7|MIDN_MOUSE,0.023656316615408794,0.02025699688825896,0.24626792726978078,-0.028522249571267522,0.07583488280208511,0.003009670883377422,0.029250467172833455,0.9182990412989952,-0.07233453960290215,0.07835388136965699,0.6544271545094794,0.9695614630146028,False,False
sp|P10493|NID1_MOUSE,0.05471011838614556,0.01864524654566142,0.004334969785968546,0.006683145961936969,0.10273709081035415,0.0027611281454200587,0.026923150308097325,0.9185658237660335,-0.06658831136202864,0.07211056765286875,0.08275404644871796,0.9695614630146028,False,False
tr|A0A075B5L4|A0A075B5L4_MOUSE,-0.006903166369939217,0.02027090635474171,0.7343166638672464,-0.05911756096797853,0.0453112282281001,0.002982942602648062,0.02927055200549595,0.9190774283571895,-0.07241300298416044,0.07837888818945656,0.9360856764025818,0.9695614630146028,False,False
sp|P62082|RS7_MOUSE,0.011553412039229015,0.02016927850520163,0.568332458088359,-0.040399206565908306,0.06350603064436633,0.0029676753540602797,0.02912380458319957,0.9190859138989482,-0.07205027392217694,0.07798562463029751,0.8641402584556713,0.9695614630146028,False,False
sp|P35293|RAB18_MOUSE,0.024550250908166312,0.020221781747717986,0.22821368708595596,-0.027537607087575976,0.0766381089039086,-0.002967152723790989,0.02919961761610684,0.9193094280894087,-0.07818038343178167,0.0722460779841997,0.6308389222667321,0.9695614630146028,False,False
sp|Q8CBY8|DCTN4_MOUSE,0.03101418041105836,0.019962220122773395,0.12412067398742106,-0.02040509114507488,0.0824334519671916,0.0029184288380453673,0.028824818783306033,0.9196014794982001,-0.07132938405348108,0.07716624172957182,0.5025326030151088,0.9695614630146028,False,False
sp|Q9D136|OGFD3_MOUSE / sp|Q8C9S4|CC186_MOUSE,0.0023633778552276234,0.020134780326672545,0.906847639284219,-0.049500379330735415,0.054227135041190665,-0.0029412489993849667,0.029073990297096165,0.9196670136421276,-0.07783088517774167,0.07194838717897173,0.9767336082495744,0.9695614630146028,False,False
sp|Q9QXG2|RAE1_MOUSE,0.026481307925287363,0.020201950222336753,0.1935747520698316,-0.025555467446243867,0.07851808329681859,-0.0029474941187089187,0.029170981516424797,0.9197637773668077,-0.07808696312199924,0.07219197488458141,0.5995262059075294,0.9695614630146028,False,False
sp|Q8BHN3|GANAB_MOUSE,0.002065216681295548,0.018606853853414786,0.911893708735739,-0.045862862721182035,0.049993296083773134,0.0027107260240894814,0.026867712466524286,0.9198828069799627,-0.06649591506650988,0.07191736711468884,0.978342601539504,0.9695614630146028,False,False
sp|Q5SWD9|TSR1_MOUSE,-0.019557081273362014,0.020350345226029284,0.3393675858475925,-0.07197609684390471,0.03286193429718069,-0.002956641516920493,0.029385259240218925,0.9201005128557579,-0.07864805336025749,0.07273477032641651,0.7306618173558117,0.9695614630146028,False,False
sp|Q99MQ4|ASPN_MOUSE,-0.056196655466623904,0.018647478747885762,0.0034335709349826602,-0.10422937766273341,-0.0081639332705144,-0.0027044403434565937,0.02692637353798902,0.9202414945903402,-0.0720621823409124,0.0666533016539992,0.07188166794780773,0.9695614630146028,False,False
sp|Q07456|AMBP_MOUSE,0.02609853733779597,0.019601250080578857,0.18672305219306218,-0.02439093700594929,0.07658801168154122,0.0028294892169315406,0.02830358938154276,0.9206127289594966,-0.0700757257076618,0.07573470414152489,0.5921328317698707,0.9695614630146028,False,False
sp|Q02013|AQP1_MOUSE,-0.0016427532853792823,0.019990479873125647,0.9347063980711975,-0.053134817134580827,0.04984931056382227,-0.0028627006430944606,0.028865624975090067,0.9212426831339532,-0.07721562331918445,0.07149022203299553,0.9824303813616132,0.9698282539124814,False,False
sp|Q5SQX6|CYFP2_MOUSE / sp|Q7TMB8|CYFP1_MOUSE,0.038561917401371,0.019695521915715518,0.0536424314627165,-0.012170385097818606,0.0892942199005606,0.0027438014579551527,0.02843971495011536,0.9233765025950499,-0.07051204969512975,0.07599965261104005,0.3344534165048305,0.9712737909179293,False,False
sp|O08795|GLU2B_MOUSE,0.019524989586680447,0.01842895001563779,0.29249492141399375,-0.02794483989723734,0.06699481907059823,-0.0025484278570454665,0.026610824913274315,0.9239396117020485,-0.07109337046026658,0.06599651474617564,0.6999762292202917,0.9712737909179293,False,False
sp|Q9DB05|SNAA_MOUSE,-0.000678431054315433,0.020063846099646884,0.97310795711067,-0.05235947377968119,0.05100261167105032,0.002773815958913947,0.028971563501530677,0.9239585174068508,-0.07185198627795655,0.07739961819578445,0.9939447960749526,0.9712737909179293,False,False
sp|Q9CU62|SMC1A_MOUSE,0.0015602388613171305,0.02061898116085136,0.9398659335856935,-0.051550737022126536,0.05467121474476079,-0.0028443187631022357,0.029773161091431185,0.9241245777665735,-0.07953489956169264,0.07384626203548818,0.983402998367802,0.9712737909179293,False,False
sp|Q8R2U2|NEPRO_MOUSE,0.03213703501417782,0.02007300499248476,0.11322100842841153,-0.0195675994557478,0.08384166948410343,-0.0027345983716141192,0.028984788655079922,0.9250644832629611,-0.07739446634654071,0.07192526960331247,0.4825404792812557,0.9718291655887903,False,False
sp|P63085|MK01_MOUSE,0.032283379217769984,0.020012632626384735,0.11055406386749572,-0.019265746342430612,0.08383250477797058,-0.002710095632501487,0.028897612854910916,0.9255105623178794,-0.07714541362679243,0.07172522236178945,0.4771444563536283,0.9718291655887903,False,False
sp|Q99KP6|PRP19_MOUSE,-0.004046666380428711,0.020599725025149875,0.8447496920679293,-0.057108041745259366,0.04901470898440194,0.0027719645422754776,0.02974535583637196,0.9259800715119518,-0.07384699466554073,0.07939092375009169,0.9654510607143304,0.9718291655887903,False,False
sp|P51175|PPOX_MOUSE,0.018064419751389334,0.02011045263055272,0.3716768379078754,-0.03373667344202043,0.06986551294479909,-0.002699432739586328,0.02903886186810598,0.9261626300407345,-0.07749858408116246,0.07209971860198981,0.759577664772047,0.9718291655887903,False,False
sp|P35278|RAB5C_MOUSE,0.023662037257642654,0.02025451472678893,0.24609725089322218,-0.028510135304783017,0.07583420982006833,0.0026990271833089163,0.02924688300964297,0.9266972749045528,-0.0726359511103959,0.07803400547701374,0.6544271545094794,0.9719940867125146,False,False
sp|Q61768|KINH_MOUSE,-0.01586878426050168,0.020445587034685797,0.4398950458238281,-0.06853312647270482,0.03679555795170147,-0.002705241365167695,0.029522785420084376,0.9272136547250722,-0.07875089717260726,0.07334041444227186,0.7960152796882342,0.972139723500432,False,False
sp|O08992|SDCB1_MOUSE,0.030802014909783626,0.019563402652655583,0.11922912525753092,-0.019589970920052914,0.08119400073962016,-0.002552137756740967,0.028248938884524247,0.9282337346857268,-0.07531658232966051,0.07021230681617857,0.4919309261538196,0.972497445452877,False,False
sp|Q4LDD4|ARAP1_MOUSE,0.01714328326046652,0.02045388951214755,0.4043868971674937,-0.035542444716474664,0.0698290112374077,-0.0026654557397284757,0.029534773936733108,0.9283101828827851,-0.07874199191965793,0.07341108044020099,0.7781386945131771,0.972497445452877,False,False
sp|Q99LL5|PWP1_MOUSE,-0.033304612005301035,0.019953609687670106,0.09891101131945461,-0.08470170455037891,0.018092480539776842,0.0025796387893567392,0.028812385585496803,0.9288772164138123,-0.07163614830691586,0.07679542588562935,0.45644418306020723,0.972695743092951,False,False
tr|A0A075B5L1|A0A075B5L1_MOUSE,-0.03685968224572933,0.019408410081216746,0.06105992137024719,-0.08685243366822132,0.013133069176762657,-0.0024792217684316033,0.028025134480154094,0.9297234150294917,-0.07466718439831119,0.06970874086144799,0.35581987938898485,0.9731860950003827,False,False
sp|P48759|PTX3_MOUSE,0.04288785122931857,0.018204508883406596,0.020865514172016025,-0.004003856209276416,0.08977955866791355,0.0022552916198400807,0.026286738968710283,0.9318378935667122,-0.06545486091050468,0.06996544415018482,0.21159981321013524,0.9746224535274567,False,False
sp|Q9JHU4|DYHC1_MOUSE,0.007100781698528817,0.020379731318071595,0.7284149587034273,-0.04539392742901325,0.059595490826070886,-0.0025162009837806573,0.029427691834021597,0.9320687213213076,-0.07831691194566018,0.07328450997809885,0.9345632878232812,0.9746224535274567,False,False
sp|Q9JMH9|MY18A_MOUSE,0.013797675892726236,0.019837908787419985,0.4886955144666446,-0.037301390883040395,0.06489674266849287,-0.0024221944174372565,0.028645317120052406,0.9328187925475478,-0.07620764166471923,0.07136325282984472,0.8208501742926827,0.9746224535274567,False,False
sp|Q3V0K9|PLSI_MOUSE,0.005088249190606284,0.020250840170839914,0.8022408048476927,-0.04707445834292839,0.057250956724140954,0.002470694484949261,0.029241577066281554,0.932870794526785,-0.07285061660436226,0.07779200557426078,0.9565299624897676,0.9746224535274567,False,False
sp|P97821|CATC_MOUSE,0.033490210740377155,0.01993138887827539,0.09670985099744603,-0.017849644792713247,0.08483006627346756,-0.0024269220058199814,0.02878029943475397,0.9330029278412694,-0.07656006065477111,0.07170621664313115,0.45134506054218443,0.9746224535274567,False,False
sp|P20801|TNNC2_MOUSE,-0.019988626406956946,0.019530962967875237,0.30911311269011865,-0.07029705314613838,0.03031980033222449,0.002351673376565007,0.028202096998730473,0.933747473643026,-0.07029211449429343,0.07499546124742346,0.7105527400250299,0.9746224535274567,False,False
tr|Q8CFX3|Q8CFX3_MOUSE,-0.025795958940965036,0.020180972894397176,0.2047741122183987,-0.07777870029647935,0.026186782414549283,0.002426781525561445,0.02914069091384165,0.933833372310775,-0.07263466405597306,0.07748822710709595,0.6124196735916105,0.9746224535274567,False,False
sp|Q9JJN5|CBPN_MOUSE,0.008827236289073271,0.014990777148689039,0.5575842671612946,-0.029786446773491185,0.04744091935163773,0.0017947306230256506,0.021646211296855147,0.9341235787595197,-0.053962214746225076,0.05755167599227638,0.8577104329020567,0.9746224535274567,False,False
sp|Q9WU28|PFD5_MOUSE,0.010300335877040745,0.020568903090009614,0.6178729511510309,-0.04268164744406354,0.06328231919814503,-0.002438038080247581,0.029700849930240043,0.9347779875065659,-0.07894235767086819,0.07406628151037303,0.8888395805664272,0.9746746195480455,False,False
sp|P17710|HXK1_MOUSE,-0.002084641272496557,0.020566918941269916,0.9195129570783996,-0.05506151376513453,0.050892231220141415,0.0024306395811674046,0.02969798488178806,0.93496920455972,-0.0740663001336945,0.07892757929602931,0.9796217891919234,0.9746746195480455,False,False
sp|P62307|RUXF_MOUSE,0.04712324057256695,0.019075534282704178,0.015571313520032326,-0.0020120796136741254,0.09625856075880802,-0.0022425746409462195,0.027544472283742048,0.9353091203507651,-0.0731924335001995,0.06870728421830705,0.18080521774878439,0.9746746195480455,False,False
sp|Q8BM88|CATO_MOUSE,-0.019443496187978335,0.019950517256274104,0.3326319447551848,-0.07083262315764718,0.03194563078169051,0.002319648841237523,0.02880792021170364,0.9360189214188961,-0.07188463621436736,0.0765239338968424,0.7273920619032703,0.9750197098113501,False,False
sp|P01807|HVM37_MOUSE / sp|P01806|HVM36_MOUSE / sp|P01808|HVM38_MOUSE,-0.024864902700315786,0.019262836602568313,0.20039276632104888,-0.07448268169068559,0.024752876290054016,0.002220052602911445,0.027814930949890973,0.9365787520138619,-0.06942646161400698,0.07386656681982987,0.6078018288197192,0.9750486011315058,False,False
sp|P33587|PROC_MOUSE,-0.023101096960644385,0.018770888193031552,0.22195833935750925,-0.07145170082189513,0.02524950690060636,-0.002148502624861788,0.027104572900113956,0.9370132491129441,-0.07196525576115272,0.06766825051142915,0.6283162109158187,0.9750486011315058,False,False
sp|P01810|HVM40_MOUSE,-0.025214351989155174,0.01931944756740781,0.19549974947880916,-0.07497795116166074,0.02454924718335039,0.0022053310669546775,0.027896675404796817,0.9371826360390202,-0.06965174291231284,0.0740624050462222,0.6000141298068339,0.9750486011315058,False,False
sp|Q9CWK3|CD2B2_MOUSE,0.0038409265836237645,0.020584988989693756,0.8524439739346027,-0.049182491269260886,0.05686434443650841,-0.0023208017622822737,0.029724077464076966,0.9379560782350702,-0.07888495151520922,0.07424334799064466,0.9664610117101669,0.9750934315469821,False,False
sp|Q8BK67|RCC2_MOUSE,0.00584517127805758,0.02059937079234505,0.7773134864559326,-0.04721529164353413,0.05890563419964929,-0.002321410409162745,0.029744844335329323,0.9379830795890777,-0.07893905207760453,0.07429623125927905,0.9481678008640579,0.9750934315469821,False,False
sp|Q08857|CD36_MOUSE,0.007950654152818506,0.020404772126032013,0.6978079162018822,-0.044608555821652546,0.060509864127289564,0.0022710292671503252,0.02946384997410859,0.9387488606954065,-0.0736228188915271,0.07816487742582774,0.9209691666264328,0.9754956885757352,False,False
sp|P53994|RAB2A_MOUSE,8.814740118029058e-05,0.02039790237827909,0.9965625320211251,-0.0524533672757208,0.052629662078081375,-0.0021833249811844613,0.029453930274153016,0.9410900387711892,-0.0780516216860339,0.07368497172366496,0.998259761082514,0.9775340257506302,False,False
sp|Q9QXP7|C1QT1_MOUSE,0.044508477888509694,0.01900110795989947,0.021583875753532697,-0.004435132794495623,0.09345208857151502,0.002001426690118174,0.027437003011568952,0.942026524877231,-0.06867160966864057,0.07267446304887691,0.21542046536956083,0.9780935651740574,False,False
sp|Q9QY76|VAPB_MOUSE,-0.015770060181139488,0.019192608815609424,0.41364537043056954,-0.0652069443799372,0.03366682401765822,0.001993391817492902,0.027713524231590472,0.9428339707516254,-0.06939191600285036,0.07337869963783616,0.7852517152197986,0.9780935651740574,False,False
sp|Q3UHX2|HAP28_MOUSE,0.000732290468025125,0.02053532471183806,0.9716401013750192,-0.05216320068261923,0.053627781618669476,-0.0021212970119663353,0.02965236380695919,0.9431430753317248,-0.07850072462542465,0.07425813060149197,0.9936351314696881,0.9780935651740574,False,False
sp|Q01102|LYAM3_MOUSE,0.01589035600784584,0.019145553106936355,0.4089619985632535,-0.033425320717652515,0.0652060327333442,-0.001977559136460659,0.027645577266429328,0.9431480863406543,-0.07318784717285462,0.06923272889993332,0.780440419905799,0.9780935651740574,False,False
sp|P04919|B3AT_MOUSE,-0.03818616332401089,0.01907205349585341,0.048568140284630384,-0.08731251759748235,0.010940190949460568,-0.0019061130804808278,0.027539446136871624,0.9449878493195971,-0.07284302544334133,0.06903079928237967,0.31848328724966807,0.9796069694033667,False,False
sp|Q91Z69|SRGP1_MOUSE / sp|Q91Z67|SRGP2_MOUSE,0.014444216055452931,0.02051709154207457,0.4834216738179621,-0.03840430956221805,0.06729274167312391,-0.0020260376768321854,0.02962603568257996,0.94564400251743,-0.07833764853600698,0.07428557318234262,0.819677896606254,0.9798926786649426,False,False
sp|Q8CGF1|RHG29_MOUSE,0.010352845364276546,0.019973792159649072,0.6056298138639238,-0.04109623378354281,0.0618019245120959,0.00191269237017413,0.028841528441041677,0.9472866324988531,-0.07237816174740005,0.07620354648774832,0.8830672540767859,0.980846476760745,False,False
tr|Q9QUK9|Q9QUK9_MOUSE / tr|Q9R0T7|Q9R0T7_MOUSE,-0.045690329732592266,0.01924352580770217,0.01991748320002402,-0.09525836741167104,0.0038777079464865014,-0.0018413737033537401,0.02778704676871499,0.9473262864869797,-0.0734160630292936,0.06973331562258611,0.20597397285165406,0.980846476760745,False,False
sp|Q8R121|ZPI_MOUSE,-0.02897716871254567,0.019735028021637357,0.14584531478468712,-0.07981123219703785,0.02185689477194652,-0.001843005542401384,0.02849676052605969,0.9485908035833887,-0.07524579636164151,0.07155978527683875,0.5403621375116106,0.9816003564919217,False,False
sp|Q3UPI1|GAK1B_MOUSE,-0.016567380817045844,0.02034056240826008,0.4177179604667408,-0.06896119751890735,0.03582643588481567,0.0018911922927641613,0.029371133158668225,0.9488168106052012,-0.07376383317577023,0.07754621776129855,0.7877522809740501,0.9816003564919217,False,False
sp|Q9DC22|DCAF6_MOUSE,-0.010519999845831421,0.020424843674674908,0.6078974725001646,-0.06313091070346445,0.04209091101180161,0.0018030997494779214,0.029492832659840613,0.9513989647184501,-0.07416540286040359,0.07777160235935944,0.8840500412544529,0.9830045963834626,False,False
sp|P17427|AP2A2_MOUSE,0.04133341601215842,0.018835323516637144,0.031030887449291507,-0.007183162243819263,0.0898499942681361,-0.0016618563855916497,0.027197615483291162,0.9514258490641766,-0.07171827133410831,0.06839455856292502,0.2585907287440959,0.9830045963834626,False,False
sp|P50608|FMOD_MOUSE,-0.033357239739489,0.019779278209656838,0.09550583590951815,-0.08430528415496932,0.017590804675991313,-0.0017424469710935146,0.028560656407526988,0.9515007763850583,-0.0753098226741932,0.07182492873200616,0.44959328604572074,0.9830045963834626,False,False
sp|P63158|HMGB1_MOUSE,0.025745770852088245,0.01995564816577367,0.2006251528807947,-0.025656572464623436,0.07714811416879992,0.001750712091702542,0.028815329083843558,0.9517011490423193,-0.0724726569538666,0.07597408113727167,0.6078018288197192,0.9830045963834626,False,False
sp|Q7TSK2|SEZ6_MOUSE,-0.056839710921271366,0.01849406310283041,0.002873050055660985,-0.10447726060322443,-0.009202161239318302,0.001608355840146144,0.02670484616578058,0.952121294573867,-0.06717876946043698,0.07039548114072926,0.06488299191405632,0.9830442395860896,False,False
sp|P63168|DYL1_MOUSE / tr|Q80ZS7|Q80ZS7_MOUSE / sp|Q9D0M5|DYL2_MOUSE,0.015033483333504549,0.020104637638871933,0.45674287524077606,-0.036752631433933945,0.06681959810094304,0.0017102692034615245,0.02903046520278548,0.9531648101293666,-0.07306725376152999,0.07648779216845304,0.8053288393322638,0.9833399883339214,False,False
sp|O09008|MFNG_MOUSE,-0.0034109492412355866,0.020492221701481184,0.8682118517079892,-0.056195414394731524,0.04937351591226036,-0.0017429910863586001,0.02959012441400036,0.9531714993714439,-0.07796210064759847,0.07447611847488127,0.9700936139410723,0.9833399883339214,False,False
sp|P57759|ERP29_MOUSE,-0.017827879957604348,0.020451748125711433,0.3859147717010831,-0.07050809208861317,0.034852332173404464,0.0016656345585030468,0.029531681841986814,0.9551590759383537,-0.07440293691316956,0.07773420603017565,0.7675911548714379,0.9839169003235584,False,False
sp|Q91ZJ5|UGPA_MOUSE,0.02644753150431988,0.020094722594104202,0.19179335777432965,-0.0253130438002599,0.07820810680889967,0.0016244987961188343,0.029016148189602554,0.9554891317996351,-0.07311614598677679,0.07636514357901447,0.5995262059075294,0.9839169003235584,False,False
sp|Q9R0P5|DEST_MOUSE,0.004626435490428266,0.020227175142306368,0.8196530911802864,-0.04747531496914038,0.05672818594999691,-0.0016214805042844005,0.029207405508469553,0.9558623688928402,-0.07685477149363584,0.07361181048506704,0.9606766999495846,0.9839169003235584,False,False
sp|P70460|VASP_MOUSE,0.022796063022291382,0.020198069699379522,0.2623469000108766,-0.029230716784493523,0.07482284282907628,-0.0016171149008794,0.02916537816317357,0.9559177145079075,-0.0767421506226671,0.07350792082090829,0.6668739067403824,0.9839169003235584,False,False
sp|Q91YP3|DEOC_MOUSE,0.010489458588034677,0.020503745155921287,0.6103147045569307,-0.04232468901708619,0.06330360619315555,-0.0016326919455563432,0.029606763920225158,0.956156362428859,-0.07789466203452662,0.07462927814341393,0.8860033768586976,0.9839169003235584,False,False
sp|P53657|KPYR_MOUSE,0.000378362711194486,0.020577599546215613,0.9853746969474454,-0.052626021196642246,0.05338274661903122,0.0016305720085800519,0.029713407339819396,0.9563702258339576,-0.07490609332561173,0.07816723734277183,0.9954255961709187,0.9839169003235584,False,False
sp|O35490|BHMT1_MOUSE,0.03588648207108176,0.019810747396923883,0.0737303326717396,-0.015142621599119874,0.0869155857412834,0.0015685383243806026,0.028606096925397822,0.9564054374795599,-0.07211588439621922,0.07525296104498042,0.3985049957594202,0.9839169003235584,False,False
sp|P54923|ADPRH_MOUSE,0.022685624748941126,0.02021996838703551,0.26516185802950487,-0.02939756233921733,0.07476881183709957,-0.0015554770264200692,0.02919699918024451,0.957642189170398,-0.07676196309058711,0.07365100903774696,0.669381552929221,0.9841869071380496,False,False
sp|P62137|PP1A_MOUSE,0.005213394628722088,0.02025258396053544,0.797500414674955,-0.04695380460940955,0.05738059386685372,-0.0015111826744248213,0.02924409504382416,0.9589134946737978,-0.07683897964407625,0.07381661429522661,0.9565299624897676,0.9841869071380496,False,False
sp|F6ZDS4|TPR_MOUSE,0.03790329972095494,0.01965943505412015,0.05731721675402088,-0.012736049182664196,0.08854264862457409,0.0014566886393733063,0.0283876066555696,0.9591999121728987,-0.07166494044166268,0.07457831772040928,0.34403690708998547,0.9841869071380496,False,False
tr|Q9D4E6|Q9D4E6_MOUSE / sp|P29341|PABP1_MOUSE,0.028561813134959667,0.020132616526523952,0.1597809990212454,-0.023296370471173604,0.08041999674109293,-0.0014872649680514986,0.029070865837653136,0.9593224597945421,-0.0763688530722171,0.07339432313611409,0.5582579002438357,0.9841869071380496,False,False
sp|Q9DBC7|KAP0_MOUSE,0.004508696784955427,0.020612876878007464,0.8274022707584745,-0.04858655550786177,0.05760394907777262,-0.0015213340590236875,0.029764346698758663,0.9593600757588087,-0.07818921048667522,0.07514654236862785,0.9614444256331551,0.9841869071380496,False,False
tr|A0A0B4J1J0|A0A0B4J1J0_MOUSE,0.04791479993744946,0.01905565401975879,0.013876039655429686,-0.0011693120849346275,0.09699891195983354,-0.001384255457408826,0.02751576580854836,0.9599995133698628,-0.07226017133665659,0.06949166042183895,0.17290596629443739,0.9841869071380496,False,False
sp|P01887|B2MG_MOUSE,-0.00517259881942993,0.01987303751861087,0.7952985385468251,-0.05636215121039453,0.04601695357153467,-0.0014400801993376677,0.028696041904391876,0.9600978564130499,-0.07535618583253745,0.07247602543386211,0.9551743175177587,0.9841869071380496,False,False
tr|Q6PDB7|Q6PDB7_MOUSE,-0.010351121012890806,0.020482887169272837,0.6146654683627628,-0.06311154200478956,0.042409299979007956,-0.0014312588802328796,0.02957664564271752,0.9615218872680543,-0.07761564942742656,0.0747531316669608,0.8867022862936215,0.9841869071380496,False,False
sp|Q60766|IRGM1_MOUSE,0.024707157336572548,0.02021771391678678,0.22518817406275457,-0.027370222621055255,0.07678453729420034,0.0014105481936233946,0.029193743796025105,0.9615812568929495,-0.07378755255647698,0.07660864894372377,0.6294976866819978,0.9841869071380496,False,False
sp|Q9DCJ9|NPL_MOUSE,-0.029334281992475893,0.02007874466850085,0.1478472201508613,-0.08105370088807663,0.02238513690312485,-0.0013996157581589053,0.0289930765669465,0.9616151508112208,-0.07608083197933665,0.07328160046301885,0.5424507070243373,0.9841869071380496,False,False
sp|Q64455|PTPRJ_MOUSE,0.0041814946657340625,0.020156612327160154,0.8361725558275505,-0.04773849802684006,0.05610148735830818,0.0014015061688740912,0.029105515019990813,0.9617117161324734,-0.0735693323145009,0.07637234465224908,0.9634342245039778,0.9841869071380496,False,False
sp|Q9JHE3|ASAH2_MOUSE,0.012287738391531973,0.019106099905788067,0.5219330923530522,-0.036926313622329815,0.06150179040539376,-0.0013251903755171664,0.0275886080833161,0.9618059691147501,-0.07238873552064884,0.06973835476961451,0.8403437991004972,0.9841869071380496,False,False
sp|Q62165|DAG1_MOUSE,-0.01384607365936546,0.02051655579008052,0.5016547880236945,-0.06669321927135073,0.03900107195261981,0.0014174378771283965,0.029625262073530157,0.9619556500782436,-0.07489218029718644,0.07772705605144323,0.8291149416951304,0.9841869071380496,False,False
sp|Q8CI75|DI3L2_MOUSE,0.015167392168766678,0.020489062022599314,0.461251873823757,-0.03760893419127554,0.0679437185288089,-0.001411113785204643,0.029585561936950052,0.9620744757269232,-0.07761847118436155,0.07479624361395226,0.80797522115386,0.9841869071380496,False,False
sp|Q8R0T6|AGRG3_MOUSE,0.04765206554460827,0.01927388439175873,0.015490022481761298,-0.0019941706648976473,0.09729830175411419,-0.001315984557026268,0.027830883610437313,0.9624010222033432,-0.07300359010444951,0.07037162099039698,0.18080521774878439,0.9841869071380496,False,False
sp|O54890|ITB3_MOUSE,-0.0010666030645650037,0.020144167091291184,0.9579017370058339,-0.052954538953898254,0.050821332824768244,-0.0013167189985537177,0.029087544490338686,0.964004189373008,-0.07624126846505047,0.07360783046794303,0.9867557579847427,0.9854350089859054,False,False
sp|Q9WUU7|CATZ_MOUSE,0.028960030489217373,0.02005319433941747,0.15250395635489006,-0.022693575120015082,0.08061363609844982,0.0012616204041502928,0.028956182694363553,0.9653531019372603,-0.07332456349890691,0.07584780430720749,0.5480255639544594,0.9864223164636687,False,False
sp|P61804|DAD1_MOUSE,0.035383053129354546,0.019862389424040786,0.07854824095167147,-0.015779071587589476,0.08654517784629856,-0.001233701595831865,0.028680666390321675,0.9657940725791614,-0.0751102025293325,0.07264279933766878,0.40778572671482666,0.9864814505717336,False,False
sp|P08752|GNAI2_MOUSE,0.022835322224048053,0.020329401455361985,0.26460251524201417,-0.029529745768283013,0.07520039021637911,-0.0011245871383998105,0.02935501709328281,0.9695337301578352,-0.07673810037345655,0.07448892609665692,0.669381552929221,0.9895019089275428,False,False
sp|Q91YL3|UCKL1_MOUSE,0.017393134085523884,0.020432013743026133,0.39709923669606956,-0.03523624564427668,0.07002251381532446,0.0011013628292539795,0.029503186013306152,0.9703123764224864,-0.07489380825187407,0.07709653391038203,0.7718290401489944,0.9895019089275428,False,False
sp|Q8BI84|TGO1_MOUSE,-0.0013285725346009988,0.020300406417952464,0.9479785018844995,-0.05361895425991512,0.05096180919071313,-0.0010702071952955706,0.029313149170085675,0.9709648706307877,-0.07657587580690238,0.07443546141631123,0.9842921944970106,0.9895019089275428,False,False
tr|A0A0N4SVQ0|A0A0N4SVQ0_MOUSE,-0.004473041890202904,0.020500436916134686,0.8278212066295899,-0.05727866803433827,0.04833258425393247,0.001069698895059118,0.02960198692589517,0.9712617016776409,-0.07517996647193309,0.07731936426205133,0.9614973419355859,0.9895019089275428,False,False
sp|P23953|EST1C_MOUSE,-0.01794286575590128,0.01870562697964733,0.34026628656407454,-0.06612536787133179,0.030239636359529226,-0.000967827035072838,0.02701033775804012,0.971503619389915,-0.07054184653098589,0.06860619246084021,0.7313736960788748,0.9895019089275428,False,False
sp|P62245|RS15A_MOUSE,0.027786327519430234,0.02012484276967868,0.1711237117805366,-0.02405183221602232,0.07962448725488279,-0.001041225829532387,0.029059640776965875,0.9715044748167201,-0.07589390009344563,0.07381144843438084,0.5772264777132874,0.9895019089275428,False,False
sp|Q9DBB9|CPN2_MOUSE,0.0035010572285760137,0.015833956078633315,0.8255558922957908,-0.03728451082987391,0.04428662528702594,-0.0008046328470645132,0.022863735184882942,0.9720117419110592,-0.05969771192486803,0.058088446230739,0.9614444256331551,0.9895019089275428,False,False
sp|Q78IK4|MIC27_MOUSE,0.01975253541273787,0.020342459297933733,0.3344036163977125,-0.032646167353130626,0.07215123817860637,0.0010297142759564627,0.02937387220776991,0.9721207213913978,-0.0746323665155179,0.07669179506743083,0.7285019561963703,0.9895019089275428,False,False
sp|Q9QX15|CA3A1_MOUSE,0.020019976333388683,0.020110780657435996,0.3224290981068022,-0.031781961801279374,0.07182191446805675,0.0010071438493315914,0.029039335528621108,0.972417556527048,-0.07379322756087936,0.07580751525954255,0.7145051012263474,0.9895019089275428,False,False
sp|Q9CY45|EFMT1_MOUSE,-0.018153237512846955,0.020159788046865888,0.37050842797025163,-0.07008141031729896,0.03377493529160505,0.0010031402928768075,0.02911010065948689,0.9725939151439265,-0.0739795100150877,0.0759857906008413,0.7589969785389005,0.9895019089275428,False,False
sp|Q8BUV3|GEPH_MOUSE,-0.002935590067896058,0.02022076737558046,0.8849273926231324,-0.0550208352141618,0.049149655078369686,0.0009761011031343681,0.02919815289460476,0.9734127402958235,-0.07423335673228972,0.07618555893855845,0.9717888839047834,0.9899438413356024,False,False
sp|Q9Z0L8|GGH_MOUSE,0.058800607291433,0.017378428604170305,0.0010994539264920508,0.014036741643178717,0.10356447293968729,-0.0008259440997112934,0.025093904995184258,0.9738230486144198,-0.06546355992677903,0.06381167172735645,0.03725123500943461,0.9899701343000912,False,False
sp|Q9CQ75|NDUA2_MOUSE,0.019795426292894346,0.02018830619634346,0.3297041836205028,-0.032206204396664974,0.07179705698245367,0.0009417296791543049,0.029151279971490786,0.9743073914196276,-0.07414699150736981,0.07603045086567842,0.7256310024126451,0.9900716388735364,False,False
sp|P62075|TIM13_MOUSE,0.002323114714932306,0.01999874449459558,0.9078073561646367,-0.04919023738843423,0.053836466818298845,-0.0008935593761270309,0.028877558828875785,0.975390158296138,-0.07527722162250254,0.07349010287024847,0.9767336082495744,0.9904328579474468,False,False
sp|Q9JJU8|SH3L1_MOUSE,-0.030749437790812684,0.019919623062200336,0.1265175732424674,-0.0820589865900768,0.02056011100845142,-0.0008885058559571021,0.028763309965941616,0.9754321272833884,-0.07497788253328964,0.07320087082137543,0.5071896901968753,0.9904328579474468,False,False
sp|P39061|COIA1_MOUSE,-0.008639350901014056,0.02034833633818241,0.6722600221723711,-0.06105319191937324,0.04377449011734512,0.0008573830208367876,0.029382358469273312,0.9767917779362287,-0.07482655693169561,0.0765413229733692,0.9095911589818277,0.9910968246831352,False,False
sp|Q80XR2|AT2C1_MOUSE,-0.036397680893453535,0.019835536923274603,0.07013576663291404,-0.08749063815205047,0.014695276365143388,-0.0008334690588953386,0.02864189222273393,0.9768558217653581,-0.07461009435530275,0.07294315623751207,0.38672291023501854,0.9910968246831352,False,False
sp|P62892|RL39_MOUSE,-0.016795531142155234,0.020436906841404454,0.4135605126711884,-0.06943751465814382,0.03584645237383336,-0.0007720045633376415,0.029510251493657363,0.9791928382067788,-0.07678537511579799,0.07524136598912269,0.7852517152197986,0.9925127472251557,False,False
sp|P47857|PFKAM_MOUSE,0.012755031392039422,0.020523390995159194,0.53600289336682,-0.040109720541483256,0.06561978332556209,-0.0007627438098385918,0.029635131894949197,0.9795289875743254,-0.0770977849593854,0.0755722973397082,0.8464047074344277,0.9925127472251557,False,False
sp|P14847|CRP_MOUSE,0.02576591326485657,0.020228161690809623,0.2063455485277811,-0.026338378375256127,0.07787020490496926,-0.0007509264349188582,0.029208830053517765,0.9795520000728062,-0.07598788680914972,0.074486033939312,0.6149766058553661,0.9925127472251557,False,False
sp|Q9CYN9|RENR_MOUSE,0.0035635122400613202,0.020615448159194347,0.8631902547095391,-0.04953836323418471,0.056665387714307354,-0.0007477605907301697,0.029768059548020774,0.9800206274518098,-0.07742520068431072,0.07592967950285037,0.9679770827174947,0.9925127472251557,False,False
sp|Q91X72|HEMO_MOUSE,0.06518025467061624,0.018017620975400838,0.0005126674235341473,0.01876993858194144,0.11159057075929103,-0.0006483638779598505,0.026016878700266918,0.980178608230513,-0.0676634024209846,0.06636667466506489,0.02315997571228823,0.9925127472251557,False,False
sp|Q8BL97|SRSF7_MOUSE,0.07645033799216572,0.01682522613118207,1.8824319983155296e-05,0.033111427484630244,0.11978924849970118,0.0005276091855634182,0.024295098001959538,0.9827267059340861,-0.06205241618047631,0.06310763455160315,0.0017311651413080317,0.9941443558604494,True,False
sp|Q80U22|RUSC2_MOUSE,-0.03472008645167786,0.019911430802717615,0.0849545646618837,-0.0860085333889041,0.016568360485548377,0.0006102626648520799,0.028751480600592322,0.9831173892887779,-0.07344864358657137,0.07466916891627552,0.4255992295804485,0.9941443558604494,False,False
sp|Q9CQW3|PROZ_MOUSE,-0.0376033945132475,0.019779976121944036,0.0608039792260312,-0.08855323663164849,0.013346447605153487,-0.0006036985199003057,0.028561664170946154,0.9831879800132953,-0.07417367004954611,0.07296627300974551,0.35581987938898485,0.9941443558604494,False,False
sp|Q9QXT0|CNPY2_MOUSE,-0.0024831370722694064,0.02022153264641216,0.902568571871626,-0.054570353425568596,0.04960407928102978,-0.0006118049846845219,0.02919925792164625,0.9833342424763357,-0.0758241091811433,0.07460049921177425,0.9763568171657736,0.9941443558604494,False,False
sp|O70423|AOC3_MOUSE,0.01665485228493539,0.02031903821627154,0.4147818848455995,-0.03568352177246682,0.06899322634233761,-0.0005913455522429207,0.029340052901577034,0.983968775094399,-0.0761663135838,0.07498362247931414,0.7853407010863372,0.9943954457880995,False,False
sp|Q91WZ8|DTBP1_MOUSE,-0.010594793577642515,0.02048337498800778,0.6063820188851202,-0.06335647110733356,0.042166883952048526,0.0005755421894642369,0.029577350037646905,0.9845223084209723,-0.07561066275882984,0.07676174713775831,0.8831638566907153,0.9945645132145955,False,False
sp|Q60953|PML_MOUSE,-0.011642245134704259,0.020544355574151782,0.5724738956731227,-0.06456099824513262,0.041276507975724096,0.0004919544592298371,0.029665404088453383,0.9868092189853678,-0.07592106269342774,0.07690497161188742,0.8675048362339474,0.9964838191714989,False,False
sp|Q9Z1R3|APOM_MOUSE,-0.031870003027154085,0.017154776845883523,0.06678787949330062,-0.07605777992262304,0.012317773868314869,-0.00036920508699163877,0.02477095888179932,0.9881443707974009,-0.06417496685173522,0.06343655667775196,0.37549954081932113,0.9974409074101558,False,False
sp|Q8BLK3|LSAMP_MOUSE,-0.017286677362928722,0.02024801283424456,0.39573243434026106,-0.0694421021600101,0.03486874743415264,0.0003639343594209134,0.029237494481053096,0.9900988057488967,-0.07494686068722489,0.07567472940606673,0.7718290401489944,0.9975831847245576,False,False
sp|Q60715|P4HA1_MOUSE,0.0075672422119838325,0.020571504046351698,0.7139323742852002,-0.04542144072868364,0.06055592515265131,-0.0003686392070822546,0.02970460562949407,0.9901285153499284,-0.07688263283789672,0.0761453544237322,0.9266007377945515,0.9975831847245576,False,False
tr|A0A0B4J1F9|A0A0B4J1F9_MOUSE,-0.0547109700449242,0.018536687081840093,0.004122469840646065,-0.10245831182104427,-0.006963628268804131,-0.00032915006683688743,0.02676639385252189,0.9902184195703082,-0.06927481170249392,0.06861651156882015,0.08204754797020287,0.9975831847245576,False,False
sp|Q9D8U8|SNX5_MOUSE,0.015683144489325382,0.02047812707154763,0.4459653332636265,-0.037065015303365034,0.0684313042820158,0.00033753896272312026,0.029569772211131454,0.9909200718549261,-0.07582914679797524,0.07650422472342149,0.7991629674539912,0.9975831847245576,False,False
sp|Q99P58|RB27B_MOUSE,-0.002914303199364882,0.020387026009021238,0.886681210118043,-0.05542780220561537,0.04959919580688561,0.0003338174132891281,0.029438225138604477,0.9909800533241806,-0.07549402554319817,0.07616166036977642,0.9717888839047834,0.9975831847245576,False,False
sp|Q8BQ47|CNPY4_MOUSE,0.0570424408018157,0.018603984331496463,0.002936299098863714,0.00912175279798251,0.10496312880564888,0.00030385212315757297,0.02686356896701463,0.9910028446911655,-0.06889211601998557,0.06949982026630072,0.06488299191405632,0.9975831847245576,False,False
sp|Q91XU3|PI42C_MOUSE,-0.004541642441156487,0.02060232309627865,0.8260739151483218,-0.05760970999373335,0.04852642511142038,-0.0003235903114766085,0.029749107369468605,0.9913477526143887,-0.07695221282817638,0.07630503220522317,0.9614444256331551,0.9975831847245576,False,False
sp|Q8C1B7|SEP11_MOUSE,0.0016861614200602763,0.02018886674958431,0.9336421317032048,-0.05031691315896303,0.05368923599908358,-0.0003141595906029911,0.0291520893927619,0.9914278817673977,-0.07540496570815616,0.07477664652695018,0.9824303813616132,0.9975831847245576,False,False
tr|A0A075B5M4|A0A075B5M4_MOUSE,-0.002838024039786539,0.020614261606705382,0.8908364803023665,-0.0559368431573613,0.050260795077788224,-0.0003079006038830129,0.029766346203499924,0.9917720205416961,-0.07698092741443968,0.07636512620667366,0.9717888839047834,0.9975831847245576,False,False
sp|P63001|RAC1_MOUSE,0.0359711486839919,0.019837532214188047,0.07344633138092174,-0.015126948103408977,0.08706924547139278,0.0002241163451414084,0.028644773360134795,0.9937764285209106,-0.0735599302694107,0.07400816295969352,0.3985049957594202,0.9983387958699859,False,False
sp|Q9QZF2|GPC1_MOUSE,0.032078758450044965,0.01811933229617223,0.08037445630810168,-0.014593548639175453,0.07875106553926539,0.0001893223201904124,0.026163746652399227,0.9942440889662388,-0.06720402299768896,0.06758266763806978,0.4127029328049051,0.9983387958699859,False,False
sp|Q62356|FSTL1_MOUSE,-0.024473377443378404,0.02019088284783071,0.22895491349992597,-0.07648164514734361,0.027534890260586805,-0.00018586393766032838,0.029155000575297928,0.9949289822859918,-0.07528416876449778,0.07491244088917712,0.6308389222667321,0.9983387958699859,False,False
sp|P70451|FER_MOUSE,-0.0037132194653846846,0.02061364664878591,0.8574917619680166,-0.05681045455633002,0.04938401562556065,0.00018960982115839528,0.029765458223581905,0.9949328786083192,-0.07648112970470447,0.07686034934702127,0.9672875961020359,0.9983387958699859,False,False
sp|Q8BU30|SYIC_MOUSE,-0.006473505865148027,0.02049794267210743,0.7529472734731658,-0.059272707262427796,0.04632569553213174,-0.0001877865206732516,0.02959838531587159,0.9949532769509939,-0.07642817475502676,0.07605260171368027,0.942480654859813,0.9983387958699859,False,False
sp|Q68FL6|SYMC_MOUSE,0.040148050592329065,0.019678258392069665,0.044546446518110565,-0.010539784016771046,0.09083588520142918,0.00017759641175278326,0.028414786964270473,0.9950283225355006,-0.0730140445049144,0.07336923732841998,0.31170407550036605,0.9983387958699859,False,False
tr|G5E8J6|G5E8J6_MOUSE,-0.019121908270666853,0.019840933582680364,0.3379996252358619,-0.0702287664027024,0.0319849498613687,0.0001715427512689223,0.02864968482939038,0.9952371607760209,-0.07362515496971521,0.07396824047225305,0.7305269119784844,0.9983387958699859,False,False
sp|Q9ER38|TOR3A_MOUSE,-0.020676487852719305,0.019791077991772012,0.2992142407025863,-0.07165492649274738,0.030301950787308768,-0.00012048351457403725,0.028577694922234293,0.9966463699264932,-0.07373174752314575,0.07349078049399767,0.7038612026286413,0.9988915259441141,False,False
sp|P62320|SMD3_MOUSE,0.04982254187422018,0.019130273396784577,0.010924875596999664,0.0005462230738805043,0.09909886067455986,0.00010790355080787534,0.027623513844952274,0.9968927820144633,-0.07104555287800894,0.0712613599796247,0.14806081401196913,0.9988915259441141,False,False
sp|E9PYL2|PRR12_MOUSE,-0.01427166175994122,0.02027534701833029,0.48349390119497326,-0.06649749474937922,0.03795417122949677,-8.483938549793107e-05,0.02927696418422313,0.9976949153255084,-0.07549730165017149,0.07532762287917563,0.819677896606254,0.9988915259441141,False,False
sp|P62317|SMD2_MOUSE,0.04710533755632891,0.019084820497292203,0.015658082935137443,-0.0020539023335670453,0.09626457744622487,7.95604202425311e-05,0.027557881285898943,0.9977034988957818,-0.07090483773969782,0.07106395858018287,0.18080521774878439,0.9988915259441141,False,False
sp|Q9QYC0|ADDA_MOUSE,-0.021343488674620752,0.019185693957801536,0.26918736470603044,-0.07076256138004702,0.028075584030805522,-7.91356809513406e-05,0.027703539394132577,0.9977277688265093,-0.07143872426437939,0.0712804529024767,0.6726549628833807,0.9988915259441141,False,False
sp|O35103|OMD_MOUSE,0.002895235155854007,0.018910511559144735,0.8786940496830271,-0.04581501466329121,0.05160548497499922,-4.243982050542924e-05,0.027306184654787295,0.9987636872035087,-0.07037851042242387,0.070293630781413,0.9717888839047834,0.9992089768019221,False,False
sp|Q8BR63|F177A_MOUSE,0.024030654769835725,0.02023089993223052,0.23833378888961193,-0.02808069011276911,0.07614199965244056,3.844895285900563e-05,0.029212783988113063,0.9989530463195474,-0.07520869608196673,0.07528559398768475,0.6460100067271061,0.9992089768019221,False,False
sp|Q9CXF4|TBC15_MOUSE,0.028921058869456905,0.020132468871420527,0.15465371712211282,-0.022936744402334144,0.08077886214124795,-2.8908665799987424e-05,0.02907065262832208,0.9992089768019221,-0.07490994757912287,0.07485213024752288,0.55201751370995,0.9992089768019221,False,False
