protein,coef_month,std_err,p_value,ci_lower,ci_upper,minus_log10_p,q_value,signif_FDR<0.010
sp|D3Z7H8|CILP2_MOUSE,-0.08872053079754871,0.010481195252581435,7.690262035715371e-13,-0.11571830066536559,-0.061722760929731835,12.114058861924653,1.980242474196708e-09,True
sp|P28665|MUG1_MOUSE,-0.05719878769175608,0.007037566165221576,3.622763503273819e-12,-0.07532635684579808,-0.03907121853771408,11.440960016110527,3.0107435027996252e-09,True
tr|A0A0N4SVU1|A0A0N4SVU1_MOUSE,-0.0566978287767388,0.007018402651016279,4.540236007825328e-12,-0.07477603598933182,-0.03861962156414578,11.342921571320822,3.0107435027996252e-09,True
sp|P51885|LUM_MOUSE,-0.08726445080190483,0.010810774153536599,4.6768831111450494e-12,-0.11511115966063346,-0.0594177419431762,11.33004348423284,3.0107435027996252e-09,True
sp|Q9CZT5|VASN_MOUSE,-0.08458960826630312,0.010576365601905852,6.5667285725519725e-12,-0.11183252070873881,-0.05734669582386742,11.182650934356396,3.381865214864266e-09,True
sp|D3YYU8|OBSL1_MOUSE,-0.08512861797159502,0.01127171131975646,5.0280405903104136e-11,-0.11416262229016755,-0.05609461365302248,10.298601225004242,2.157867420008219e-08,True
sp|P28666|MUG2_MOUSE,-0.0559884665783256,0.007615015995400464,1.2470151285748123e-10,-0.07560344792627172,-0.03637348523037949,9.90412827770293,4.587234222971631e-08,True
sp|P59383|LRRN4_MOUSE,-0.0806486621030515,0.011029004298763754,1.4943658566909646e-10,-0.10905749456477395,-0.052239829641329026,9.825543063771974,4.809990101224042e-08,True
sp|Q08879|FBLN1_MOUSE,-0.08292938983951183,0.011391244575888259,1.7296211440699862e-10,-0.11227129142197727,-0.05358748825704639,9.762049014245996,4.9486382733113494e-08,True
tr|E9Q0B5|E9Q0B5_MOUSE,-0.08264423324221178,0.011568929504863944,3.202368924705949e-10,-0.11244382087153179,-0.05284464561289176,9.494528637209163,8.246099981117818e-08,True
sp|P18242|CATD_MOUSE,0.07978365957150836,0.011486688735637825,7.790041386335132e-10,0.05019591012550738,0.10937140901750934,9.108460235034851,1.631297536925688e-07,True
sp|P10605|CATB_MOUSE,0.08127523829864208,0.011711929110987094,8.010172060538414e-10,0.05110730809347411,0.11144316850381006,9.096358155059354,1.631297536925688e-07,True
sp|P41233|ABCA1_MOUSE,-0.05608512095064039,0.008089210173583768,8.235676885450074e-10,-0.07692154555832334,-0.03524869634295743,9.084300700618694,1.631297536925688e-07,True
sp|Q60696|PMEL_MOUSE,-0.08038579419884134,0.011649637606910897,9.547748423915626e-10,-0.11039327212244772,-0.050378316275234966,9.020099032851776,1.7561037279701956e-07,True
sp|O08807|PRDX4_MOUSE,0.07409060248023,0.010890569986020485,1.4727789914637798e-09,0.04603835317788829,0.10214285178257171,8.831862419477172,2.528270602012822e-07,True
sp|P09803|CADH1_MOUSE,-0.07467345370249154,0.011281110994459893,3.3322511757104753e-09,-0.10373166997860901,-0.045615237426374064,8.477262270136285,5.362841735909046e-07,True
sp|Q9ET66|PI16_MOUSE,-0.07356487358228381,0.01116734818541739,3.836047292299114e-09,-0.10233005628121555,-0.044799690883352054,8.41611604731526,5.81048339862954e-07,True
sp|P07759|SPA3K_MOUSE,-0.06391334908239445,0.00972644595336952,4.124427106315162e-09,-0.08896701358846829,-0.038859684576320615,8.38463636756134,5.90022211042308e-07,True
tr|E9PVG8|E9PVG8_MOUSE,-0.07820540391204492,0.011961855572290476,4.775052802928802e-09,-0.10901710201997043,-0.047393705804119404,8.321021821589383,6.471453140811402e-07,True
sp|Q9Z1T2|TSP4_MOUSE,-0.07371705949581506,0.01140617364648832,6.643140089929483e-09,-0.10309741581580689,-0.04433670317582322,8.177626589099646,8.55304286578421e-07,True
sp|Q8BL97|SRSF7_MOUSE,0.07670338246587122,0.012064136000872269,1.0525248334628475e-08,0.045628227432825186,0.10777853749891725,7.977767648548211,1.2905959267461107e-06,True
sp|Q9ES30|C1QT3_MOUSE,-0.07397875116553619,0.011713337049379952,1.2656637507665866e-08,-0.10415030797967409,-0.04380719435139829,7.897681658128277,1.4814018901018002e-06,True
sp|P01632|KV1A1_MOUSE,-0.07497788143660065,0.011943347848701153,1.4936696154973495e-08,-0.1057419068077628,-0.04421385606543851,7.825745453413428,1.6722605477850759e-06,True
sp|O35453|HEPS_MOUSE,-0.0634378378397602,0.010240825704328863,2.144684731480597e-08,-0.08981645678150729,-0.03705921889801311,7.668636540048661,2.301067993151057e-06,True
sp|Q9CR33|MANS1_MOUSE,-0.07344651460526638,0.011936425601431613,2.566905981434293e-08,-0.10419270944906524,-0.04270031976146753,7.590590038025888,2.643913160877322e-06,True
sp|P09581|CSF1R_MOUSE,0.07495355886529337,0.01220563810589367,2.7066223295863788e-08,0.04351391856361936,0.10639319916696738,7.567572339582067,2.6805971148788176e-06,True
sp|P16092|FGFR1_MOUSE,-0.07299906410652042,0.012132941655706567,4.625980157615846e-08,-0.10425145076153851,-0.04174667745150233,7.334796234396447,4.411814409578075e-06,True
sp|P04939|MUP3_MOUSE / tr|Q80YX8|Q80YX8_MOUSE,-0.0385065198930884,0.006487725038170754,6.555323326609542e-08,-0.055217792159776534,-0.021795247626400262,7.18340588284508,6.028556273578418e-06,True
sp|P11627|L1CAM_MOUSE,-0.07323479110334975,0.012389265388176062,7.267723038093004e-08,-0.1051474239396578,-0.041322158267041706,7.138601631352966,6.453236835548098e-06,True
sp|Q8K0J2|B3GN7_MOUSE,-0.07298917521436714,0.012404658779779561,8.15990317251017e-08,-0.10494145879984848,-0.0410368916288858,7.0883149946645245,6.839502883671608e-06,True
sp|O35536|TFPI2_MOUSE,0.05940244216586248,0.01009920348858828,8.233964636653198e-08,0.03338861787745351,0.08541626645427146,7.084391002548559,6.839502883671608e-06,True
sp|O89051|ITM2B_MOUSE,0.0719604609732518,0.012476803517429556,1.338333224395299e-07,0.039822344858434756,0.10409857708806886,6.873435740455789,1.076940016505592e-05,True
sp|O09043|NAPSA_MOUSE,0.060868848896320216,0.010577438868239503,1.4136824226785633e-07,0.033623171903011784,0.08811452588962865,6.849648141860832,1.1031006783022123e-05,True
sp|P01901|HA1B_MOUSE,0.07068931077688678,0.012341282359488333,1.5826172319541775e-07,0.03890027403194562,0.10247834752182794,6.800624109869808,1.198599815377061e-05,True
sp|Q9JM99|PRG4_MOUSE,0.055924134442099455,0.009953772183694556,2.508125260985444e-07,0.03028491637048909,0.08156335251370982,6.600650777731143,1.8394772853969766e-05,True
sp|A2AJ76|HMCN2_MOUSE,-0.06862541514617487,0.012227440462083397,2.5716963990015984e-07,-0.10012121459580879,-0.037129615696540955,6.58978030325205,1.8394772853969766e-05,True
sp|Q8VE97|SRSF4_MOUSE,0.06976889479552131,0.012529385444442931,3.0910216819271663e-07,0.03749533661226615,0.10204245297877648,6.509897948573609,2.132203465100595e-05,True
sp|P51655|GPC4_MOUSE,-0.06043623907042438,0.010861709366278172,3.146552686362043e-07,-0.08841414834271524,-0.032458329798133505,6.502164991962025,2.132203465100595e-05,True
sp|P34902|IL2RG_MOUSE,0.06943847194207133,0.012516588093577419,3.369883788829231e-07,0.03719787755018334,0.10167906633395932,6.472385075609499,2.2249873733936588e-05,True
tr|E9Q3A7|E9Q3A7_MOUSE,-0.06912357983022563,0.012690495243284593,5.122596136874114e-07,-0.10181212935442602,-0.03643503030602524,6.290509882351433,3.297671263112711e-05,True
sp|Q64237|DOPO_MOUSE,-0.06889336527174382,0.012685554060243213,5.47354246509153e-07,-0.10156918715187202,-0.03621754339161562,6.261731508202967,3.437651670148949e-05,True
sp|P26618|PGFRA_MOUSE,-0.06863061260011451,0.012722965148289177,6.366425064676401e-07,-0.10140279905710915,-0.03585842614311986,6.19610436837279,3.90322489084327e-05,True
sp|Q63880|EST3A_MOUSE,-0.042763949845600883,0.007978387674934665,7.330209197067653e-07,-0.06331491461377098,-0.022212985077430792,6.134883630838317,4.34511552848229e-05,True
sp|O08999|LTBP2_MOUSE,0.0682551831598151,0.012741645292887594,7.424663427309544e-07,0.03543487983896933,0.10107548648066088,6.129323228876108,4.34511552848229e-05,True
sp|Q91W90|TXND5_MOUSE,0.0680987213089235,0.012733823576141312,7.704122042087714e-07,0.03529856539527686,0.10089887722257014,6.113276846108672,4.408469835194636e-05,True
sp|Q71M36|CSPG5_MOUSE,-0.06664459699110789,0.012663850905205373,1.0920447931382318e-06,-0.09926451524851015,-0.03402467873370562,5.96175954751609,6.113076831154232e-05,True
sp|O70570|PIGR_MOUSE,0.06724235590846672,0.012803571183373283,1.1409080157344906e-06,0.03426254206425955,0.1002221697526739,5.942749368613581,6.250719447907049e-05,True
sp|Q64314|CD34_MOUSE,-0.06597086869591766,0.012586933776628695,1.1913471731926643e-06,-0.09839266155958729,-0.03354907583224804,5.923961661329311,6.391081189523147e-05,True
sp|Q8BT18|ARMD4_MOUSE,-0.06699157284291611,0.01280676077101302,1.242144772473611e-06,-0.09997960252043195,-0.03400354316540027,5.905827784012668,6.527597528815404e-05,True
sp|G5E8Q8|AGRF5_MOUSE,-0.06672344452465974,0.012835594776808294,1.418177592642099e-06,-0.09978574567924176,-0.03366114337007773,5.848269380806615,7.30361460210681e-05,True
sp|P12246|SAMP_MOUSE,0.06548608461857275,0.012879729952499516,2.245322953026012e-06,0.03231009878512801,0.0986620704520175,5.6487211840015,0.0001133667961576859,True
tr|A0A5F8MPH8|A0A5F8MPH8_MOUSE,-0.06549014198773338,0.01291846392508578,2.3839147628467527e-06,-0.09876589992280868,-0.032214384052658085,5.622709276904575,0.0001180496252755844,True
sp|Q8BV57|SRCRL_MOUSE,-0.0435837175141616,0.008614085627892272,2.4805011706947796e-06,-0.06577213169776594,-0.02139530333055726,5.60546056365857,0.00012051491536866146,True
sp|Q8R422|CD109_MOUSE,-0.06390519732938356,0.012671243058062167,2.64731037393674e-06,-0.09654415651073067,-0.03126623814803645,5.5771951384923595,0.0001262374854238353,True
sp|Q9R0M4|PODXL_MOUSE,-0.06418573022876088,0.012759365876317411,2.7867729719860146e-06,-0.09705167874768117,-0.0313197817098406,5.554898410199422,0.00013047164368843614,True
sp|Q91X72|HEMO_MOUSE,0.06486929553503408,0.012919126686765805,2.892160583013327e-06,0.0315918304390021,0.09814676063106606,5.538777597138079,0.00013298774109391637,True
sp|P14430|HA18_MOUSE,0.06493024755588095,0.012948497058751085,2.9703001650838743e-06,0.031577129395033154,0.09828336571672874,5.527199660631418,0.00013418461272089431,True
tr|A0A075B5N2|A0A075B5N2_MOUSE / tr|A0A140T8P2|A0A140T8P2_MOUSE,0.06074987116241939,0.012200042331692173,3.41477023040821e-06,0.029324644619909634,0.09217509770492914,5.466638513365451,0.00015160402316036448,True
sp|Q91V98|CD248_MOUSE,-0.06066295335656299,0.012220127308429342,3.628705362555271e-06,-0.09213991537071345,-0.029185991342412544,5.440248293472407,0.00015837146285728514,True
sp|P11672|NGAL_MOUSE,0.06365178839814954,0.012872027960594104,3.916015532572323e-06,0.030495641581150458,0.09680793521514863,5.407155594270057,0.00016806233327289552,True
sp|P31428|DPEP1_MOUSE,-0.06157902297111348,0.01249937682477396,4.211938738304665e-06,-0.09377528407246626,-0.0293827618697607,5.375517954155526,0.00017779905329728707,True
sp|Q8BRK9|MA2A2_MOUSE,-0.054453446787905604,0.011135832666674743,4.867438469292303e-06,-0.0831374508901435,-0.025769442685667707,5.312699529816297,0.0002021557106198013,True
sp|P29533|VCAM1_MOUSE,0.06307938010732649,0.012972613570744045,5.42223466647328e-06,0.029664141928187837,0.09649461828646513,5.265821690711814,0.0002216230835899793,True
sp|Q61268|APOC4_MOUSE,-0.0628877516786189,0.012966992967855898,5.698903915711537e-06,-0.09628851214413464,-0.029486991213103157,5.244208665227968,0.00022929183723370637,True
tr|Q8HWB2|Q8HWB2_MOUSE,0.06237315004872745,0.012890764891166548,5.955843780911997e-06,0.029168740096901305,0.09557756000055359,5.225056702118258,0.00023594304208997526,True
sp|Q91WP6|SPA3N_MOUSE,-0.06058950338944892,0.012543579084239554,6.152080579934305e-06,-0.09289962196601624,-0.0282793848128816,5.210977984781457,0.00024002435595955814,True
sp|P34928|APOC1_MOUSE,-0.06257361915123592,0.012990465780948684,6.484237523103488e-06,-0.09603484157655279,-0.029112396725919053,5.188141084958035,0.00024768567151655605,True
sp|O70370|CATS_MOUSE,0.06097703884023971,0.012674597847130572,6.636210395828722e-06,0.028329438294902975,0.09362463938557644,5.178079853464593,0.00024768567151655605,True
sp|Q61555|FBN2_MOUSE,-0.061846652903428966,0.012855437319150472,6.6370141105407245e-06,-0.09496006506003288,-0.02873324074682506,5.178027259030632,0.00024768567151655605,True
sp|Q6P6J9|TXD15_MOUSE,-0.06254908042460464,0.01309511919511552,7.5910954062955295e-06,-0.09627987218084888,-0.028818288668360392,5.119695550246319,0.0002769733290488027,True
sp|Q9QZZ6|DERM_MOUSE,-0.06032638732504312,0.012633869453735581,7.636934509695143e-06,-0.09286907848118657,-0.02778369616889967,5.117080933660851,0.0002769733290488027,True
sp|O35696|SIA8B_MOUSE,-0.0554342810643873,0.011631481889557118,7.912056953921942e-06,-0.08539499295920686,-0.025473569169567743,5.101710595186788,0.000282965925782625,True
sp|B9EKR1|PTPRZ_MOUSE,-0.05937037748681145,0.012513356840487882,8.595786269039e-06,-0.09160264872230423,-0.027138106251318676,5.065714391613698,0.00030320752935308806,True
sp|Q61147|CERU_MOUSE,0.058575900224342795,0.012420506437261064,9.599897259496134e-06,0.02658279577832799,0.0905690046703576,5.017733414863834,0.0003340504789621965,True
sp|P29621|SPA3C_MOUSE,-0.057011262830406716,0.012133274228898441,1.0264591709293681e-05,-0.08826450613719801,-0.025758019523615422,4.988658320713972,0.0003524176486857497,True
sp|Q9Z0L8|GGH_MOUSE,0.05840447963531876,0.012460843411210606,1.0739497697099435e-05,0.02630747402978824,0.09050148524084928,4.969016030785386,0.0003638711390793558,True
sp|P22777|PAI1_MOUSE,0.0602815292560078,0.012946700563415221,1.2097637848838168e-05,0.026933038560489814,0.09363001995152578,4.917299420539969,0.00040456386312673093,True
sp|P08003|PDIA4_MOUSE,0.060942730087019135,0.013178702836078044,1.3668381812954787e-05,0.026996641139086307,0.09488881903495197,4.864282898109786,0.00044985543810037323,True
sp|Q2PZL6|FAT4_MOUSE,-0.06094283571844823,0.013185931647454895,1.380139013977844e-05,-0.09490754485055539,-0.026978126586341085,4.860077167248866,0.00044985543810037323,True
sp|Q8BH27|MEGF9_MOUSE,-0.05977406910736894,0.013042512422380288,1.6007655548783146e-05,-0.09336935479683664,-0.02617878341790124,4.795672269378855,0.0005152464129764575,True
sp|Q62376|RU17_MOUSE,0.060435102642531095,0.01320350362969085,1.6366668202102444e-05,0.026425131083659133,0.09444507420140305,4.78603972185344,0.0005202984027211578,True
sp|Q05909|PTPRG_MOUSE,-0.05868422114435033,0.012896930899166822,1.8135100329724443e-05,-0.0919045136802695,-0.025463928608431163,4.741480037407772,0.0005694863823053712,True
sp|P97798|NEO1_MOUSE,-0.058097434685268366,0.012875135581002919,2.0936031668954786e-05,-0.09126158620198077,-0.024933283168555954,4.679105633430751,0.0006495214644284165,True
sp|Q61937|NPM_MOUSE,0.059565961935459585,0.013233389595846039,2.1840736724913857e-05,0.025479009229200218,0.09365291464171896,4.660732716234316,0.0006695225841268236,True
sp|O70624|MYOC_MOUSE,-0.058497748498369355,0.013061706760607143,2.3786975650801857e-05,-0.09214247552670402,-0.024853021470034695,4.623660771988085,0.0007206054388331151,True
sp|P70126|SIA8E_MOUSE,-0.055534071337802,0.012437420552799628,2.502652860656762e-05,-0.08757074365826464,-0.023497399017339354,4.601599386571015,0.0007493408274640886,True
sp|Q3V1G4|OLM2B_MOUSE,-0.05802351943626593,0.013009653417502452,2.5505894821751114e-05,-0.09153416593808383,-0.024512872934448017,4.593359435538722,0.0007549158524828635,True
sp|P97402|GCNT2_MOUSE,-0.058014569450361236,0.013033699540510082,2.6375033677640874e-05,-0.09158715466045894,-0.02444198424026353,4.578806977153805,0.0007717694513627869,True
sp|B2RU40|PRRT4_MOUSE,-0.05643810660232675,0.01270794421288591,2.7379272258202206e-05,-0.08917160169374294,-0.023704611510910557,4.562578099607703,0.0007921531018524797,True
sp|Q61074|PPM1G_MOUSE,0.05886713663075394,0.013278435618250432,2.8200344213304725e-05,0.024664153059977018,0.09307012020153087,4.54974559065133,0.0008068431816584407,True
sp|Q68FD9|K1549_MOUSE,-0.05310317334697392,0.012002967721081644,2.9180347749614222e-05,-0.08402076933248759,-0.022185577361460256,4.5349095368141015,0.0008257076423654574,True
sp|Q5U5Q9|UIMC1_MOUSE,-0.058482716067661505,0.013302800235913818,3.238787315682892e-05,-0.09274845873458554,-0.024216973400737467,4.489617570254113,0.0009020431465976925,True
sp|Q00896|A1AT3_MOUSE,-0.049722305085785165,0.011320075501789612,3.285896043213085e-05,-0.07888088728168087,-0.02056372288988946,4.483346180576271,0.0009020431465976925,True
sp|Q6P1D5|SE6L1_MOUSE,-0.058465037504069665,0.01331222697545456,3.292895370104198e-05,-0.09275506184293966,-0.02417501316519966,4.482422068531426,0.0009020431465976925,True
sp|Q8BPB5|FBLN3_MOUSE,-0.056326138854963945,0.012844283989248082,3.373945389579088e-05,-0.08941082193757313,-0.023241455772354765,4.47186195114713,0.0009145167766490685,True
sp|A6X935|ITIH4_MOUSE,0.05569257672115503,0.01271165942209296,3.425723474892276e-05,0.022949511884994507,0.08843564155731556,4.465247696296148,0.0009163634493188045,True
sp|P21981|TGM2_MOUSE,-0.05835870356098922,0.0133264192948919,3.451932216851419e-05,-0.09268528489215125,-0.024032122229827188,4.461937740806312,0.0009163634493188045,True
sp|O35608|ANGP2_MOUSE,0.05830019858065083,0.013326922595615598,3.510971285258619e-05,0.023972320832736198,0.09262807632856546,4.454572722430043,0.00091983661569049,True
sp|O08784|TCOF_MOUSE,0.05822903043609245,0.013324726939039461,3.571847271196558e-05,0.023906808324727163,0.09255125254745773,4.447107119406848,0.00091983661569049,True
sp|P07758|A1AT1_MOUSE,-0.048823855501483895,0.01117257624796091,3.572181031807728e-05,-0.07760250479711603,-0.020045206205851755,4.447066539950646,0.00091983661569049,True
sp|Q05186|RCN1_MOUSE,-0.058052442840061225,0.013336526952247654,3.80626255736825e-05,-0.09240505977123044,-0.02369982590889201,4.419501257225219,0.0009686664393904641,True
sp|O35326|SRSF5_MOUSE,0.057596207727451096,0.013238316372051225,3.83704764341077e-05,0.023496564486670382,0.09169585096823181,4.416002808270556,0.0009686664393904641,True
sp|P14106|C1QB_MOUSE,0.05719754935098405,0.013248371717435557,4.3420832679392466e-05,0.023072005256905066,0.09132309344506304,4.362301852355623,0.0010855208169848116,True
sp|Q99MQ4|ASPN_MOUSE,-0.057493720988042174,0.013371523715733752,4.633735541537892e-05,-0.09193648360812826,-0.0230509583679561,4.334068756072195,0.001147295098025007,True
sp|P06339|HA15_MOUSE,0.04786745786935487,0.011156686574884965,4.794226481529331e-05,0.01912973765925556,0.07660517807945418,4.3192814535407615,0.0011757269704702883,True
sp|Q8BQ47|CNPY4_MOUSE,0.0571881700701691,0.01333952513019991,4.8537343827171507e-05,0.022827830344373218,0.09154850979596499,4.313923993821261,0.0011790911354242135,True
sp|P58252|EF2_MOUSE,0.05706831612919841,0.013325739907019978,4.935851308819553e-05,0.02274348478522535,0.09139314747317147,4.306637931781101,0.0011878333757205934,True
sp|Q8CHP8|PGP_MOUSE,0.05701037781303802,0.013332684377330544,5.0566618597235e-05,0.022667658698941377,0.09135309692713467,4.296136086779976,0.00120563928599889,True
sp|Q2TB54|FCAMR_MOUSE,-0.05706073307760655,0.013370381617284068,5.213021847485919e-05,-0.0915005538470384,-0.022620912308174708,4.28291045496504,0.001231516629107912,True
sp|P70389|ALS_MOUSE,-0.04692166421367407,0.011021090186828848,5.4128821713110255e-05,-0.07531011127396305,-0.0185332171533851,4.266571426614165,0.001267106508284172,True
tr|E9PZ87|E9PZ87_MOUSE,-0.0566313219729376,0.013327106674071646,5.576164502920055e-05,-0.09095967387553347,-0.02230297007034173,4.253664422561301,0.0012935696932449676,True
sp|Q9Z2Q6|SEPT5_MOUSE,0.05427628540789649,0.012788874482718537,5.685641272840207e-05,0.021334327755901293,0.08721824305989168,4.24522054495171,0.001301252358611832,True
sp|P18337|LYAM1_MOUSE,0.05657403453031687,0.013334005151973773,5.710350156238331e-05,0.022227913326190812,0.09092015573444293,4.243337260185053,0.001301252358611832,True
sp|Q7TSK2|SEZ6_MOUSE,-0.05606833398501435,0.013260991790302656,6.027282597747285e-05,-0.09022638523259732,-0.021910282737431376,4.219878445538062,0.001361425674491163,True
sp|P08113|ENPL_MOUSE,0.056635522783789714,0.01341395726914119,6.159229722402277e-05,0.022083458573383057,0.09118758699419638,4.21047359761276,0.0013723381809474875,True
sp|Q8K4G1|LTBP4_MOUSE,-0.0531301628433358,0.012590810269717041,6.212878553187585e-05,-0.08556194089149738,-0.02069838479517421,4.206707135715065,0.0013723381809474875,True
sp|Q9QYY7|ESM1_MOUSE,0.051069889484204364,0.012109688192475036,6.269385264463403e-05,0.01987739978118705,0.08226237918722168,4.20277504120117,0.0013723381809474875,True
sp|Q810J1|PSG22_MOUSE,0.056577837010256954,0.013418425929272353,6.288773023371011e-05,0.02201426229413684,0.09114141172637708,4.201434079699242,0.0013723381809474875,True
sp|Q05895|TSP3_MOUSE,-0.05473395894474235,0.013008183524390702,6.493114696584672e-05,-0.08824081925280994,-0.021227098636674768,4.187546925534164,0.0014025480338102185,True
sp|Q8C102|GALT5_MOUSE,-0.053350737357534705,0.01268491151626308,6.53614617697966e-05,-0.08602490415405006,-0.020676570561019354,4.184678243632043,0.0014025480338102185,True
sp|Q8BH35|CO8B_MOUSE,-0.026384477252687107,0.006278445661993208,6.618823708630528e-05,-0.04255668156958869,-0.010212272935785527,4.179219186125661,0.001408551326423439,True
sp|Q5FW85|ECM2_MOUSE,-0.0554463593967352,0.013220888565931855,6.827816247245162e-05,-0.08950111158381707,-0.02139160720965333,4.165718175296217,0.0014411169538242861,True
sp|P10493|NID1_MOUSE,0.05603437171135091,0.013369958112340789,6.897158667046671e-05,0.02159564181836216,0.09047310160433966,4.1613297830830875,0.0014439173632231853,True
tr|A0A338P6S8|A0A338P6S8_MOUSE,-0.05596908147175298,0.013445222804576112,7.643363329031889e-05,-0.09060168036452407,-0.0213364825789819,4.116715495636369,0.0015872306913110575,True
sp|Q3TWW8|SRSF6_MOUSE,0.055453724631744784,0.013373956759938783,8.109052290183006e-05,0.021004694905098563,0.08990275435839101,4.091029899080352,0.0016704647717776992,True
sp|P97298|PEDF_MOUSE,-0.054797667990928875,0.013240359365203905,8.338038965951413e-05,-0.08890257363333921,-0.020692762348518537,4.078936079627311,0.0017040039950257848,True
tr|A0A0B4J1F9|A0A0B4J1F9_MOUSE,-0.05486883235610422,0.01329127319485375,8.65981590733738e-05,-0.08910488333288252,-0.02063278137932592,4.062491340231768,0.001755828815857776,True
sp|P13595|NCAM1_MOUSE,-0.052564013177556046,0.012857700856149594,0.00010000417217979618,-0.08568325581909195,-0.019444770536020138,3.9999818808313496,0.001996609743175853,True
sp|Q61878|PRG2_MOUSE,0.055105678546572216,0.013479603931669155,0.00010002433276492624,0.02038451973914584,0.0898268373539986,3.9998943369994744,0.001996609743175853,True
sp|P11499|HS90B_MOUSE,0.055113787661705146,0.013489197838072495,0.00010085439434667681,0.02036791658902954,0.08985965873438076,3.9963051743085662,0.0019976928110976367,True
sp|Q61176|ARGI1_MOUSE,0.054710621248711414,0.013475364375044187,0.00011057266068758737,0.020000382815473686,0.08942085968194914,3.956352239941348,0.002173470238706393,True
sp|O08710|THYG_MOUSE,0.05454472677131044,0.013443118113351443,0.00011160411592825419,0.019917549203870788,0.0891719043387501,3.9523197884453345,0.002177125746327686,True
sp|P07901|HS90A_MOUSE,0.05457537094229523,0.01348937405153642,0.0001163339494028147,0.019829045973815566,0.0893216959107749,3.9342935278619056,0.002250542490797478,True
sp|Q921I1|TRFE_MOUSE,0.04923002978318187,0.012175933395102617,0.00011740803316058621,0.017866903746016898,0.08059315582034685,3.9303021872625084,0.002250542490797478,True
sp|P11589|MUP2_MOUSE,-0.03900124211134685,0.009649386057718548,0.00011798960631365419,-0.06385641348007448,-0.01414607074261921,3.928156247943333,0.002250542490797478,True
sp|P07141|CSF1_MOUSE,-0.052606102451190274,0.013031921225465249,0.00012016175382377138,-0.08617410702528455,-0.01903809787709599,3.9202337415380795,0.002275121441883907,True
sp|Q8R1U2|CGRE1_MOUSE,-0.0537416717115513,0.013333127762115095,0.0001227636509467653,-0.08808553290916873,-0.01939781051393387,3.9109302042866774,0.0023074189867731435,True
sp|Q61826|MADCA_MOUSE,-0.05226564205751083,0.0129864068793271,0.00012542917805246563,-0.0857164094450906,-0.018814874669931057,3.901601423687415,0.002340435749892022,True
sp|P97311|MCM6_MOUSE,0.053360103554899584,0.013268060189428586,0.00012674835212097142,0.019183845317718856,0.08753636179208031,3.897057678301697,0.0023480360195072044,True
sp|Q9R0G6|COMP_MOUSE,-0.05108056120795465,0.012720967455658734,0.00012958350308227726,-0.08384760194973231,-0.018313520466176986,3.887450283776874,0.002369329184303441,True
sp|P26011|ITB7_MOUSE,-0.05377403088953497,0.013392862641974338,0.00012973802523758647,-0.08827175894113781,-0.01927630283793212,3.886932716818512,0.002369329184303441,True
sp|Q62010|OVGP1_MOUSE,-0.04081468232743028,0.010187416354675828,0.00013382205676645972,-0.0670557279012576,-0.014573636753602966,3.8734722995540345,0.0024267027899551675,True
sp|P55066|NCAN_MOUSE,-0.05411783058020307,0.013540124148971605,0.00013841516911610862,-0.08899487913681425,-0.019240782023591897,3.8588163123184125,0.0024807658092870387,True
sp|Q61282|PGCA_MOUSE,-0.053973211201591396,0.013506112608145647,0.00013873020448051788,-0.08876265183468422,-0.01918377056849857,3.8578289735977953,0.0024807658092870387,True
sp|P13020|GELS_MOUSE,-0.05058249173641459,0.012693312620612589,0.00014434938654365477,-0.08327829834369557,-0.0178866851291336,3.8405850574449976,0.0025430663913424668,True
sp|P28798|GRN_MOUSE,0.05392040841657706,0.013532544372223915,0.00014459058614661749,0.019062884071026943,0.08877793276212717,3.8398599817141417,0.0025430663913424668,True
sp|Q3U0X8|TACT_MOUSE,-0.05353507782234584,0.013439703484061143,0.00014517699399120101,-0.08815345988759879,-0.018916695757092893,3.8381022002632728,0.0025430663913424668,True
tr|A0A0G2JGT0|A0A0G2JGT0_MOUSE / tr|A0A075B5N6|A0A075B5N6_MOUSE,-0.04631348238425005,0.011659140360977231,0.0001509547458743959,-0.07634543778024491,-0.016281526988255197,3.8211532286186114,0.0026264085853146585,True
sp|P17182|ENOA_MOUSE,0.05350298660313814,0.013531025449033231,0.0001609381181501469,0.018649374744452427,0.08835659846182385,3.793341081185932,0.002781313115682069,True
sp|Q9WVK4|EHD1_MOUSE,0.05287449577293183,0.013502867869496069,0.0001840622304867288,0.01809341303273495,0.08765557851312872,3.7350353194483885,0.003121692924801933,True
sp|P07724|ALBU_MOUSE,0.05238289155410872,0.013379510209601205,0.00018447431256412802,0.01791955708908624,0.0868462260191312,3.734064099360364,0.003121692924801933,True
sp|P06683|CO9_MOUSE,-0.0369985547728195,0.009453797658488463,0.00018546939256094253,-0.061349923811376064,-0.012647185734262937,3.7317277504082305,0.003121692924801933,True
sp|P21614|VTDB_MOUSE,0.05315885645184118,0.013585815671009796,0.0001859871363194855,0.018164114333840284,0.08815359856984208,3.7305170924415334,0.003121692924801933,True
sp|P82198|BGH3_MOUSE,0.05309707900092841,0.013574502330815847,0.00018682715081854006,0.0181314781161201,0.08806267988573671,3.728560009295282,0.003121692924801933,True
sp|Q9QZ39|SIA7A_MOUSE,-0.05123346947772593,0.013103593931939026,0.00018790772945409694,-0.08498609070942004,-0.017480848246031834,3.7260553551298075,0.003121692924801933,True
sp|Q8VHY0|CSPG4_MOUSE,-0.05289636943652613,0.013544622843973125,0.000190908542742217,-0.08778500586354995,-0.018007733009502314,3.7191746374376833,0.0031474066930507103,True
sp|P29391|FRIL1_MOUSE,0.05218595851095247,0.013367797218276902,0.00019190013623648992,0.01775279471221535,0.0866191223096896,3.7169247169438675,0.0031474066930507103,True
sp|Q8R5M8|CADM1_MOUSE,-0.05195814644999033,0.013448018581340168,0.00022072209454794734,-0.08659794678647645,-0.017318346113504218,3.6561541912607507,0.003597211351018762,True
sp|Q80X76|SPA3F_MOUSE,-0.049804068200610375,0.012925030192966543,0.00022876127103056617,-0.08309673972090789,-0.01651139668031286,3.6406174991159768,0.0037047815905893577,True
sp|Q05144|RAC2_MOUSE,0.052397705706697176,0.013614409108521833,0.00023243968345771745,0.017329311774463577,0.08746609963893077,3.633689724666151,0.0037408261556476402,True
sp|Q61730|IL1AP_MOUSE,-0.04167495604653597,0.010849540313486356,0.00023856482146892517,-0.06962151991604924,-0.01372839217702269,3.6223935965764045,0.0038155553744253557,True
sp|P63163|RSMN_MOUSE / sp|P27048|RSMB_MOUSE,0.05223966233245083,0.013620305864385092,0.00024334835442566162,0.017156079363668773,0.0873232453012329,3.6137715862040007,0.003868037115099251,True
sp|Q8VDQ8|SIR2_MOUSE,-0.049246774891777034,0.01288043509678123,0.00025367367329097885,-0.08242457705652584,-0.016068972727028223,3.595724602300267,0.004007421525915771,True
sp|Q6DFX2|ANTR2_MOUSE,-0.05041846022744727,0.013234286714468925,0.00026591811852772173,-0.08450772375814422,-0.016329196696750314,3.575252070684487,0.00417523875127368,True
sp|Q6PFR5|TRA2A_MOUSE,0.05164779852880302,0.013578918177268204,0.00027160512948682584,0.016670823177302757,0.08662477388030328,3.56606203230469,0.004220118506050663,True
sp|P98156|VLDLR_MOUSE,-0.05187776691827071,0.013645226466252951,0.00027312982141090457,-0.08702554110360608,-0.016729992732935343,3.563630879255592,0.004220118506050663,True
sp|Q9ERZ0|HEMGN_MOUSE,0.05087259047168213,0.013382950084742872,0.00027369312252833425,0.016400395475469204,0.08534478546789506,3.5627361155804533,0.004220118506050663,True
sp|P10923|OSTP_MOUSE,0.04883161391572448,0.012911091349805977,0.00029227304819975025,0.015574846476097519,0.08208838135535143,3.534211231025715,0.004479780351871172,True
sp|Q8BWP8|B4GA1_MOUSE,-0.05136390314353036,0.013668514559304082,0.00031759917058996946,-0.0865716634813706,-0.016156142805690117,3.4981206404032217,0.004839158960172611,True
sp|Q3U515|VWCE_MOUSE,0.04327006917569153,0.01155160794511342,0.00033087837869254374,0.013515098927560087,0.07302503942382298,3.4803316109643814,0.00501183426549,True
tr|A2CEK7|A2CEK7_MOUSE,-0.03966764639878634,0.01064180128283206,0.00035208158874634613,-0.06707910998564943,-0.012256182811923241,3.453356684713759,0.005301813397788546,True
sp|P84244|H33_MOUSE / sp|P02301|H3C_MOUSE / sp|P68433|H31_MOUSE / sp|P84228|H32_MOUSE,0.050748400964869246,0.013653945563102942,0.0003651825573881712,0.0155781678743672,0.08591863405537128,3.4374899743222302,0.00546712258880547,True
sp|Q91ZV7|PLDX1_MOUSE,-0.05074083385485932,0.013683228345931468,0.00037585349571777997,-0.08598649439546055,-0.015495173314258093,3.4249814061365718,0.005594351164585453,True
sp|P43406|ITAV_MOUSE,-0.050045686586458,0.013553054085989152,0.00039629572676910997,-0.084956040453732,-0.015135332719183985,3.4019806106095425,0.005864721243853208,True
sp|Q19LI2|A1BG_MOUSE,0.0070917946498442646,0.001923804798466263,0.0004047226018628175,0.0021364018756468775,0.012047187424041652,3.3928425416172985,0.005947753446358913,True
sp|Q8CFX1|G6PE_MOUSE,0.04999064559185413,0.013565912844007839,0.00040652606079967713,0.015047169758868335,0.08493412142483991,3.390911608252674,0.005947753446358913,True
sp|Q9R0E2|PLOD1_MOUSE,0.045589735666514676,0.012458890405556809,0.0004433846955354401,0.013497760670177203,0.07768171066285215,3.353219301657295,0.006450370570642702,True
sp|Q8K182|CO8A_MOUSE,-0.022684983577790002,0.006226289816173255,0.0004674871855602527,-0.03872284333867717,-0.006647123816902835,3.3302302892123095,0.0067628061956047794,True
sp|P11588|MUP1_MOUSE / tr|A9R9W0|A9R9W0_MOUSE,-0.03803168572245096,0.010449307987306486,0.00047344126682757166,-0.06494731943796259,-0.011116052006939336,3.3247338901027397,0.006810677441793279,True
sp|P62320|SMD3_MOUSE,0.0498742930528809,0.01371687821521216,0.0004792662805301813,0.014541956192925878,0.08520662991283592,3.319423125347497,0.006856170402028982,True
sp|Q62009|POSTN_MOUSE,-0.047067298022904124,0.01295918767163003,0.0004857420752115716,-0.0804479533776784,-0.013686642668129849,3.3135942761012314,0.006898621699379007,True
sp|Q6P1C6|LRIG3_MOUSE,-0.040826345646729365,0.011244369507208923,0.0004875919026357201,-0.06978992212332982,-0.011862769170128913,3.3119435152559213,0.006898621699379007,True
sp|P61982|1433G_MOUSE,0.049606390443587306,0.013696628871250205,0.0005025103004109746,0.014326212437187132,0.08488656844998749,3.298855031686977,0.007070841658788304,True
sp|P54751|SIA4A_MOUSE,0.048446589424661075,0.013414358215141824,0.0005199659682002107,0.013893492445796837,0.08299968640352531,3.2840250800315802,0.0072766976528018616,True
sp|P28293|CATG_MOUSE,0.04953655792078764,0.013729958214379575,0.0005262851899568849,0.014170529215686796,0.08490258662588848,3.2787788511693083,0.007325320887237723,True
sp|P57776|EF1D_MOUSE,0.04950780995166573,0.01375088219485404,0.0005397185362574981,0.014087884644511876,0.08492773525881958,3.2678326661369246,0.007463786679303658,True
sp|Q01721|GAS1_MOUSE,-0.0494932391670227,0.013751840493697988,0.0005420734513776502,-0.08491563288842036,-0.01407084544562505,3.265941862231542,0.007463786679303658,True
sp|Q00623|APOA1_MOUSE,-0.049452908667690074,0.013746676109733132,0.0005449288915375098,-0.08486199981753628,-0.014043817517843872,3.263660165664101,0.007463786679303658,True
tr|Q9D1B1|Q9D1B1_MOUSE,-0.04490591809842736,0.012489218387759031,0.0005483232451774461,-0.07707601280003883,-0.012735823396815893,3.260963342593069,0.007470541567893777,True
sp|P26262|KLKB1_MOUSE,-0.044705682077341886,0.012484938332760086,0.0005759132856488093,-0.07686475208786628,-0.012546612066817502,3.2396429026866005,0.00780514058181939,True
sp|Q00897|A1AT4_MOUSE,-0.04732073036507689,0.013260516226317883,0.0005996822903144757,-0.08147755664101217,-0.013163904089141608,3.2220787764619807,0.008067825487366226,True
tr|E9QA79|E9QA79_MOUSE,-0.03795445456929076,0.010645600159906137,0.0006061999562565251,-0.06537570341504184,-0.010533205723539673,3.217384099307147,0.008067825487366226,True
sp|P01898|HA10_MOUSE,-0.03357508696718665,0.009420276883986752,0.0006084903299933751,-0.05784011221250405,-0.009310061721869246,3.215746319100123,0.008067825487366226,True
sp|O35188|X3CL1_MOUSE,-0.049061249324091595,0.013768097276795139,0.0006099561231838216,-0.08452551774377233,-0.01359698090441086,3.214701404570388,0.008067825487366226,True
sp|Q8BHB9|CLIC6_MOUSE,-0.04902540849210903,0.013759965588313272,0.0006109615417617143,-0.08446873107031083,-0.013582085913907214,3.213986126461762,0.008067825487366226,True
sp|Q9Z0M9|I18BP_MOUSE,0.048197585319315325,0.013544525788875038,0.0006199936835712329,0.013309198889657217,0.08308597174897343,3.2076127350245405,0.008145325179571044,True
sp|Q60972|RBBP4_MOUSE,0.048607047458410914,0.013674154239181807,0.000627789591874147,0.013384760267878992,0.08382933464894284,3.202185888746035,0.008178340704615554,True
sp|Q9JL35|HMGN5_MOUSE,0.048821708917557105,0.013736537775971319,0.0006288588192286911,0.013438732384903743,0.08420468545021047,3.201446844080981,0.008178340704615554,True
sp|P62806|H4_MOUSE,0.04880383541938642,0.013760622215735348,0.0006446303736240973,0.013358821481029313,0.08424884935774352,3.19068923530124,0.008341322673779147,True
sp|Q8VC49|IF27B_MOUSE,-0.048430735051611405,0.013669416699082032,0.0006523786313901816,-0.08364081914752758,-0.013220650955695225,3.1855002726797625,0.008399374879148588,True
sp|P36536|SAR1A_MOUSE / sp|Q9CQC9|SAR1B_MOUSE,0.048730162462007114,0.013773506091206467,0.0006632719776238903,0.013251961859668225,0.08420836306434601,3.1783083506895524,0.008497141006873222,True
sp|P22599|A1AT2_MOUSE,-0.04470535289412216,0.012647451124332031,0.0006703523229133869,-0.0772830281153791,-0.012127677672865225,3.1736968813585955,0.00854533282921768,True
sp|O55134|PCD12_MOUSE,-0.04863577985088253,0.013770554805174612,0.0006766883234146775,-0.08410637844417741,-0.013165181257587644,3.1696113174138634,0.008583608043314258,True
tr|J3QN89|J3QN89_MOUSE,0.0479696274124958,0.013656175500472082,0.0007206415900057752,0.012793650383973246,0.08314560444101836,3.142280677283128,0.009096333795416035,True
sp|P52430|PON1_MOUSE,-0.047749956761856636,0.013605086149412183,0.0007276432964471822,-0.08279433634281981,-0.012705577180893463,3.1380814673206716,0.009139909699275582,True
sp|Q9Z0M6|AGRE5_MOUSE,-0.045241176292530876,0.012910937242919395,0.0007411268293222899,-0.0784975467791235,-0.011984805805938248,3.1301074646772102,0.009232588661322863,True
sp|Q6ZWM4|LSM8_MOUSE,0.04835287480346953,0.013800686646315535,0.0007421925642306146,0.012804661730793976,0.08390108787614509,3.1294834010109347,0.009232588661322863,True
sp|P14211|CALR_MOUSE,0.04781160259931748,0.01368066695529599,0.0007638916045599682,0.012572539763772955,0.083050665434862,3.1169682629966884,0.009456831162220762,True
sp|Q61809|LRRN1_MOUSE,-0.035864156943322414,0.010275642675574827,0.0007754839705929658,-0.06233245845986568,-0.009395855426779148,3.110427174710428,0.009554407771659746,True
sp|P26339|CMGA_MOUSE,-0.04600043357780032,0.013214485671519671,0.0007989377656466046,-0.08003869300182775,-0.011962174153772882,3.09748704933298,0.00979649879304765,True
sp|P50247|SAHH_MOUSE,0.04794723605150774,0.013809183523183364,0.0008224860669578043,0.012377136474407385,0.0835173356286081,3.084871450331902,0.010020518941491275,False
sp|P03987|IGHG3_MOUSE / tr|A0A1Y7VJN6|A0A1Y7VJN6_MOUSE,-0.04762781368396443,0.013720885646737683,0.0008249902973188932,-0.08297047300347486,-0.012285154364454001,3.083551159141764,0.010020518941491275,False
tr|A0A0B4J1J0|A0A0B4J1J0_MOUSE,0.04725090286499815,0.013663583861932511,0.0008606067128596801,0.012055843161934532,0.08244596256806176,3.0651952706790424,0.010360477941699945,False
sp|Q8VDP4|CCAR2_MOUSE,0.047739443321870696,0.013805455775612926,0.0008610261279704032,0.012178945786198513,0.08329994085754289,3.0649836696134756,0.010360477941699945,False
sp|Q80V70|MEGF6_MOUSE,-0.047711851263771074,0.013821454298227188,0.0008779182425622399,-0.08331355826280656,-0.012110144264735577,3.056545926528219,0.010480509951056276,False
sp|Q9CQN1|TRAP1_MOUSE,0.04769398250441894,0.013822338391374674,0.0008822292359383253,0.012089998232347084,0.08329796677649079,3.0544185543604856,0.010480509951056276,False
sp|Q9CYL5|GAPR1_MOUSE,0.046673013207059834,0.013527796938440825,0.0008832119065550337,0.011827717440564857,0.0815183089735548,3.0539350848636366,0.010480509951056276,False
sp|P62317|SMD2_MOUSE,0.04714349520259235,0.013684286786656554,0.0008978253005483834,0.011895108299355382,0.08239188210582932,3.0468081604249737,0.0106050465546426,False
sp|O35955|PSB10_MOUSE,0.047158354343164635,0.013704482339538126,0.0009094844935970953,0.011857947143013942,0.08245876154331533,3.0412047011113548,0.010693710369920185,False
sp|A1KXC4|FAIM3_MOUSE,0.04614507052863649,0.013437440957894082,0.0009303403852853116,0.011532516344584708,0.08075762471268827,3.0313581262795193,0.01088921132777126,False
tr|A0A075B5S2|A0A075B5S2_MOUSE,-0.04654934751497797,0.013588005265522327,0.0009555680991391092,-0.08154972965468713,-0.011548965375268803,3.019738357246886,0.011133881698114054,False
tr|A0A075B684|A0A075B684_MOUSE,0.046222265676082674,0.013544870092868746,0.0009971483022760718,0.01133299237810824,0.08111153897405711,3.001240245830356,0.011528951950951886,False
sp|Q61207|SAP_MOUSE,0.046749231910023524,0.013700909921926577,0.0009984410982768722,0.011458026647841166,0.08204043717220588,3.000677550670959,0.011528951950951886,False
sp|Q62313|TGON1_MOUSE,-0.04722064872622987,0.013844705196851452,0.0010029068881604747,-0.08288224607127559,-0.011559051381184154,2.9987393858581632,0.011528951950951886,False
sp|Q9QZE5|COPG1_MOUSE,0.047177149513128604,0.013843116501943087,0.0010118066213734428,0.01151964437498225,0.08283465465127496,2.994902482847456,0.011579564666829401,False
sp|Q921M3|SF3B3_MOUSE,0.046623625708849724,0.013693225431846315,0.0010219844739022908,0.01135221438139894,0.08189503703630051,2.990555701999525,0.011634944614583944,False
sp|P00329|ADH1_MOUSE,0.04704148372092559,0.013820873353891365,0.0010259702087075195,0.011441273135334044,0.08264169430651713,2.988865249732756,0.011634944614583944,False
sp|Q8R0T6|AGRG3_MOUSE,0.04702091159818546,0.013820037967605009,0.0010302009212136464,0.011422852825070086,0.08261897037130084,2.9870780661057754,0.011634944614583944,False
sp|P20334|TNR9_MOUSE,0.04677899791914945,0.013761376541968054,0.0010404114331215792,0.011332040965177696,0.0822259548731212,2.9827948839710414,0.011657117832607087,False
sp|Q06770|CBG_MOUSE,0.030732030332701842,0.009041346532913646,0.0010412182918445164,0.00744306498968262,0.054020995675721065,2.9824582109264615,0.011657117832607087,False
sp|Q9EQC5|SCYL1_MOUSE,0.046858512128270795,0.013811114083739372,0.0010622516078519317,0.011283439756718,0.08243358449982359,2.973772602878417,0.011841116407873265,False
sp|P27808|MGAT1_MOUSE,0.046648523241825175,0.013755323747907439,0.0010673821465149436,0.011217157252163108,0.08207988923148724,2.9716800656647977,0.011847021669293016,False
sp|Q9CWK8|SNX2_MOUSE,0.04675364583194221,0.013812501413394029,0.0010895573163290486,0.011174999936011266,0.08233229172787315,2.9627499186892363,0.01204124501951631,False
sp|Q9CPQ1|COX6C_MOUSE,0.04685086819554351,0.013860759655842374,0.001106295376608872,0.01114791730457635,0.08255381908651066,2.956128902593164,0.01217397690071729,False
sp|P57716|NICA_MOUSE,0.04432166556267381,0.013122878778845942,0.0011157812285001267,0.010519369857202428,0.07812396126814519,2.952420949277494,0.012226113461224793,False
tr|Q9QUK9|Q9QUK9_MOUSE / tr|Q9R0T7|Q9R0T7_MOUSE,-0.046573463408824047,0.013798451166065779,0.001123526435835673,-0.08211591826596477,-0.011031008551683319,2.9494167044620427,0.012258815984223974,False
sp|P22892|AP1G1_MOUSE,0.04671401646661098,0.01384953124707044,0.0011318021619450272,0.011039988039990796,0.08238804489323118,2.946229480819582,0.012297006611849978,False
sp|P48759|PTX3_MOUSE,0.04396950237681593,0.013053666850886037,0.0011485369284244496,0.010345484783538784,0.07759351997009309,2.9398550365567804,0.012426397439886378,False
sp|P62307|RUXF_MOUSE,0.046047688563066694,0.013678180465849593,0.0011553542875961018,0.010815030499901165,0.08128034662623222,2.9372848196209036,0.012447854772217415,False
sp|C0HKE3|H2A1D_MOUSE / sp|Q8CGP7|H2A1K_MOUSE / sp|Q8CGP6|H2A1H_MOUSE / sp|Q64523|H2A2C_MOUSE / sp|C0HKE8|H2A1O_MOUSE / sp|C0HKE6|H2A1I_MOUSE / sp|Q8CGP5|H2A1F_MOUSE / sp|C0HKE1|H2A1B_MOUSE / sp|Q8R1M2|H2AJ_MOUSE / sp|C0HKE5|H2A1G_MOUSE / sp|C0HKE9|H2A1P_MOUSE / sp|Q8BFU2|H2A3_MOUSE / sp|C0HKE2|H2A1C_MOUSE / sp|C0HKE7|H2A1N_MOUSE / tr|Q8CGP4|Q8CGP4_MOUSE / sp|C0HKE4|H2A1E_MOUSE / sp|Q6GSS7|H2A2A_MOUSE,0.046552890646001696,0.013849250078976662,0.0011742915528440325,0.010879586460396683,0.0822261948316067,2.9302240631638057,0.012599169785722432,False
sp|P25206|MCM3_MOUSE,0.046233868845489676,0.013791155247042039,0.0012082829382121158,0.010710207030366618,0.08175753066061273,2.9178313570094536,0.012854216283515322,False
tr|A2A7W1|A2A7W1_MOUSE / sp|Q6SJQ5|CLM3_MOUSE,-0.045337947500356995,0.013526329842758613,0.0012105878584463964,-0.08017946427880263,-0.010496430721911372,2.917003686144741,0.012854216283515322,False
tr|Q8K4D0|Q8K4D0_MOUSE / tr|Q8K3N3|Q8K3N3_MOUSE / tr|Q8R269|Q8R269_MOUSE / tr|Q5NC97|Q5NC97_MOUSE / tr|Q8K3N2|Q8K3N2_MOUSE / tr|Q8R277|Q8R277_MOUSE / tr|A0A494B935|A0A494B935_MOUSE,-0.039441352438390295,0.011769348030043739,0.001213038662871543,-0.06975718397784247,-0.00912552089893811,2.9161253567557073,0.012854216283515322,False
sp|Q8K4Z5|SF3A1_MOUSE,0.04638741627971643,0.013863835579142702,0.0012334811336764306,0.01067654233537682,0.08209829022405604,2.9088674887383963,0.013012935130734708,False
sp|Q9EP64|TNMD_MOUSE,-0.0462377125652767,0.013823984942204081,0.0012381239250601954,-0.08184593807122473,-0.010629487059328674,2.9072358841718984,0.013012935130734708,False
sp|Q9QXP7|C1QT1_MOUSE,0.04546837392011551,0.013624704187869336,0.0012680995392349642,0.010373461620816253,0.08056328621941478,2.896846655252556,0.013223030179148072,False
sp|Q9R0H2|MUCEN_MOUSE,-0.043754332955658094,0.013111365817693154,0.0012683838657279898,-0.0775269732384215,-0.009981692672894678,2.8967492909825943,0.013223030179148072,False
sp|O09117|SYPL1_MOUSE,0.045462772963861614,0.01363570442423277,0.001280624527947242,0.010339525933391457,0.08058601999433176,2.892578184340583,0.0132968070946135,False
sp|P33622|APOC3_MOUSE,-0.04416227233584596,0.01325639492850177,0.0012916339663603235,-0.07830848285209785,-0.010016061819594066,2.8888605427746525,0.013301229472626542,False
sp|Q91XA2|GOLM1_MOUSE,-0.046140162140311344,0.013851716291290549,0.0012932167436189668,-0.08181981886786324,-0.010460505412759454,2.888328681098643,0.013301229472626542,False
sp|Q99MD9|NASP_MOUSE,0.04524715920206745,0.013586943452730144,0.0012965470282055387,0.010249512110863272,0.08024480629327163,2.88721172592915,0.013301229472626542,False
sp|P01844|LAC2_MOUSE,-0.0461458801186924,0.013890360651035424,0.0013299399956390114,-0.08192507812049203,-0.010366682116892775,2.876167953131213,0.013589664637977993,False
sp|Q02596|GLCM1_MOUSE,-0.020837448690733736,0.006290783770323135,0.0013716088221315667,-0.0370414338686219,-0.004633463512845569,2.862769730183853,0.013909570597294585,False
sp|Q8CAE9|PDXL2_MOUSE,-0.04592449019451026,0.013864938760903882,0.0013720508472671164,-0.08163820574675745,-0.010210774642263061,2.8626297936742096,0.013909570597294585,False
sp|Q921F2|TADBP_MOUSE,0.045927820949701215,0.013893303289142227,0.0014005450522224761,0.010141043214436346,0.08171459868496608,2.853702916389202,0.01410803958366676,False
sp|P07146|TRY2_MOUSE,-0.0451866826465042,0.013671979494183894,0.0014036119767983184,-0.08040336806514276,-0.009969997227865658,2.8527529346749065,0.01410803958366676,False
sp|Q80X72|LRC15_MOUSE,-0.045361022454463586,0.013728907290991384,0.001408064533204799,-0.08072434416030534,-0.00999770074862183,2.851377440525943,0.01410803958366676,False
sp|P63101|1433Z_MOUSE,0.04570247550776578,0.013842352482007079,0.0014187913469673721,0.010046938354559096,0.08135801266097246,2.848081468900251,0.014160417513337143,False
sp|Q9WVJ3|CBPQ_MOUSE,0.04574974208576368,0.01387163707321742,0.0014347818524928326,0.010018772824374945,0.0814807113471524,2.843214125034868,0.014264723050845729,False
sp|Q9ERK4|XPO2_MOUSE,0.04581363983867452,0.013903847257949017,0.001448581542264436,0.009999702639581415,0.08162757703776763,2.8390570528532195,0.014346528735888165,False
sp|P60766|CDC42_MOUSE,0.045780405610956164,0.013905892594423043,0.001461724138945543,0.009961199974237646,0.08159961124767467,2.835134581029313,0.014394356935111464,False
sp|P31532|SAA4_MOUSE,-0.044182640893634426,0.013423111681827993,0.0014645908803880402,-0.07875828530849653,-0.00960699647877232,2.834283674425224,0.014394356935111464,False
sp|Q61554|FBN1_MOUSE,-0.04074259724812225,0.012383545414025839,0.0014713938576245086,-0.07264049640739861,-0.008844698088845894,2.8322710612643975,0.014406232636437678,False
sp|P09405|NUCL_MOUSE,0.04552980017423886,0.013897067852876633,0.0015366666437916258,0.009733325565391832,0.08132627478308589,2.8134203357949845,0.014988320483952412,False
sp|P35700|PRDX1_MOUSE,0.04443101026414624,0.013580826959390191,0.0015590389954179852,0.009449118215722072,0.07941290231257041,2.807143021897079,0.01514915250264646,False
sp|Q9JIF7|COPB_MOUSE,0.045225788127599316,0.013900921628851527,0.0016500127395933182,0.009419386849666846,0.08103218940553178,2.782512702626263,0.01597286768591276,False
sp|P03953|CFAD_MOUSE,-0.03998181455430782,0.012342555009888886,0.0017240053203427931,-0.0717741294294439,-0.008189499679171736,2.763461398260754,0.016626643070721692,False
sp|P48025|KSYK_MOUSE,0.045054237647739796,0.013927870591408853,0.0017483936852956505,0.009178420442351919,0.08093005485312768,2.757360770728602,0.01675132590933143,False
sp|Q5RJI4|PKDCC_MOUSE,-0.04504274280232753,0.013925545882922375,0.0017499443377126814,-0.08091257195547372,-0.009172913649181332,2.756975765147242,0.01675132590933143,False
sp|Q8K0D2|HABP2_MOUSE,-0.04470983108687588,0.013881410588799407,0.0018258944929243214,-0.08046597525609939,-0.008953686917652373,2.738524321251119,0.017413623404741212,False
sp|Q00724|RET4_MOUSE,-0.03774852913357672,0.011727171185438765,0.0018369385508025186,-0.06795572032076419,-0.007541337946389257,2.7359053714534434,0.017454305418142014,False
sp|Q99LJ1|FUCO_MOUSE,-0.04466720643172694,0.013927759617089766,0.0019053923038942029,-0.08054273778621177,-0.008791675077242107,2.720015593281873,0.0179427967459863,False
sp|Q9QXC1|FETUB_MOUSE,0.044428784486184925,0.013855251410948398,0.001907892973827715,0.008740021893826791,0.08011754707854306,2.71944599136134,0.0179427967459863,False
tr|A0A075B5R8|A0A075B5R8_MOUSE / tr|A0A075B5R6|A0A075B5R6_MOUSE,0.04470684926299669,0.013942969959505627,0.0019092529353010666,0.00879213866280007,0.0806215598631933,2.7191365330369646,0.0179427967459863,False
sp|O09164|SODE_MOUSE,-0.04017615428461915,0.012541372758824729,0.0019265345947939803,-0.0724805897435298,-0.007871718825708501,2.715223187952184,0.018030508565300366,False
sp|P17918|PCNA_MOUSE,0.044271373199540415,0.013824123098535696,0.001932590432630253,0.008662791826464948,0.07987995457261587,2.713860174784336,0.018030508565300366,False
sp|P61957|SUMO2_MOUSE / sp|Q9Z172|SUMO3_MOUSE,0.04460786883090031,0.013951787388616459,0.0019637473237776324,0.008670446038418045,0.08054529162338257,2.7069143938141718,0.018255051836561023,False
sp|Q9CZ42|NNRD_MOUSE,-0.04439651410987942,0.013903116080400747,0.0019881572067567367,-0.0802085679204176,-0.008584460299341248,2.701549278224606,0.01838509260784571,False
sp|Q8K426|RETNG_MOUSE,-0.04449314964560708,0.013936146343606468,0.001992044939419597,-0.08039028377601448,-0.008596015515199673,2.700700868361214,0.01838509260784571,False
sp|P10854|H2B1M_MOUSE / sp|Q6ZWY9|H2B1C_MOUSE / sp|Q64525|H2B2B_MOUSE / sp|Q64475|H2B1B_MOUSE / sp|Q64478|H2B1H_MOUSE / sp|P10853|H2B1F_MOUSE / sp|Q8CGP2|H2B1P_MOUSE / sp|Q8CGP1|H2B1K_MOUSE,0.04447023219595446,0.013934018240754652,0.0019991557010473004,0.008578579695233728,0.08036188469667518,2.6991533802328793,0.01838509260784571,False
sp|Q02105|C1QC_MOUSE,0.04409492541227623,0.013841432218420829,0.0020349488327134494,0.008441758700981995,0.07974809212357045,2.691446506315702,0.018647662790879472,False
sp|O08852|PKD1_MOUSE,-0.04416779626322695,0.01387805838589941,0.002054795061408598,-0.0799153057299892,-0.008420286796464699,2.6872314867502953,0.018762756323145887,False
sp|Q3UW53|NIBA1_MOUSE,-0.04187137559116388,0.01317853295488184,0.0020886639637148667,-0.07581702695413339,-0.007925724228194354,2.6801314261965477,0.01900462793839499,False
sp|P41274|TNFL9_MOUSE,0.0425794580226781,0.013416471658035644,0.002111678886562062,0.008020917175676587,0.07713799886967962,2.6753721223110385,0.019146384270765177,False
sp|P11152|LIPL_MOUSE,-0.043029642522991844,0.013598094015601804,0.002172622073980176,-0.07805601156079191,-0.00800327348519178,2.663015812317027,0.019629831019294573,False
sp|Q60973|RBBP7_MOUSE,0.04404515395996155,0.013933498463353745,0.002194611843147793,0.008154840317101397,0.0799354676028217,2.658642281474645,0.01975918005631317,False
sp|Q7TQ62|PODN_MOUSE,0.041799857332804204,0.013240577448099491,0.0022226256475331723,0.007694389946080814,0.0759053247195276,2.6531336785071766,0.019941676105916094,False
sp|P98086|C1QA_MOUSE,0.04359017078878938,0.013819051520808824,0.0022403458530550514,0.007994652934238011,0.07918568864334075,2.6496849323448326,0.019970122196629844,False
sp|Q9CW03|SMC3_MOUSE,-0.043448005446028816,0.013774594847555877,0.002241306918379039,-0.07892901049887693,-0.007967000393180691,2.649498668305809,0.019970122196629844,False
sp|Q9D8N0|EF1G_MOUSE,0.043942769120406774,0.013971464403086118,0.002303976244193591,0.007954661697447206,0.07993087654336634,2.637522003143281,0.02045772009930516,False
tr|A0A075B5T9|A0A075B5T9_MOUSE,-0.043893887392470826,0.013977931317204326,0.00233902315537648,-0.07989865248231962,-0.007889122302622044,2.630965478831097,0.020697541666991188,False
tr|A0A0A6YXW6|A0A0A6YXW6_MOUSE,0.042229673892053204,0.013453355253813862,0.0023480053912573362,0.007576127198225903,0.07688322058588051,2.6293009102393192,0.020705869460574112,False
sp|Q91X17|UROM_MOUSE,-0.04300844520328559,0.013720135464986046,0.002378763306498663,-0.07834917218265716,-0.007667718223914016,2.6236487693101656,0.020905513700457533,False
sp|O70251|EF1B_MOUSE,0.04380463760334569,0.013981188296291877,0.00239024781045587,0.007791483091322153,0.07981779211536924,2.6215570709621456,0.02093499357797233,False
sp|Q9R100|CAD17_MOUSE,-0.0436331955396534,0.01396709101639719,0.0024573792299509042,-0.07961003786502388,-0.007656353214282922,2.6095278167530904,0.02145000514279179,False
tr|F6TQW2|F6TQW2_MOUSE,-0.04273925262024904,0.01371357975205476,0.00251345736062146,-0.07806309320214655,-0.00741541203835152,2.5997284779329757,0.021865380755406283,False
sp|P84096|RHOG_MOUSE,0.0435297624414555,0.013988845646324825,0.0025504126372709324,0.007496883902829557,0.07956264098008144,2.593389548353526,0.022112163437618352,False
sp|P01845|LAC3_MOUSE,-0.04335784357522247,0.013973635257360123,0.0026201631371743964,-0.07935154274823475,-0.007364144402210185,2.5816716676997347,0.02259042379523693,False
sp|P35917|VGFR3_MOUSE,-0.04162073175313548,0.013415401614141653,0.0026231210542818806,-0.07617651634971877,-0.00706494715655219,2.58118166671292,0.02259042379523693,False
sp|P35979|RL12_MOUSE,0.043232886210881276,0.013974057576581374,0.00269266004569598,0.0072380992156434384,0.07922767320611912,2.5698184737692915,0.02311199872555716,False
sp|O35367|KERA_MOUSE,0.0432138038873558,0.013978495248955388,0.002711795930867692,0.007207586205577432,0.07922002156913417,2.566742995274247,0.023198918677688727,False
sp|Q9JI18|LRP1B_MOUSE,-0.04322143534868844,0.013998300780941027,0.0027432810326187165,-0.07927866870012779,-0.007164201997249091,2.561729699262536,0.0233905584734874,False
sp|Q80W65|PCSK9_MOUSE,0.043056756545589527,0.013957340656151252,0.00276600111553105,0.007105029483860693,0.07900848360731835,2.5581476490752686,0.023479436988262277,False
sp|Q0VGB7|PP4R2_MOUSE,0.04308778863048763,0.013970625867312396,0.00277194129880844,0.00710184113254609,0.07907373612842916,2.557215970984297,0.023479436988262277,False
sp|Q61704|ITIH3_MOUSE,0.04301561846242334,0.01399823056352478,0.002867241509167778,0.00695856597906238,0.0790726709457843,2.542535724674211,0.02419701714548579,False
sp|P17426|AP2A1_MOUSE,0.04303924694122682,0.014010259211460641,0.0028754513578713213,0.006951210714030591,0.07912728316842305,2.541293974679628,0.02419701714548579,False
sp|Q61990|PCBP2_MOUSE,0.04225972473636244,0.013816534615403182,0.0029929007723695483,0.00667069000050919,0.0778487594722157,2.52390768166523,0.025103320810591488,False
sp|Q8BG07|PLD4_MOUSE,0.0425851680274316,0.014005427349904398,0.0031585068991451136,0.00650957785082263,0.07866075820404056,2.5005181701365973,0.02640634826395671,False
sp|P13597|ICAM1_MOUSE,0.04259319172635096,0.014024341215004146,0.0031919236903312303,0.006468882661774693,0.07871750079092724,2.495947499922878,0.026599364086093587,False
sp|Q8BIS8|CC126_MOUSE,-0.04224846893525817,0.013924353964983194,0.0032200957115419027,-0.0781152279112492,-0.006381709959267137,2.4921312194915153,0.02674756921684,False
sp|P97379|G3BP2_MOUSE,0.042478984693872374,0.01400654824876706,0.0032330481058331626,0.006400507273126646,0.0785574621146181,2.4903878332967464,0.02676880666405271,False
sp|P04117|FABP4_MOUSE,0.04203044735338939,0.013864493315065701,0.0032453739495536932,0.00631787919358532,0.07774301551319346,2.488735254219306,0.02678473692339987,False
sp|O88668|CREG1_MOUSE,0.04234016925366156,0.014031375398056463,0.003383138962921759,0.006197741334252604,0.07848259717307052,2.4706801631370467,0.02777867035677107,False
tr|A0A075B5S3|A0A075B5S3_MOUSE,0.04123958331431844,0.013668556620836486,0.0033873796085538313,0.006031714633150484,0.0764474519954864,2.470136131178754,0.02777867035677107,False
sp|P17427|AP2A2_MOUSE,0.04053637989911749,0.013505698070900813,0.003548556924508465,0.005748007043207326,0.07532475275502766,2.4499482236035823,0.029008044700346975,False
sp|Q62469|ITA2_MOUSE,-0.04079483607287791,0.013601677122783639,0.003571485863885058,-0.07583043458315471,-0.005759237562601119,2.447151064494742,0.02910308892248109,False
sp|Q9CQV8|1433B_MOUSE,0.04201271124212239,0.014018324293346922,0.0035954833108211583,0.005903900740667961,0.07812152174357682,2.444242722773577,0.029206213013768086,False
sp|O54781|SRPK2_MOUSE / sp|O70551|SRPK1_MOUSE / sp|Q9Z0G2|SRPK3_MOUSE,0.041890814575540856,0.014002907074110633,0.003653353074646145,0.005821716199174494,0.07795991295190721,2.4373083538048737,0.029575538680665755,False
sp|P15306|TRBM_MOUSE,-0.04179171407522711,0.013974351646545485,0.0036639211025756803,-0.0777872585444958,-0.005796169605958426,2.4360538868286787,0.029575538680665755,False
sp|Q922D8|C1TC_MOUSE,0.041654338612767315,0.01396329090261832,0.003745524927877309,0.005687284731825268,0.07762139249370936,2.426487308190212,0.030139770904012722,False
sp|P62259|1433E_MOUSE,0.04183575092082743,0.0140538417638855,0.0038157959143124277,0.0056354534779718,0.07803604836368307,2.4184148613416734,0.030609577817303744,False
sp|P18761|CAH6_MOUSE,0.041572523343899534,0.013978816447211185,0.0038479622569697622,0.005565478310241637,0.07757956837755743,2.414769196423765,0.03077174786241347,False
sp|Q62167|DDX3X_MOUSE,0.040901144931913956,0.01376941174700828,0.0038881075554842424,0.0054334906613395725,0.07636879920248835,2.4102617298292954,0.030996523081646826,False
sp|Q8R480|NUP85_MOUSE,0.04171442225111485,0.014052073496127119,0.003909586763414865,0.0055186795641677736,0.07791016493806194,2.4078691443568068,0.030998488227580678,False
sp|P01897|HA1L_MOUSE,0.034622191086255055,0.011663931169157175,0.0039124305529956195,0.004577895386162618,0.0646664867863475,2.4075533582553263,0.030998488227580678,False
sp|P19096|FAS_MOUSE,0.041273068358821885,0.013932877815825015,0.003982333244131487,0.005384353398053411,0.07716178331959037,2.399862400754647,0.03145554633017969,False
sp|Q91ZX7|LRP1_MOUSE,-0.04161740989986408,0.01406267372714261,0.004015811978217678,-0.07784045697248525,-0.005394362827242913,2.3962266292131646,0.031622984232142264,False
sp|O08539|BIN1_MOUSE,0.04146201045195201,0.014048279126184289,0.004111364599928774,0.005276041414292179,0.07764797948961184,2.3860140078423893,0.03220177744222675,False
sp|O88207|CO5A1_MOUSE,-0.0413333961740991,0.014007518886156837,0.004118511238178104,-0.07741437379107653,-0.005252418557121663,2.385259744619698,0.03220177744222675,False
sp|O35684|NEUS_MOUSE,-0.0399718779920208,0.013549279570269883,0.0041268297304601275,-0.07487250935109842,-0.0050712466329431855,2.384383449379691,0.03220177744222675,False
sp|Q99NH8|TREM2_MOUSE,0.03680456272032447,0.012537106694052473,0.004304845151172269,0.004511115916065032,0.06909800952458392,2.3660424658597847,0.03348935427271478,False
sp|P11859|ANGT_MOUSE,-0.03506116063530872,0.011960941074529559,0.004359714779445163,-0.06587050315310364,-0.004251818117513812,2.360541922145381,0.03381405288274486,False
sp|Q9DD06|RARR2_MOUSE,0.04097617563059487,0.013995822503521814,0.004405157506581427,0.004925325898754246,0.0770270253624355,2.356038558757889,0.033999905620610685,False
sp|Q64685|SIAT1_MOUSE,-0.041208165614344074,0.014076907805460899,0.004410084845547172,-0.0774678772430065,-0.004948453985681646,2.3555530550676513,0.033999905620610685,False
sp|Q91WK2|EIF3H_MOUSE,0.04044154409420004,0.013822890139970866,0.00443150776069502,0.004836138611925923,0.07604694957647415,2.35344848579911,0.03406308204116321,False
tr|A2BHD2|A2BHD2_MOUSE / sp|A2AEP0|OBP1B_MOUSE,0.03913984314985908,0.013384717006379257,0.004450559780475125,0.004663096865118073,0.07361658943460009,2.351585361090547,0.034107712603343596,False
sp|A2RT60|HTRA4_MOUSE,0.037673141647831324,0.012892060961293266,0.004476802190709431,0.004465393240593321,0.07088089005506933,2.3490320946675407,0.034207019706459306,False
sp|P01878|IGHA_MOUSE,0.039751328035962666,0.013633228365310359,0.004561195860224145,0.004634458910622169,0.07486819716130316,2.3409212785180484,0.03473807580439538,False
sp|P54116|STOM_MOUSE,-0.04029481870994013,0.013823949029408936,0.0045732845427922456,-0.07590295171065806,-0.004686685709222212,2.339771776638097,0.03473807580439538,False
sp|P09528|FRIH_MOUSE,0.04093859496436717,0.014078953009603929,0.004667998460607971,0.0046736152389413865,0.07720357468979296,2.3308692958463704,0.03535053982819151,False
sp|O09106|HDAC1_MOUSE,0.040930877147247344,0.014081080802001262,0.004681372458801283,0.004660416591812641,0.07720133770268205,2.3296268042117747,0.03535053982819151,False
sp|Q7TPV4|MBB1A_MOUSE,0.04063489691674671,0.014008046682587927,0.004763037091204666,0.0045525597862557665,0.07671723404723765,2.322116036493282,0.0358620482744211,False
sp|Q99NB9|SF3B1_MOUSE,0.04080415832575438,0.014090775562621526,0.00483265786077147,0.004508725721823113,0.07709959092968566,2.315813950658497,0.036245174242411485,False
sp|P68254|1433T_MOUSE,0.04078604509262705,0.014087797899348187,0.004842073762869728,0.004498282441011352,0.07707380774424274,2.3149685989167383,0.036245174242411485,False
sp|P20029|BIP_MOUSE,0.0407149881130246,0.014075753874863902,0.004878163494166536,0.00445824881260818,0.07697172741344102,2.3117436481747156,0.03640948115211256,False
sp|P62852|RS25_MOUSE,0.04042050617009943,0.014015778985743054,0.005001172756292044,0.004318251946557584,0.07652276039364128,2.300928143291065,0.03721971054176882,False
sp|Q9Z1D1|EIF3G_MOUSE,0.04031000561985482,0.01403945612884703,0.005187836315454322,0.004146763117281432,0.07647324812242821,2.285013735058352,0.038497632600273425,False
sp|P35980|RL18_MOUSE,0.04017600771977045,0.014013296998680543,0.0052508294986363035,0.004080146671235255,0.07627186876830565,2.279772083598986,0.03885312057180598,False
sp|O08749|DLDH_MOUSE,-0.04001032665236172,0.013965981634300127,0.005283330212085249,-0.07598431139881776,-0.00403634190590569,2.277092244735208,0.03898159110635964,False
sp|Q60865|CAPR1_MOUSE,0.040277196459118925,0.014066536486904849,0.005306226128916298,0.004044199576709609,0.07651019334152824,2.2752142461652345,0.039038663662741335,False
sp|P04919|B3AT_MOUSE,-0.03910034638691254,0.01367553129223498,0.00537031547126499,-0.07432618063105137,-0.003874512142773713,2.270000201562017,0.03939761350002094,False
tr|A0A075B6A7|A0A075B6A7_MOUSE,0.039943224507495344,0.013989932683195405,0.0054322841640278225,0.0039075459474441215,0.07597890306754657,2.2650175200896023,0.03973231710696562,False
sp|Q5MJS3|FA20C_MOUSE,-0.03917147644623004,0.013724112449937704,0.005446799199518005,-0.07452244745997988,-0.003820505432480213,2.2638586350350636,0.03973231710696562,False
sp|P60867|RS20_MOUSE,0.040192340369756704,0.014091307536423776,0.005476953481315195,0.0038955374921168795,0.07648914324739653,2.2614609477500376,0.039822805905959484,False
sp|Q68FL6|SYMC_MOUSE,0.040233226877681216,0.014109799030795027,0.0054901344064526665,0.0038887930669735116,0.07657766068838892,2.260417023260982,0.039822805905959484,False
tr|Q6S9I3|Q6S9I3_MOUSE,0.037751789887580905,0.013260082052362086,0.005559842033495696,0.0035960819696437968,0.07190749780551801,2.2549375474387565,0.04021514954003207,False
sp|Q8K4T1|SIA8F_MOUSE,0.0340258653631192,0.011962880372164433,0.0056035013591782526,0.003211527545648074,0.06484020318059032,2.2515405183884876,0.040417411764380955,False
sp|Q9D662|SC23B_MOUSE,0.0387134729810181,0.013620950877892713,0.005636979877055912,0.0036282285675419274,0.07379871739449427,2.2489535155255944,0.0405453161548016,False
sp|Q9WUA3|PFKAP_MOUSE,0.04004445732683473,0.014095224518020094,0.005656410941587601,0.003737564973217651,0.07635134968045182,2.247459046314983,0.040558721936317245,False
sp|Q5XJY5|COPD_MOUSE,0.04009083312257864,0.01411583324054266,0.00567034559109678,0.003730856217579223,0.07645081002757806,2.246390471313,0.040558721936317245,False
sp|P70663|SPRL1_MOUSE,-0.03944028470992102,0.013903227450229616,0.005724943598136462,-0.07525262539012792,-0.003627944029714107,2.2422287876149327,0.04083581652410358,False
sp|Q8BHD7|PTBP3_MOUSE,-0.039276769048750715,0.013865890718632519,0.005793104555187978,-0.07499293668161108,-0.0035606014158903534,2.2370886331906674,0.04110147684203946,False
sp|O35292|RNS2B_MOUSE,0.0394308910805327,0.013920600284078752,0.005794111104334106,0.0035738009458115075,0.0752879812152539,2.237013181286798,0.04110147684203946,False
sp|P60843|IF4A1_MOUSE,0.03981438178008649,0.01407313239933135,0.005851309240048394,0.0035643949531653576,0.07606436860700763,2.23274694894147,0.041393190365726966,False
sp|Q5SQX6|CYFP2_MOUSE / sp|Q7TMB8|CYFP1_MOUSE,0.039877860745191306,0.014122975535301811,0.005943370424846118,0.003499486508056683,0.07625623498232592,2.225967201181594,0.04192925710679111,False
sp|O55029|COPB2_MOUSE,0.03982664127564681,0.014117323234199565,0.0059856921575368776,0.0034628264013238305,0.07619045614996978,2.222885622564471,0.042112451654801805,False
sp|Q9Z0Z4|HEPH_MOUSE,-0.034889921832846185,0.012377173714798191,0.006023644194331604,-0.06677140858253856,-0.003008435083153807,2.220140689032134,0.0422639885569588,False
sp|P15208|INSR_MOUSE,0.039723582968160524,0.014119973913858013,0.006120140411214399,0.0033529403954990003,0.07609422554082204,2.2132386139465807,0.04280038838055009,False
sp|P68510|1433F_MOUSE,0.039693423865909565,0.014113274378747044,0.006134060395896113,0.003340038152107025,0.0760468095797121,2.2122519522734416,0.04280038838055009,False
sp|Q61233|PLSL_MOUSE,0.03966238157850651,0.014108877625023693,0.006157114756301329,0.0033203211517850648,0.07600444200522796,2.210622751952779,0.04280038838055009,False
sp|Q8BGE5|FANCM_MOUSE,0.03944038996465929,0.01403261618350908,0.006166580228809353,0.003294765993722068,0.07558601393559651,2.209955613843279,0.04280038838055009,False
tr|A0A075B5M7|A0A075B5M7_MOUSE,0.03936611819198767,0.014103337205404607,0.0065134449359457985,0.003038328940475024,0.07569390744350031,2.186189253988363,0.04508634599478611,False
sp|Q99PL5|RRBP1_MOUSE,0.03928321059900194,0.014085975896015507,0.0065585088356532725,0.003000141116961716,0.07556628008104216,2.1831948920363162,0.0452411098029229,False
sp|Q8CIE6|COPA_MOUSE,0.03937350858055401,0.014121757314568252,0.006570941773317735,0.0029982722720830815,0.07574874488902494,2.18237238117942,0.0452411098029229,False
tr|Q3UWK8|Q3UWK8_MOUSE,0.03727719550761954,0.013402006209333458,0.006695733374719638,0.0027559151872741036,0.07179847582796497,2.174201848353123,0.04597736917307485,False
tr|A2AGD7|A2AGD7_MOUSE,-0.03698136826358271,0.013302597712327321,0.006723154103185975,-0.07124658926431798,-0.0027161472628474334,2.1724269340529827,0.04604287716942523,False
sp|Q8C8R3|ANK2_MOUSE,-0.038217709444068895,0.013752085601409197,0.006741382311367882,-0.0736407345210916,-0.0027946843670461838,2.171251042834608,0.04604525053520503,False
sp|O54901|OX2G_MOUSE,-0.035101715301263596,0.012642694707325161,0.006790943651204963,-0.06766713880421434,-0.0025362917983128563,2.168069873136888,0.04626105794140947,False
sp|Q9WV54|ASAH1_MOUSE,0.03910065627391943,0.014149180419074611,0.007042931160059858,0.0026547827292667386,0.07554652981857213,2.152246556524927,0.04785104943840141,False
sp|Q02357|ANK1_MOUSE,-0.03787094270651423,0.0137437323684485,0.007201414504101826,-0.0732724512812974,-0.002469434131731049,2.1425821909311633,0.04879905881069001,False
sp|Q8VDW0|DX39A_MOUSE,0.03896591961900035,0.014153285435426755,0.007249290110990586,0.002509472252936261,0.07542236698506444,2.1397045197702877,0.04899454602572377,False
sp|P47879|IBP4_MOUSE,0.0337352599188389,0.012310775092888051,0.007513555058031059,0.0020248046851779194,0.06544571515249988,2.124154526808346,0.05064765516866486,False
sp|F6ZDS4|TPR_MOUSE,0.038601936174202746,0.014096525198817395,0.007553477609098197,0.0022916934888734114,0.07491217885953208,2.1218530538387785,0.0507838246564696,False
sp|P09813|APOA2_MOUSE,-0.038725461853481635,0.014154297197870785,0.007605168490392187,-0.0751845153468973,-0.0022664083600659746,2.1188911598309703,0.05099820016343719,False
sp|Q9QYI4|DJB12_MOUSE,0.03871700064165045,0.014161305638928607,0.007646573868694865,0.0022398946003858583,0.07519410668291504,2.116533111672064,0.05101283233712388,False
tr|A0A075B5L1|A0A075B5L1_MOUSE,-0.0380487316117332,0.013916971845076327,0.007646972148399929,-0.07389647550694581,-0.0022009877165205943,2.1165104915840858,0.05101283233712388,False
sp|P21550|ENOB_MOUSE,0.03825457256559184,0.013999960335699628,0.0076790122453237585,0.002193064484374438,0.07431608064680924,2.1146946398635262,0.05109420292431183,False
sp|P28076|PSB9_MOUSE,0.03800000021706264,0.013943984021250076,0.007836063700239907,0.0020826775669090594,0.07391732286721622,2.105902042234442,0.052004804196179796,False
sp|Q9Z1F9|SAE2_MOUSE,0.03842007146097455,0.0141071159180161,0.00787391123324076,0.0020825488907875306,0.07475759403116157,2.1038094855492204,0.05212164890898448,False
sp|P28063|PSB8_MOUSE,0.038148105588336825,0.014022395433158565,0.007938389453732689,0.0020288085256567195,0.07426740265101693,2.1002675986188164,0.052413725239388906,False
sp|Q8JZQ9|EIF3B_MOUSE,0.03848728194070642,0.01415237403652959,0.007960862278864387,0.002033182182628865,0.07494138169878398,2.0990398892132207,0.052427673575641424,False
sp|P12367|KAP2_MOUSE,0.03813496892802967,0.01404036780199276,0.0080361699814675,0.0019693781110522585,0.07430055974500709,2.0949508856081325,0.05278861658744595,False
sp|Q8BP67|RL24_MOUSE,0.03788693940826739,0.013974430647707346,0.008146647709401688,0.001891191445490964,0.07388268737104381,2.0890210637520696,0.053378162472542866,False
sp|Q921V5|MGAT2_MOUSE,-0.0370510336541784,0.013695481989573067,0.00827863669157223,-0.0723282574891469,-0.0017738098192099025,2.08204117602619,0.0541053032507576,False
sp|P61222|ABCE1_MOUSE,0.03806221209149774,0.01408124805325461,0.008331490640930793,0.0017913207253836064,0.07433310345761188,2.079277289203768,0.054312882026320994,False
sp|Q60841|RELN_MOUSE,-0.038261963900193326,0.01416714679187729,0.00838430144338118,-0.07475411575438964,-0.0017698120459970074,2.0765331157559106,0.054519131860370044,False
sp|P49222|EPB42_MOUSE,-0.03695558915366469,0.013713780901422855,0.008523570540178634,-0.07227994786199893,-0.0016312304453304435,2.0693784403197832,0.055272975793246526,False
sp|Q8VC30|TKFC_MOUSE,0.036963197435504774,0.013722043143398404,0.008548685693859182,0.0016175566021768978,0.07230883826883265,2.0681006501584194,0.055272975793246526,False
sp|O35900|LSM2_MOUSE,0.03760868188235661,0.01396517709496956,0.00856462809378849,0.001636769491884113,0.0735805942728291,2.0672914908796973,0.055272975793246526,False
sp|Q61805|LBP_MOUSE,0.03676094351430116,0.01365638097162503,0.008592544290919723,0.0015844372271618043,0.07193744980144051,2.0658782205811987,0.05531450387279572,False
sp|Q7TQ48|SRCA_MOUSE,-0.038117595057269214,0.014169144716073443,0.008632080122420175,-0.07461489322315626,-0.0016202968913821766,2.063884537212603,0.05543043968885773,False
sp|Q91VK1|5MP1_MOUSE,0.03806864587499808,0.01417031817424252,0.008719830256569486,0.0015683250811726474,0.07456896666882351,2.0594919691216442,0.05585463410613539,False
sp|P52480|KPYM_MOUSE,0.0376929985280389,0.014057406861623958,0.008843946133031091,0.0014835180019585337,0.07390247905411927,2.0533539112989545,0.05650908509318873,False
sp|Q8QZY9|SF3B4_MOUSE,0.037596647436449436,0.014066569309488646,0.009054950559089892,0.0013635660086669596,0.07382972886423192,2.0431139166335295,0.057714103192218986,False
sp|Q9CQW3|PROZ_MOUSE,-0.03789293187996682,0.014182768421789733,0.009079977258460221,-0.0744253223862608,-0.0013605413736728356,2.0419152392033206,0.05773071960625944,False
sp|Q8R0X2|CACL1_MOUSE,-0.03780584217716293,0.014181754080724251,0.00922906652995162,-0.07433561991401666,-0.0012760644403092061,2.0348422232852896,0.05832110293350248,False
sp|Q64012|RALY_MOUSE,0.03756520034658714,0.014093219887004658,0.009237356974671119,0.0012634715802824215,0.07386692911289186,2.0344522728831236,0.05832110293350248,False
sp|Q923B1|DBR1_MOUSE,0.0370997611501401,0.013919310045142378,0.009240780581308354,0.0012459944506797924,0.07295352784960041,2.0342913417846002,0.05832110293350248,False
sp|P19973|LSP1_MOUSE,0.03778588644391801,0.01418359481323529,0.009273412787141293,0.0012513672943223544,0.07432040559351366,2.0327604080497017,0.058350252303787785,False
sp|O55189|AMBN_MOUSE,0.03695398291906524,0.013874877470149758,0.009290719784292424,0.0012146669483030573,0.07269329888982742,2.031950638402805,0.058350252303787785,False
sp|P70315|WASP_MOUSE,0.03730797384260132,0.014028854435768288,0.009392797040537791,0.0011720394917273946,0.07344390819347525,2.0272050617927517,0.05884781600823555,False
sp|O35744|CHIL3_MOUSE,0.0376292840664575,0.014159659474245806,0.009441002439440892,0.0011564182644213383,0.07410214986849366,2.0249818901506593,0.059006265246505575,False
sp|Q9Z0K8|VNN1_MOUSE,0.03245305047209259,0.012217213340327299,0.009470964444166799,0.0009835943423689916,0.0639225066018162,2.023605793810583,0.059050202042928594,False
tr|Q3UU43|Q3UU43_MOUSE,-0.03765589120964287,0.01419450008284841,0.009561481278240603,-0.0742185004722711,-0.0010932819470146418,2.0194748209945943,0.05947056592142403,False
sp|G5E8K5|ANK3_MOUSE,-0.0362646612702104,0.013687766130649339,0.009651257554657096,-0.0715220103696611,-0.0010073121707596874,2.0154160945872714,0.05976372077582778,False
sp|Q9JK23|PSMG1_MOUSE,0.03643903491783963,0.0137543271156156,0.009655032171939555,0.0010102360828397466,0.07186783375283952,2.0152462747512314,0.05976372077582778,False
sp|P05622|PGFRB_MOUSE,-0.037499047760200604,0.014173500856363711,0.009749139996897908,-0.07400756659989768,-0.000990528920503525,2.0110336931296433,0.060201523961659745,False
tr|A0A075B5U4|A0A075B5U4_MOUSE,0.03613990937913103,0.01372496289485075,0.010087690531239854,0.0007867477644531232,0.07149307099380894,1.9962082494560287,0.06214306966014982,False
sp|O70469|DOK2_MOUSE,-0.037364660670728515,0.014197136811381168,0.010123512744372154,-0.07393406169597692,-0.0007952596454801064,1.9946687660743263,0.06220854330273813,False
sp|P61255|RL26_MOUSE,0.03725239394922186,0.014159006330950746,0.010146636189184472,0.000781210532824532,0.07372357736561919,1.9936779111108334,0.06220854330273813,False
sp|Q922B2|SYDC_MOUSE,0.03716167465250455,0.014129984167016708,0.0101746335818815,0.000765247376420912,0.0735581019285882,1.9924812220272954,0.0622320225020068,False
sp|Q60847|COCA1_MOUSE,-0.03696629470788315,0.014097866103409545,0.010393715856833206,-0.0732799913345542,-0.0006525980812120899,1.9832291600835048,0.06342137045342537,False
sp|Q9DCL9|PUR6_MOUSE,0.036938436018409945,0.014113806509206817,0.010533326348144524,0.0005836796273758146,0.07329319240944407,1.977434460104103,0.0639212613716997,False
sp|P97822|AN32E_MOUSE,0.03718870063825629,0.01421032165225662,0.010538000254365652,0.0005853377135182636,0.07379206356299432,1.9772417952802548,0.0639212613716997,False
sp|O09159|MA2B1_MOUSE,0.03712439376741686,0.01418805408016571,0.010550111100183448,0.000578388307389481,0.07367039922744423,1.976742966912018,0.0639212613716997,False
sp|P40237|CD82_MOUSE,0.03625986864375315,0.013877417057031972,0.010656801831535416,0.0005140111306808498,0.07200572615682545,1.9723731100665818,0.06430807815187911,False
sp|P62869|ELOB_MOUSE,0.03710021173220151,0.01420037548488076,0.010663902668292187,0.0005224684368482224,0.0736779550275548,1.9720838274742163,0.06430807815187911,False
sp|P61939|THBG_MOUSE,0.02554760921495341,0.009787634734983584,0.010734028982754083,0.0003363328521496199,0.05075888557775721,1.9692372364168633,0.06442097358243613,False
sp|P01642|KV5A9_MOUSE,0.037086098691837696,0.014209646647812262,0.01074179811899229,0.00048447446332747224,0.07368772292034792,1.968923014000319,0.06442097358243613,False
sp|Q9QXA5|LSM4_MOUSE,0.037078708462786415,0.014209797452615367,0.010757677141921372,0.000476695786845234,0.07368072113872759,1.9682814938509787,0.06442097358243613,False
sp|Q80Y98|DDHD2_MOUSE,0.03653255909156745,0.014013481417918876,0.010828029356483035,0.00043622301055400853,0.07262889517258089,1.965450575459593,0.06452087510938855,False
sp|P49182|HEP2_MOUSE,-0.035822622461369476,0.013746643174969644,0.010858422604565507,-0.07123162877688677,-0.00041361614585217615,1.9642332598198455,0.06452087510938855,False
sp|Q91WR6|GINM1_MOUSE,0.037043406741314476,0.014215587654459117,0.010860987950437663,0.0004264794937907032,0.07366033398883826,1.9641306681257653,0.06452087510938855,False
sp|Q9Z1R3|APOM_MOUSE,-0.03204707596197681,0.012300413944804122,0.010874586329116361,-0.0637308426467848,-0.0003633092771688287,1.9635872546858857,0.06452087510938855,False
sp|Q922R8|PDIA6_MOUSE,0.03699237218053457,0.014211028731866646,0.010941875932058868,0.0003871879394170899,0.07359755642165206,1.960908213916774,0.06477087477023354,False
sp|P63017|HSP7C_MOUSE,0.0364558077255578,0.014017389346716915,0.011010379488058032,0.00034940548703019103,0.07256220996408541,1.9581977122063297,0.06502689720584733,False
sp|P16675|PPGB_MOUSE,0.036154602012941094,0.013944225974406936,0.011248325426670628,0.0002366561327559885,0.0720725478931262,1.9489121275160306,0.06628017842946651,False
sp|Q80XR2|AT2C1_MOUSE,-0.03679741756432435,0.014222641684284854,0.011417347795963408,-0.07343251478858137,-0.00016232034006733592,1.942434769238265,0.06690333227729238,False
sp|Q71KU9|FGL1_MOUSE,0.03639259629239827,0.01406748048774001,0.011424708672209854,0.00015716782497517817,0.07262802475982136,1.9421548655394965,0.06690333227729238,False
sp|Q9D1R9|RL34_MOUSE,0.03676961001920865,0.014214526560049758,0.011432025709517922,0.00015541596975833516,0.07338380406865896,1.9418768075297863,0.06690333227729238,False
sp|Q6PFE3|RA54B_MOUSE,-0.03641420910940987,0.014083771885006396,0.011469442937769905,-0.07269160143530748,-0.00013681678351225995,1.9404576749433415,0.06697010332144558,False
sp|P28862|MMP3_MOUSE / sp|O55123|MMP10_MOUSE,0.03672218505988482,0.014208654454275348,0.011501746322876979,0.00012311655256176668,0.07332125356720787,1.9392362152280902,0.06700678004843488,False
sp|Q8BSL7|ARF2_MOUSE,0.036676656263770875,0.014219419187030981,0.011661705160194406,4.9859642370989055e-05,0.07330345288517076,1.9332379429286337,0.06764335431671185,False
sp|O35490|BHMT1_MOUSE,0.03663876229220024,0.014205053959234345,0.011663553132667986,4.896804551109135e-05,0.07322855653888939,1.9331691278921965,0.06764335431671185,False
sp|Q3V3G7|GRM2A_MOUSE,-0.036018353920616794,0.013972421389883999,0.011709162493170134,-0.07200892637821346,-2.778146302013368e-05,1.9314741670627604,0.06775526611216426,False
sp|P06800|PTPRC_MOUSE,0.03651256103539298,0.014181229142078018,0.011806832242186555,-1.5864549113210613e-05,0.07304098661989916,1.927866607405662,0.06816724893190669,False
sp|P63037|DNJA1_MOUSE,0.036544234713562704,0.014216413865283585,0.011938253837639136,-7.482071201364571e-05,0.07316329013913905,1.9230591911409458,0.06877182020563932,False
sp|O35206|COFA1_MOUSE,-0.0346691509527849,0.01351289082150855,0.012096340587275687,-0.0694760511064836,0.00013774920091379206,1.9173459935779835,0.06952695761659575,False
sp|Q499E4|DZI1L_MOUSE,-0.03645548142153565,0.0142252261197712,0.012190215632281079,-0.07309723571045153,0.00018627286738022442,1.9139886120943728,0.0699104794056209,False
tr|A0A075B5W5|A0A075B5W5_MOUSE,0.036105373176865144,0.014098477765974386,0.01224858860227772,-0.0002098989881643143,0.0724206453418946,1.9119139519163337,0.0700891458908114,False
sp|Q9JLV5|CUL3_MOUSE,0.036233734714608626,0.014154928297911673,0.012285980670930372,-0.00022694438478582102,0.07269441381400307,1.910590172275033,0.0701472288861324,False
sp|Q8BM72|HSP13_MOUSE,0.03530709156303633,0.013812716913840927,0.012406446366458605,-0.00027210942526065957,0.07088629255133333,1.9063525975864537,0.07067831724254625,False
sp|P30681|HMGB2_MOUSE,0.03551108193938762,0.013925517723796436,0.012607749961851787,-0.0003586746806568189,0.07138083855943206,1.8993624127403712,0.07166656987145331,False
sp|P13504|IL1R1_MOUSE,-0.03626431766027518,0.01422814302759302,0.012651301830072233,-0.07291358540583426,0.000384950085283893,1.8978647829050153,0.07175573174545374,False
sp|Q9CXW4|RL11_MOUSE,0.03579286765957936,0.014050268026770401,0.012694598710070778,-0.0003982244464920265,0.07198395976565075,1.8963810230893086,0.07184305863391703,False
sp|O88998|NOE1_MOUSE,-0.031341040307089674,0.012318169786399035,0.012802564997116376,-0.06307054300898701,0.00038846239480765793,1.892703010625976,0.07229518611310234,False
sp|Q91YL2|RN126_MOUSE,-0.03619946466916278,0.014234617165902045,0.01284454901044198,-0.07286540868989347,0.00046647935156790554,1.8912811397989506,0.07237355295817965,False
tr|A0A075B5K0|A0A075B5K0_MOUSE,0.0361825052323398,0.014238935896680701,0.01291151313893345,-0.0004945631016846919,0.07285957356636429,1.8890228584786548,0.07259202256059745,False
sp|P63001|RAC1_MOUSE,0.03607863620346059,0.014224004230315373,0.013070922638843605,-0.0005599707067892659,0.07271724311371044,1.883693755738797,0.07332816077346903,False
tr|Q3UJB0|Q3UJB0_MOUSE,-0.03590596670640292,0.01422475027127187,0.013501582311520039,-0.07254649529081017,0.0007345618780043375,1.8696153315870065,0.07557950967861761,False
sp|Q9JIX8|ACINU_MOUSE,0.035772225285629615,0.014222159335660971,0.01382345389139079,-0.000861629490907477,0.0724060800621667,1.859383431740203,0.07721343551048002,False
sp|D3YXK2|SAFB1_MOUSE,0.03559915677116141,0.014197686401023271,0.014111784900884598,-0.0009716599031920556,0.07216997344551487,1.8504180519026485,0.07865334657960572,False
sp|P49710|HCLS1_MOUSE,0.035705729987208217,0.014253995750474872,0.014202023595401759,-0.0010101299595264568,0.07242158993394289,1.8476497701449366,0.07898533641071172,False
sp|P97855|G3BP1_MOUSE,0.03558845010277096,0.014246275083941563,0.014460290974448654,-0.0011075227248642863,0.07228442293040621,1.8398229679456373,0.08024838202414931,False
sp|P11247|PERM_MOUSE,0.03374564032146321,0.013531983892391393,0.014624701586057259,-0.0011104403237102503,0.06860172096663666,1.8349129868424228,0.08062912573369599,False
sp|Q9D554|SF3A3_MOUSE,0.035385300503226684,0.014189669537510993,0.014625930603154393,-0.0011648660991693052,0.07193546710562268,1.8348764915393256,0.08062912573369599,False
sp|Q61129|CFAI_MOUSE,0.0353761520433447,0.014190053703901138,0.014653203942151803,-0.0011750041060964653,0.07192730819278587,1.834067405872048,0.08062912573369599,False
sp|Q60716|P4HA2_MOUSE,-0.035147315638885485,0.014099105757715226,0.014658915894356153,-0.07146420540344339,0.0011695741256724165,1.8338981469192,0.08062912573369599,False
sp|Q7TSK7|ATL2_MOUSE,0.03554340647638727,0.014261952741262964,0.014685460182176086,-0.0011929493203874444,0.07227976227316199,1.8331124399175922,0.08062912573369599,False
sp|P27656|LIPC_MOUSE,-0.0352788278325805,0.014164980768722085,0.014747677750763594,-0.07176540038086149,0.0012077447157004748,1.8312763606641163,0.08079844725152395,False
sp|Q30D77|COOA1_MOUSE,0.03548618706263091,0.014256791591452489,0.014805373621598337,-0.001236874493221976,0.0722092486184838,1.8295806284806206,0.08094232924759176,False
sp|Q8CJ12|AGRG2_MOUSE,-0.03533894397241785,0.014209172788954082,0.014883735104075438,-0.07193934762139542,0.0012614596765597244,1.82728806801506,0.08112793009877926,False
sp|Q01705|NOTC1_MOUSE,-0.03517010484244817,0.014144005533274608,0.014902334344358288,-0.0716026487646147,0.001262439079718361,1.8267456971267992,0.08112793009877926,False
sp|O35375|NRP2_MOUSE,0.030546572297795612,0.012296507167602038,0.014996237780785796,-0.0011271311958128104,0.06222027579140403,1.8240176820098581,0.0814669035559566,False
sp|Q91WG4|ELP2_MOUSE,0.03538114017658547,0.014255760357363667,0.01508580215158606,-0.001339265096282613,0.07210154544945355,1.8214315923006972,0.08178092745333496,False
sp|Q8R146|APEH_MOUSE,-0.03537054419015687,0.014262981987312658,0.015164645309865988,-0.07210955114906695,0.0013684627687532008,1.8191677430697315,0.08203563376660698,False
sp|Q9QZF2|GPC1_MOUSE,0.0321695585501647,0.012992011432361207,0.015314753105419165,-0.0012956452093536228,0.06563476230968301,1.8148900002167536,0.0824548455874542,False
sp|Q8R4U0|STAB2_MOUSE,0.034507066905803366,0.013936636005898291,0.015318986257890663,-0.0013913285110841583,0.07040546232269089,1.8147699734221578,0.0824548455874542,False
sp|Q9Z1Q9|SYVC_MOUSE,0.03494053019414222,0.014114689532313327,0.015339899641875052,-0.0014165007136853688,0.0712975611019698,1.8141774816596878,0.0824548455874542,False
sp|Q7TNB8|SBNO2_MOUSE,0.03505770050489721,0.014166363913960178,0.015370223643486607,-0.0014324347894191097,0.07154783579921353,1.813319813279336,0.0824548455874542,False
sp|Q8R0Z6|ANGL6_MOUSE,-0.035213268494940185,0.014247637676958386,0.015498624050700342,-0.07191275112959697,0.001486214139716606,1.8097068562628107,0.08297080442942491,False
sp|P15508|SPTB1_MOUSE,-0.03412719582850967,0.013846593348235873,0.015777014211086657,-0.06979365672922092,0.001539265072201576,1.8019751832775706,0.08428591616918701,False
sp|Q61838|PZP_MOUSE,0.0329280509030472,0.013371279164049859,0.015861913741567073,-0.001514081793645268,0.06737018359973967,1.7996444161821887,0.08439604893959789,False
sp|P99027|RLA2_MOUSE,0.034975549652337845,0.01420289595304812,0.015863179684180728,-0.0016086859387795874,0.07155978524345527,1.7996097564329214,0.08439604893959789,False
sp|Q9CQQ8|LSM7_MOUSE,0.035060812841722334,0.01427489269908802,0.016130480088702086,-0.0017088740776048383,0.07183049976104951,1.792352706586777,0.08564120871836674,False
sp|Q8VDG3|PARN_MOUSE,0.03487649400918776,0.014207657254713856,0.01618695953007195,-0.0017200058822833125,0.07147299390065884,1.7908347190859288,0.08576424030850878,False
sp|Q9R1V7|ADA23_MOUSE,0.03429971500910371,0.013987390142706944,0.01629534931915537,-0.0017294144006518714,0.0703288444188593,1.7879363252414555,0.08616124126658127,False
sp|Q65Z40|WAPL_MOUSE,-0.034991409281135505,0.014277988109872785,0.01635717581145222,-0.07176906945026859,0.0017862508879975883,1.7862916783774587,0.08631091744772432,False
sp|P55284|CADH5_MOUSE,0.033630573697272625,0.013727407788309304,0.016392689328362693,-0.001728885545619882,0.06899003294016513,1.7853497917219407,0.08632142130988535,False
sp|Q8N7N5|DCAF8_MOUSE,0.03493871681795629,0.014280053265539546,0.016529035089651842,-0.0018442628396596397,0.07172169647557222,1.781752498362674,0.08686176603235407,False
sp|P61804|DAD1_MOUSE,0.03479136257587501,0.014241982832116848,0.016692248022825908,-0.0018935541437319278,0.07147627929548195,1.777485170920284,0.08754081193233545,False
sp|Q80TL0|PPM1E_MOUSE,0.03474347563820777,0.014250369623027878,0.01690004569929499,-0.001963044023190537,0.07144999529960608,1.7721121210120776,0.08845044243025325,False
sp|P37040|NCPR_MOUSE,-0.034808706573599094,0.01428190337066555,0.016935604197408725,-0.07159645178621324,0.0019790386390150447,1.7711993047813923,0.08845675620350399,False
sp|Q9Z1K5|ARI1_MOUSE,0.03427858588642038,0.01408056618985101,0.01705811287460945,-0.0019905491159577376,0.0705477208887985,1.7680690161624106,0.08891627662372335,False
sp|P48193|EPB41_MOUSE,-0.03357045403578872,0.013798387072200876,0.017125628048546972,-0.06911274379807406,0.001971835726496611,1.7663534926520725,0.08908786308082517,False
sp|P18531|HVM60_MOUSE,-0.03420253839918571,0.014067582806259924,0.017197336528613334,-0.0704382304216507,0.0020331536232792782,1.7645388100980792,0.08928052734108737,False
sp|P24452|CAPG_MOUSE,0.03441557398928285,0.014169909848397718,0.01730926232716982,-0.0020836950268661517,0.07091484300543185,1.7617214401584642,0.08962866621779146,False
sp|P97371|PSME1_MOUSE,0.03430364283179984,0.014127057967123898,0.017334010010275784,-0.0020852470528518532,0.07069253271645154,1.761100956969905,0.08962866621779146,False
sp|Q80Y55|BSDC1_MOUSE,0.03454648350615119,0.014256312965302888,0.01755719033937966,-0.0021753451904401033,0.07126831220274249,1.7555449826060872,0.0906007317112277,False
sp|Q7TNV0|DEK_MOUSE,0.03433330086799469,0.014175559995403465,0.017612888894046778,-0.0021805219623810754,0.07084712369837046,1.7541694045185592,0.0907063778043409,False
sp|Q62383|SPT6H_MOUSE,-0.03436747103193571,0.014210955587832875,0.01777750410355112,-0.07097246686650761,0.0022375248026361982,1.7501292124402246,0.09120369797720286,False
sp|P12970|RL7A_MOUSE,0.03434829928883519,0.014203387642938955,0.01778029374157508,-0.002237202811511317,0.0709338013891817,1.750061068490024,0.09120369797720286,False
sp|O08808|DIAP1_MOUSE,0.03378854838429052,0.013981783634569795,0.01785814853640865,-0.002226139617514812,0.06980323638609584,1.748163569081386,0.09142093932654528,False
sp|Q80U22|RUSC2_MOUSE,-0.03442740088236824,0.014277025247918244,0.018098713112471902,-0.07120258088346355,0.002347779118727078,1.7423523040270228,0.09180602353193039,False
sp|Q8BWY3|ERF1_MOUSE,0.03441884550232382,0.014275363509875759,0.018113468517198136,-0.0023520541452268437,0.07118974514987447,1.741998379412867,0.09180602353193039,False
sp|P50608|FMOD_MOUSE,-0.03419292757212078,0.014182551234333958,0.018120464766264333,-0.07072475864060182,0.002338903496360255,1.741830667429878,0.09180602353193039,False
sp|P27641|XRCC5_MOUSE,0.033925144747873975,0.014073788590995935,0.01813879940527926,-0.0023265323167655436,0.0701768218125135,1.741391461979219,0.09180602353193039,False
sp|P47962|RL5_MOUSE,0.032952103860331025,0.013676926105730822,0.018194483759989794,-0.0022773231852833767,0.06818153090594542,1.7400602623293757,0.09180602353193039,False
sp|B2RQC6|PYR1_MOUSE,0.033669872374547105,0.013979144712474481,0.0182290275956139,-0.002338018214395332,0.06967776296348954,1.7392364976161512,0.09180602353193039,False
sp|P01635|KV5A3_MOUSE,-0.033872953167074234,0.014063737161253212,0.01823123673192212,-0.07009873946443988,0.002352833130291415,1.739183869598922,0.09180602353193039,False
tr|Q9D8C9|Q9D8C9_MOUSE,-0.031355975454289156,0.013020847084547097,0.018249654144578242,-0.06489545493169484,0.0021835040231165254,1.7387453615924091,0.09180602353193039,False
sp|Q9QZD9|EIF3I_MOUSE,0.03439383854772976,0.01428415935449609,0.01826391159324203,-0.002399717694143412,0.07118739478960293,1.7384062037221617,0.09180602353193039,False
sp|Q9QYB1|CLIC4_MOUSE,0.03440887228689926,0.014294186707337573,0.018293679264780215,-0.002410512704260029,0.07122825727805855,1.7376989394828104,0.09180602353193039,False
sp|Q9CQC6|5MP2_MOUSE,0.0343400479886571,0.014269634873413444,0.018325551881713482,-0.002416095669224551,0.07109619164653874,1.7369429375286476,0.09180602353193039,False
tr|F6ZIS7|F6ZIS7_MOUSE,-0.024175780680727982,0.010051214513275604,0.018384261671313445,-0.050065993560279284,0.0017144321988233173,1.7355538071066856,0.09192130835656721,False
sp|Q3UU35|OVOS_MOUSE,0.0337462261461055,0.014046258087056231,0.01851391540016224,-0.0024345370397446595,0.06992698933195565,1.7325017251225956,0.09239017859577087,False
sp|Q8C3K6|SC5A1_MOUSE,-0.03422160713373076,0.014252666067820762,0.018582025127931546,-0.07093404204492056,0.0024908277774590426,1.7309069569753897,0.09255070542441728,False
sp|P61979|HNRPK_MOUSE,0.03429449820827284,0.014290808709794073,0.018644108652126748,-0.0025161856378265804,0.07110518205437227,1.7294583747975083,0.09268065594445246,False
sp|Q9WVH9|FBLN5_MOUSE,-0.030410622945198106,0.01268864181268612,0.018790956043185793,-0.06309439834855085,0.0022731524581546397,1.7260511233737945,0.09311776241057537,False
sp|P15209|NTRK2_MOUSE,-0.03168474327471298,0.013221805208142905,0.01880436367126182,-0.06574185657566295,0.0023723700262369835,1.7257413582658014,0.09311776241057537,False
sp|Q8CH18|CCAR1_MOUSE,0.033494803958834876,0.013990712045666454,0.01891609291105527,-0.0025428821059073556,0.06953249002357711,1.7231685615069225,0.09349124615348813,False
tr|Q61406|Q61406_MOUSE,-0.03335407839764257,0.01396258130975272,0.0191706673522539,-0.0693193044884878,0.002611147693202677,1.7173627685848123,0.0945679471878425,False
sp|O55234|PSB5_MOUSE,-0.03399698772477559,0.014248042457040451,0.019304483867562092,-0.07069751300382926,0.0027035375542780737,1.7143418053564934,0.09496612940438441,False
sp|P49183|DNAS1_MOUSE,0.03410994376631976,0.014301158880401298,0.019351794572849308,-0.002727400352526485,0.07094728788516601,1.7132787548338322,0.09496612940438441,False
sp|P59999|ARPC4_MOUSE,0.0339802320214128,0.01424801864914041,0.01936202638341818,-0.0027202319325542804,0.07068069597537988,1.7130491924262143,0.09496612940438441,False
sp|Q8BH43|WASF2_MOUSE,0.033661827647814085,0.01414568688959568,0.019621970790340212,-0.0027750471612339664,0.07009870245686214,1.7072573751219358,0.09600412514917457,False
sp|P20152|VIME_MOUSE,0.03403192584022367,0.014304383149294652,0.019648222894607766,-0.0028137234449205975,0.07087757512536794,1.7066767237601639,0.09600412514917457,False
sp|Q9DCH4|EIF3F_MOUSE,0.0339920169947341,0.01430317307115629,0.01977754890294089,-0.0028505153356817928,0.07083454932514999,1.7038275329556256,0.09645300838081969,False
sp|P01921|HB2D_MOUSE,0.033897998191124955,0.014271149313451793,0.019840522503609355,-0.0028620464057859465,0.07065804278803586,1.7024468948105551,0.09656614382773178,False
sp|Q91Y47|FA11_MOUSE,0.03069380622134508,0.012936728287416231,0.01997516835106652,-0.0026289975934316277,0.06401661003612179,1.6995095517570944,0.09656614382773178,False
sp|P14069|S10A6_MOUSE,0.03355804552239284,0.014144574150975904,0.019980555641792123,-0.0028759630619112006,0.06999205410669687,1.6993924385920753,0.09656614382773178,False
sp|Q8BRN9|C2D1B_MOUSE,0.03347945970527144,0.01411207010906619,0.01998582205350242,-0.0028708240153977743,0.06982974342594066,1.6992779837082284,0.09656614382773178,False
tr|Q9D8U0|Q9D8U0_MOUSE,0.03390549463266308,0.014291939646822545,0.01998825423696351,-0.0029081023141747514,0.07071909157950092,1.6992251352646643,0.09656614382773178,False
sp|B1ATG9|TIKI2_MOUSE,-0.031447756371632704,0.01326596323922087,0.02007902507264053,-0.06561861322302032,0.0027231004797549016,1.697257377973803,0.09682301416114113,False
tr|A0A075B5T0|A0A075B5T0_MOUSE,0.03334276772937086,0.014089026032930094,0.020282147714429283,-0.002948158384713795,0.06963369384345551,1.692886058651385,0.09756719094152247,False
sp|Q8VED9|LEGL_MOUSE,-0.033776282628835086,0.01427538341671247,0.020309131784332444,-0.07054723355299908,0.002994668295328913,1.6923086422935238,0.09756719094152247,False
sp|Q9EPU5|TNR21_MOUSE,0.033751049442954414,0.014269621042272845,0.020350864364087087,-0.0030050585882699793,0.07050715747417881,1.6914171402185494,0.0975856158985554,False
sp|Q9EQS3|MYCBP_MOUSE,0.0338121199103995,0.014311879543489567,0.020490894636033784,-0.003052838806582983,0.07067707862738198,1.688439079812036,0.09807444923380482,False
sp|Q9CZ52|ANTR1_MOUSE,-0.03094023146436188,0.01310104762166128,0.020535422016550273,-0.06468629383542664,0.0028058309067028747,1.6874963676788077,0.0981052164983617,False
sp|Q91W96|APC4_MOUSE,0.03370900762410347,0.014288943711102672,0.02066860302657812,-0.003096872303715567,0.0705148875519225,1.684688875977991,0.09831164662932586,False
tr|Q61635|Q61635_MOUSE,0.033527521727877214,0.014212607492180179,0.02067374048207164,-0.0030817291303191427,0.07013677258607356,1.6845809397366467,0.09831164662932586,False
sp|Q9WTQ5|AKA12_MOUSE,-0.033595913129665506,0.01424384955006687,0.020693169892463927,-0.07028563819606956,0.0030938119367385566,1.684172976644209,0.09831164662932586,False
sp|P28653|PGS1_MOUSE,0.03305255692006416,0.014035109371061984,0.02088351819332988,-0.0030994890764310737,0.06920460291655939,1.6801963350165763,0.09892437851497081,False
sp|P61205|ARF3_MOUSE / sp|P84078|ARF1_MOUSE,0.033671642291837896,0.014299776111982562,0.020898975499861795,-0.003162140051595347,0.07050542463527114,1.6798750031550822,0.09892437851497081,False
sp|Q08943|SSRP1_MOUSE,0.03333272877031254,0.014163030816083525,0.020961914855039548,-0.0031488210328214986,0.06981427857344658,1.6785690474043107,0.09903228936235464,False
sp|Q8CG03|PDE5A_MOUSE,0.033496384333071776,0.014239241866249317,0.02102018069534278,-0.0031814721263335455,0.0701742407924771,1.6773635549750945,0.09903228936235464,False
sp|O70172|PI42A_MOUSE,-0.03365179019180649,0.0143081054898595,0.021044546806721718,-0.07050702759085548,0.003203447207242506,1.6768604223255206,0.09903228936235464,False
sp|P14115|RL27A_MOUSE,0.03347681739435252,0.014237259939104388,0.021075609541969065,-0.0031959339590353977,0.07014956874774045,1.6762198559969077,0.09903228936235464,False
sp|Q99PG2|OGFR_MOUSE,0.03364935931557183,0.01431695787845567,0.02113067792110902,-0.0032286803254295768,0.07052739895657323,1.6750865695509063,0.09911019243507418,False
sp|Q8BXA1|GOLI4_MOUSE,-0.032063506047003615,0.013712655956638753,0.021780838244372432,-0.0673849670895981,0.003257954995590867,1.66192541025976,0.10161647450615967,False
sp|P12382|PFKAL_MOUSE,0.03343329191954699,0.014299953072958182,0.021794035362999377,-0.0034009462451528374,0.07026753008424683,1.6616623487521773,0.10161647450615967,False
sp|Q8C165|P20D1_MOUSE,-0.03210565941733295,0.01373218326349953,0.021794777500947445,-0.0674774194691588,0.0032661006344929105,1.6616475602596945,0.10161647450615967,False
sp|P60335|PCBP1_MOUSE,0.0330762931860278,0.014150453863014742,0.02182287782598303,-0.0033728605328423103,0.0695254469048979,1.6610879787003667,0.10161647450615967,False
sp|Q6NZJ6|IF4G1_MOUSE,0.033284635430404566,0.014252646063367938,0.021940263241147343,-0.0034277479527294458,0.06999701881353858,1.658758166027859,0.10197866037175886,False
sp|P00924|ENO1_YEAST,-0.033088372159199304,0.014178123100708451,0.022026532001733386,-0.06960879711132772,0.003432052792929123,1.6570538755715107,0.10219517099903327,False
sp|P08032|SPTA1_MOUSE,-0.03273298185960963,0.014065195986059787,0.0223891006045358,-0.06896252584066079,0.003496562121441539,1.649963352170524,0.10369052887892029,False
sp|P27773|PDIA3_MOUSE,-0.031823909020446794,0.013682799977139998,0.02246748737443612,-0.06706846615616223,0.00342064811526864,1.6484454936882516,0.10386675042939499,False
sp|Q9EQU5|SET_MOUSE,0.03318409891357702,0.014305488067434341,0.022815247934094757,-0.0036643964520894842,0.07003259427924352,1.6417748073724001,0.10528541833386022,False
sp|P01727|LV1E_MOUSE / sp|P01723|LV1A_MOUSE / sp|P01728|LV2A_MOUSE / sp|P01726|LV1D_MOUSE / tr|A0A075B663|A0A075B663_MOUSE / sp|P01729|LV2B_MOUSE,-0.03292413341292058,0.014199648118927358,0.022873186719326637,-0.06950000313773669,0.003651736311895526,1.6406733247589722,0.10536396386809675,False
sp|Q64152|BTF3_MOUSE,0.033077575282079844,0.014270816975308038,0.022919453657965858,-0.0036816132685016864,0.06983676383266138,1.63979573906759,0.10538855923082516,False
sp|Q61982|NOTC3_MOUSE,-0.033181488044648905,0.014323839594977399,0.022995242921455578,-0.0700772538127257,0.003714277723427889,1.6383619981842925,0.10554857490685939,False
sp|P60882|MEGF8_MOUSE,-0.03261998294597253,0.014095440402460614,0.023127257639383572,-0.06892743138105768,0.0036874654891126263,1.6358758615092095,0.10596563776052081,False
sp|Q9QYJ0|DNJA2_MOUSE,0.033146631103579995,0.014330807015367944,0.023199818639223064,-0.0037670815501089153,0.07006034375726891,1.634515410121709,0.10610929484191721,False
sp|Q00PI9|HNRL2_MOUSE,0.03307259872880437,0.014315444769335028,0.023355493709172614,-0.0038015434013846244,0.06994674085899337,1.6316109477766239,0.10663190833531823,False
sp|P11031|TCP4_MOUSE,0.032906638046183004,0.014266509719462288,0.02357167228804599,-0.0038414557485731624,0.06965473184093918,1.6276096054388696,0.10739434676981435,False
sp|Q9CQW2|ARL8B_MOUSE,-0.03189288237388144,0.013834771728449597,0.0236476095605766,-0.06752889279993178,0.0037431280521689064,1.6262127537473337,0.10739434676981435,False
sp|Q8VEH3|ARL8A_MOUSE,-0.03189288237388144,0.013834771728449597,0.0236476095605766,-0.06752889279993178,0.0037431280521689064,1.6262127537473337,0.10739434676981435,False
sp|P62983|RS27A_MOUSE,0.03247297842724971,0.01409078582684519,0.02368965504626687,-0.003822480615569654,0.06876843747006907,1.6254412631520148,0.1073958833523542,False
sp|P84099|RL19_MOUSE,0.03271566397520993,0.014266821149435735,0.024369784308750704,-0.0040332320099978405,0.0694645599604177,1.6131483146369376,0.1102850520123604,False
sp|Q99LX0|PARK7_MOUSE,-0.03285411338547626,0.01433780917802803,0.024472280499037834,-0.06978586241493323,0.004077635643980712,1.6113255581512722,0.1103819280869702,False
sp|P62313|LSM6_MOUSE,0.03239266586925657,0.014139205408529663,0.024499509825582626,-0.004027513750931237,0.06881284548944439,1.6108426047038031,0.1103819280869702,False
sp|P62996|TRA2B_MOUSE,0.032805383308661264,0.014321446895301264,0.024519791404173572,-0.004084219273475152,0.06969498589079767,1.6104832287866448,0.1103819280869702,False
sp|P27870|VAV_MOUSE,0.032802346175508014,0.01432593522150562,0.02457618979293231,-0.0040988175687894715,0.0697035099198055,1.6094854477380622,0.11044273772565566,False
sp|Q8K3W0|BABA2_MOUSE,0.03270617362574143,0.014305187878556024,0.02478355320497936,-0.004141548504615705,0.06955389575609856,1.605836428924809,0.11118057404672797,False
sp|Q9ERR7|SEP15_MOUSE,0.032494192018648456,0.014257478809841661,0.0252285939340276,-0.004230639694469199,0.06921902373176611,1.5981069533551675,0.1129802250089062,False
sp|Q99JX4|EIF3M_MOUSE,0.03191372851696391,0.01400944275904277,0.025295945104749796,-0.004172204668169414,0.06799966170209723,1.5969490898822218,0.11308517125821306,False
sp|P62267|RS23_MOUSE,0.032589410440620935,0.01433685079566449,0.025602400165064966,-0.0043398699594600285,0.06951869084070189,1.59171931868887,0.11409595342455038,False
sp|P27659|RL3_MOUSE,0.03244657630046793,0.014274838928075401,0.025610664496850535,-0.004322972113909258,0.06921612471484512,1.5915791531375234,0.11409595342455038,False
tr|A0A075B5P8|A0A075B5P8_MOUSE,0.03258049117439212,0.014342528009905788,0.025698355586073602,-0.004363412760494102,0.06952439510927835,1.5900946658804924,0.11428888710559504,False
sp|P23116|EIF3A_MOUSE,0.032544513307702014,0.014345219882522643,0.025884285730472727,-0.0044063244315521236,0.06949535104695614,1.5869638147498955,0.11491730302752978,False
sp|Q8CBY8|DCTN4_MOUSE,0.03241387607515397,0.014314297865415397,0.026154117235505887,-0.004457311826310484,0.06928506397661842,1.5824599338746845,0.11586601696743638,False
sp|Q9QZN4|FBX6_MOUSE,0.03236460061176111,0.014295866985205904,0.026187969660212806,-0.0044591124883695335,0.06918831371189174,1.5818981708968942,0.11586601696743638,False
sp|Q7TT37|ELP1_MOUSE,0.03245631053395225,0.014349189977029705,0.02631808665718318,-0.004504753491071038,0.06941737455897554,1.5797456874149236,0.11605325381579831,False
sp|P97821|CATC_MOUSE,0.032326244648635954,0.014291916099512818,0.02632042727317523,-0.0044872916443514654,0.06913978094162337,1.5797070648728202,0.11605325381579831,False
sp|P09411|PGK1_MOUSE,-0.03182294195249067,0.0140769522290042,0.026398824781266372,-0.0680827680086177,0.0044368841036363585,1.5784154065533367,0.11616995636962432,False
sp|P01671|KV3AJ_MOUSE,-0.03241222456886167,0.014341377008419774,0.02643712405149509,-0.0693531637203918,0.004528714582668451,1.5777857911115043,0.11616995636962432,False
sp|O88200|CLC11_MOUSE,-0.032289110430032034,0.01431729002980559,0.02674936877973361,-0.06916800563621378,0.0045897847761497135,1.5726864618189396,0.11734177957038168,False
sp|P98064|MASP1_MOUSE,-0.03180305342078766,0.014107262370987935,0.02680689688106031,-0.06814095322883112,0.004534846387255806,1.571753456268183,0.11739414875634406,False
tr|A0A140T8P4|A0A140T8P4_MOUSE,0.032332858108102276,0.014353775574820038,0.026925545184164453,-0.004640017634083636,0.06930573385028818,1.5698354944152295,0.11771354643331658,False
sp|Q9DBZ5|EIF3K_MOUSE,0.03229970468836444,0.014352909631179077,0.02706894964920393,-0.004670940530815862,0.06927034990754474,1.5675285957405705,0.11808945774496195,False
sp|Q9QUM9|PSA6_MOUSE,0.03204115883112889,0.014242573227068397,0.02711654888228091,-0.004645278645094918,0.0687275963073527,1.566765583859319,0.11808945774496195,False
sp|P38647|GRP75_MOUSE,0.031146225471272,0.01384779269913006,0.02714911028544368,-0.004523324752617734,0.06681577569516173,1.5662443982833705,0.11808945774496195,False
sp|O08601|MTP_MOUSE,-0.03132244593998744,0.013949044040863539,0.027394885622514454,-0.06725280233693791,0.00460791045696303,1.5623305084657935,0.11888894220175944,False
sp|P97351|RS3A_MOUSE,0.03221686621055163,0.014351907204938756,0.027442433269839757,-0.004751196929744211,0.06918492935084747,1.5615773831689042,0.11888894220175944,False
sp|Q6PDQ2|CHD4_MOUSE / sp|A2A8L1|CHD5_MOUSE,0.03222154048938169,0.014356759062869087,0.02747142547962985,-0.004759020208747758,0.06920210118751113,1.5611188046538758,0.11888894220175944,False
sp|Q99LL5|PWP1_MOUSE,-0.032067402044473683,0.014307928621944766,0.02768065997580925,-0.06892218386196505,0.004787379773017679,1.557823559430771,0.11959345543239734,False
sp|P62889|RL30_MOUSE,0.03199376256664726,0.01428752446522957,0.027812650149506547,-0.004808461626062896,0.06879598675935741,1.5557576270843907,0.11996243573698384,False
sp|P06909|CFAH_MOUSE,0.03210671000495769,0.01435966637224248,0.028042640528659166,-0.004881339425850222,0.0690947594357656,1.5521810950907637,0.12075217284497886,False
sp|Q9D8E6|RL4_MOUSE,0.03155515769264452,0.014130012506999206,0.028226926624950896,-0.0048413425823964976,0.06795165796768554,1.5493364056818597,0.12134279809557355,False
tr|Q9ER05|Q9ER05_MOUSE,-0.03114804614848604,0.013985615364415989,0.028644768059664864,-0.06717260403231248,0.004876511735340393,1.5429546899378628,0.12293379625606171,False
sp|P97290|IC1_MOUSE,-0.0317106555044989,0.014258026083202613,0.028860344025507648,-0.06843689690037674,0.005015585891378946,1.5396984962678502,0.12350082953321188,False
sp|Q9QXY6|EHD3_MOUSE,0.03105960178456314,0.01396641302673325,0.02887281529281303,-0.004915494155163454,0.06703469772428973,1.5395108674347406,0.12350082953321188,False
sp|D3Z6Q9|BIN2_MOUSE,0.03165597437145675,0.014242511989634265,0.028959579974461597,-0.005030305367589742,0.06834225411050324,1.5382077413732484,0.12366653140006403,False
sp|Q6PIU9|YJ005_MOUSE,-0.031814747229274715,0.014326434068784828,0.029095775002564727,-0.06871719591901199,0.00508770146046255,1.5361700703367098,0.12404241826424532,False
sp|Q3TMX7|QSOX2_MOUSE,-0.03175534563305765,0.014321669092190972,0.029336773475273303,-0.06864552055645373,0.005134829290338434,1.5325876525560858,0.12486312677492356,False
sp|Q9DBH5|LMAN2_MOUSE,0.025498761875647626,0.011525044429727186,0.029681114492156466,-0.004187785291146686,0.05518530904244194,1.5275197958220401,0.12599691137472332,False
sp|Q9D131|CK001_MOUSE,-0.03134313955272545,0.014169856756720329,0.029717446519983107,-0.06784227181377606,0.005155992708325154,1.526988510184799,0.12599691137472332,False
sp|P47713|PA24A_MOUSE,0.031774576077350104,0.014367844787491584,0.029749950336245355,-0.005234539555113042,0.06878369170981324,1.5265137549341743,0.12599691137472332,False
sp|Q9Z2W0|DNPEP_MOUSE,-0.03130991769876812,0.014192499386186842,0.030141280639412557,-0.06786737350830796,0.005247538110771728,1.5208382993732559,0.1274446595180416,False
sp|P09103|PDIA1_MOUSE,0.03161415584305132,0.014339559390741025,0.030243726544772986,-0.005322101435599226,0.06855041312170188,1.519364697360018,0.12766818992260728,False
sp|P10852|4F2_MOUSE,0.03032804609075324,0.01383040429278933,0.03111645317849239,-0.005296714566542026,0.0659528067480485,1.507009912093508,0.13102571369961952,False
sp|Q64339|ISG15_MOUSE,0.030651514470428347,0.013979997425728195,0.03114086865404549,-0.0053585725623005315,0.06666160150315723,1.5066692772400565,0.13102571369961952,False
sp|O88199|CHST3_MOUSE,-0.03149727921332512,0.01437480063554088,0.031244258556974974,-0.06852431192302467,0.00552975349637444,1.5052297769154417,0.1312462737099683,False
sp|P62754|RS6_MOUSE,0.03145589104754769,0.014374860473278891,0.03146146410827484,-0.005571295793950895,0.06848307788904627,1.5022210706717525,0.13194343661043603,False
sp|B2RWS6|EP300_MOUSE,-0.03120183726451227,0.014270324888775776,0.031595457378108066,-0.06795975828418412,0.005556083755159577,1.5003753533764062,0.13228992316850124,False
sp|Q80WT5|AFTIN_MOUSE,0.031311603500005815,0.014327959864224624,0.03168143390185542,-0.005594775378336497,0.06821798237834813,1.499195170467308,0.1324345654176586,False
sp|Q9JJU8|SH3L1_MOUSE,-0.03117557043379314,0.014282943182118616,0.03188206232363378,-0.06796599402321825,0.005614853155631969,1.4964535935869283,0.13290239699550457,False
tr|Q9CPN9|Q9CPN9_MOUSE,-0.031382804303413184,0.014379139077328384,0.0318965752789211,-0.06842101209860074,0.005655403491774368,1.4962559444447359,0.13290239699550457,False
sp|Q9DCJ5|NDUA8_MOUSE,0.0306921455965035,0.01408862294880307,0.032204553756840136,-0.005597742241674964,0.06698203343468197,1.4920827142781248,0.13396886255874532,False
sp|Q70E20|SNED1_MOUSE,-0.028548056442614295,0.013126093839856101,0.0324824942929242,-0.062358633596448346,0.005262520711219756,1.4883506291826751,0.13490713355529002,False
sp|P51174|ACADL_MOUSE,0.02970280939725392,0.013689664845144283,0.032886719994048394,-0.0055594304666319455,0.06496504926113979,1.4829794393637963,0.1363600813471831,False
tr|A0A075B5V5|A0A075B5V5_MOUSE,-0.031120567327216478,0.01434743470886759,0.0329382410089118,-0.0680771100810722,0.005835975426639245,1.4822995970460657,0.1363600813471831,False
sp|P27005|S10A8_MOUSE,0.03080718443959773,0.014212351394516062,0.03305097626921179,-0.005801406754730818,0.06741577563392628,1.480815707673968,0.13636625073141467,False
sp|Q9R1Q7|PLP2_MOUSE,-0.029049177497111372,0.01340174207758339,0.03305627729765977,-0.06356977745915499,0.005471422464932246,1.480746056999221,0.13636625073141467,False
sp|P62911|RL32_MOUSE,0.03088158721752567,0.01425364416734125,0.03313451359574238,-0.005833367111070787,0.06759654154612213,1.4797194003327463,0.13636625073141467,False
sp|Q9CR68|UCRI_MOUSE,0.031146320506199095,0.014377267215233353,0.03315156231373421,-0.005887065691751868,0.06817970670415005,1.4794960000421407,0.13636625073141467,False
sp|Q6PDM2|SRSF1_MOUSE,0.030884638231182236,0.014266190131402583,0.033268232381567224,-0.0058626323592846745,0.06763190882164914,1.4779702735924058,0.13662790810611739,False
sp|O09061|PSB1_MOUSE,0.0309511832662734,0.014311247560647307,0.033440156783194425,-0.005912147570784655,0.06781451410333145,1.4757316950513055,0.13711529254255675,False
sp|P63085|MK01_MOUSE,0.030983601386408714,0.01435031976138947,0.03372996935009306,-0.00598037277027515,0.06794757554309258,1.4719840534473685,0.13784497171875612,False
sp|Q5BLK4|TUT7_MOUSE,0.029931247590202232,0.013865981952955436,0.03376828834929462,-0.0057851550467005915,0.06564765022710506,1.47149095237305,0.13784497171875612,False
sp|Q9D1H9|MFAP4_MOUSE,-0.030438368662382573,0.014101759854828698,0.033778709574576744,-0.06676209492805982,0.005885357603294672,1.471356945509393,0.13784497171875612,False
sp|Q9Z1Q5|CLIC1_MOUSE,0.030956405907840604,0.01438743243899148,0.03433249362188976,-0.00610316417134368,0.06801597598702488,1.4642946519515592,0.13988318208285783,False
sp|P62830|RL23_MOUSE,0.030899398638903834,0.014375268907657515,0.034507477492140594,-0.006128840259835788,0.06792763753764346,1.4620867866164828,0.14037401981400005,False
sp|Q8R2U2|NEPRO_MOUSE,0.030825505524784882,0.014393619855304334,0.03515648252587517,-0.006250002282651306,0.06790101333222107,1.4539945834282073,0.14269308554107726,False
sp|Q60767|LY75_MOUSE,0.030613597623163402,0.01429723462053318,0.03518839196838216,-0.006213638272119806,0.06744083351844661,1.4536005790077993,0.14269308554107726,False
sp|P46061|RAGP1_MOUSE,0.030720962122665812,0.014375094198547374,0.035533177861731616,-0.006306826755228312,0.06774875100055994,1.4493659502337928,0.14369668113783332,False
sp|Q8CIF4|BTD_MOUSE,-0.02465600483831896,0.011540492114063154,0.035585091902022005,-0.054382342603097836,0.005070332926459909,1.448731908227122,0.14369668113783332,False
sp|P01795|HVM26_MOUSE,-0.030627190059689478,0.014337414482185175,0.03561073616795884,-0.06755792242002844,0.006303542300649483,1.4484190482191024,0.14369668113783332,False
sp|Q60994|ADIPO_MOUSE,-0.026758455927821438,0.012529729725504223,0.035659098736728345,-0.059032900920322935,0.005515989064680059,1.447829637565935,0.14369668113783332,False
sp|Q9WVL0|MAAI_MOUSE,0.03063558032786435,0.014397142777612988,0.03631232182212427,-0.0064490019260885975,0.06772016258181729,1.4399459812634068,0.1459554074624264,False
sp|Q9Z0U1|ZO2_MOUSE,0.03062171838503815,0.014396009914121603,0.0363803547270975,-0.00645994580593676,0.06770338257601306,1.4391330706581877,0.1459554074624264,False
sp|Q9JHI0|MMP19_MOUSE,-0.02773004919494591,0.01303723248302844,0.036389658870243785,-0.06131173466191016,0.005851636272018335,1.439022015627426,0.1459554074624264,False
sp|Q9JM76|ARPC3_MOUSE,0.03048200173799609,0.01434028639079098,0.03650701197264772,-0.006456128168686813,0.067420131644679,1.4376237117475024,0.1461187224608351,False
sp|Q9D2G2|ODO2_MOUSE,0.029838681999335138,0.014040470238397721,0.03654386689894284,-0.006327172676335927,0.0660045366750062,1.4371854995664537,0.1461187224608351,False
sp|Q9CPR4|RL17_MOUSE,0.03033895310198835,0.014286135933256228,0.036675290401867594,-0.006459694469375957,0.06713760067335266,1.4356264386454347,0.1464168570307117,False
sp|Q5FW60|MUP20_MOUSE,-0.012139881127846253,0.005718502730365542,0.03674011835027504,-0.02686976803314621,0.0025900057774537067,1.4348594490430413,0.14644332670115107,False
sp|P62242|RS8_MOUSE,0.0305280107173603,0.014384605647258086,0.03679566305850281,-0.0065242780288420725,0.06758029946356267,1.434203366673131,0.14644332670115107,False
sp|Q9JI11|STK4_MOUSE,0.030124529134047458,0.014199842458443671,0.03686490143094962,-0.006451841176189611,0.06670089944428453,1.4333869229721101,0.14649247096403592,False
sp|Q9WUM3|COR1B_MOUSE,0.030367123371463384,0.014329954966152027,0.037067406623789975,-0.0065443945488870975,0.06727864129181386,1.431007797794993,0.14707021888483696,False
tr|A0A075B5X2|A0A075B5X2_MOUSE,-0.030452708220244616,0.014381386963478274,0.03720923408443216,-0.0674967061864481,0.006591289745958864,1.4293492694121708,0.14740581194986588,False
sp|P62908|RS3_MOUSE,0.030284533552439253,0.014347241601274763,0.037796472511695406,-0.006671511789220128,0.06724057889409864,1.422548730326574,0.14897233640622765,False
sp|Q8VHN7|AGRV1_MOUSE,0.030400634481165572,0.014404166938927071,0.03782140943137055,-0.006702040813333043,0.06750330977566418,1.4222622910155305,0.14897233640622765,False
tr|A0A140T8N4|A0A140T8N4_MOUSE,0.029315144305662528,0.01389203847142432,0.03785086256780805,-0.006468375475060909,0.06509866408638597,1.4219242190920227,0.14897233640622765,False
sp|Q8R121|ZPI_MOUSE,-0.029861085028398425,0.014150861789944532,0.037852310670886,-0.066311289497408,0.006589119440611142,1.4219076041167409,0.14897233640622765,False
sp|P61211|ARL1_MOUSE,0.03027666799266353,0.014357739200217422,0.03798188539133868,-0.006706417371969257,0.06725975335729632,1.420423481022603,0.14897233640622765,False
sp|O08992|SDCB1_MOUSE,0.029577994606215872,0.014028139393680928,0.038004913568300824,-0.006556097918296165,0.0657120871307279,1.4201602508135127,0.14897233640622765,False
sp|Q07797|LG3BP_MOUSE,0.027880571569390843,0.013223425485214083,0.03800964078403556,-0.0061807152887189305,0.06194185842750062,1.4201062347443927,0.14897233640622765,False
sp|Q6A4J8|UBP7_MOUSE,0.030351444581628,0.01440175836206384,0.03809337731981313,-0.006745026630006451,0.06744791579326245,1.4191505215281794,0.1490736270494207,False
sp|P61028|RAB8B_MOUSE,0.030310770813768945,0.014398393754795636,0.038301637743214795,-0.006777033743869138,0.06739857537140703,1.4167826555970622,0.14958943435023103,False
sp|P61110|ANRE_MOUSE,-0.025599389222293188,0.012164943494651182,0.038372581714944794,-0.05693420715183227,0.005735428707245891,1.4159789803994054,0.14958943435023103,False
sp|P54265|DMPK_MOUSE,0.030304947508858468,0.014403097454154782,0.03839946256524378,-0.006794972975423981,0.06740486799314091,1.4156748539288848,0.14958943435023103,False
sp|Q91YU6|LZTS2_MOUSE,-0.028699554981094284,0.013651160228871062,0.03855264935994947,-0.06386261352606168,0.00646350356387311,1.4139457716241606,0.14995932341672188,False
tr|A0A0G2JDU0|A0A0G2JDU0_MOUSE,0.030226170010540024,0.014395047234726814,0.038786473666960204,-0.00685301448263987,0.06730535450371991,1.4113197031686027,0.15064128158736428,False
sp|P49722|PSA2_MOUSE,0.029919893099134322,0.01426054414589526,0.038938068256971194,-0.006812834396415411,0.06665262059468405,1.4096255979148016,0.15096942904317598,False
tr|G3UW60|G3UW60_MOUSE,-0.030221323029196296,0.014409156361163234,0.03900346369234981,-0.06733685022369859,0.0068942041653060025,1.4088968238535076,0.15096942904317598,False
sp|P14148|RL7_MOUSE,0.029595547309921505,0.014114003939530101,0.039046850385536,-0.006759717627924752,0.06595081224776776,1.408413991629135,0.15096942904317598,False
sp|Q8BTT6|UTP25_MOUSE,0.02985492410147158,0.014278301229469261,0.039592756574553696,-0.00692354261029364,0.0666333908132368,1.4023842602219954,0.15285059697072828,False
sp|Q810B6|ANFY1_MOUSE,0.030097413027477787,0.014399391083008953,0.039661258322044965,-0.006992960477397413,0.067187786532353,1.401633511168249,0.15288583859171526,False
sp|Q8R1B4|EIF3C_MOUSE,0.030059526819734637,0.014391299716962836,0.03979588762094032,-0.00701000470737323,0.0671290583468425,1.400161804202916,0.153175501680002,False
sp|Q6X893|CTL1_MOUSE,-0.029997916543887615,0.014372187127578326,0.03993571077642337,-0.06701821730319216,0.007022384215416934,1.3986385815825422,0.15348426156610473,False
sp|Q9DCJ9|NPL_MOUSE,-0.030005545955659237,0.014397158763597213,0.04022336183494151,-0.0670901693867788,0.0070790774754603235,1.3955216342527383,0.15419632362743158,False
sp|Q60778|IKBB_MOUSE,0.029939500173651164,0.014369461022827584,0.04027745555749349,-0.007073778605151883,0.06695277895245422,1.394937972881169,0.15419632362743158,False
sp|Q60963|PAFA_MOUSE,0.02981584037561026,0.01431181308946077,0.04030063137913066,-0.007048947167137512,0.06668062791835803,1.3946881498309878,0.15419632362743158,False
sp|Q9WV80|SNX1_MOUSE,0.029616049096796285,0.014225013213302964,0.04042545928289981,-0.007025156781399797,0.06625725497499237,1.3933450372744756,0.15444444755707273,False
tr|S4R2V3|S4R2V3_MOUSE,-0.013813340635083996,0.00664034894006472,0.04059049437284193,-0.030917746020692582,0.00329106475052459,1.3915756591510626,0.15484521927417477,False
sp|Q9Z1R2|BAG6_MOUSE,0.02995565761438382,0.014415765129498936,0.040801199348380904,-0.007176892639257946,0.06708820786802559,1.3893270706667828,0.15541876970722016,False
sp|Q9DC11|PXDC2_MOUSE,-0.029911721076314218,0.014411676274736527,0.041034223156866695,-0.06703373913804102,0.007210296985412579,1.3868537840484512,0.15607551643859932,False
sp|P60229|EIF3E_MOUSE,0.029905420609683223,0.014413684533048015,0.041103265896499895,-0.007221770382651406,0.06703261160201784,1.386123669499154,0.15610753640632336,False
sp|Q9R111|GUAD_MOUSE,0.028607621466415805,0.013809129170974484,0.04140368029629646,-0.006962338108672205,0.06417758104150381,1.3829610535328494,0.15681749753220467,False
sp|P31324|KAP3_MOUSE,0.02976418037601115,0.014368012127415487,0.041411999348310365,-0.0072453662955316404,0.06677372704755394,1.3828738014952653,0.15681749753220467,False
sp|P62918|RL8_MOUSE,0.0296482213652053,0.014328237934424627,0.04163681189071733,-0.0072588737745066245,0.06655531650491722,1.3805225315936829,0.1574372843151206,False
sp|O08788|DCTN1_MOUSE,0.029667336673950637,0.014351684307202777,0.041834273085967814,-0.007300152319825174,0.06663482566772645,1.3784677729313044,0.15795198415889608,False
sp|Q3U1J4|DDB1_MOUSE,0.02972211764518835,0.014391708177762468,0.04202225039967181,-0.007348466007216562,0.06679270129759327,1.3765206937199368,0.15837764537148122,False
sp|O54774|AP3D1_MOUSE,0.029382266210288326,0.014230542479074248,0.042070023081201224,-0.00727318211270854,0.06603771453328519,1.3760272497126071,0.15837764537148122,False
sp|Q9CR20|IR3IP_MOUSE,0.028351220650688506,0.013740051318662643,0.042199548048615296,-0.007040806168188439,0.06374324746956544,1.3746922002478885,0.1586333375550137,False
sp|O88844|IDHC_MOUSE,0.029684196438720237,0.014399237075360425,0.04238363529152053,-0.0074057803687409135,0.06677417324618139,1.3728017961070935,0.15909309165548888,False
sp|P62311|LSM3_MOUSE,0.029686034745326894,0.01442146540210841,0.04268245906270471,-0.007461198437540579,0.06683326792819437,1.3697505675371968,0.1599815605334274,False
sp|P62849|RS24_MOUSE,0.029657570650949424,0.014422666136536734,0.04289369346033316,-0.0074927554188443,0.06680789672074315,1.3676065562235138,0.1603645421911225,False
sp|Q9WUU7|CATZ_MOUSE,0.029565111067644787,0.014378800409149227,0.042909192065896475,-0.007472224376122712,0.06660244651141228,1.3674496626900325,0.1603645421911225,False
sp|Q9Z0X4|PDE3A_MOUSE,0.029547709054569164,0.014415878654423904,0.04355458470450241,-0.007585133619901017,0.06668055172903935,1.3609661229280228,0.16254066031028075,False
sp|P46737|BRCC3_MOUSE,0.02949485668041206,0.014403693756629648,0.0437484915856875,-0.0076065997772589294,0.06659631313808305,1.3590369165229437,0.16302802580773562,False
sp|Q8BMP6|GCP60_MOUSE,-0.02850115792614963,0.01392380033473402,0.04382790659380765,-0.0643664908451215,0.007364174992822249,1.358249272591989,0.16308794722406747,False
sp|Q8QZY1|EIF3L_MOUSE,0.02947862297277122,0.01441942927894287,0.04408693080536405,-0.007663365504380813,0.06662061144992326,1.3556901343487868,0.16381507478183613,False
sp|Q05D44|IF2P_MOUSE,0.02939721359395882,0.014401894888007714,0.04440760411968152,-0.007699609285202556,0.0664940364731202,1.35254265726249,0.16476884813858778,False
sp|Q80TY0|FNBP1_MOUSE,0.029284618145379585,0.01436815473820015,0.04471795481101314,-0.007725295867201342,0.06629453215796051,1.3495180672549627,0.16545186818565688,False
sp|Q9D7K5|DMAC2_MOUSE,-0.02652455390827398,0.013014101356101131,0.04472019427464745,-0.06004665754067476,0.0069975497241267955,1.3494963184439923,0.16545186818565688,False
tr|A0A075B5V7|A0A075B5V7_MOUSE,-0.029359344279152644,0.01442661928805121,0.04503395560971065,-0.06651985299245873,0.007801164434153438,1.3464599046022272,0.16637365236012186,False
sp|Q8R4G6|MGT5A_MOUSE,-0.02804691722207547,0.01381911884070262,0.045603831922970114,-0.06364260848118199,0.0075487740370310495,1.3409986636276388,0.16809287112050636,False
sp|Q8BU04|UBR7_MOUSE,0.02913988352813458,0.014359409589331231,0.045629870645916094,-0.007847504473725887,0.06612727152999505,1.340750762387639,0.16809287112050636,False
sp|O08688|CAN5_MOUSE,-0.0291249579225719,0.014359313274703807,0.04573674109558254,-0.06611209783439269,0.007862181989248887,1.3397347836433013,0.16824586903017863,False
tr|A0A0B4J1J6|A0A0B4J1J6_MOUSE,-0.028994580564566975,0.014303244795547234,0.045858301793727074,-0.06583729764477084,0.007848136515636893,1.3385820319276913,0.1684523924662585,False
sp|Q63932|MP2K2_MOUSE,0.02906245132143907,0.014341534711235707,0.04592939314301571,-0.00787889404562558,0.06600379668850372,1.337909292800686,0.16847320134368296,False
sp|A2ASS6|TITIN_MOUSE,0.027384411125478455,0.013523551935436372,0.04608778650980097,-0.0074499502378839975,0.062218772488840904,1.336414149537955,0.16874037345684795,False
sp|Q8CGC7|SYEP_MOUSE,0.028438953195439137,0.014047334245368314,0.046133290451891636,-0.007744581990526547,0.06462248838140482,1.3359855682806177,0.16874037345684795,False
sp|P41216|ACSL1_MOUSE,0.02789154764128913,0.01378309332989447,0.04622825296387488,-0.007611348051402442,0.0633944433339807,1.3350925189020737,0.16884787430067774,False
sp|P53026|RL10A_MOUSE,0.028970212704973707,0.014331233318443269,0.04645310222459448,-0.007944598032668816,0.06588502344261624,1.332985277708335,0.1694288076888538,False
sp|Q64695|EPCR_MOUSE,-0.028578657019711136,0.014144459016149354,0.04655777976212963,-0.0650123690363551,0.007855054996932821,1.3320077384107112,0.16950984767476077,False
sp|Q61081|CDC37_MOUSE,0.0290491308769187,0.01438352376319097,0.046650267877119504,-0.008000371120600553,0.06609863287443796,1.3311458580863813,0.16950984767476077,False
sp|P55002|MFAP2_MOUSE,-0.028787111310118223,0.014258734679293313,0.046724662560858166,-0.06551517792857087,0.007940955308334424,1.3304538263533348,0.16950984767476077,False
sp|P10639|THIO_MOUSE,0.029135567243719372,0.014432271152347718,0.04673863761129326,-0.008039499707261338,0.06631063419470008,1.3303239510477907,0.16950984767476077,False
sp|Q7TSG2|CTDP1_MOUSE,0.028406841489625866,0.014076117220884012,0.046812121765348165,-0.007850833728116482,0.06466451670736821,1.3296416739740449,0.16953757179433407,False
sp|Q9D6X6|PRS23_MOUSE,-0.02687007025090407,0.013322296833642338,0.046935998230589526,-0.06118603282557673,0.007445892323768591,1.3284939411639172,0.16974746551091016,False
sp|Q7TMY8|HUWE1_MOUSE,0.02907702723448452,0.014431143920808116,0.047154422714162356,-0.008095136160464596,0.06624919062943363,1.3264775676079503,0.17029823069981495,False
sp|O70194|EIF3D_MOUSE,0.029055737768650485,0.014432641832675126,0.047335010691873215,-0.008120283991579814,0.06623175952888079,1.3248175204496142,0.1707109979433803,False
sp|Q8VEK3|HNRPU_MOUSE,0.028903810122690415,0.014367111249228057,0.04748473380415725,-0.008103416040418261,0.06591103628579909,1.323445992275475,0.17101145391007683,False
sp|Q9WV32|ARC1B_MOUSE,0.028424913054459888,0.014167537747146214,0.04807615290038196,-0.008068245833774499,0.06491807194269428,1.318070292273664,0.17289957223251892,False
sp|Q52KR3|PRUN2_MOUSE,0.02874487614330613,0.014342502252054476,0.04831246201974774,-0.008198961443751884,0.06568871373036414,1.315940830152771,0.17350709860648594,False
sp|Q61166|MARE1_MOUSE,0.028690740655605985,0.01432216354677797,0.04841460705856623,-0.00820070789840456,0.06558218920961653,1.3150235886065254,0.1736317732253594,False
sp|Q9CXF4|TBC15_MOUSE,0.028907194103029332,0.014435475851535406,0.048494596459450055,-0.008276127606028083,0.06609051581208675,1.314306650234469,0.17367675366214727,False
sp|P29788|VTNC_MOUSE,-0.028698824868884556,0.014337920735646674,0.04859420686760088,-0.06563086125172467,0.008233211513955552,1.3134155018363747,0.1737270999860875,False
sp|P16014|SCG1_MOUSE,0.028166341290091306,0.014078607726173047,0.04869917551437641,-0.008097749044155184,0.0644304316243378,1.3124783914052385,0.1737270999860875,False
sp|P97430|SLPI_MOUSE,0.02886187842981127,0.014427042002453603,0.04871105483105055,-0.008299719123639526,0.06602347598326207,1.3123724657403952,0.1737270999860875,False
sp|Q8BYY9|SPA3B_MOUSE,0.02857058438303068,0.014290333021917793,0.048848333981557523,-0.008238874172297683,0.06538004293835904,1.311150243715008,0.17374973362700438,False
sp|Q62000|MIME_MOUSE,-0.028835875010754564,0.014423287878794976,0.04885235228968978,-0.06598780258247633,0.008316052560967197,1.3111145197274698,0.17374973362700438,False
sp|Q9R1P1|PSB3_MOUSE,0.028503661377802268,0.014284772329300836,0.049280983754650655,-0.008291473782535308,0.06529879653813984,1.307320631303209,0.17501579974451545,False
sp|O08585|CLCA_MOUSE,0.028651204336503158,0.014362809292477265,0.04934426043282261,-0.00834494072034423,0.06564734939335054,1.3067633558072584,0.17501579974451545,False
sp|Q99LL3|CHSTC_MOUSE,-0.027937792923738915,0.014018586672621723,0.049557003059050066,-0.06404727926941803,0.008171693421940199,1.3048949652958102,0.17552858717614017,False
sp|Q3U9N9|MOT10_MOUSE,-0.02807030159660252,0.014120379272970218,0.05011620612592648,-0.06444198830514372,0.008301385111938685,1.3000218131954202,0.17726542688772073,False
sp|P62717|RL18A_MOUSE,0.02853947024297634,0.014361214871362797,0.05019160125259405,-0.008452567857242205,0.06553150834319489,1.2993689488871247,0.17728857781266075,False
sp|Q9WUZ9|ENTP5_MOUSE,-0.027158813091142184,0.013685506388766009,0.050504712283038676,-0.062410341481231354,0.008092715298946989,1.2966680986527468,0.17815018373811586,False
sp|P62835|RAP1A_MOUSE,0.02862188667927295,0.014448414758256433,0.050906081916551445,-0.008594763444872373,0.06583853680341828,1.2932303279774562,0.17932032959660735,False
sp|Q9Z2U2|ZN292_MOUSE,-0.028561550426709333,0.014440480779531872,0.05126025716313086,-0.0657577639759622,0.008634663122543532,1.2902192193720532,0.18032125982931962,False
sp|P01674|KV3AM_MOUSE,-0.02819570418298976,0.014270826060636796,0.05150475943784198,-0.06495491613582734,0.008563507769847819,1.288152636937731,0.1807018346803169,False
sp|Q9R182|ANGL3_MOUSE,-0.02815734249968179,0.014251662041593467,0.051508794817612655,-0.06486719121069379,0.008552506211330205,1.2881186114508842,0.1807018346803169,False
sp|Q3UI43|BABA1_MOUSE,0.028518681852492303,0.014439210756626903,0.05158243190175797,-0.008674260334545762,0.06571162403953038,1.2874981864978725,0.18071396210479834,False
sp|Q61881|MCM7_MOUSE,0.02851667021632662,0.014449622522091017,0.051763279422751274,-0.008703090901295587,0.06573643133394882,1.285978217074903,0.1811011474369355,False
sp|Q9CZ44|NSF1C_MOUSE,-0.028478151318848427,0.01445134363669014,0.052100444344057334,-0.06570234573388983,0.008746043096192972,1.2831585727590311,0.18203343851553277,False
sp|P47753|CAZA1_MOUSE,0.02807952003031739,0.01425814991131752,0.0522471181282964,-0.008647040325647427,0.06480608038628222,1.2819376595804575,0.18229854902488243,False
sp|Q6P5H2|NEST_MOUSE,0.02816880695518078,0.014344386159330782,0.05290672770841841,-0.008779883255444716,0.06511749716580628,1.276489098836966,0.18421370353414257,False
tr|A0A075B5N3|A0A075B5N3_MOUSE,0.027090086134814235,0.013796994113496623,0.05293908373408369,-0.008448615603622048,0.06262878787325052,1.276223579707792,0.18421370353414257,False
sp|Q9D920|BORC5_MOUSE,0.02763920612334207,0.014082295095162158,0.053031972636365346,-0.00863438224399957,0.06391279449068371,1.2754622180793518,0.18428789411422505,False
sp|Q99L47|F10A1_MOUSE,0.028284319456305884,0.014434953734605106,0.05341886038710296,-0.008897657368662583,0.06546629628127434,1.2723053812504739,0.18528739083706192,False
sp|Q9R1P3|PSB2_MOUSE,0.02806863543567088,0.014327619760804038,0.05346350733667457,-0.008836867394314451,0.0649741382656562,1.2719425538660607,0.18528739083706192,False
sp|P63038|CH60_MOUSE,0.028185589973046744,0.014393370707816128,0.05356172976544859,-0.008889276072988415,0.0652604560190819,1.271145405979319,0.18537829858337382,False
sp|Q3U7U3|FBX7_MOUSE,-0.028208010861668308,0.014430193433819983,0.053973998759747906,-0.06537772596438075,0.008961704241044133,1.267815405263295,0.18655442524342397,False
sp|Q64514|TPP2_MOUSE,-0.02821365312850483,0.014443511334261215,0.05414381622357006,-0.06541767286943555,0.008990366612425887,1.266451137068861,0.1866408141884371,False
sp|Q07456|AMBP_MOUSE,0.02745557703563448,0.01405543524872779,0.05414395658204369,-0.008748824952172687,0.06365997902344164,1.2664500112370332,0.1866408141884371,False
sp|Q8K482|EMIL2_MOUSE,0.027174535049217123,0.013917630715997099,0.05424665663008655,-0.008674905985020465,0.06302397608345471,1.265627023412134,0.18674484067175517,False
tr|A0A075B5S6|A0A075B5S6_MOUSE,-0.02816867921109639,0.014458489096922053,0.05476519593626927,-0.06541127911199049,0.009073920689797715,1.2614953541940193,0.18827821032829556,False
sp|Q9D3G5|STX11_MOUSE,-0.028137140023621835,0.014450494356398,0.05489968678639788,-0.0653591468375998,0.009084866790356135,1.2604301332789989,0.18848892463329942,False
sp|P97807|FUMH_MOUSE,0.02741070865595644,0.01408884175776587,0.05509237916072739,-0.008879742796760286,0.06370116010867316,1.258908472243404,0.18889863693591613,False
sp|P56399|UBP5_MOUSE,-0.027973432240453462,0.01438888423328507,0.05527125437424699,-0.06503674189392189,0.009089877413014973,1.2575006790471024,0.1892599468267101,False
sp|Q9JI10|STK3_MOUSE,0.027536239468841314,0.01422781672689967,0.05634883070906954,-0.009112187781830056,0.06418466671951269,1.2491150915409914,0.19267466268200678,False
sp|O89079|COPE_MOUSE,0.02696181168088417,0.013935016064245609,0.05641813423776043,-0.008932411042824336,0.06285603440459267,1.2485812801736211,0.19267466268200678,False
tr|A0A075B5M2|A0A075B5M2_MOUSE,0.027911348769166545,0.014447099026402769,0.05677523744361103,-0.009301912254314496,0.06512460979264759,1.2458410408117164,0.1936373992282098,False
tr|Q9D4E6|Q9D4E6_MOUSE / sp|P29341|PABP1_MOUSE,0.027848512094343157,0.014435812018407932,0.057132586998898095,-0.009335675523195391,0.0650326997118817,1.243116110371292,0.19459842793936852,False
sp|Q9Z2U0|PSA7_MOUSE,0.027680532456513585,0.014358338046548295,0.057295404107665704,-0.009304095434046589,0.06466516034707376,1.2418802131238917,0.1948951989131297,False
sp|Q8R2M2|TDIF2_MOUSE,-0.027775689415594742,0.014431477095018613,0.057698009340636174,-0.06494871101043845,0.00939733217924896,1.2388391703328414,0.1959368881181319,False
sp|P61622|ITA11_MOUSE,-0.026892928203918802,0.013981427533121794,0.057848815580449964,-0.06290669894917933,0.009120842541341732,1.2377055285383454,0.1959368881181319,False
sp|P08226|APOE_MOUSE,-0.027764243376074055,0.014437289512795094,0.05789757793145238,-0.06495223676695089,0.009423750014802772,1.2373396040274334,0.1959368881181319,False
sp|P56395|CYB5_MOUSE,0.027556480489565972,0.01433509479678013,0.05799755089943595,-0.00936827675713165,0.0644812377362636,1.236590345287366,0.1959368881181319,False
sp|Q61749|EI2BD_MOUSE,0.027803653651445135,0.014466612137283499,0.058047378121778646,-0.009459869814845891,0.06506717711773616,1.2362173916525214,0.1959368881181319,False
sp|Q5SVL6|RPGP2_MOUSE,0.027795707446652742,0.014463114523672174,0.058058192479275586,-0.009458806764005737,0.06505022165731122,1.2361364891467155,0.1959368881181319,False
sp|Q91YE6|IPO9_MOUSE,-0.02743989947684452,0.014313547653950256,0.05867125952064309,-0.0643091549616332,0.009429356007944166,1.2315745885010072,0.19762329697577968,False
sp|P10126|EF1A1_MOUSE,0.027711418404778823,0.01445752735070875,0.058711387256882124,-0.009528704202036477,0.06495154101159412,1.2312776578118947,0.19762329697577968,False
sp|Q9D952|EVPL_MOUSE,-0.027670389327153905,0.014445473922621918,0.05887165382149291,-0.06487946436069492,0.009538685706387114,1.2300937638233014,0.19790405821193766,False
sp|Q61647|HYAS1_MOUSE,-0.027563011051252993,0.014408587237023974,0.05920196741420827,-0.06467707227912003,0.009551050176614041,1.2276638604572039,0.19834564821801975,False
sp|Q8BSM7|LAT3_MOUSE,-0.02722880228476869,0.014236444903731727,0.059246767668417195,-0.06389945424616028,0.009441849676622899,1.227335338517227,0.19834564821801975,False
sp|O35350|CAN1_MOUSE,0.027259819401610274,0.014254209185914595,0.05927375908620953,-0.009456590318384455,0.063976229121605,1.2271375293388578,0.19834564821801975,False
sp|P12388|PAI2_MOUSE,-0.027638649729886267,0.014457513151759022,0.05936348956972833,-0.06487873576263077,0.00960143630285824,1.2264805778042747,0.19834564821801975,False
tr|A0A087WPN7|A0A087WPN7_MOUSE,-0.027643370136679182,0.014462340907446747,0.059404097264624395,-0.06489589164399451,0.009609151370636143,1.226183599496077,0.19834564821801975,False
tr|A0A140T8N5|A0A140T8N5_MOUSE,-0.027208925497192903,0.014238540971485207,0.059465180747305335,-0.06388497657132614,0.009467125576940325,1.2257372567194995,0.19834564821801975,False
sp|Q9R1P4|PSA1_MOUSE,0.02722375123742117,0.014252206519248585,0.05956853835316711,-0.00948749995509001,0.06393500242993236,1.2249830561533273,0.1984333586796964,False
sp|Q9ESW4|AGK_MOUSE,0.027586845869285642,0.014458629454099259,0.05985092848594953,-0.009656115567738467,0.06482980730630974,1.2229291078608016,0.19887632461802773,False
sp|P19221|THRB_MOUSE,-0.027448485607800617,0.014391895669769467,0.05995151589772075,-0.06451955220761134,0.009622580992010105,1.2221998311190623,0.19887632461802773,False
sp|Q9QUN9|DKK3_MOUSE,-0.027269596208821,0.01430037173754191,0.05999131372835094,-0.06410491278202396,0.009565720364381958,1.2219116274986777,0.19887632461802773,False
sp|P16294|FA9_MOUSE,-0.026506734018104293,0.013901382970038274,0.0600104482439641,-0.062314323632184525,0.009300855595975939,1.2217731292886758,0.19887632461802773,False
sp|P26041|MOES_MOUSE,0.02731170178026515,0.01433217541962196,0.060161474529225094,-0.009605535649200355,0.06422893920973065,1.2206815279340655,0.19912056158451752,False
tr|A0A0B4J1J1|A0A0B4J1J1_MOUSE,0.0273888966519496,0.014377526451905156,0.06024603834654069,-0.00964515729541715,0.06442295059931635,1.2200715061108431,0.19914447848824426,False
sp|Q9JKC8|AP3M1_MOUSE,0.027427642897473712,0.014410248545203293,0.06046218719770644,-0.009690697576683841,0.06454598337163127,1.2185161464285688,0.19939543860487982,False
sp|Q8VCG4|CO8G_MOUSE,-0.017516782274865212,0.009203702669785032,0.06047683011666453,-0.04122394931284874,0.006190384763118322,1.218410980385802,0.19939543860487982,False
sp|P07309|TTHY_MOUSE,0.02735840283105041,0.014391810359483372,0.060776636484291324,-0.009712444024025494,0.06442924968612632,1.2162633384240933,0.20012767128778794,False
sp|P51910|APOD_MOUSE,-0.027115955382099675,0.01427597038636496,0.06098384757781433,-0.06388841823989486,0.009656507475695505,1.214785178706293,0.20055352172780574,False
sp|Q07076|ANXA7_MOUSE,0.027024080855032336,0.0142343027386244,0.06110307900628817,-0.009641053254702756,0.06368921496476743,1.2139369049497657,0.20062132150489725,False
sp|Q6P9J9|ANO6_MOUSE,0.027433290067090534,0.014453106898745384,0.06116028636168712,-0.009795446210022596,0.06466202634420366,1.213530489822677,0.20062132150489725,False
sp|O70435|PSA3_MOUSE,0.027136517087829895,0.01430644650377993,0.061332213944874085,-0.009714447046261163,0.06398748122192095,1.2123113580470928,0.20092932685502643,False
sp|Q9JME2|CHSTB_MOUSE,0.027272852597645825,0.014403429070597709,0.06177609562680874,-0.009827922073987857,0.0643736272692795,1.2091795434498367,0.20212636116776683,False
sp|P62245|RS15A_MOUSE,0.027286949477402338,0.01443012062330436,0.062116980496696624,-0.009882578077850361,0.06445647703265503,1.2067896634633541,0.2025628071832798,False
sp|Q9DCR2|AP3S1_MOUSE,-0.027185281940210092,0.014378732331553908,0.062159274124582484,-0.06422244202771266,0.009851878147292468,1.206494065724662,0.2025628071832798,False
sp|P48036|ANXA5_MOUSE,-0.027110916189349493,0.014339414960890189,0.06215955736908633,-0.06404680144135795,0.009824969062658964,1.206492086756173,0.2025628071832798,False
sp|Q8BGG7|UBS3B_MOUSE,0.027319430102416636,0.014455276238636227,0.0622583263043378,-0.009914894023956684,0.06455375422878995,1.2058025586705408,0.2025628071832798,False
sp|Q91ZJ5|UGPA_MOUSE,0.02722665069736449,0.014408686131289086,0.06230281292782819,-0.009887665265248577,0.06434096665997756,1.205492344810248,0.2025628071832798,False
tr|A0A140T8N7|A0A140T8N7_MOUSE,-0.027129924255602265,0.014378726281108353,0.0626821682726452,-0.06416706875818987,0.009907220246985333,1.2028559890292612,0.20353919710222115,False
sp|Q9EQF2|KELL_MOUSE,-0.026619519186022338,0.014149399217107157,0.06343464036196314,-0.06306595631705883,0.009826917945014148,1.1976735179911229,0.20559720826840414,False
sp|Q8BTI8|SRRM2_MOUSE,0.02717964241358427,0.014449414732788518,0.06347564294111895,-0.010039583474263595,0.06439886830143214,1.1973928914882535,0.20559720826840414,False
sp|Q9CZM2|RL15_MOUSE,0.02687465674085902,0.01430586187204143,0.06381308412272334,-0.009974801481668228,0.06372411496338627,1.1950902651705513,0.20643051710554344,False
sp|Q07968|F13B_MOUSE,-0.025721128206255533,0.013703760562928819,0.06403999103655665,-0.061019676233065354,0.009577419820554291,1.193548737539344,0.2069046134493518,False
sp|Q9QXB9|DRG2_MOUSE,0.027085123631878826,0.014442698242135933,0.0642608375981361,-0.010116801722529104,0.06428704898628676,1.1920536180020882,0.20709229252709127,False
sp|Q3V1L4|5NTC_MOUSE,0.027142383500293903,0.01447378526322183,0.06427083317028989,-0.010139616713987117,0.06442438371457493,1.1919860701080531,0.20709229252709127,False
sp|Q9D7M1|GID8_MOUSE,-0.024386042616234043,0.013007367517955141,0.06433935301812543,-0.05789080103101302,0.009118715798544934,1.1915233105784497,0.20709229252709127,False
tr|A0A075B5T8|A0A075B5T8_MOUSE,0.027115485881271214,0.014477604525773126,0.06459907641602869,-0.010176352101407386,0.06440732386394982,1.1897736911425265,0.20746323305294662,False
sp|Q5XPI3|RN123_MOUSE,-0.027098308543266624,0.014469353356614029,0.06461573316833522,-0.06436889292263669,0.010172275836103434,1.1896617235487734,0.20746323305294662,False
sp|P28301|LYOX_MOUSE,-0.02656770171989144,0.014201796679962592,0.06490703125620612,-0.06314910577118257,0.010013702331399688,1.1877082543495863,0.20813898565968958,False
sp|P99026|PSB4_MOUSE,0.02683113402036607,0.014364639783561527,0.06531075009655615,-0.010169726069056043,0.06383199410978818,1.1850153283212441,0.2091731113167066,False
sp|O89053|COR1A_MOUSE,0.02696298289152999,0.014465709626255681,0.06586815311693336,-0.01029821586040881,0.06422418164346878,1.1813245136097905,0.21069626618149492,False
sp|Q80YX1|TENA_MOUSE,-0.026949697769711588,0.014482597001974974,0.06630865851116399,-0.06425439551888817,0.010354999979464999,1.1784297582000747,0.21173125245853625,False
sp|Q6ZWV3|RL10_MOUSE,0.02674224338013894,0.014373678971112363,0.06635616339185971,-0.010281900113456893,0.06376638687373477,1.1781187321400317,0.21173125245853625,False
sp|Q920I9|WDR7_MOUSE,0.02692813305425959,0.014486396316784441,0.06659167339680386,-0.010386351081336634,0.06424261718985581,1.1765800714887953,0.21190324158926072,False
sp|Q80XI4|PI42B_MOUSE,-0.026730641677409957,0.014381203277968243,0.06661115057551144,-0.06377416650109406,0.010312883146274144,1.176453064702546,0.21190324158926072,False
sp|P63158|HMGB1_MOUSE,0.02658542268525644,0.014309013023434543,0.06672189510215147,-0.010272152365369103,0.06344299773588198,1.1757316269278923,0.21190324158926072,False
sp|Q8BHG1|NRDC_MOUSE,0.026906671191252386,0.014482858575849416,0.06673923453549144,-0.010398700327575037,0.06421204271007981,1.17561877878579,0.21190324158926072,False
sp|Q8BJU2|TSN9_MOUSE,0.026545939688246277,0.014293260363056632,0.06682464162846259,-0.010271059198168987,0.06336293857466155,1.1750633616278936,0.21191311846464428,False
sp|Q8R367|RERG_MOUSE,-0.02656402264416732,0.01431039116502157,0.06696281173537905,-0.06342514755227717,0.010297102263942527,1.1741663188212152,0.212090086369743,False
sp|Q6P9Q6|FKB15_MOUSE,0.026858784065355683,0.014478579405762425,0.0671366017602973,-0.0104355650417668,0.06415313317247817,1.1730406451270516,0.21237929918030166,False
sp|Q7TMF3|NDUAC_MOUSE,0.02601624524988126,0.014032681607694733,0.06729490797310693,-0.01012954724259053,0.06216203774235304,1.1720177964423844,0.21261888101932555,False
sp|P97873|LOXL1_MOUSE,-0.026232754846347458,0.014166955227551825,0.06762683971655555,-0.06272441326354072,0.010258903570845811,1.1698809072032217,0.21340577484084625,False
sp|P70290|EM55_MOUSE,-0.025433555178077695,0.013742482758419492,0.06776663000615982,-0.060831844970730145,0.009964734614574755,1.1689841110269283,0.21358515577216833,False
sp|Q8BSY0|ASPH_MOUSE,-0.025979511347924488,0.014046878171519023,0.06794708645096278,-0.062161871765504584,0.010202849069655611,1.167829160938814,0.2138921119941677,False
sp|P01750|HVM06_MOUSE / tr|A0A075B5Y1|A0A075B5Y1_MOUSE,-0.026669113850214574,0.014425443059473856,0.06805382428947121,-0.06382659279948344,0.010488365099054285,1.1671474645657547,0.2139665415694608,False
sp|Q8BK48|EST2E_MOUSE,-0.02493038905598521,0.013491543145365164,0.06818571793628077,-0.0596823012399111,0.009821523127940681,1.1663065823965026,0.21406832470075662,False
sp|Q3UHN9|NDST1_MOUSE,-0.026642563731731777,0.014421677331314034,0.0682524639142995,-0.06379034280805737,0.010505215344593814,1.1658816659711733,0.21406832470075662,False
sp|P61164|ACTZ_MOUSE,0.026750546686004895,0.014490960575966647,0.06845491509433013,-0.010575694202141845,0.06407678757415164,1.1645953638673001,0.21429109750098851,False
sp|P61161|ARP2_MOUSE,0.026737836038846257,0.014485946650744999,0.06848993135662662,-0.010575489833788757,0.06405116191148127,1.1643732690573416,0.21429109750098851,False
sp|Q9R1P0|PSA4_MOUSE,0.026438649108642142,0.014357862576208896,0.0691344865457762,-0.010544754051484837,0.06342205226876912,1.1603052582651467,0.2160452704555506,False
tr|A0A075B5V2|A0A075B5V2_MOUSE,-0.026606554250043764,0.014484572657366688,0.06980566784286645,-0.06391634095027204,0.010703232450184518,1.1561093135810263,0.21787829660046193,False
sp|Q9R233|TPSN_MOUSE,0.026393166549509975,0.014378660299980101,0.07000138328927372,-0.01064380799695399,0.06343014109597395,1.1548933778577049,0.21822465129525404,False
sp|Q8BWW9|PKN2_MOUSE,0.026386581071353638,0.014395963094950013,0.07040070209587868,-0.010694962521427126,0.0634681246641344,1.1524230096811061,0.2192041207943018,False
sp|Q69ZR2|HECD1_MOUSE,0.02593503862603796,0.014181163237097913,0.0710157501320614,-0.010593217198489224,0.06246329445056514,1.148645321184225,0.22085212148557742,False
sp|Q80T03|MUC6_MOUSE,-0.02646236438002354,0.01447555289061116,0.07113153073845922,-0.06374891770073175,0.010824188940684678,1.1479378452581044,0.2208741790578391,False
sp|P17563|SBP1_MOUSE / sp|Q63836|SBP2_MOUSE,0.02645857922208293,0.014476765618204315,0.07119439557980833,-0.010831097877896954,0.06374825632206282,1.1475541926631712,0.2208741790578391,False
sp|P46412|GPX3_MOUSE,-0.025953797072596686,0.014215938761594679,0.07149453053744051,-0.06257162871216893,0.010664034566975553,1.1457271812515886,0.2215384069000112,False
sp|Q6ZQA0|NBEL2_MOUSE,0.02632579684019647,0.014431558351310705,0.07172322114961137,-0.0108474340569855,0.06349902773737844,1.144340214144885,0.22197992122626117,False
sp|P47911|RL6_MOUSE,0.026251276785128813,0.014405497588464659,0.07200954664587213,-0.010854826035441474,0.0633573796056991,1.1426099232801246,0.22259853855116535,False
sp|Q3UX10|TBAL3_MOUSE,0.026231391456865132,0.014405027815914496,0.07221207063662888,-0.010873501309804443,0.06333628422353471,1.1413902017001023,0.22295693272100642,False
sp|Q8K2C7|OS9_MOUSE,0.02525226538150427,0.013889500175634383,0.07265918423657745,-0.010524716182542374,0.06102924694555091,1.138709482382219,0.22381298676055966,False
sp|P01811|HVM41_MOUSE,-0.025349133603921273,0.013942978600436133,0.07266316774051568,-0.0612638664616799,0.010565599253837352,1.1386856730541162,0.22381298676055966,False
tr|A0A075B5P1|A0A075B5P1_MOUSE,-0.026310056794742694,0.01449713143833113,0.07316008191897708,-0.06365219277099604,0.011032079181510647,1.135725816906121,0.22507432609482195,False
sp|Q9CWH6|PSMA8_MOUSE,0.02612164668738142,0.014429913576587733,0.07387721302242847,-0.011047347550871382,0.06329064092563422,1.1314894964452569,0.2269848704565497,False
sp|P80316|TCPE_MOUSE,0.02623563518544688,0.014496985438297309,0.07395740050992046,-0.01110612471964103,0.06357739509053478,1.1310183620347334,0.2269848704565497,False
sp|Q9WTM5|RUVB2_MOUSE,0.026184917020567463,0.014492512150432662,0.07441907900940424,-0.011145320458555475,0.0635151544996904,1.1283157089934506,0.22764310123901463,False
sp|P47754|CAZA2_MOUSE,0.025484459699351213,0.014105591203067182,0.07443439607976729,-0.010849135465390822,0.06181805486409325,1.1282263309099752,0.22764310123901463,False
sp|P42932|TCPQ_MOUSE,0.026142831788624525,0.014470135434289415,0.07443708397796128,-0.011129767089339444,0.0634154306665885,1.1282106483984122,0.22764310123901463,False
sp|P14869|RLA0_MOUSE,0.026090663988462028,0.014464664067975953,0.0748984285793882,-0.011167841583821274,0.06334916956074532,1.1255272940022643,0.22878226997855824,False
sp|Q9CZR2|NALD2_MOUSE,0.025988458637726586,0.01441691998807529,0.075075158438104,-0.01114706633447761,0.06312398360993078,1.124503742595892,0.22905039452383624,False
tr|O08804|O08804_MOUSE,0.025879615061265505,0.014382732570389342,0.07559711717338134,-0.01116784895865056,0.06292707908118157,1.1214947656041416,0.23036991327983072,False
sp|Q9DBR7|MYPT1_MOUSE,0.025818894620048344,0.01438553101269271,0.07632890417374356,-0.011235777709557023,0.06287356694965371,1.1173109725812291,0.23232497428769466,False
sp|Q8K2B3|SDHA_MOUSE,0.02558545999136748,0.014262784249528497,0.07647700337232345,-0.011153037628763733,0.06232395761149869,1.1164691375253781,0.23250092524643787,False
sp|P33587|PROC_MOUSE,-0.024131531477023196,0.013459704549254933,0.07663640157880894,-0.058801432872104493,0.0105383699180581,1.1155648955155752,0.23271077130357667,False
tr|Q91WB5|Q91WB5_MOUSE,0.02563740732096092,0.014309674628608555,0.07683962351428457,-0.011221871911659229,0.062496686553581066,1.1144147716873518,0.23305303951623413,False
sp|Q9CWJ9|PUR9_MOUSE,0.02592410299908837,0.01449059885211782,0.0772582903837573,-0.011401206150168767,0.06324941214834551,1.112054906404961,0.23404717380961768,False
sp|P04945|KV6AB_MOUSE,-0.024735763356620935,0.013831296415884113,0.07736197996753778,-0.060362821970726115,0.010891295257484244,1.1114724236462012,0.23408589708156263,False
sp|Q8BJU0|SGTA_MOUSE,0.025907686294013903,0.014499805744860213,0.07762727619678748,-0.011441338239363726,0.06325671082739154,1.1099856521910627,0.23427958395477735,False
sp|Q0GNC1|INF2_MOUSE,0.025867345187763985,0.014478708708757759,0.07765706672577435,-0.011427336981802913,0.06316202735733088,1.1098190177156584,0.23427958395477735,False
sp|O35295|PURB_MOUSE,0.025847714276044362,0.014472200009117947,0.07774727265937119,-0.011430202594262306,0.06312563114635103,1.1093148368961145,0.23427958395477735,False
sp|Q8BNA6|FAT3_MOUSE,-0.02572689383879186,0.014406659627424273,0.07778992010925617,-0.06283598987336618,0.011382202195782464,1.1090766745339584,0.23427958395477735,False
sp|Q3TBD2|HMHA1_MOUSE,0.02570074906020067,0.014404652982055875,0.07804601403481944,-0.011403178198431906,0.06280467631883324,1.1076492723182472,0.23477626885474304,False
sp|P62748|HPCL1_MOUSE,0.025780498186355385,0.014461428245435738,0.0782903063711848,-0.011469672459407745,0.06303066883211851,1.1062920074199636,0.23523633477923087,False
sp|P22315|HEMH_MOUSE,0.025518547332419608,0.014326752705558379,0.07854115131434335,-0.011384722111256157,0.062421816776095373,1.1049027368088973,0.2357149937464267,False
sp|Q8R4K8|PAPP1_MOUSE,-0.025606722361746433,0.01439094055490604,0.07884076231459974,-0.06267532874870368,0.011461884025210815,1.1032491851609407,0.23633872288718782,False
sp|Q9ES81|POPD3_MOUSE,-0.025489308807544502,0.014366650976960228,0.07969726626248613,-0.0624953493878581,0.01151673177276909,1.0985565753100257,0.2385002527399759,False
sp|Q62351|TFR1_MOUSE,0.025719453284136738,0.014501547405354994,0.07980288438900816,-0.011634057469380184,0.06307296403765367,1.0979814112609076,0.2385002527399759,False
sp|O70456|1433S_MOUSE,-0.02563463607555226,0.014455523120620031,0.07983969625703272,-0.06286959612777399,0.011600323976669463,1.097781123951967,0.2385002527399759,False
sp|Q00493|CBPE_MOUSE,-0.025683906790118095,0.014494097285245493,0.08006020447276517,-0.063018227305942,0.011650413725705813,1.096583305046799,0.23888183837470486,False
sp|Q9CY27|TECR_MOUSE,0.025626851683517606,0.014470253623556828,0.08023142861715923,-0.011646051629824728,0.06289975499685994,1.0956554745926548,0.23896358198908,False
sp|Q8R5C5|ACTY_MOUSE,0.025688205442219527,0.014506939433900686,0.08027320327011814,-0.011679194256430953,0.06305560514087001,1.0954294063295795,0.23896358198908,False
sp|Q9CR57|RL14_MOUSE,0.02556177158506542,0.014449219660968418,0.0805546003300958,-0.011656951831071936,0.06278049500120278,1.0939096527503342,0.2394599753762228,False
sp|P42703|LIFR_MOUSE,0.02321595425579309,0.013126355397003332,0.08062594122376122,-0.010595296624605354,0.05702720513619153,1.0935252023920277,0.2394599753762228,False
tr|A0A075B5S1|A0A075B5S1_MOUSE,-0.025183567251277263,0.014293265541977993,0.08176511289149938,-0.06200057947770993,0.011633444975155404,1.0874319592942727,0.24256355494886048,False
sp|Q9DBG3|AP2B1_MOUSE,0.025535091598172535,0.014510056161011366,0.08212276305365925,-0.011840336257500805,0.06291051945384588,1.0855364470417004,0.24310834421030675,False
sp|Q3TB82|PKHF1_MOUSE,-0.025526938560978672,0.01450613824594969,0.08213757649047257,-0.06289227453622734,0.011838397414269987,1.0854581153652731,0.24310834421030675,False
sp|P14206|RSSA_MOUSE,0.025516443842808226,0.014514434840816425,0.08243331632212986,-0.011870262744617839,0.06290315043023428,1.0838972279807577,0.24370354710618183,False
sp|Q61171|PRDX2_MOUSE,-0.025224598408672208,0.01438082744896403,0.08311417894052732,-0.06226715516099413,0.011817958343649716,1.0803248810251604,0.24543464538057091,False
sp|Q3THJ3|EIF1A_MOUSE,-0.025315931025997416,0.014447340502357218,0.0834170749401995,-0.06252981405031803,0.011897951998323195,1.0787450429678047,0.24584466357092954,False
sp|P14847|CRP_MOUSE,0.025405764522729052,0.014504148325311248,0.08353295647818906,-0.011954445756627373,0.06276597480208548,1.0781421473569681,0.24584466357092954,False
sp|Q07113|MPRI_MOUSE,-0.025313725262567456,0.014451912398167533,0.0835394487862382,-0.06253938471008905,0.011911934184954141,1.0781083946428975,0.24584466357092954,False
sp|Q60766|IRGM1_MOUSE,0.02538366456021104,0.014496804915638206,0.08364337009358218,-0.011957630349321593,0.06272495946974367,1.077568477246517,0.24586325825156172,False
sp|P15949|K1KB9_MOUSE,-0.023785791650536136,0.013588424318096612,0.08373672912101733,-0.05878725319814587,0.011215669897073604,1.0770840072904615,0.24586325825156172,False
sp|P18572|BASI_MOUSE,-0.024609460065295578,0.014076858273969461,0.08412343087740834,-0.06086904410929091,0.011650123978699755,1.0750830234234017,0.246717351377365,False
sp|P47955|RLA1_MOUSE,0.025209234892430567,0.014441354351566993,0.0845761095111001,-0.01198922882926912,0.06240769861413026,1.0727522962134932,0.24776277814685185,False
sp|P01810|HVM40_MOUSE,-0.024156662217154623,0.013853047336781027,0.08490005260362657,-0.05983974749068525,0.011526423056376002,1.0710920406693845,0.24842913119811183,False
sp|Q9D1X0|NOL3_MOUSE,0.025278064465694902,0.014520365102455331,0.08541207253673283,-0.012123917463438369,0.06268004639482817,1.0684807397848741,0.2496436853372157,False
sp|P11983|TCPA_MOUSE,0.025212767109855618,0.01450480033012473,0.08587767828483558,-0.012149122622605427,0.06257465684231667,1.0661197052897504,0.2507199791195597,False
sp|O54819|TFPI1_MOUSE,-0.02512307830789184,0.014468064345870304,0.08619452351946483,-0.06239034241561563,0.012144185799831942,1.0645203267603522,0.2513600204559705,False
sp|Q9CZ30|OLA1_MOUSE,-0.025192279760821813,0.014518516735729445,0.08642008205600679,-0.06258950061277885,0.012204941091135214,1.0633853256612844,0.25143224048134605,False
sp|P01647|KV5AE_MOUSE,0.02516302389220197,0.014504767448444875,0.08648638922250378,-0.012198781142664553,0.0625248289270685,1.0630522341613655,0.25143224048134605,False
sp|Q03401|CRIS1_MOUSE,-0.01691267467798022,0.009749818167568043,0.08651221944329032,-0.04202654201827543,0.00820119266231499,1.0629225461537706,0.25143224048134605,False
sp|Q8R3Q2|PP6R2_MOUSE,0.025104860248105935,0.014488049034037666,0.08684570076961336,-0.012213881005021628,0.062423601501233494,1.0612516761028705,0.25147051420961236,False
sp|Q4ZJN1|C1QT9_MOUSE,-0.02379378891223781,0.013733380516523298,0.0868897651721586,-0.059168632883486054,0.011581055059010435,1.0610313764976016,0.25147051420961236,False
tr|A0A075B5T4|A0A075B5T4_MOUSE,-0.024855783180017958,0.014348013566867926,0.08692579481345072,-0.06181381697327354,0.012102250613237622,1.0608513296177533,0.25147051420961236,False
sp|Q91ZV0|MIA2_MOUSE,-0.02497170921480815,0.014418240104656874,0.08699695136317838,-0.06211063458198729,0.012167216152370989,1.060495966109511,0.25147051420961236,False
sp|Q3TCJ1|ABRX2_MOUSE,0.025095448995505837,0.014494118867496474,0.08709186668807353,-0.012238927112512586,0.06242982510352426,1.0600224008754442,0.25147051420961236,False
sp|P41105|RL28_MOUSE,0.02499646383439377,0.014437854859388123,0.08711133929125213,-0.012192985792804045,0.06218591346159158,1.0599253091589464,0.25147051420961236,False
sp|Q9QXG2|RAE1_MOUSE,0.025067672381352893,0.014486197327832106,0.08726599078988902,-0.01224629919266882,0.062381643955374606,1.059154976111018,0.2516348558611021,False
sp|Q3TPJ7|MIDN_MOUSE,0.025099772501980856,0.014525703031054429,0.08771513836939436,-0.012315959020058224,0.06251550402401994,1.0569254471935097,0.25264707080670074,False
sp|P01807|HVM37_MOUSE / sp|P01806|HVM36_MOUSE / sp|P01808|HVM38_MOUSE,-0.023800152392941244,0.013812464524262056,0.08859558792073853,-0.05937870326876507,0.01177839848288258,1.0525879055326819,0.25489792055408017,False
sp|P01843|LAC1_MOUSE / tr|A0A0G2JE99|A0A0G2JE99_MOUSE,-0.024776118701704174,0.014395373904237315,0.08895531910792637,-0.06185614463978179,0.012303907236373444,1.0508280780448749,0.2556472619452125,False
sp|P35278|RAB5C_MOUSE,0.024956506595563498,0.014523739794294206,0.08946566288003943,-0.012454167963698796,0.06236718115482579,1.048343615891547,0.25649973225353884,False
sp|P52623|UCK1_MOUSE,-0.024945406115139547,0.014526218601236018,0.08965959291378595,-0.0623624656579604,0.012471653427681306,1.0474032373160642,0.25649973225353884,False
sp|Q80X73|PELO_MOUSE,0.024741167685127807,0.014409946025049875,0.08971779077310577,-0.012376393548753657,0.06185872891900927,1.0471214291022468,0.25649973225353884,False
sp|Q9JIM1|S29A1_MOUSE,-0.02491398940473139,0.014513787842759553,0.08978702738989622,-0.062299029435603226,0.012471050626140442,1.0467864065394366,0.25649973225353884,False
sp|Q64727|VINC_MOUSE,0.024227731600844432,0.01411503818138665,0.08981013478782941,-0.01213019736748288,0.060585660569171744,1.0466746518173995,0.25649973225353884,False
tr|A0A075B5V6|A0A075B5V6_MOUSE,-0.02483517449942482,0.014473607468223194,0.08991207329236929,-0.06211671674413834,0.012446367745288695,1.0461819877750906,0.25649973225353884,False
sp|Q9ES82|POPD2_MOUSE,-0.02492914058367813,0.014530079282473934,0.0899492264951245,-0.06235614458236327,0.012497863415007013,1.0460025669525992,0.25649973225353884,False
sp|P25444|RS2_MOUSE,0.02491384823549321,0.014529856998093971,0.09013826999505169,-0.0125125831965723,0.06234027966755872,1.045090781508138,0.25675447481997576,False
sp|Q3UZ09|C1RL_MOUSE,0.023251942076988906,0.01358287280475679,0.09065725641727622,-0.011735219719881076,0.05823910387385889,1.0425974282385826,0.2577420315850379,False
sp|Q9EPL2|CSTN1_MOUSE,-0.024501191052787502,0.014313894355371823,0.09068515752079391,-0.06137133958125744,0.012368957475682438,1.0424637882904952,0.2577420315850379,False
sp|Q80XH1|KXDL1_MOUSE,-0.024683279395855226,0.014447148592416465,0.09127673451571672,-0.06189666809292681,0.012530109301216355,1.0396399054782386,0.2591373664586224,False
sp|Q91WP0|MASP2_MOUSE,-0.024286704920246566,0.014229562231856889,0.09160216222486153,-0.06093962829373623,0.012366218453243101,1.0380942748993647,0.25950010233548637,False
sp|P80314|TCPB_MOUSE,0.02464675471065959,0.014440691455495964,0.09160605554289597,-0.012550001503915133,0.06184351092523431,1.03807581670399,0.25950010233548637,False
tr|A0A075B5X6|A0A075B5X6_MOUSE,0.024585280083167408,0.014415145411641034,0.09183794441310941,-0.012545673883056042,0.06171623404939086,1.0369778455475223,0.2598711064436887,False
sp|Q8CGA0|PPM1F_MOUSE,0.024051331239937634,0.014117148810758392,0.09217941662602756,-0.012312034349374341,0.06041469682924961,1.03536604471333,0.26045651745466575,False
sp|Q91V80|APOF_MOUSE,0.024073752021035955,0.014133299125974174,0.09224712385190492,-0.012331214023470385,0.060478718065542295,1.035047165707864,0.26045651745466575,False
tr|Q8CFX3|Q8CFX3_MOUSE,-0.024632060224383464,0.014470866249080741,0.09246393414856227,-0.061906541556502395,0.01264242110773547,1.0340276321756483,0.2607827277464927,False
sp|P01896|HA1Z_MOUSE,0.0204783317056612,0.012047729960424297,0.09291967551228833,-0.010554564167643742,0.05151122757896614,1.0318923154825284,0.2617813615362609,False
sp|Q62356|FSTL1_MOUSE,-0.024562518882862372,0.01447736361115157,0.09351688601099999,-0.061853736310599115,0.012728698544874371,1.0291099630390685,0.2631129951369438,False
sp|P01132|EGF_MOUSE,-0.023843555613975262,0.014063067456490224,0.09373410383499421,-0.06006761686618768,0.012380505638237158,1.0281023684226127,0.2631129951369438,False
sp|P62702|RS4X_MOUSE,0.02460725368693375,0.014514803909167935,0.09376307940150129,-0.012780403557567148,0.061994910931434645,1.0279681378328298,0.2631129951369438,False
sp|Q91VW3|SH3L3_MOUSE,0.024449121192719657,0.014424648668980524,0.09383293687055774,-0.012706311542238016,0.06160455392767733,1.0276446905087748,0.2631129951369438,False
sp|Q8QZY6|TSN14_MOUSE,0.024468214695794476,0.014439055971025532,0.09390323981780635,-0.012724328789955813,0.06166075818154476,1.0273194235941354,0.2631129951369438,False
sp|Q8K1H9|OBP2A_MOUSE,-0.02459831717523643,0.014536706045372098,0.09436809674011543,-0.06204239058398233,0.012845756233509469,1.0251748039172417,0.2640855084770375,False
tr|A0A075B5L7|A0A075B5L7_MOUSE,0.024134127359429658,0.014270681047816924,0.09455650514273814,-0.0126247110651371,0.06089296578399642,1.0243085879145204,0.2640855084770375,False
sp|Q99P72|RTN4_MOUSE,0.024573081471255167,0.01453030452809139,0.09455799565663245,-0.012854502721691908,0.062000665664202245,1.0243017420940594,0.2640855084770375,False
sp|O09167|RL21_MOUSE,0.024472537939257015,0.01449651487030219,0.09513342087164083,-0.012868009862999755,0.061813085741513785,1.0216668863188927,0.2652804820528497,False
sp|P36369|K1B26_MOUSE,-0.022877072627509706,0.013553863999452838,0.09519190889974102,-0.05778951269361682,0.01203536743859741,1.0213999641105724,0.2652804820528497,False
sp|Q61702|ITIH1_MOUSE,-0.02362308497564522,0.0140021825786974,0.09533915379887734,-0.05969031717549589,0.012444147224205448,1.0207287070566489,0.26540359030498284,False
sp|P80318|TCPG_MOUSE,0.024503182273881447,0.014535028308359588,0.09558996816578315,-0.012936569570703983,0.06194293411846688,1.019587683025675,0.2658144363141378,False
sp|Q64726|ZA2G_MOUSE,-0.02441473476925871,0.014505792778866157,0.09611335960165475,-0.06177918088027019,0.012949711341752771,1.0172162419045452,0.266981554449041,False
sp|P19253|RL13A_MOUSE,0.02423730855908573,0.014405324145157177,0.09622572955548396,-0.012868347501130636,0.061342964619302096,1.0167087875264884,0.2670056612126845,False
sp|Q8CIG8|ANM5_MOUSE,0.02444287912669522,0.014538786295696786,0.09647993109413826,-0.01300655265179573,0.06189231090518617,1.0155630153764592,0.2674228445289623,False
sp|P70349|HINT1_MOUSE,-0.024198169275616296,0.014409556337924914,0.09685174292322614,-0.06131472674198207,0.012918388190749478,1.0138925594040489,0.26812349812159264,False
sp|P97399|DSPP_MOUSE,-0.02427664471535457,0.014460214913694017,0.09694096184512728,-0.06152369002566245,0.012970400594953312,1.0134926755359035,0.26812349812159264,False
sp|Q640N1|AEBP1_MOUSE,0.024192630717703865,0.014424346849722297,0.09726418872486209,-0.012962024582364094,0.06134728601777183,1.0120470312831382,0.2685544007393779,False
sp|Q91Z96|BMP2K_MOUSE,-0.024112509830779782,0.014381739983566814,0.09738238754589884,-0.06115741711647207,0.012932397454912502,1.0115195819641014,0.2685544007393779,False
sp|Q8R3I9|B3GN8_MOUSE,-0.019911497998136667,0.011877169980283672,0.09741273293261885,-0.05050506047658267,0.010682064480309329,1.0113842722697113,0.2685544007393779,False
sp|Q99J93|IFM2_MOUSE / sp|Q9CQW9|IFM3_MOUSE,0.02434271819001351,0.014524845736665834,0.09751392803546345,-0.01307080508801766,0.06175624146804468,1.010933349050784,0.2685544007393779,False
sp|P14131|RS16_MOUSE,0.024350853864394603,0.014537081617374463,0.0976813489049531,-0.013094186953720582,0.06179589468250979,1.010188351746089,0.2687280699041178,False
sp|E9Q735|UBE4A_MOUSE,0.024348430412981636,0.014542271501505973,0.09783194536485616,-0.013109978660761513,0.06180683948672479,1.0095193105465228,0.2688551326728971,False
sp|Q8C7B6|FXL22_MOUSE,0.02429481004181653,0.014535132003964075,0.09839834410881543,-0.01314520890494559,0.06173482898857865,1.0070122100082428,0.2701233860130061,False
sp|Q9QUT0|RHAG_MOUSE,-0.023206986894266837,0.01389240706838584,0.09859149083997287,-0.058991456117844954,0.012577482329311284,1.006160566201935,0.27036537690407897,False
sp|Q68FD5|CLH1_MOUSE,0.024284213734731157,0.014542126076827788,0.0987022454050647,-0.013173820749864465,0.06174224821932678,1.0056729673310019,0.27038115097664,False
sp|Q91XV3|BASP1_MOUSE,0.02419710004739431,0.01449601010792317,0.09884070956440208,-0.013142147573135247,0.06153634766792387,1.00506414551603,0.27047271745837975,False
sp|P62309|RUXG_MOUSE,0.024240838099473493,0.014531752920662926,0.09905873104162759,-0.013190476905502395,0.06167215310444938,1.0041072397005115,0.2707815630914979,False
tr|Q9DBK7|Q9DBK7_MOUSE,0.023983996877284208,0.014389718272378992,0.09933454990887007,-0.013081461118522656,0.061049454873091075,1.002899671695686,0.2708511537388858,False
sp|Q9CPX6|ATG3_MOUSE,0.02423013841246346,0.014539465108131795,0.0993818930969765,-0.013221041870989197,0.061681318695916115,1.0026927347615466,0.2708511537388858,False
sp|P48725|PCNT_MOUSE,0.024214855427187952,0.014531073971850494,0.09939974379931926,-0.013214710721541262,0.061644421575917166,1.0026147349858385,0.2708511537388858,False
sp|P62301|RS13_MOUSE,0.024187413786918435,0.01454460828129632,0.10008806757453217,-0.013277014432684631,0.061651842006521504,0.9996176957018237,0.2724384503217974,False
sp|Q8BH04|PCKGM_MOUSE,0.021898853428169135,0.013182350804681992,0.10044123968335256,-0.01205663206419217,0.05585433892053044,0.9980879357010823,0.27311107939243173,False
sp|P01667|KV3AF_MOUSE,-0.023389582007391732,0.014098322654039765,0.1008835070579121,-0.05970445463055467,0.012925290615771204,0.9961798286016619,0.274024293960046,False
sp|Q8BR63|F177A_MOUSE,0.024049095114141612,0.01450605341131064,0.1011195429506054,-0.01331602234155782,0.061414212569841045,0.9951649020213283,0.27437599904932447,False
tr|A0A0B4J1N0|A0A0B4J1N0_MOUSE,0.023727144109579688,0.014319636442846997,0.10130203953778796,-0.013157795056072345,0.06061208327523172,0.9943818107987494,0.27458184401032,False
sp|Q8BGC0|HTSF1_MOUSE,0.02370989059755936,0.01431501447020287,0.10143803379503703,-0.013163143155515734,0.060582924350634455,0.9937991774457955,0.274661342820421,False
sp|O35954|PITM1_MOUSE,0.023962397808225712,0.014481884295924423,0.10177320248401996,-0.01334046413182105,0.061265259748272474,0.9923665593800554,0.27527940797936074,False
sp|Q8R242|DIAC_MOUSE,0.0227540286186559,0.013765788984870131,0.10212093533598456,-0.012704294035043251,0.05821235127235505,0.9908852161024471,0.2757468345768842,False
sp|Q9Z2X2|PSD10_MOUSE,0.024026070049641992,0.014537042771998777,0.10216018648013496,-0.013418870709416195,0.06147101080870018,0.9907183229958189,0.2757468345768842,False
sp|Q8BJ66|KAZD1_MOUSE,-0.023318739583241085,0.014132592552186865,0.10272307992474548,-0.059721885614280955,0.013084406447798784,0.9883319677188646,0.27681569383578103,False
sp|O08663|MAP2_MOUSE,0.02399893757747143,0.01454690205926408,0.10277118575029386,-0.013471399022636832,0.06146927417757969,0.9881286326535665,0.27681569383578103,False
sp|Q3V2T4|KTDAP_MOUSE,-0.023393127918571358,0.014200204559713442,0.10326105599926516,-0.05997043093986995,0.013184175102727236,0.9860634379532477,0.27784453416730176,False
sp|Q9CPW4|ARPC5_MOUSE,0.02348870093962721,0.014284611181627018,0.10388943685874096,-0.013306019131809947,0.06028342101106437,0.9834286078535468,0.27895251200592064,False
sp|P47964|RL36_MOUSE,0.02324800656328079,0.014138815685047651,0.10390345494997084,-0.013171169195741766,0.05966718232230335,0.9833700112420438,0.27895251200592064,False
sp|Q80T14|FRAS1_MOUSE,0.023106010679059166,0.01406034757583239,0.10409458243599824,-0.013111044624852644,0.05932306598297098,0.9825718725968224,0.27895251200592064,False
sp|P63321|RALA_MOUSE / sp|Q9JIW9|RALB_MOUSE,-0.023911842044650952,0.014551202365581013,0.1041061607913358,-0.0613932554997846,0.013569571410482699,0.9825235690628402,0.27895251200592064,False
sp|P40142|TKT_MOUSE,0.023533339074773504,0.01432778802904456,0.10427076180556781,-0.013372597185476617,0.06043927533502362,0.9818374534779275,0.27910313061261655,False
sp|Q9CYR6|AGM1_MOUSE,0.02364666443923976,0.014420768539300948,0.10483908058616817,-0.013498773743987696,0.06079210262246722,0.9794767963681748,0.28033295172313916,False
sp|Q9Z2I9|SUCB1_MOUSE,0.023654089704271273,0.014454844810646551,0.10553982821094207,-0.013579123137243871,0.06088730254578642,0.9765836170671822,0.2816398424095566,False
sp|P68404|KPCB_MOUSE / sp|P20444|KPCA_MOUSE,-0.023813922936457642,0.014552804263527635,0.10554658171853286,-0.061299462607263495,0.013671616734348212,0.9765558273948661,0.2816398424095566,False
sp|Q61292|LAMB2_MOUSE,-0.022283064965629908,0.013642967510846727,0.10619382140084468,-0.05742502046743451,0.012858890536174693,0.9739007507647071,0.28258687790323744,False
sp|Q99KI0|ACON_MOUSE,0.022376491746631692,0.013702810004888601,0.10626016190841481,-0.01291960780492342,0.057672591298186804,0.9736295266920678,0.28258687790323744,False
tr|A0A0B4J1I7|A0A0B4J1I7_MOUSE,-0.023266444153246347,0.014249674905839758,0.10630558149786035,-0.05997117434175381,0.013438286035261118,0.9734439325596304,0.28258687790323744,False
sp|P99024|TBB5_MOUSE,0.023759403444135394,0.014553065034605787,0.10634046007310179,-0.013726807928455084,0.06124561481672587,0.9733014650790421,0.28258687790323744,False
sp|P70232|NCHL1_MOUSE,-0.023740267584605432,0.014551343489232668,0.10657728658799333,-0.061222044550176435,0.013741509380965574,0.9723353409056018,0.2829242401691575,False
sp|Q8VI78|PLA1A_MOUSE,-0.022780179210995757,0.013969907374400006,0.10675110594700403,-0.05876427599383917,0.013203917571847659,0.9716276169662348,0.2830013862869772,False
sp|Q80WM4|HPLN4_MOUSE,-0.02334210954464267,0.014317624030941625,0.10682615435764731,-0.06022186508073804,0.013537645991452699,0.971322405522723,0.2830013862869772,False
sp|Q60854|SPB6_MOUSE,0.0231454836768929,0.014208691547507746,0.10711000445306912,-0.013453680376265122,0.05974464773005092,0.9701699626336668,0.28346172812605647,False
sp|Q8K4L6|MEPE_MOUSE,-0.023598096063137203,0.014491329568639327,0.10722416941215286,-0.06092528741342303,0.013729095287148621,0.9697073092401213,0.2834725218031762,False
sp|P11835|ITB2_MOUSE,0.023649401160889708,0.014553043786845701,0.10794377897349898,-0.013836755481097706,0.06113555780287712,0.9668023819108865,0.2850227332098949,False
sp|Q61646|HPT_MOUSE,0.017701203585488004,0.010896420058835544,0.10806150735400202,-0.010366114505838624,0.04576852167681463,0.9663289787646228,0.2850227332098949,False
sp|Q9CYA6|ZCHC8_MOUSE,0.023542400630893575,0.014498570539999,0.10821612230691967,-0.013803442225606654,0.0608882434873938,0.9657080321376756,0.2850227332098949,False
sp|Q9CR27|WASC3_MOUSE,0.02363200745855895,0.014555312402751987,0.1082532943997193,-0.013859992750758374,0.061124007667876276,0.9655588781815375,0.2850227332098949,False
sp|Q9EPK6|SIL1_MOUSE,0.02271991893624465,0.014013729637223176,0.10875462109075021,-0.013377056515326509,0.05881689438781581,0.9635522803818335,0.2858093567301455,False
sp|P54726|RD23A_MOUSE,-0.02357525201582087,0.014545024934316218,0.1088437635610817,-0.06104075346248201,0.013890249430840267,0.9631964497519704,0.2858093567301455,False
sp|Q8VCS0|PGRP2_MOUSE,0.022949783232175485,0.014160812578541435,0.10888504036981467,-0.013526052769695412,0.05942561923404638,0.963031783523576,0.2858093567301455,False
sp|Q8BP47|SYNC_MOUSE,-0.023561402346110327,0.014553156236754832,0.10924347718764632,-0.06104784863986887,0.013925043947648211,0.9616044848470819,0.286191820324417,False
sp|Q9Z266|SNAPN_MOUSE,0.023557707771037682,0.014551272672323156,0.10925303276850558,-0.01392388678226262,0.061039302324337984,0.961566498555749,0.286191820324417,False
sp|Q9D0I9|SYRC_MOUSE,0.02354022229116039,0.014546342039472557,0.1093939220794799,-0.013928671793558296,0.06100911637587908,0.961006806710725,0.28626966397831377,False
sp|O08573|LEG9_MOUSE,0.022650504217147708,0.014016373981478862,0.10988859362896157,-0.013453282613845919,0.05875429104814134,0.959047384747469,0.2872722117711432,False
sp|Q62448|IF4G2_MOUSE,0.023401608406914243,0.01449576695121495,0.11024156106343265,-0.01393701288344093,0.060740229697269416,0.9576546456139297,0.28790265693543515,False
sp|P61358|RL27_MOUSE,0.023337586348202464,0.01447382891183668,0.11067133677376627,-0.013944526297459753,0.060619698993864685,0.9559648442781293,0.28873221093459794,False
sp|A2AT37|RENT2_MOUSE,0.023414993080918274,0.014535629475617968,0.11100498198676462,-0.014026307267907628,0.06085629342974418,0.9546575293141808,0.28930954313352114,False
sp|Q91Y97|ALDOB_MOUSE,0.02320175704959434,0.014428993652021207,0.11163373076973307,-0.01396486762000295,0.06036838171919163,0.9522045610096428,0.29065405129632216,False
sp|P31725|S10A9_MOUSE,0.023316573645989824,0.01450547188677379,0.11175716234770391,-0.014047045901766864,0.06068019319374651,0.9517246340268326,0.29068150812660365,False
sp|P06151|LDHA_MOUSE,0.023283012677255133,0.014494329723018022,0.11199438851772432,-0.014051906558594507,0.06061793191310477,0.950803737123037,0.29100459175897087,False
sp|Q03402|CRIS3_MOUSE,-0.020396521173867147,0.01270731332694373,0.1122700001383581,-0.053128391210786274,0.012335348863051983,0.949736276818993,0.29114191767914915,False
sp|Q9CPQ8|ATP5L_MOUSE,0.023002217757905202,0.01433083465503486,0.11227336864287188,-0.01391156609084769,0.059916001606658095,0.9497232466152452,0.29114191767914915,False
sp|P05213|TBA1B_MOUSE,0.02335773599935231,0.014560395336267205,0.11246940748571915,-0.014147356979061502,0.060862828977766126,0.9489655928143346,0.29119786291445315,False
sp|P11680|PROP_MOUSE,0.022846985477546766,0.014244091919457356,0.1125211159611188,-0.013843363891035597,0.05953733484612913,0.9487659692427721,0.29119786291445315,False
sp|P68373|TBA1C_MOUSE,0.023330346933171684,0.014561197921805486,0.11290459486314602,-0.014176813368590235,0.0608375072349336,0.9472883832911252,0.2916454814251599,False
sp|P35285|RB22A_MOUSE / sp|Q921E2|RAB31_MOUSE,0.023248337742733015,0.014510668331555003,0.11292059999257646,-0.01412866695976539,0.06062534244523142,0.9472268229376858,0.2916454814251599,False
sp|O55188|DMP1_MOUSE,0.02291346906210348,0.014342365161940939,0.11393075311064073,-0.014030015404222863,0.059856953528429825,0.9433590318162176,0.2937666693427064,False
sp|Q8BK64|AHSA1_MOUSE,0.022960186384624968,0.014373193254117076,0.11397005929062666,-0.014062705984901173,0.05998307875415111,0.943209225792606,0.2937666693427064,False
sp|Q9Z2U1|PSA5_MOUSE,0.022893191103369365,0.01434772410187492,0.11437955919133465,-0.014064097077474882,0.05985047928421361,0.9416515815184935,0.2941142423373526,False
sp|P35293|RAB18_MOUSE,0.02312718698141958,0.01450042819161719,0.11452859423780877,-0.014223440868554572,0.06047781483139373,0.9410860699238233,0.2941142423373526,False
sp|Q62418|DBNL_MOUSE,0.02297774043197922,0.014416054605953129,0.11475979887719648,-0.014155555463595947,0.060111036327554386,0.9402102215501268,0.2941142423373526,False
sp|Q9DCX2|ATP5H_MOUSE,0.022699799548498326,0.014242410208425878,0.11477820752760506,-0.01398621801952905,0.0593858171165257,0.9401405618416184,0.2941142423373526,False
sp|P51859|HDGF_MOUSE,0.02293806057411385,0.014392723918486484,0.11479864497900277,-0.014135139453012792,0.06001126060124049,0.9400632380845173,0.2941142423373526,False
sp|O89103|C1QR1_MOUSE,-0.023093502314885363,0.014490649422634975,0.11480831455302601,-0.06041894172516249,0.014231937095391764,0.940026658682467,0.2941142423373526,False
sp|P47757|CAPZB_MOUSE,0.022748815575542508,0.014281591654249548,0.11498928136531067,-0.014038126708792897,0.059535757859877914,0.9393426401755229,0.2941142423373526,False
sp|P31230|AIMP1_MOUSE,0.022934994899121694,0.014399656388916448,0.11501865710047149,-0.01415606198848443,0.06002605178672782,0.9392317073108866,0.2941142423373526,False
sp|Q91XQ5|CHSTF_MOUSE,-0.023098722355904166,0.014522134112154613,0.11550438836782523,-0.06050526095205912,0.014307816240250782,0.9374015152720433,0.29469417782603136,False
sp|Q9WVJ9|FBLN4_MOUSE,-0.0215740684014295,0.013563994273030117,0.11551517122595584,-0.05651260232306994,0.01336446552021094,0.9373609738062306,0.29469417782603136,False
sp|Q6ZPU9|KBP_MOUSE,-0.023060806869055653,0.014504632300800242,0.1156610696696144,-0.060422263786658825,0.014300650048547522,0.9368127955231484,0.29469417782603136,False
sp|P68369|TBA1A_MOUSE,0.023146914467405782,0.014564487986784572,0.11580144494966602,-0.01436872048013985,0.06066254941495142,0.9362860215261004,0.29469417782603136,False
sp|Q99JR8|SMRD2_MOUSE,0.02314376788916831,0.014563166459600716,0.11581767299415291,-0.014368463029931708,0.06065599880826833,0.9362251651490722,0.29469417782603136,False
tr|A0A140T8Q4|A0A140T8Q4_MOUSE / tr|A0A140T8Q0|A0A140T8Q0_MOUSE,-0.023014930439214404,0.014496155264526805,0.11616625254624388,-0.06035455195837721,0.014324691079948403,0.9349200204968396,0.2952893389008667,False
sp|Q6PA06|ATLA2_MOUSE,0.022576537939027294,0.014233981313988857,0.11651903250413133,-0.014087768235712686,0.059240844113767274,0.9336031301193914,0.2955684684430239,False
sp|Q60997|DMBT1_MOUSE,0.023070233223114835,0.014553565219118532,0.11672500126777559,-0.014417266539400751,0.06055773298563042,0.9328361126801898,0.2955684684430239,False
sp|Q9D1A2|CNDP2_MOUSE,0.022382897162302136,0.014120695580132568,0.11674356913596806,-0.01398960429949677,0.05875539862410104,0.9327670333801389,0.2955684684430239,False
tr|A0A075B5R5|A0A075B5R5_MOUSE,-0.022024783755487987,0.013895616431522196,0.11676545237472524,-0.05781751975067846,0.01376795223970249,0.9326856337853416,0.2955684684430239,False
sp|Q8C6G8|WDR26_MOUSE,0.023071478862105248,0.014559399008118168,0.11684998092232944,-0.014431047745066324,0.06057400546927682,0.9323713541774259,0.2955684684430239,False
sp|Q9Z222|B3GN2_MOUSE,-0.023013751861651187,0.01455820715076586,0.11772514172723517,-0.06051320844772903,0.01448570472442666,0.9291307780454088,0.2974899312538082,False
sp|P80317|TCPZ_MOUSE,0.022131176900154013,0.014024837294714794,0.11836977228888168,-0.01399440998107784,0.05825676378138586,0.926759187851187,0.2988256506312454,False
sp|P68372|TBB4B_MOUSE,0.0229629807302516,0.014566556886409033,0.11873360590034725,-0.014557983349572815,0.06048394481007602,0.9254263426170232,0.29945057315709517,False
sp|E9Q3L2|PI4KA_MOUSE,0.022839675038828024,0.014519295435681298,0.11951009782017583,-0.014559551611283663,0.06023890168893971,0.922595398127505,0.3011101928990997,False
sp|O54940|BNIP2_MOUSE,0.022892866113492318,0.014557719428683174,0.11962552517894329,-0.014605334183752962,0.0603910664107376,0.9221761425750463,0.3011101928990997,False
sp|P83882|RL36A_MOUSE / tr|A0A2I3BPG9|A0A2I3BPG9_MOUSE,0.022837151439541993,0.014544810508986155,0.12019098344140713,-0.014627797684070541,0.06030210056315453,0.9201281112727089,0.3022380687125228,False
sp|E9Q414|APOB_MOUSE,-0.02282817186434895,0.014560008400187735,0.12071671913422785,-0.060332268161470665,0.014675924432772759,0.9182325764238445,0.3032639529469627,False
sp|Q9WTX5|SKP1_MOUSE,0.022720190634386524,0.01454825589721078,0.12216079445985589,-0.0147536332211771,0.06019401448995015,0.9130681515540454,0.30659263716776697,False
sp|Q61247|A2AP_MOUSE,-0.020107306825782906,0.01288381812425379,0.12240816698734884,-0.05329382309183024,0.01307920944026443,0.9121896053994923,0.30691434273848417,False
sp|P70406|UCP2_MOUSE,-0.022062173332407096,0.014159054412872829,0.1229986829006832,-0.058533480599628304,0.014409133934814109,0.9100995390648947,0.30803611453420476,False
sp|Q5NCC9|TRI58_MOUSE,0.02265953144490815,0.014546212582080328,0.12309482013813465,-0.014809029179666075,0.06012809206948237,0.9097602219082942,0.30803611453420476,False
sp|Q8CF94|RHD_MOUSE,-0.022478530587942032,0.014434913951246997,0.12322011913607904,-0.05966040493777089,0.014703343761886825,0.909318375642295,0.3080502978401976,False
sp|Q8VDV0|ITGBL_MOUSE,-0.020392562867212388,0.01311922090840124,0.12389319589245988,-0.05418543652280373,0.013400310788378951,0.9069525440476663,0.30921439369943693,False
sp|Q9QYC0|ADDA_MOUSE,-0.021381442613417782,0.013756615529933494,0.12392592399915298,-0.05681613601307636,0.014053250786240798,0.9068378342849264,0.30921439369943693,False
sp|P47963|RL13_MOUSE,0.02261558378705377,0.014575926358844197,0.12456981832470647,-0.014929514454427938,0.06016068202853548,0.9045871689354744,0.31052011828278714,False
sp|Q61114|BPIB1_MOUSE,0.02249072931111451,0.014540738393478648,0.12573077395340035,-0.014963730738046355,0.059945189360275375,0.900558411077715,0.31311096995164983,False
sp|Q62059|CSPG2_MOUSE,-0.022496123116951677,0.014559034079816603,0.1261106297734913,-0.059997709731110384,0.01500546349720703,0.8992483055172673,0.31375349919491796,False
tr|E9PWG6|E9PWG6_MOUSE,0.022504811963817435,0.014575642111962587,0.12639238155618934,-0.015039554106217178,0.06004917803385205,0.8982791028560223,0.31415094836601115,False
sp|Q6R891|NEB2_MOUSE,0.022123783838041883,0.01434318258238895,0.12676612101253013,-0.014821806163827767,0.05906937383991154,0.8969967986882316,0.3147760478372855,False
sp|Q68FF6|GIT1_MOUSE,-0.022462701276122078,0.014576236480565491,0.12710884647706752,-0.06000859833822116,0.015083195785977006,0.8958242225185697,0.3153230054705673,False
sp|Q60787|LCP2_MOUSE,0.02145677924288872,0.01393103436921214,0.1273121129314365,-0.014427187314074781,0.05734074579985222,0.8951302740445426,0.31547188432234474,False
tr|Q9WUR0|Q9WUR0_MOUSE,-0.021966231989276636,0.014265670852187367,0.1274138872602868,-0.058712165005124266,0.014779701026570995,0.8947832342312703,0.31547188432234474,False
sp|Q9ESB3|HRG_MOUSE,-0.022423789444719625,0.014579107257745054,0.1278335361745409,-0.05997708113880179,0.015129502249362537,0.8933551973127807,0.3162068738227117,False
sp|O35161|CELR1_MOUSE,-0.02213909387361097,0.014412208618053535,0.12830883203927504,-0.059262483160853266,0.014984295413631329,0.891743448271181,0.31707796785137543,False
tr|D3Z5G7|D3Z5G7_MOUSE,-0.020688385816242855,0.013478398884927245,0.12860457428541452,-0.055406440628959275,0.014029668996473565,0.8907435838878177,0.31750410238249516,False
sp|Q9WUX5|IRAG1_MOUSE,0.02228731851665303,0.014562011032885508,0.12969289014910915,-0.01522193622045585,0.059796573253761906,0.887083831577017,0.3195522551125358,False
sp|P70399|TP53B_MOUSE,0.022034609937373245,0.014400099367511235,0.12977703043794245,-0.01505758798747818,0.05912680786222467,0.8868021676034494,0.3195522551125358,False
tr|Q9QXN7|Q9QXN7_MOUSE,0.022103338098493863,0.014450313638213209,0.12991584341648635,-0.015118203216288043,0.05932487941327577,0.8863378828855439,0.3195522551125358,False
sp|P08752|GNAI2_MOUSE,0.022295963607180024,0.014576811721994801,0.1299305674185728,-0.015251415178649294,0.05984334239300934,0.8862886649429603,0.3195522551125358,False
sp|O88947|FA10_MOUSE,-0.02202501824266604,0.014409815852922907,0.13019731418275965,-0.059142244175368355,0.015092207690036274,0.885397974659055,0.3199027519280592,False
sp|A6H6E9|TT23L_MOUSE,0.02223333048398754,0.014576427845501776,0.1309875222640889,-0.015313059501522099,0.05977972046949718,0.8827700728171317,0.321537530819856,False
sp|Q00898|A1AT5_MOUSE,-0.01284698956012409,0.00842794746041854,0.13122722014009913,-0.0345559435974407,0.00886196447719252,0.8819760709778992,0.3218191351054812,False
sp|P52760|RIDA_MOUSE,0.02185334264839319,0.014347656556946302,0.13152739474562333,-0.015103771548244618,0.058810456845031,0.880983782172189,0.32224837437676507,False
sp|P70460|VASP_MOUSE,0.022020485188904412,0.014482784655920667,0.1321961097871237,-0.015284695924804421,0.059325666302613246,0.8787813249021508,0.3235788808952885,False
sp|Q8BHK9|ERC6L_MOUSE,0.02212459509414378,0.01458421465548211,0.13306046178945585,-0.015441852384694366,0.059691042572981926,0.8759509736581608,0.32538526980802357,False
sp|Q52KI8|SRRM1_MOUSE,0.021821224584803695,0.014391828782258961,0.13326240577429385,-0.015249669724197421,0.058892118893804815,0.8752923507176685,0.3255699192303669,False
sp|Q8R1I1|QCR9_MOUSE,0.02173503557822165,0.014340982687237862,0.13342262296837248,-0.015204887869253093,0.058674959025696395,0.8747705257618866,0.32565237359579063,False
sp|P23927|CRYAB_MOUSE,0.022064456706881473,0.014576445452755679,0.13389915516147494,-0.01548197863190872,0.059610892045671666,0.8732221631662362,0.3263464452653762,False
sp|P54923|ADPRH_MOUSE,0.021939608803272684,0.014498465980931885,0.13401824690185088,-0.01540596472691852,0.05928518233346389,0.8728360673867632,0.3263464452653762,False
sp|Q01405|SC23A_MOUSE,0.02186744799772292,0.014453375613989886,0.13408719964690022,-0.01536198044399131,0.059096876439437146,0.8726126791808708,0.3263464452653762,False
sp|Q9D7S7|RL22L_MOUSE,0.022020942059350814,0.014566621787317378,0.13439830455128726,-0.015500189194135146,0.05954207331283677,0.8716062099180915,0.32679474430553795,False
sp|Q99L27|GMPR2_MOUSE / sp|Q9DCZ1|GMPR1_MOUSE,0.02135975899202106,0.014135282098850423,0.13456220924596565,-0.015050314852128068,0.05776983283617018,0.8710768912291613,0.32688461208335995,False
sp|Q8CAQ8|MIC60_MOUSE,0.021927672649452605,0.014525458604949311,0.13494241379085095,-0.015487429272662362,0.05934277457156757,0.8698515256415864,0.32749926061398793,False
sp|P36993|PPM1B_MOUSE,0.021419556385179596,0.014245133350428592,0.1364696878043734,-0.0152734755318161,0.05811258830217529,0.8649638019653892,0.3308940170397943,False
sp|Q9QYB8|ADDB_MOUSE,-0.020814859059012814,0.013876192936557707,0.13739817449662867,-0.05655756344669642,0.014927845328670794,0.862019037373321,0.3328318902434796,False
sp|O88738|BIRC6_MOUSE,0.02172712301857818,0.014501752719893837,0.13786434206374826,-0.015626916590144334,0.0590811626273007,0.8605480474388881,0.3336383818734314,False
sp|Q9WU60|ATRN_MOUSE,-0.02184185753175116,0.01458643518953372,0.13808032586145844,-0.05941402472726898,0.015730309663766654,0.8598681967181887,0.3336383818734314,False
sp|P01027|CO3_MOUSE,0.021658797761273472,0.014465653025029413,0.1381198116804186,-0.015602255195568081,0.05891985071811502,0.8597440224613815,0.3336383818734314,False
sp|Q64471|GSTT1_MOUSE,0.021812713736649357,0.014577600632006587,0.13836403656267596,-0.015736697146706183,0.0593621246200049,0.858976776584502,0.33391508355097527,False
sp|Q80WT0|JPH4_MOUSE,-0.021813098574460153,0.014587525612830285,0.13862214106712956,-0.05938807451425854,0.01576187736533823,0.8581673976079645,0.3340574713541412,False
sp|P47878|IBP3_MOUSE,-0.0217734862229307,0.014567080204595899,0.13878384818216002,-0.05929579828107592,0.015748825835214527,0.8576610746126543,0.3340574713541412,False
sp|Q9JK53|PRELP_MOUSE,0.020978206081751348,0.014036037491745498,0.13881223081511887,-0.01517623059519771,0.057132642758700405,0.8575722662911291,0.3340574713541412,False
sp|P54822|PUR8_MOUSE,0.02097166200041174,0.014046297115277016,0.13921881993878849,-0.01520920171547319,0.05715252571629667,0.8563020517722171,0.3347231198341553,False
sp|P68368|TBA4A_MOUSE,0.02175545597369966,0.014583426395748058,0.13954456462921994,-0.015808961082616712,0.059319873030016027,0.8552870749582878,0.3351933338808222,False
sp|P62270|RS18_MOUSE / tr|F6YVP7|F6YVP7_MOUSE / tr|A0A1Y7VKY1|A0A1Y7VKY1_MOUSE,0.021735642726982127,0.014589441432970994,0.14006191042858473,-0.015844268038475023,0.05931555349243928,0.8536799542201138,0.3361224784283371,False
tr|D3YXF5|D3YXF5_MOUSE,-0.009936841334016714,0.006679280392252502,0.14061647299536761,-0.027141527495000303,0.007267844826966874,0.8519637994305285,0.33713912287064396,False
sp|Q99JI6|RAP1B_MOUSE,0.02161669017020342,0.01459380455551974,0.14233340622193127,-0.015974459254169758,0.0592078395945766,0.846693157293413,0.34093815908974234,False
sp|Q9CT10|RANB3_MOUSE,0.021541906630166193,0.014581293595629588,0.14336211713885974,-0.016017016697106406,0.05910082995743879,0.8435655940733077,0.3430807230192968,False
sp|P97333|NRP1_MOUSE,0.020943860543445228,0.014181232773165572,0.1434943451230224,-0.01558457439412269,0.057472295481013146,0.8431652134265584,0.3430807230192968,False
sp|Q00993|UFO_MOUSE,0.02139696229447257,0.014503786551430618,0.14392416291580726,-0.015962316117120866,0.058756240706066006,0.8418662877863459,0.3437891646643819,False
sp|Q6ZQI3|MLEC_MOUSE,0.021401754653218443,0.014552841686420421,0.14517389563720481,-0.016083881412571274,0.058887390719008156,0.8381114690348981,0.34645299468563706,False
tr|A0A0A6YXQ0|A0A0A6YXQ0_MOUSE,-0.021351768492550206,0.014528134968451567,0.1454278216444191,-0.05877376427020123,0.01607022728510082,0.8373525011055756,0.3467376303096103,False
sp|Q06890|CLUS_MOUSE,0.01700467816754095,0.011580621565653254,0.14578253907574046,-0.012825026214579049,0.04683438254966095,0.8362944899904031,0.3472618298982717,False
sp|Q8K1B8|URP2_MOUSE,0.021339201732656164,0.014541148274968694,0.14601810474202717,-0.01611631410125774,0.058794717566570065,0.8355932928314119,0.34750149696,False
sp|Q8CHW4|EI2BE_MOUSE,0.02140768359196333,0.014592885240629511,0.1461565004049911,-0.016181097834176414,0.05899646501810307,0.8351818643487107,0.34750968471177474,False
sp|Q9CPY7|AMPL_MOUSE,0.021344540118283892,0.014570833012310203,0.1467310712708673,-0.016187438531942426,0.05887651876851021,0.8334779117010104,0.3485539746517374,False
sp|P51150|RAB7A_MOUSE,0.021275661616676694,0.014541169046675188,0.14720776362981575,-0.016179907721607486,0.05873123095496087,0.8320692850210987,0.3493363015676393,False
sp|P07743|BPIA2_MOUSE,-0.021352017706471108,0.014597885326879202,0.14733173728250729,-0.05895367850129307,0.01624964308835086,0.8317036900752385,0.3493363015676393,False
sp|Q9ER38|TOR3A_MOUSE,-0.02073427245611471,0.01419069163807333,0.14775862425690328,-0.05728707181509034,0.01581852690286092,0.830447161154827,0.34994958132264076,False
sp|P98063|BMP1_MOUSE,0.016944980308792164,0.011600274212793001,0.14786219203069248,-0.012935345937722699,0.04682530655530703,0.8301428597523433,0.34994958132264076,False
sp|Q03265|ATPA_MOUSE,0.020876658354137878,0.014309880611174958,0.14836729475569632,-0.015983151454412828,0.057736468162688584,0.8286618219175554,0.35046569329619953,False
sp|Q8BH61|F13A_MOUSE,-0.0206739755024382,0.014174101317988267,0.1484563480013019,-0.05718404102878347,0.015836090023907068,0.8284012272158445,0.35046569329619953,False
sp|O08746|MATN2_MOUSE,-0.020955817279524197,0.014368487484051451,0.1484885714120985,-0.05796658838861954,0.016054953829571145,0.8283069710178962,0.35046569329619953,False
sp|Q8VCW8|ACSF2_MOUSE,0.02114405341472912,0.014517766936778462,0.14904748869660014,-0.0162512360831182,0.05853934291257644,0.8266753370040243,0.351338869984474,False
sp|Q3V3R1|C1TM_MOUSE,-0.021146284437607996,0.014522334084866657,0.14913141160894372,-0.05855333812933454,0.016260769254118543,0.8264308712912518,0.351338869984474,False
sp|P35564|CALX_MOUSE,0.021159722673601573,0.014569694816462628,0.15018518372250755,-0.01636932417840738,0.05868876952561053,0.8233729098414762,0.35334764503091465,False
sp|Q148V7|RELCH_MOUSE,0.021088694041938836,0.014526776469772112,0.15035126731183876,-0.016329802475004814,0.05850719055888248,0.8228929068769402,0.35334764503091465,False
sp|Q99L88|SNTB1_MOUSE,-0.020434779749092847,0.0140778866642524,0.15039573551607086,-0.05669701275091446,0.015827453252728763,0.8227644780269281,0.35334764503091465,False
sp|Q9QUP5|HPLN1_MOUSE,-0.020965607633080363,0.014474671107336643,0.1512629965889699,-0.0582498896305907,0.01631867436442997,0.8202673002828736,0.3544919345718328,False
sp|Q8VDN2|AT1A1_MOUSE,0.021138399394143786,0.014600488139026802,0.151443458309738,-0.016469965800479606,0.05874676458876718,0.8197494815344402,0.3544919345718328,False
tr|A0A0B4J1K5|A0A0B4J1K5_MOUSE,-0.020930464947232226,0.014458109611695219,0.15147821699928843,-0.058172087358958784,0.01631115746449433,0.8196498154598959,0.3544919345718328,False
sp|P15864|H12_MOUSE / sp|P43277|H13_MOUSE,0.020914289547284328,0.014450041238799583,0.15156506398655858,-0.01630655011310569,0.058135129207674344,0.8194008928093015,0.3544919345718328,False
sp|Q99JT2|STK26_MOUSE,0.021031117940417312,0.014530977514435762,0.15157111454896618,-0.016398199750476485,0.058460435631311106,0.8193835558759202,0.3544919345718328,False
sp|Q61470|CD37_MOUSE,0.021120129511784824,0.014602937472506631,0.15186081491397374,-0.016494544747790073,0.05873480377135972,0.8185542739451794,0.35458126330239476,False
sp|P04186|CFAB_MOUSE,0.020744194975758818,0.014343855199449834,0.15188471200875395,-0.01620312757284632,0.05769151752436395,0.818485937950091,0.35458126330239476,False
sp|Q8K386|RAB15_MOUSE,0.02108020719496979,0.014598193365284357,0.1524952012977576,-0.016522247054202795,0.05868266144414237,0.8167438224332226,0.35568400665011396,False
sp|Q99J09|MEP50_MOUSE,0.021020591068779484,0.014578869452609316,0.15310643855495537,-0.016532088079865507,0.05857327021742448,0.8150065456172642,0.356786497085077,False
sp|P84084|ARF5_MOUSE,0.020874355745608232,0.014484184042953754,0.15329525713989423,-0.016434429950227432,0.058183141441443896,0.8144712817394701,0.35690351458881336,False
sp|P05063|ALDOC_MOUSE,0.01919925021129216,0.013344588132999506,0.1539876064970133,-0.015174130945478884,0.0535726313680632,0.8125142314138739,0.35819158692846365,False
sp|Q5SWD9|TSR1_MOUSE,-0.0209751039633689,0.014592599187961035,0.15436953617152485,-0.05856314856666282,0.016612940639925022,0.8114384007488116,0.3587559166441123,False
sp|Q78HU7|GLPC_MOUSE,-0.020358633692622648,0.014186762510457645,0.1550320425286132,-0.056901312289548416,0.01618404490430312,0.8095785311511748,0.3599707028955626,False
sp|P01675|KV6A1_MOUSE / sp|P01676|KV6A2_MOUSE / sp|P01678|KV6A4_MOUSE / sp|P01677|KV6A3_MOUSE,-0.020706240078993833,0.014456734520582472,0.1558162181169975,-0.057944320490737125,0.01653184033274946,0.8073873408088439,0.3614655510371789,False
tr|Q8C5R8|Q8C5R8_MOUSE,0.020438824960241683,0.014285898381564204,0.15627060323609665,-0.016359210718513203,0.057236860638996565,0.8061227113799728,0.3621933423338874,False
sp|P39876|TIMP3_MOUSE,-0.020656187719227795,0.014500995464880857,0.15806048386322435,-0.05800827676829762,0.016695901329842028,0.8011766929092154,0.36601236146385135,False
sp|Q6GQT1|A2MG_MOUSE,0.020319577974720192,0.014272286163431899,0.15827929753355105,-0.016443394953683202,0.057082550903123586,0.8005758858635502,0.3661897494599227,False
sp|O55023|IMPA1_MOUSE,0.020438723640035336,0.014370755799843987,0.15870262951950165,-0.01657789026334812,0.05745533754341879,0.7994158774269484,0.36645056553981126,False
sp|Q6GU68|ISLR_MOUSE,-0.020670200731345047,0.014537183339840165,0.15880662658529104,-0.05811550356916822,0.016775102106478125,0.7991313795576535,0.36645056553981126,False
sp|Q9QX15|CA3A1_MOUSE,0.020503008456924793,0.01442003054259109,0.158818963550458,-0.01664052877275149,0.057646545686601075,0.799097642503307,0.36645056553981126,False
tr|A0A668KLU9|A0A668KLU9_MOUSE,0.020389301051804445,0.014359969990632016,0.15939053994047012,-0.01659953044814833,0.05737813255175722,0.7975374581818837,0.36711973722574864,False
sp|E9Q7X6|HEG1_MOUSE,-0.020722446144676047,0.014607382878925827,0.1597515679424315,-0.05834857101237169,0.016903678723019594,0.7965548706005218,0.36711973722574864,False
sp|P03976|KV2A5_MOUSE / tr|A0A075B5K6|A0A075B5K6_MOUSE,-0.020370415106718588,0.01436319073345917,0.15986525443592925,-0.05736754269042474,0.016626712476987562,0.7962459167819597,0.36711973722574864,False
sp|Q8BTW3|EXOS6_MOUSE,0.020453772414318533,0.014425276078453474,0.15995997217594654,-0.016703276420344894,0.05761082124898196,0.7959886800813638,0.36711973722574864,False
sp|P60122|RUVB1_MOUSE,0.0206484586086989,0.014563641589924488,0.15999003694632724,-0.016864996165012094,0.05816191338240989,0.7959070613062915,0.36711973722574864,False
sp|Q5SX40|MYH1_MOUSE,0.019118910755126752,0.013486773707406436,0.16004952497062802,-0.01562071617074359,0.05385853768099709,0.7957456105104215,0.36711973722574864,False
sp|Q9D3H2|OBP1A_MOUSE,0.020529706585157282,0.014483985990452291,0.16010697666194784,-0.016778568961241472,0.05783798213155604,0.7955897432851313,0.36711973722574864,False
sp|P28474|ADHX_MOUSE,-0.02063347537751712,0.014588816620553167,0.16100389237500135,-0.058211776732839206,0.016944825977804966,0.7931636244864689,0.3684031195596988,False
sp|Q4FJU9|TMM40_MOUSE,-0.020502620863908593,0.01449721175357822,0.16103001998416458,-0.057844963718528916,0.016839721990711726,0.7930931531722729,0.3684031195596988,False
sp|B2RUP2|UN13D_MOUSE,0.02065587396844435,0.014607900332688831,0.16109588839775565,-0.016971583771817275,0.05828333170870598,0.7929155438076818,0.3684031195596988,False
sp|Q9QY73|TMM59_MOUSE,-0.020142022580802735,0.014259904733957916,0.16154340238193218,-0.05687310306034722,0.016589057898741752,0.7917107743695251,0.36894605891696036,False
sp|P40224|SDF1_MOUSE,0.020633933437402153,0.014610857712206347,0.1616198658090607,-0.017001142007682404,0.058269008882486706,0.7915052581592521,0.36894605891696036,False
sp|Q04592|PCSK5_MOUSE,0.015355875987254642,0.010889896144088767,0.1622457606002387,-0.012694637613293381,0.043406389587802664,0.789826642274754,0.37004679676316626,False
tr|A0A140T8M3|A0A140T8M3_MOUSE,-0.02055336760212088,0.014612277695715863,0.16328458323887426,-0.058192100682339806,0.017085365478098042,0.7870548178986938,0.37208655030097454,False
sp|Q7TMM9|TBB2A_MOUSE,0.02052280428449751,0.014613428907173157,0.16393691826216983,-0.017118894119927692,0.05816450268892272,0.78532323317714,0.37299635506470163,False
sp|Q91X79|CELA1_MOUSE,-0.020022055809466633,0.014264282732522166,0.16415362898113553,-0.056764413266003816,0.016720301647070546,0.7847495117828838,0.37299635506470163,False
sp|P01668|KV3AG_MOUSE / sp|P01665|KV3AD_MOUSE / sp|P01664|KV3AC_MOUSE / sp|P01666|KV3AE_MOUSE,-0.020453492246602117,0.014580018674356711,0.16439300938066195,-0.05800913159430033,0.017102147101096095,0.7841166542652724,0.37299635506470163,False
sp|Q99KH8|STK24_MOUSE,0.020403349863325215,0.014547682008923453,0.16449069739003785,-0.017068995753970955,0.05787569548062138,0.7838586581177325,0.37299635506470163,False
sp|Q7TT41|MOXD2_MOUSE,-0.018706575085075217,0.013344311118599825,0.1646920274575557,-0.053079242700038054,0.015666092529887616,0.7833274239935426,0.37299635506470163,False
sp|P70670|NACAM_MOUSE,0.020470065505754607,0.014606197051110107,0.16480355792931237,-0.01715300487190434,0.058093135883413555,0.7830334165928607,0.37299635506470163,False
sp|Q9CS84|NRX1A_MOUSE,-0.019089698224708632,0.013622199256724834,0.16483262849918234,-0.05417815824896251,0.015998761799545246,0.7829568158516022,0.37299635506470163,False
sp|P51437|CAMP_MOUSE,-0.02025921324497282,0.01445709976088334,0.16484266099558464,-0.057498234453385935,0.01697980796344029,0.7829303834317792,0.37299635506470163,False
sp|O70318|E41L2_MOUSE,0.020442262686378138,0.014613705406901031,0.1655861553054529,-0.01720014793414855,0.058084673306904824,0.7809759774895381,0.373664428040868,False
sp|P01725|LV1C_MOUSE,-0.020313914812470402,0.014523075020368351,0.16561848147047475,-0.05772287702757424,0.01709504740263344,0.7808912016526336,0.373664428040868,False
sp|Q9CQ75|NDUA2_MOUSE,0.02024708539503826,0.014475604615032776,0.1656273831787714,-0.017039601158950864,0.05753377194902738,0.7808678596990803,0.373664428040868,False
sp|Q9CWF2|TBB2B_MOUSE,0.020434610582231737,0.014614255150988607,0.16575848665954188,-0.017209216085225177,0.058078437249688655,0.7805242269349237,0.373664428040868,False
sp|Q9CZN7|GLYM_MOUSE,0.02043003835259425,0.014614651950782284,0.16586347233037366,-0.01721481040339886,0.05807488710858736,0.7802492469596335,0.373664428040868,False
sp|Q8VHL0|UT1_MOUSE,-0.020279882445570482,0.014514388632910975,0.16606972703423561,-0.05766647000931963,0.017106705118178668,0.7797095281761324,0.3738020516723398,False
sp|Q9WU78|PDC6I_MOUSE,-0.019852813783137073,0.014218192377204102,0.16634839532443435,-0.056476450351835,0.016770822785560857,0.7789813841856289,0.37410228642831306,False
sp|Q923X1|AGRL4_MOUSE,-0.017717930708629915,0.012720498764888772,0.16738049125647064,-0.050483764182988014,0.01504790276572818,0.7762951618349666,0.37609490836423376,False
sp|P39655|LOX12_MOUSE,0.02002255888568023,0.014393967147280712,0.16793165363558105,-0.0170538434866056,0.057098961257966055,0.7748674354665399,0.37700436626994,False
sp|Q91WI7|ITFG2_MOUSE,0.019061296628795563,0.0137293080655068,0.1687408285803812,-0.016303057403787118,0.05442565066137824,0.7727798226757496,0.3780431517189428,False
sp|Q9CQ19|MYL9_MOUSE,0.02011308699763484,0.014487867499731438,0.16876945477676494,-0.017205186654107137,0.05743136064937682,0.7727061526291159,0.3780431517189428,False
sp|Q78IK4|MIC27_MOUSE,0.020246392445852638,0.014586153365165241,0.16883480562205214,-0.017325048818198397,0.05781783370990368,0.7725380178323755,0.3780431517189428,False
sp|Q9CQX2|CYB5B_MOUSE,-0.019491096279347017,0.014051718710946839,0.16912588678253299,-0.055685925100230266,0.01670373254153623,0.7717899132398428,0.37836590657256514,False
tr|A0A075B5T6|A0A075B5T6_MOUSE,-0.02025500428572065,0.014616412401872614,0.16952903378888176,-0.057904387663219696,0.0173943790917784,0.7707559131865495,0.3789385954916411,False
sp|O08795|GLU2B_MOUSE,0.018302748572862796,0.013214749746588135,0.1697565320795595,-0.015736191063464324,0.05234168820918991,0.7701735054626142,0.3791180139677933,False
tr|A0A0B4J1J2|A0A0B4J1J2_MOUSE,0.020062027377473417,0.01449343592231856,0.17000331802359267,-0.01727058958034302,0.05739464433528985,0.769542602237757,0.3793401593680686,False
sp|Q80SW1|SAHH2_MOUSE,0.020166245124270482,0.014584068993690311,0.17044795575278407,-0.017399827154655947,0.05773231740319691,0.7684082030628953,0.3800030182367264,False
sp|P01865|GCAM_MOUSE / sp|P01863|GCAA_MOUSE,-0.020023089928542095,0.014486746292634392,0.1706290772025269,-0.057338475542188155,0.01729229568510397,0.7679469579717798,0.38007774549870826,False
sp|P41317|MBL2_MOUSE,-0.0181726909801248,0.013153527364488537,0.17080748875204746,-0.05205393221060671,0.01570855025035711,0.7674930923566547,0.3801463124775473,False
sp|Q9JJ28|FLII_MOUSE,0.020133625354790106,0.01458973636131039,0.1712970761177754,-0.017447045095726105,0.05771429580530632,0.7662500499752554,0.3809067107109427,False
sp|Q99KB8|GLO2_MOUSE,0.020160908900034653,0.014619514137329138,0.17158705916834102,-0.017496464018545165,0.05781828181861447,0.7655154690730142,0.38122232731533917,False
sp|Q91WM1|STRBP_MOUSE,-0.019485550730731827,0.014138004746488953,0.1718335265060906,-0.05590263765045152,0.016931536188987864,0.7648920968722975,0.3814408023734339,False
sp|Q3TJD7|PDLI7_MOUSE,-0.018713123708939162,0.013587591941574072,0.17214668243891432,-0.05371244119671056,0.016286193778832232,0.7641013424763342,0.38180681074953005,False
sp|E9PV24|FIBA_MOUSE,-0.01964395636918252,0.01429477298558102,0.17307737291083236,-0.056464851513021316,0.017176938774656276,0.7617597054480525,0.3835406499530063,False
sp|Q04857|CO6A1_MOUSE,-0.020073274208082175,0.014616662238418102,0.17335307306474282,-0.05772330112187618,0.017576752705711834,0.761068455113839,0.38380254047564294,False
sp|P16045|LEG1_MOUSE,-0.02004825915594142,0.0146041035785395,0.17351781086857734,-0.05766593710560682,0.017569418793723986,0.7606559400953746,0.38380254047564294,False
sp|P23953|EST1C_MOUSE,-0.01840704130369125,0.01341250000643248,0.1736427027783006,-0.05295535185410985,0.016141269246727347,0.7603434629130054,0.38380254047564294,False
sp|Q8VCM7|FIBG_MOUSE,-0.019797122888039875,0.014440261902084809,0.17408100768062834,-0.056992772646350706,0.01739852687027096,0.7592486080293074,0.3844413334284888,False
sp|Q6NVF9|CPSF6_MOUSE,0.019942663002988033,0.014569710962974759,0.1747626870208066,-0.017586425439680017,0.05747175144565608,0.757551286522907,0.38561604034153985,False
sp|Q9Z1Z2|STRAP_MOUSE,0.018964577564493056,0.013867057510037225,0.1751293824464429,-0.01675459552385868,0.054683750652844795,0.7566409837633087,0.38609431489690965,False
sp|O35685|NUDC_MOUSE,0.019926848037323017,0.014606719904633761,0.17618467699581805,-0.017697569121763623,0.05755126519640966,0.7540318654219146,0.38771138540691613,False
sp|Q9R098|HGFA_MOUSE,0.017690894032741572,0.012971134981144074,0.1762970342215861,-0.015720535551977548,0.05110232361746069,0.7537549936112485,0.38771138540691613,False
sp|Q9CX97|WDR55_MOUSE,0.019866118574553754,0.014571596275730384,0.1764604462393356,-0.017667826111956594,0.0574000632610641,0.753352626848854,0.38771138540691613,False
sp|Q2EG98|PK1L3_MOUSE,-0.01992244816025486,0.014617453028514407,0.17659334935623022,-0.05757451201435189,0.01772961569384217,0.7530256563206142,0.38771138540691613,False
tr|A0A075B5R4|A0A075B5R4_MOUSE,0.01913752013647303,0.014042271162473707,0.17661571071157772,-0.017032973412206425,0.05530801368515248,0.7529706667161777,0.38771138540691613,False
sp|A2ASQ1|AGRIN_MOUSE,0.019822439632053674,0.014556227014744912,0.1769508803652246,-0.017671916461636402,0.05731679572574375,0.7521472723211371,0.38782667167632096,False
sp|Q6P5F9|XPO1_MOUSE,0.01990422371846703,0.014616917464237166,0.17696945212414647,-0.01774646061347075,0.05755490805040481,0.7521016936318898,0.38782667167632096,False
sp|P01673|KV3AL_MOUSE,-0.01987351263890671,0.0146086790159928,0.17738946227826327,-0.057502976134440886,0.01775595085662746,0.751072182758694,0.3884165521824217,False
sp|P32261|ANT3_MOUSE,0.01667850169947417,0.012264765024700777,0.17755320156334287,-0.01491343945229174,0.04827044285124008,0.7506714922795301,0.3884447697753678,False
sp|O08914|FAAH1_MOUSE,-0.018282768992996065,0.013464559372205297,0.1781932841499926,-0.052965175583296456,0.016399637597304326,0.7491086679285555,0.3895037901814622,False
sp|P11688|ITA5_MOUSE,0.019315799648791657,0.01423020214945549,0.17833979364036656,-0.017338772043200345,0.055970371340783656,0.748751740222483,0.3895037901814622,False
sp|Q9JHR7|IDE_MOUSE,-0.01958742819443479,0.014441670525083597,0.1786776829134266,-0.05678670632514356,0.017611849936273974,0.7479296880808668,0.3899110453407402,False
sp|Q9CZU3|MTREX_MOUSE,0.01968580724325919,0.014531100655210556,0.17917780663100805,-0.017743827637250784,0.057115442123769164,0.7467157840409918,0.3906713396061352,False
sp|Q9CZ04|CSN7A_MOUSE,0.0197302067010302,0.014585222800326186,0.17980815659685154,-0.017838837586839545,0.057299250988899944,0.7451906113533087,0.39153036443581485,False
sp|P18533|HVM62_MOUSE,0.019685271597818032,0.014554294450264958,0.17987589170002677,-0.017804106539653582,0.05717464973528964,0.7450270401189034,0.39153036443581485,False
tr|A0A075B5R9|A0A075B5R9_MOUSE,0.018978731408755757,0.014078160078776254,0.1812947465803415,-0.017284205862208413,0.05524166867971993,0.7416147803734638,0.39405223352108093,False
sp|P09055|ITB1_MOUSE,-0.0187068952663042,0.013886875733915876,0.18161708822251119,-0.05447711671646685,0.017063326183858456,0.7408432914338885,0.39405223352108093,False
sp|Q9WV69|DEMA_MOUSE,-0.018490540510954535,0.013729359456780742,0.1817144253551509,-0.053855026918686585,0.016873945896777515,0.740610594962367,0.39405223352108093,False
sp|P20801|TNNC2_MOUSE,-0.018860750001119465,0.014004774964296095,0.18173085017293203,-0.054934659743761355,0.017213159741522422,0.740571341692542,0.39405223352108093,False
sp|Q8VDC1|FYCO1_MOUSE,-0.019495322204984834,0.014482424457981872,0.1819236008431652,-0.056799575510287845,0.017808931100318174,0.7401109565105609,0.39405223352108093,False
sp|Q62318|TIF1B_MOUSE,0.019622332632444287,0.014577756224263492,0.1819526623908991,-0.01792747903000599,0.05717214429489456,0.7400415852922734,0.39405223352108093,False
sp|P56400|GP1BB_MOUSE,0.019600588274009137,0.014597999825685002,0.18303298351319056,-0.018001367450192027,0.0572025439982103,0.7374706410509131,0.3958393553831455,False
sp|Q8R4Y4|STAB1_MOUSE,-0.019630345350368672,0.014621928229162303,0.18308530961604907,-0.05729393655743381,0.018033245856696467,0.7373465011851257,0.3958393553831455,False
sp|Q9R001|ATS5_MOUSE,-0.019531293619457865,0.014569724400064552,0.18372769353339258,-0.05706041667377556,0.01799782943485983,0.7358253769426579,0.3968949755440318,False
tr|G5E8J6|G5E8J6_MOUSE,-0.01903963535654678,0.014226440895970085,0.18444450085374353,-0.055684518701592994,0.017605247988499436,0.7341342885774673,0.3980522998104405,False
sp|Q3UH66|WNK2_MOUSE / sp|Q80XP9|WNK3_MOUSE,0.019558491905292207,0.014621731086007643,0.1846703232905482,-0.018104591494658165,0.05722157530524258,0.7336028905191117,0.3980522998104405,False
tr|A0A140T8P1|A0A140T8P1_MOUSE,-0.019231324314696284,0.014379025625221541,0.1847271837955248,-0.05626923987662248,0.017806591247229914,0.7334691906252526,0.3980522998104405,False
sp|Q9WUM4|COR1C_MOUSE,0.01952463166828166,0.014616811671958944,0.18527723183775266,-0.018125780160805786,0.057175043497369106,0.7321779465459749,0.3987936275740276,False
sp|Q03734|SPA3M_MOUSE,-0.01862988874244872,0.013950302814231798,0.18538096008004312,-0.05456348752472767,0.017303710039830233,0.731934872978993,0.3987936275740276,False
sp|Q3UMR5|MCU_MOUSE,-0.019480628816634787,0.01460818365163269,0.18600216786660867,-0.057108816338134256,0.01814755870486468,0.7304819940239168,0.39979597851128323,False
sp|Q9CZU6|CISY_MOUSE,0.019288967009837364,0.014487579223803372,0.18669806500913927,-0.018028564092321592,0.05660649811199632,0.7288601831768359,0.40095706205048676,False
sp|Q6PDG5|SMRC2_MOUSE / sp|P97496|SMRC1_MOUSE,0.019341795439624717,0.014545124817936413,0.18723421542908628,-0.018123963290192262,0.05680755416944169,0.7276147847953685,0.4017734206082476,False
sp|Q9CQ48|NUDC2_MOUSE,0.019399214192212126,0.014615906469162004,0.18805972751173836,-0.018248865988985306,0.05704729437340956,0.7257041974959904,0.4030600016037665,False
sp|Q5SX39|MYH4_MOUSE,0.017840256149949774,0.013446568900491932,0.18822958887083138,-0.01679581005612666,0.05247632235602621,0.7253121063430306,0.4030600016037665,False
tr|B1AUN2|B1AUN2_MOUSE,0.019331926139553847,0.014573330710566696,0.1883033716230412,-0.018206486155032967,0.05687033843414066,0.7251419037529973,0.4030600016037665,False
sp|P05366|SAA1_MOUSE,0.018749860657572028,0.014147174287390896,0.1886940611518115,-0.017690845434302976,0.05519056674944703,0.7242417683543318,0.4032244840822777,False
sp|Q9DA17|TSG13_MOUSE,0.019026301704913245,0.014359668812328707,0.18881332876477072,-0.017961754011140276,0.05601435742096676,0.723967351114909,0.4032244840822777,False
sp|O35963|RB33B_MOUSE,0.019369111382134863,0.014619621450511214,0.18884999137989394,-0.018288537956884,0.05702676072115373,0.7238830306599382,0.4032244840822777,False
sp|P05208|CEL2A_MOUSE,-0.018895786717721928,0.014267824378895297,0.18901762836096092,-0.05564726685076982,0.017855693415325967,0.7234976903089096,0.40324804724894314,False
sp|Q9Z204|HNRPC_MOUSE,0.01901564255624193,0.014372840412453645,0.18946008328448705,-0.018006340953388034,0.0560376260658719,0.7224822761198968,0.40385737951784284,False
tr|Q9EQI5|Q9EQI5_MOUSE,-0.019162061162730008,0.014512072326892516,0.19032372562163474,-0.05654268231756082,0.01821855999210081,0.7205070694939038,0.4052768577252125,False
sp|Q8R0Y6|AL1L1_MOUSE,0.019279438536948006,0.014606526574647918,0.19049077944585582,-0.018344480637095848,0.056903357710991864,0.7201260411573861,0.4052768577252125,False
sp|Q3UND0|SKAP2_MOUSE,0.01927507730687575,0.014606796255453918,0.1905981649340708,-0.018349536518890805,0.0568996911326423,0.7198812850347517,0.4052768577252125,False
sp|P70428|EXT2_MOUSE,-0.018971965395815853,0.0144155977721458,0.19177306582435769,-0.05610408456548325,0.018160153773851544,0.7172123887464515,0.4074386505756774,False
sp|Q9Z1Z0|USO1_MOUSE,0.019226484850061475,0.014614665082537554,0.1919438462896896,-0.018418397731091662,0.05687136743121461,0.7168258067832058,0.4074652961219709,False
tr|A0A075B5Q4|A0A075B5Q4_MOUSE,0.01920595012891907,0.014605331988771685,0.19213292434704296,-0.01841489199581918,0.05682679225365732,0.7163982070434193,0.4075307085614791,False
sp|Q80T21|ATL4_MOUSE,0.01920984480550093,0.014621469783447735,0.1925297251253958,-0.01845256552365854,0.056872255134660404,0.7155022092135537,0.4080362487225466,False
sp|Q6PHN9|RAB35_MOUSE,0.019197859919378422,0.014627109538755102,0.19297444151093546,-0.01847907745676661,0.05687479729552346,0.7145002072916956,0.4086424234298181,False
sp|Q9CZY3|UB2V1_MOUSE,0.019167140483637733,0.01461569279166316,0.19333609593931833,-0.018480389300796665,0.05681467026807213,0.7136870554189856,0.40907185459633916,False
sp|O35930|GP1BA_MOUSE,-0.01852641813882674,0.014166494003828098,0.19456436612880157,-0.05501688852243694,0.017964052244783462,0.7109366964967406,0.41062889899816984,False
tr|A0A494BBH0|A0A494BBH0_MOUSE,-0.01688775258412415,0.012919517186185442,0.19477137803956493,-0.050166223540004246,0.016390718371755944,0.7104748630260065,0.41062889899816984,False
sp|P97361|BPIA1_MOUSE,-0.019027889264333173,0.01456023368948324,0.19487648725551857,-0.05653256586822402,0.018476787339557675,0.710240557348194,0.41062889899816984,False
sp|Q9ESE1|LRBA_MOUSE,0.019086464894924233,0.014606180508209688,0.1949105108876608,-0.01853656287104705,0.05670949266089552,0.7101647401670075,0.41062889899816984,False
tr|A8R0W3|A8R0W3_MOUSE,-0.01820756851370862,0.013934034193430816,0.1949245067710154,-0.054099262105800086,0.01768412507838284,0.7101335560268581,0.41062889899816984,False
sp|P70336|ROCK2_MOUSE,0.018924962268840106,0.014486464694573462,0.19502879358243172,-0.018389697996268786,0.056239622533949,0.7099012657101864,0.41062889899816984,False
sp|Q9EQH2|ERAP1_MOUSE,0.014622489334344797,0.01120861638981318,0.19564313226835076,-0.014248993214774474,0.04349397188346407,0.7085353926920401,0.4115858379011464,False
sp|Q6PAR5|GAPD1_MOUSE,-0.019077903098122285,0.014636036730562938,0.19601219902144248,-0.05677783539652434,0.018622029200279774,0.7077168990372411,0.41202564284099136,False
sp|Q91YY2|B4GT3_MOUSE,-0.016846154060707736,0.012940060015414716,0.19656561386446533,-0.05017753983809439,0.016485231716678924,0.7064924530097431,0.4125357144687353,False
sp|P05977|MYL1_MOUSE,-0.01756997928416185,0.013496347041064827,0.19657527054490806,-0.05233426548340213,0.017194306915078426,0.7064711179454088,0.4125357144687353,False
sp|P01831|THY1_MOUSE,0.018952619417881594,0.014607182224814814,0.19805857341932048,-0.018672988599075027,0.056578227434838216,0.7032063534206928,0.41531011934425915,False
sp|Q9JJZ2|TBA8_MOUSE,0.01896851006308077,0.014636214663271392,0.19856835539359882,-0.018731880559605785,0.056668900685767326,0.7020899611425429,0.41602564585931756,False
sp|Q91YN9|BAG2_MOUSE,-0.018923542464103157,0.014606596146543365,0.1987229298667808,-0.05654764084347401,0.018700555915267692,0.7017520184459676,0.41602564585931756,False
sp|Q9Z0N1|IF2G_MOUSE,0.018908542210467578,0.014617053928387209,0.19939393281666534,-0.018742493629826763,0.05655957805076192,0.7002880605897128,0.41672264130227754,False
sp|Q9EQ21|HEPC_MOUSE,0.0157998404508703,0.012214489003532255,0.19941524441955957,-0.01566259825230389,0.04726227915404449,0.7002416448496818,0.41672264130227754,False
sp|Q6P4T2|U520_MOUSE,0.018930344270106057,0.014638756653624336,0.19954136571872164,-0.018776594085820948,0.05663728262603306,0.6999670596706961,0.41672264130227754,False
sp|P67984|RL22_MOUSE,0.018720868857949106,0.01450023065029243,0.20026243692346474,-0.018629250159292062,0.05607098787519027,0.6984005033610245,0.4176317559893452,False
sp|Q8BGC1|CE022_MOUSE,-0.018889581127230222,0.014632174756121948,0.20030105578518112,-0.05657956563869762,0.018800403384237177,0.6983167615378276,0.4176317559893452,False
sp|Q9CZ13|QCR1_MOUSE,0.01861049350771267,0.014426570575773795,0.20062807365989674,-0.018549889731081806,0.055770876746507145,0.6976082967267806,0.4178197221169686,False
sp|P62821|RAB1A_MOUSE,0.018835489436962786,0.01460608223189467,0.20078372036704872,-0.01878728518599643,0.056458264059922006,0.6972715028884527,0.4178197221169686,False
sp|Q8K297|GT251_MOUSE,0.017627302592359242,0.013672077147261232,0.20087798678866298,-0.01758963436393749,0.052844239548655976,0.6970676527988966,0.4178197221169686,False
sp|P54731|FAF1_MOUSE,-0.018865246753425283,0.014640322713103848,0.20112397816327957,-0.05657621901125071,0.018845725504400147,0.6965361493773213,0.4179937399277199,False
sp|P08905|LYZ2_MOUSE,0.01838472840483971,0.014301592747158502,0.20219209723517909,-0.01845373328071358,0.055223190090393004,0.6942358229993486,0.4198747180488598,False
tr|A0A0A6YY60|A0A0A6YY60_MOUSE / tr|A0A075B5X4|A0A075B5X4_MOUSE / tr|A0A075B5W4|A0A075B5W4_MOUSE / tr|A0A075B5Y0|A0A075B5Y0_MOUSE / tr|A0A075B5X1|A0A075B5X1_MOUSE,-0.018794370227298806,0.01464137536514933,0.2028373505882491,-0.056508053937109434,0.01891931348251182,0.6928520707351794,0.42087524396836534,False
sp|P05202|AATM_MOUSE,0.01861743366811059,0.014519072584004946,0.20331630281667312,-0.018781218954122804,0.056016086290343985,0.6918277962785825,0.42130527577685456,False
tr|A0A075B5M8|A0A075B5M8_MOUSE,-0.018733492640694207,0.014611395577938625,0.2033718282682059,-0.05636995353609334,0.018902968254704926,0.6917092071410467,0.42130527577685456,False
sp|Q8BM88|CATO_MOUSE,-0.01833097893795032,0.014305577508557408,0.20362619621423428,-0.05517970468868256,0.01851774681278192,0.6911663513871044,0.4214931312312325,False
sp|Q07079|IBP5_MOUSE,-0.017729314450277363,0.0138494294958611,0.20405950994684036,-0.053403080783150855,0.017944451882596132,0.6902431606496179,0.42205079366515175,False
tr|G3X9D6|G3X9D6_MOUSE,0.018408408393713622,0.014464206395289687,0.20668267640309299,-0.01884891829185296,0.0556657350792802,0.6846959232654857,0.42713313943656855,False
sp|Q9WTR5|CAD13_MOUSE,-0.01851694397470447,0.014560155144740433,0.20701228695286547,-0.05602141826074516,0.018987530311336216,0.6840038767775491,0.4271617617416007,False
sp|P03980|HVM48_MOUSE,0.018583951074573196,0.014614405128703456,0.20706034371066498,-0.019060261909876502,0.056228164059022895,0.6839030694153685,0.4271617617416007,False
sp|P53986|MOT1_MOUSE,-0.018315686907609877,0.014407728409077003,0.20719419045252788,-0.0554275359412844,0.018796162126064647,0.6836224260010387,0.4271617617416007,False
sp|Q9ER00|STX12_MOUSE,-0.017761018125753834,0.014010400412223291,0.20844914452269772,-0.05384941806201218,0.018327381810504514,0.6809998828827745,0.4294052377167573,False
sp|Q91YM2|RHG35_MOUSE,0.01850816396629621,0.014606183934973292,0.20864709539815116,-0.01911487262643318,0.0561312005590256,0.6805876567770289,0.4294694409674174,False
sp|P68134|ACTS_MOUSE,0.01847421999292375,0.01461409697778049,0.20971948390234896,-0.01916919924734866,0.05611763923319616,0.6783612197101633,0.43133200562983115,False
sp|Q18PI6|SLAF5_MOUSE,0.018341257782619212,0.014522934408271446,0.21015552397034937,-0.019067342239724984,0.05574985780496341,0.6774591900110961,0.43156185105462075,False
sp|Q02053|UBA1_MOUSE,0.018387768398895013,0.014560113956280004,0.21016643154271628,-0.019116599792702332,0.05589213659049236,0.6774366496777691,0.43156185105462075,False
sp|Q8CBR6|TSK_MOUSE,-0.018014778286663403,0.01429712738760084,0.21119060277267276,-0.05484173796821718,0.018812181394890375,0.6753254102611925,0.4332764145751977,False
sp|Q9CWI3|BCCIP_MOUSE,0.018238514170754803,0.01447940720660307,0.21133793270153334,-0.01905796721003051,0.055534995551540116,0.6750225451415874,0.4332764145751977,False
sp|P07214|SPRC_MOUSE,0.018400993871357414,0.014635349297806646,0.21217214200391024,-0.01929716771760677,0.0560991554603216,0.6733116391350052,0.43464062502789885,False
sp|P01627|KV2A2_MOUSE,-0.018371000881755497,0.014638919636838148,0.2130217501264637,-0.05607835905462062,0.01933635729110963,0.6715760515957327,0.43603418646712566,False
sp|Q9CVB6|ARPC2_MOUSE,0.018314452887121302,0.014603665797158945,0.2133263099176512,-0.01930209741243552,0.055931003186678124,0.6709555789274294,0.43604670930055434,False
sp|Q8C522|ENDD1_MOUSE,0.018356526148001918,0.014638513083308994,0.21336654513347514,-0.019349784812369358,0.05606283710837319,0.6708736748971394,0.43604670930055434,False
sp|Q8K479|C1QT5_MOUSE,0.016183929697364458,0.012911907755408366,0.2135753813489903,-0.017074940663736722,0.04944280005846564,0.6704488095108775,0.43612736476895325,False
tr|A0A075B5V0|A0A075B5V0_MOUSE,-0.018260388836810325,0.014589041832229348,0.21421311154582443,-0.055839270298967424,0.019318492625346774,0.6691539504148548,0.4370830128609334,False
sp|Q6P5G6|UBXN7_MOUSE,0.0183176520357021,0.01464872278315013,0.21464516174783704,-0.019414957368700404,0.05605026144010461,0.6682788963757738,0.43761780799737166,False
tr|A0A075B5U7|A0A075B5U7_MOUSE,-0.018255043273818213,0.014612409593761966,0.21507305262780216,-0.055894116100889374,0.019384029553252944,0.6674140007151909,0.4381432836365432,False
sp|Q8BND5|QSOX1_MOUSE,-0.0182685665948273,0.014649464735521908,0.21588789705737718,-0.056003087141890874,0.019465953952236277,0.6657717040693302,0.4393778196950087,False
sp|Q8CJH3|PLXB1_MOUSE,-0.017612611563928536,0.014129919569740046,0.21609599732988347,-0.054008872448454016,0.018783649320596944,0.6653532773261233,0.4393778196950087,False
sp|O70309|ITB5_MOUSE,-0.0180466573124141,0.01448115921351061,0.21619095050624312,-0.05534765156393187,0.019254336939103677,0.6651624890480973,0.4393778196950087,False
sp|O08759|UBE3A_MOUSE,0.01822690870312491,0.014649761327664587,0.21693625965789537,-0.01950837581467098,0.0559621932209208,0.6636678520742122,0.4402741020763645,False
sp|Q91W43|GCSP_MOUSE,0.01777126741768186,0.01428472350877829,0.2169739167125851,-0.019023741989323127,0.05456627682468685,0.6635924712604486,0.4402741020763645,False
sp|Q3THE2|ML12B_MOUSE,0.01794116261982229,0.014427375211092205,0.21716619163649242,-0.019221293222204016,0.055103618461848594,0.6632077846474629,0.440317278318085,False
sp|P01660|KV3A8_MOUSE,-0.01808729651676116,0.014550400774258817,0.2173388323401131,-0.05556664520947763,0.01939205217595531,0.6628626705302834,0.44032060839952103,False
sp|Q8R409|HEXI1_MOUSE,0.01796903021597938,0.01448909618115195,0.2184048651801624,-0.019352408309370277,0.055290468741329035,0.6607376915288199,0.44213249043940106,False
sp|Q60870|REEP5_MOUSE,0.01805612456360014,0.014569286773396237,0.2187170353904952,-0.019471871239121294,0.05558412036632157,0.6601173893996743,0.4424166269682051,False
sp|P61089|UBE2N_MOUSE,0.017952916477046214,0.014506460131139097,0.21936117137244424,-0.019413248619505698,0.055319081573598126,0.6588402434479318,0.44337128436738144,False
sp|P68033|ACTC_MOUSE,0.01804405643159201,0.014609464746475898,0.22028052466734135,-0.019587430971545212,0.05567554383472924,0.6570238977806415,0.44474065552010594,False
sp|P16858|G3P_MOUSE,0.018069819241061977,0.014634684498020805,0.22041679849365095,-0.019626629937132843,0.0557662684192568,0.6567553099332911,0.44474065552010594,False
sp|Q8BMF4|ODP2_MOUSE,0.017680002557616092,0.014323358038969324,0.220556822174437,-0.019214522804383807,0.05457452791961599,0.6564795042565122,0.44474065552010594,False
sp|Q8CG16|C1RA_MOUSE,0.016345901404535193,0.013274155219276766,0.22164800722139058,-0.017846056589134483,0.05053785939820487,0.6543361689739147,0.4465912508568707,False
sp|Q9DC70|NDUS7_MOUSE,0.017914318819269446,0.014553624665480883,0.22183028772284136,-0.019573334066928277,0.055401971705467165,0.6539791574975962,0.4466090624599816,False
tr|A0A0B4J1H6|A0A0B4J1H6_MOUSE / sp|P01630|KV2A6_MOUSE,-0.017873064631264,0.014595412653493322,0.22420258079128982,-0.055468356241520515,0.019722226978992514,0.6493593925574364,0.4510325355762276,False
sp|Q91YL3|UCKL1_MOUSE,0.01792135418690396,0.014650381297653434,0.22468988803351886,-0.01981552726775652,0.05565823564156444,0.6484164721739366,0.45150015312037595,False
sp|Q99KJ8|DCTN2_MOUSE,0.017808642893908228,0.014561351805265627,0.22478802925006727,-0.019698913785379652,0.05531619957319611,0.648226820189567,0.45150015312037595,False
sp|Q9CY45|EFMT1_MOUSE,-0.017672125518572737,0.014455168952964054,0.22496104716638538,-0.05490617329536782,0.01956192225822235,0.6478926750674343,0.45150015312037595,False
sp|B2RXS4|PLXB2_MOUSE,-0.015450913771363333,0.012677197120139424,0.22637447974960764,-0.048105209600284186,0.017203382057557524,0.6451725347657228,0.453895430647338,False
sp|P06330|HVM51_MOUSE,-0.01778480718805474,0.014596317791260412,0.22650704014828324,-0.05538243027869548,0.019812815902585993,0.6449182949754977,0.453895430647338,False
sp|Q8C156|CND2_MOUSE,-0.01761672418453716,0.014485208798969657,0.2273611373623764,-0.054928149476947574,0.019694701107873257,0.6432837668753999,0.45468035253430217,False
sp|Q8VIB3|SIA10_MOUSE,-0.017085240448279717,0.01404843924840062,0.2273689639873395,-0.05327162193343653,0.01910114103687709,0.6432688170842,0.45468035253430217,False
sp|Q9EST5|AN32B_MOUSE,0.017803640122894204,0.0146410382079254,0.22742846371424513,-0.01990917512745912,0.05551645537324753,0.643155182302456,0.45468035253430217,False
sp|P62500|T22D1_MOUSE,0.017667395372178887,0.014583708123299175,0.22916180845853354,-0.01989774736621927,0.055232538110577045,0.6398577591207022,0.4575056383911073,False
sp|P62827|RAN_MOUSE,-0.01769911322185314,0.014611003834311487,0.22919699942700136,-0.055334565052538004,0.01993633860883173,0.6397910723103454,0.4575056383911073,False
sp|Q80W04|TMCC2_MOUSE,-0.017706760356172174,0.014641695196382159,0.22996646091322434,-0.055421267896644505,0.02000774718430016,0.6383354983407933,0.45868600840554047,False
sp|Q8BJL1|FBX30_MOUSE,0.017646828082862023,0.014604980839327998,0.23037293859645397,-0.019973109540849247,0.055266765706573295,0.6375685378724484,0.45908418936339407,False
sp|Q99JI4|PSMD6_MOUSE,-0.017698671436088005,0.014653659534513008,0.23055500709235663,-0.05544399706931535,0.020046654197139337,0.6372254415253904,0.45908418936339407,False
sp|Q5FWK3|RHG01_MOUSE,0.017563236655343307,0.014551337196562542,0.23086679413810113,-0.019918524101383592,0.05504499741207021,0.6366385277135899,0.45908418936339407,False
sp|Q9R0N0|GALK1_MOUSE,0.017642958153595116,0.014628072375846549,0.23120468415749812,-0.02003645932654461,0.05532237563373484,0.6360033714489723,0.45908418936339407,False
sp|Q80VH0|BANK1_MOUSE,-0.017668645060504865,0.01465002863504334,0.23122548292394682,-0.055404618116479995,0.020067327995470268,0.6359643048389275,0.45908418936339407,False
sp|P67871|CSK2B_MOUSE,0.01767046162680459,0.014651861793786271,0.23123580334148428,-0.020070233333178648,0.05541115658678783,0.6359449211606768,0.45908418936339407,False
sp|Q9QWK4|CD5L_MOUSE,-0.017628849237247227,0.014658899505352842,0.23254916189649416,-0.05538767214091356,0.020129973666419106,0.6334852213400963,0.4611908723714118,False
sp|Q9CQ10|CHMP3_MOUSE,0.01758011714854634,0.014621722530440027,0.2326551235768792,-0.02008294421372226,0.05524317851081494,0.6332873789069235,0.4611908723714118,False
sp|P19783|COX41_MOUSE,0.017239957276404132,0.014358423311031886,0.23328853007782122,-0.019744890240911427,0.05422480479371969,0.6321066133123966,0.4620086069731539,False
sp|Q80YQ8|RMD5A_MOUSE,-0.017590070257321008,0.014659315942072239,0.2335826041636895,-0.05534996583089223,0.02016982531625022,0.6315595040126913,0.4620086069731539,False
sp|Q9Z0X1|AIFM1_MOUSE,0.017057968074408954,0.01422221298506552,0.23378941759212254,-0.019576024893836492,0.053691961042654404,0.6311751509387657,0.4620086069731539,False
sp|Q8K019|BCLF1_MOUSE,0.01699052725411776,0.014176222200550584,0.23412443262178484,-0.019525001303680907,0.05350605581191643,0.6305532620866542,0.4620086069731539,False
sp|Q9D7G0|PRPS1_MOUSE / tr|G3UXL2|G3UXL2_MOUSE,0.017458809385435963,0.014567987829952703,0.23415784749550791,-0.020065840560699964,0.05498345933157189,0.630491282823666,0.4620086069731539,False
sp|Q6ZWN5|RS9_MOUSE,0.017562594800257035,0.014658812626236832,0.23429151892625072,-0.020196004317636414,0.055321193918150484,0.6302434320611437,0.4620086069731539,False
sp|Q8CF98|COL10_MOUSE,-0.017558653111959123,0.014659920673875606,0.2344307011713057,-0.055320106371430255,0.02020280014751201,0.629985513489371,0.4620086069731539,False
sp|Q9CQK7|RWDD1_MOUSE,0.017553290499419595,0.014658328327561271,0.23452201514540322,-0.020204061147753673,0.05531064214659286,0.6298163827681167,0.4620086069731539,False
sp|Q9QZJ6|MFAP5_MOUSE,-0.017527159848186313,0.014641568627214732,0.23468243026053798,-0.05524134136808827,0.02018702167171564,0.6295194230836404,0.4620086069731539,False
sp|Q8R4V5|OIT3_MOUSE,-0.017520457395254225,0.014655160151335937,0.2352905970318628,-0.055269648361267465,0.02022873357075902,0.6283954282798752,0.4625454193644453,False
sp|Q03157|APLP1_MOUSE,-0.01735847637214183,0.014521902673185117,0.2353619981488111,-0.054764418821017166,0.02004746607673351,0.6282636575783098,0.4625454193644453,False
sp|Q9DBS1|TMM43_MOUSE,0.01751678253700646,0.014658506426312745,0.23549399797545156,-0.020241027862149777,0.0552745929361627,0.6280201572372467,0.4625454193644453,False
sp|P14685|PSMD3_MOUSE,-0.017497782627367793,0.014659454833451938,0.23602810534783195,-0.05525803596142486,0.020262470706689274,0.6270362797810621,0.4626861647278588,False
sp|Q61220|NELL2_MOUSE,-0.017455286248508565,0.014625397913973126,0.23607722011080584,-0.05512781477138351,0.020217242274366377,0.6269459174425489,0.4626861647278588,False
sp|Q05793|PGBM_MOUSE,0.01741879994140015,0.014595690341130714,0.23610470697180833,-0.02017720694480999,0.05501480682761029,0.6268953547615693,0.4626861647278588,False
sp|Q8K0R6|GLTD2_MOUSE,-0.01739621623515853,0.014585534713754908,0.23638411513173563,-0.05496606395877814,0.02017363148846108,0.6263817111343625,0.46288144217811344,False
sp|Q6ZWX6|IF2A_MOUSE,0.017469299947153027,0.014654677908506396,0.23663369914323787,-0.020278648843648463,0.055217248737954513,0.6259234071730543,0.4630180663327033,False
sp|P09470|ACE_MOUSE,-0.017250547542449653,0.014493809991033774,0.2373605593994151,-0.054584128037424275,0.02008303295252497,0.6245914431666406,0.4640876541028808,False
sp|O88393|TGBR3_MOUSE,-0.01651861000718473,0.013896411572283366,0.23794920493994212,-0.05231339414924828,0.019276174134878813,0.6235157419716443,0.46460241752520376,False
sp|Q9EPK7|XPO7_MOUSE,-0.017263396021054585,0.014524076292640097,0.2379846946468908,-0.05467493734261682,0.02014814530050765,0.6234509725407039,0.46460241752520376,False
sp|O54734|OST48_MOUSE,0.016952391310848577,0.014296991204229469,0.23911188553360346,-0.01987421758558657,0.053779000207283725,0.6213988358734891,0.4664493221583552,False
sp|P97372|PSME2_MOUSE,0.01735737476743024,0.01466278226914079,0.2398829877983723,-0.020411449472979848,0.055126199007840326,0.6200005505618502,0.4675605828994708,False
sp|Q8K0E8|FIBB_MOUSE,-0.01707478929471114,0.014429070298998424,0.24004469537596132,-0.054241611393838374,0.020092032804416095,0.6197078868387574,0.4675605828994708,False
sp|Q9D7S9|CHMP5_MOUSE,0.017023548551076226,0.014396807733231353,0.24040233652155943,-0.020060170685740515,0.05410726778789297,0.6190613156481298,0.4679032626931335,False
sp|Q9DCQ7|A1AT6_MOUSE,0.017314751976269985,0.014663314263270055,0.24104652170228813,-0.02045544259020758,0.05508494654274755,0.6178991309986537,0.46880271403579454,False
sp|P61965|WDR5_MOUSE,-0.017291698202366156,0.014661465100242837,0.24160946674198627,-0.055057129640531166,0.020473733235798857,0.6168860531913873,0.4692323077149797,False
sp|Q8BLK3|LSAMP_MOUSE,-0.017112132300100287,0.014518337346423427,0.2419029734095021,-0.054508891075826134,0.02028462647562556,0.6163587933685759,0.4692323077149797,False
sp|E9PZ36|PKHD1_MOUSE,-0.01717616887159124,0.014577017675418408,0.2420423445580003,-0.05472407815828424,0.020371740415101768,0.616108648899127,0.4692323077149797,False
sp|P80315|TCPD_MOUSE,0.01713810375971527,0.014548724581795323,0.24217113984736216,-0.02033692734733534,0.05461313486676588,0.6158776140907808,0.4692323077149797,False
sp|Q8VBT9|ASPC1_MOUSE,0.01708848066237329,0.01450682880956771,0.24217853862260505,-0.020278634086878626,0.05445559541162521,0.6158643457955638,0.4692323077149797,False
sp|Q920Q4|VPS16_MOUSE,0.017248217509079945,0.014662912030670402,0.24283143289807466,-0.02052094097488059,0.05501737599304048,0.6146950974541848,0.4701435636936408,False
tr|A0A075B5V4|A0A075B5V4_MOUSE,0.017123709968937143,0.014570417785319551,0.24325987313202066,-0.02040719912743903,0.05465461906531331,0.6139295240925413,0.47039677953893777,False
sp|Q91YI0|ARLY_MOUSE,-0.01722755807252387,0.014660904529420607,0.2433275768333457,-0.05499154557593827,0.02053642943089053,0.6138086687598289,0.47039677953893777,False
sp|Q60769|TNAP3_MOUSE,-0.0171742938479061,0.014622109945766815,0.24353653111814083,-0.05483835312592608,0.020489765430113882,0.6134358842520109,0.47044753760631103,False
sp|Q76LS9|MINY1_MOUSE,0.017105171452158504,0.014572174432232573,0.24382268209216906,-0.020430262466812215,0.05464060537112922,0.6129258957264065,0.470647231174914,False
sp|Q8JZR0|ACSL5_MOUSE,-0.017179323412013097,0.014644362727163381,0.24411074903002009,-0.05490070205643982,0.02054205523241363,0.6124130966924277,0.47085032116277287,False
sp|P27601|GNA13_MOUSE,0.01690838761246357,0.01442436424623315,0.2444662908345218,-0.02024631249804683,0.05406308772297397,0.6117810167605494,0.4708875055307338,False
sp|Q9R1T4|SEPT6_MOUSE,-0.01711902100518933,0.01461195727628652,0.2447194734343188,-0.054756928739652724,0.02051888672927406,0.6113314704987608,0.4708875055307338,False
sp|P62892|RL39_MOUSE,-0.017165789078850184,0.014653826433330366,0.24478176032366533,-0.05491154461494201,0.02057996645724164,0.6112209463545153,0.4708875055307338,False
sp|Q61768|KINH_MOUSE,-0.017166233956651674,0.014660739739153054,0.24499038686864674,-0.05492979698846598,0.020597329075162627,0.6108509564999944,0.4708875055307338,False
sp|Q9Z0Y1|DCTN3_MOUSE,0.01703343764897781,0.014549003549054567,0.24504437181016828,-0.02044231203011389,0.05450918732806952,0.6107552679314254,0.4708875055307338,False
sp|P84091|AP2M1_MOUSE,0.016727764489276247,0.014320111044239671,0.24609841880892774,-0.02015839716855054,0.05361392614710303,0.6088911766456881,0.47222242040374857,False
sp|Q8R411|MYCT1_MOUSE,0.017055058463483336,0.014600527765258296,0.24610582065313807,-0.020553408801548326,0.054663525728515,0.6088781146692199,0.47222242040374857,False
sp|Q9QXK3|COPG2_MOUSE,0.016798808826479786,0.014399884157288276,0.24671561740313386,-0.020292834753572922,0.053890452406532494,0.6078033582632992,0.47303999613780323,False
sp|P05064|ALDOA_MOUSE,0.015614011751047704,0.013404790797331223,0.2474335198327743,-0.018914441192660694,0.0501424646947561,0.6065414668236626,0.4740447542241347,False
sp|Q9JHH6|CBPB2_MOUSE,0.016433750142978636,0.01411378989063703,0.24760784249765483,-0.01992096344145645,0.05278846372741372,0.6062356039995902,0.4740447542241347,False
sp|P51175|PPOX_MOUSE,0.016769755906288535,0.014420449355393715,0.2481966291063268,-0.020374860113677444,0.05391437192625451,0.6052041211872596,0.47456884085222334,False
sp|P57784|RU2A_MOUSE,-0.016703875126294447,0.014365437494091858,0.24825018587493006,-0.053706789981876335,0.02029903972928744,0.6051104176586588,0.47456884085222334,False
sp|P57759|ERP29_MOUSE,-0.017029031810576703,0.014664691295041818,0.24887844888539498,-0.05480277337584389,0.020744709754690484,0.6040127085958049,0.47541691830852534,False
tr|A0A075B5Q0|A0A075B5Q0_MOUSE,0.016888517336130376,0.014573302521445975,0.24983378889282523,-0.020649822348093243,0.05442685702035399,0.6023488256202483,0.47688806997703853,False
sp|Q9CZC8|SCRN1_MOUSE,-0.016944903477172545,0.014657702921659967,0.2509812505740835,-0.05470064418549862,0.02081083723115353,0.6003587210542513,0.4785509612333509,False
tr|Q8R1E9|Q8R1E9_MOUSE,0.01673414416960082,0.014496896361958507,0.25167937641543303,-0.02060738629004335,0.05407567462924499,0.5991523707684359,0.4785509612333509,False
sp|P03977|KV3A4_MOUSE,0.016822461421834446,0.014575094682608801,0.25173387511383793,-0.020720494563629066,0.05436541740729796,0.5990583387420293,0.4785509612333509,False
sp|Q61508|ECM1_MOUSE,-0.016897374657145824,0.014640495305243452,0.25174978935492287,-0.05460879148286201,0.020814042168570364,0.599030884158785,0.4785509612333509,False
sp|Q99J45|NRBP_MOUSE,0.01692534956926656,0.01466543663224202,0.25177233501810475,-0.020850311857401934,0.05470101099593505,0.5989919922942836,0.4785509612333509,False
tr|A0A075B693|A0A075B693_MOUSE,-0.016759263290155486,0.014522998649511553,0.25182002037716134,-0.05416802878696845,0.020649502206657476,0.5989097452619532,0.4785509612333509,False
sp|P01644|KV5AB_MOUSE / sp|P01645|KV5AC_MOUSE,0.01689334441126636,0.014668564381303081,0.25276338000561505,-0.02089037356308776,0.05467706238562048,0.5972858457911452,0.4796742087531433,False
sp|Q8VCC2|EST1_MOUSE,-0.015259223073495424,0.013250220282820333,0.2527836509817536,-0.049389528756462034,0.01887108260947119,0.5972510178817922,0.4796742087531433,False
sp|Q9CRC6|BORC7_MOUSE,0.016708888945280904,0.014565235730699398,0.25460499221215355,-0.020808672062952085,0.05422644995351389,0.5941330850934592,0.4827745618161232,False
sp|Q80ZU7|BPIB3_MOUSE,0.016666440450450168,0.014547722518723426,0.2552369729432262,-0.02080600951317585,0.054138890414076185,0.5930564146602435,0.4836167809630666,False
sp|Q923T9|KCC2G_MOUSE / sp|P28652|KCC2B_MOUSE,0.015891853372673806,0.013880415964740331,0.25553641787033604,-0.019861728814752316,0.05164543556009993,0.5925471974742441,0.4838281441294965,False
sp|O09044|SNP23_MOUSE,0.01628426131188407,0.014243580510147524,0.2562132925793297,-0.02040477075361192,0.052973293377380055,0.59139834241296,0.48399336951091715,False
tr|Q0VGU8|Q0VGU8_MOUSE,-0.01677057977320126,0.014670839071768239,0.25627387630882414,-0.05456015696191204,0.02101899741550952,0.5912956620684268,0.48399336951091715,False
sp|Q9D1G1|RAB1B_MOUSE,0.016759800978040525,0.014665448330076549,0.25640383155331087,-0.021015890580252935,0.05453549253633398,0.5910754892545195,0.48399336951091715,False
sp|Q61735|CD47_MOUSE,-0.016533357345099527,0.014467347192655992,0.25640531403348105,-0.053798774188558746,0.020732059498359694,0.5910729782503263,0.48399336951091715,False
sp|P62855|RS26_MOUSE,0.016696103310663284,0.014614653826825844,0.25656347548831143,-0.020948750277697804,0.05434095689902437,0.5908051699521907,0.48399336951091715,False
sp|Q8R0Z5|MFRN2_MOUSE,-0.01662213887453334,0.014588393738834622,0.2578105190330426,-0.054199350958732864,0.02095507320966618,0.5886993667932972,0.4859898144290517,False
sp|Q4VC33|MAEA_MOUSE,0.016690601691929693,0.014672036849374813,0.2585696011084288,-0.021102060767439236,0.05448326415129862,0.5874225345480055,0.4870641718026366,False
sp|P01648|KV5AF_MOUSE,0.016672959257163958,0.01467227194191992,0.2590769759036124,-0.021120308760471704,0.05446622727479962,0.5865711809250724,0.4876631673624283,False
sp|Q640N3|RHG30_MOUSE,0.016663495806393,0.014672388746608768,0.25934911599460253,-0.021130073080182984,0.05445706469296899,0.5861152279839508,0.48781882665164467,False
sp|P48962|ADT1_MOUSE,0.015977142552944548,0.014081424586052636,0.2597984906451567,-0.020294203531523777,0.05224848863741287,0.5853633763822512,0.48820177068854625,False
sp|P22907|HEM3_MOUSE,-0.016158186902613194,0.014251179306386124,0.2601368124087597,-0.052866792170132265,0.020550418364905874,0.5847981856944293,0.48820177068854625,False
sp|O08756|HCD2_MOUSE,-0.016616100392451157,0.014661955546681716,0.2603596587262249,-0.05438279513692526,0.021150594352022947,0.5844263063935378,0.48820177068854625,False
sp|P08071|TRFL_MOUSE,0.015764146200619354,0.013910998397179936,0.2603869490202104,-0.02006821111245851,0.05159650351369722,0.5843807870414308,0.48820177068854625,False
sp|Q8BWT5|DIP2A_MOUSE / sp|Q3UH60|DIP2B_MOUSE,0.0165097648599718,0.014572469060440558,0.26050067298099516,-0.0210264279709707,0.0540459576909143,0.5841911504007136,0.48820177068854625,False
sp|Q9CQ22|LTOR1_MOUSE,0.016560428228730568,0.014646061847295385,0.26143448330216673,-0.021165327059122423,0.054286183516583555,0.5826371293792634,0.48923683777748844,False
tr|A0A1L1SQU7|A0A1L1SQU7_MOUSE,-0.016368075782310646,0.014478451260505521,0.26151642171937073,-0.05366209480912529,0.020925943244503992,0.5825010347577718,0.48923683777748844,False
sp|P13609|SRGN_MOUSE,0.01654455771833818,0.014637853304955404,0.26162296140567054,-0.021160053765616072,0.05424916920229243,0.5823241427095112,0.48923683777748844,False
sp|Q08189|TGM3_MOUSE,-0.016208650149609215,0.01440806003591927,0.263844040060694,-0.05332135339742189,0.02090405309820346,0.5786527115986142,0.492869276016348,False
sp|P08730|K1C13_MOUSE,0.016480904612920302,0.014653291422121273,0.2639482452918617,-0.02126347282562141,0.054225282051462015,0.5784812208105691,0.492869276016348,False
sp|O70423|AOC3_MOUSE,0.016371239474279722,0.014569286664611405,0.26438768617280145,-0.021156756048230557,0.05389923499679,0.5777587759327618,0.4933320955760607,False
sp|Q91VI7|RINI_MOUSE,-0.015888478590502717,0.014167087600099156,0.26530660307403414,-0.052380477976782386,0.020603520795776955,0.5762519409602631,0.4946882714812729,False
sp|B2RU80|PTPRB_MOUSE,-0.01598401946087534,0.014265545512449868,0.26574804002765806,-0.05272962962295422,0.020761590701203543,0.5755299298462901,0.4951528242194063,False
tr|Q91XX1|Q91XX1_MOUSE,-0.01636625179627522,0.01461693574634373,0.2660809742572244,-0.05401698321979881,0.02128447962724837,0.574986177949564,0.4954146845353238,False
sp|P35991|BTK_MOUSE,-0.016151929977417167,0.014467698714667585,0.2674668941095473,-0.053418252281574694,0.021114392326740356,0.5727299654009224,0.4976352979278066,False
tr|O35176|O35176_MOUSE,0.015467050046754995,0.01387274582818856,0.2681010963542193,-0.020266775178178858,0.051200875271688845,0.5717014100394475,0.498455106940155,False
tr|E9PZP8|E9PZP8_MOUSE,0.01585152018012369,0.014254243188091858,0.26932468139965166,-0.020864977123675615,0.052568017483922994,0.5697238452349607,0.5003687262655866,False
sp|O35601|FYB1_MOUSE,0.016297784087073084,0.014668210750536825,0.2697355164425589,-0.021485022994790676,0.05408059116893685,0.5690618656365161,0.5005185040695314,False
sp|P61027|RAB10_MOUSE,0.016290386469512082,0.014663358077666772,0.2697940519023338,-0.021479920955372465,0.05406069389439663,0.5689676293656342,0.5005185040695314,False
sp|Q6IMP4|PANX2_MOUSE,-0.015545782992607983,0.014011147244078086,0.2704061398801752,-0.051636106640242735,0.02054454065502677,0.5679834514663253,0.5009311261517421,False
sp|Q9JIF0|ANM1_MOUSE,-0.013578388532787011,0.01225239241762016,0.27096640740667255,-0.04513845996067338,0.017981682895099355,0.5670845466983081,0.5009311261517421,False
sp|Q9DCL8|IPP2_MOUSE,0.016261813307657132,0.014675281367036075,0.2710154783877632,-0.021539206475379557,0.05406283309069382,0.5670059047476228,0.5009311261517421,False
tr|A2AJD1|A2AJD1_MOUSE,0.01622752815979163,0.014653848876972657,0.2713242520225844,-0.021518285187291687,0.053973341506874946,0.5665113855644249,0.5009311261517421,False
sp|P97310|MCM2_MOUSE,0.016247239975476432,0.014672421275255046,0.2713492912753765,-0.021546412699339844,0.05404089265029271,0.5664713083966301,0.5009311261517421,False
sp|Q8CIE0|SPA11_MOUSE,-0.015709443663853004,0.014190111515315296,0.27146192665717506,-0.05226074872562883,0.020841861397922823,0.5662910728971848,0.5009311261517421,False
sp|O35855|BCAT2_MOUSE,-0.016219654556807468,0.014653297336471601,0.27153725918281435,-0.05396404722970607,0.02152473811609113,0.566170569952591,0.5009311261517421,False
sp|Q9Z319|CORIN_MOUSE,-0.015143213723652455,0.01368183074876643,0.27157275810012893,-0.05038527429252142,0.02009884684521651,0.5661137969841883,0.5009311261517421,False
sp|O70325|GPX4_MOUSE,0.015717294674163457,0.014207280930235818,0.27179958115353503,-0.020878235869689444,0.05231282521801636,0.565751216856095,0.5009906381319632,False
sp|Q8K2V1|PP4R1_MOUSE,0.016004665877224915,0.014484419927111592,0.2723709034028103,-0.02130472741593675,0.05331405917038658,0.564839288706894,0.5014587287459981,False
sp|P62897|CYC_MOUSE,0.01507956186692521,0.0136492569299989,0.27244301418083544,-0.020078594105033855,0.050237717838884276,0.5647243235338169,0.5014587287459981,False
sp|O08742|GPV_MOUSE,0.016150251547772634,0.014628831283461553,0.27278288793488686,-0.021531120748840508,0.05383162384438578,0.5641828770820821,0.5014988944725249,False
sp|P48722|HS74L_MOUSE,-0.016202782364256492,0.014678616526527282,0.27285434996349806,-0.05401239294884264,0.02160682822032966,0.564069118112887,0.5014988944725249,False
sp|P63073|IF4E_MOUSE,0.016011230291708936,0.014520839787819213,0.2733713164930923,-0.021391974345894592,0.053414434929312464,0.5632470557604398,0.5020906847144884,False
sp|Q9DAU7|WFDC2_MOUSE,0.0161164033635944,0.014634454277006539,0.27396503775946324,-0.02157945280456558,0.05381225953175438,0.5623048564385589,0.5025816942373437,False
sp|P61924|COPZ1_MOUSE,0.015888968276120238,0.01443035990081121,0.27404517538893114,-0.02128117561714628,0.05305911216938676,0.5621778393513449,0.5025816942373437,False
tr|A0A075B5W6|A0A075B5W6_MOUSE,-0.016087328266619363,0.014616001642527049,0.2742241865644535,-0.0537356535981594,0.02156099706492067,0.5618942430978027,0.5025816942373437,False
sp|P63168|DYL1_MOUSE / tr|Q80ZS7|Q80ZS7_MOUSE / sp|Q9D0M5|DYL2_MOUSE,0.01585373851921083,0.014415825157997058,0.27462258960582037,-0.021278966357595453,0.052986443396017116,0.5612637419075204,0.5029538892140736,False
tr|E9Q616|E9Q616_MOUSE,-0.015972146746438046,0.014574535300737601,0.2762948186991098,-0.05351366185968584,0.02156936836680975,0.5586272592437652,0.5056568288203325,False
sp|P59862|CAD26_MOUSE,-0.015222527316276227,0.013909981105700091,0.2769628409293273,-0.051052264260150054,0.0206072096275976,0.5575784946968642,0.5064843067428055,False
sp|P62331|ARF6_MOUSE,0.015927031033282656,0.014559156864845886,0.2771403449322769,-0.021574871854152515,0.053428933920717826,0.5573002468412275,0.5064843067428055,False
sp|Q6P9S7|GLT10_MOUSE,-0.01597105644204661,0.014617300809306387,0.27772487125309586,-0.05362272820544706,0.021680615321353843,0.5563852258878086,0.5071925840260438,False
sp|P47931|FST_MOUSE,-0.01546411431085148,0.01418698678869632,0.2788583832160416,-0.052007370610236574,0.02107914198853362,0.5546162949423998,0.5078511448296,False
sp|Q9Z1G4|VPP1_MOUSE,0.015923139462778735,0.01461137034795721,0.2789651450483703,-0.02171325644449494,0.05355953537005241,0.5544500557184338,0.5078511448296,False
sp|Q9D5V6|SYAP1_MOUSE,0.015139234347929891,0.013892439765821147,0.2789787310527444,-0.020645319098660245,0.05092378779452003,0.5544289054666444,0.5078511448296,False
sp|P08607|C4BPA_MOUSE,0.011335355758390123,0.010403730803656358,0.2790659369400275,-0.015462878911902275,0.03813359042868252,0.5542931706836886,0.5078511448296,False
sp|Q61851|FGFR3_MOUSE,-0.015872914188691658,0.01457015646406123,0.2791248475024027,-0.05340315016611301,0.02165732178872969,0.5542015011937098,0.5078511448296,False
sp|P00405|COX2_MOUSE,0.015423524838618937,0.014169845064491508,0.2795358811691451,-0.021075577305246042,0.05192262698248392,0.5535624382476609,0.5078511448296,False
sp|Q01102|LYAM3_MOUSE,0.014941906995585286,0.013728261178068281,0.27956670679136314,-0.020419750433655744,0.050303564424826315,0.5535145493702622,0.5078511448296,False
sp|Q61398|PCOC1_MOUSE,0.01576650863049362,0.014488815162814899,0.2796632712110186,-0.02155420603958863,0.05308722330057587,0.5533645667274462,0.5078511448296,False
sp|P60710|ACTB_MOUSE / sp|P63260|ACTG_MOUSE,0.015734567124095215,0.014541009671362258,0.28234981985476604,-0.021720591690587657,0.05318972593877809,0.5492124850161971,0.5118372663420538,False
sp|Q4LDD4|ARAP1_MOUSE,0.01586491498466663,0.01466667061070705,0.28251932790490125,-0.02191392495989204,0.053643754929225296,0.5489518355779561,0.5118372663420538,False
sp|Q8CG14|CS1A_MOUSE,-0.014617452235414812,0.013519639973611046,0.2827390657074843,-0.04944173705287323,0.020206832582043605,0.548614181432479,0.5118372663420538,False
sp|P63044|VAMP2_MOUSE / sp|P63024|VAMP3_MOUSE,0.015825704242674207,0.014640106126520743,0.2828356334278394,-0.021884710125083712,0.05353611861043213,0.5484658762535102,0.5118372663420538,False
sp|Q9QWR8|NAGAB_MOUSE,0.01554213263654701,0.01437827703656634,0.28285220582708454,-0.021493854688784814,0.05257811996187883,0.5484404300584653,0.5118372663420538,False
sp|P35279|RAB6A_MOUSE,0.015735510921254605,0.014566432416043421,0.2831561339908391,-0.021785132544154647,0.053256154386663854,0.5479740258456149,0.5118632459531658,False
sp|P63330|PP2AA_MOUSE,0.015853173939742386,0.014683164439875628,0.2834105262006452,-0.021968151293316432,0.053674499172801204,0.547584023580585,0.5118632459531658,False
sp|P41241|CSK_MOUSE,0.01507242389997246,0.013964240184257347,0.2835544959318348,-0.020897075168432713,0.05104192296837763,0.5473634623158867,0.5118632459531658,False
sp|Q9D8U8|SNX5_MOUSE,0.01584503016439406,0.01468333286902763,0.28366169008744374,-0.021976728913410053,0.05366678924219817,0.5471993138590023,0.5118632459531658,False
sp|Q9QY76|VAPB_MOUSE,-0.01481401772178064,0.013762007098158077,0.28484806601519636,-0.050262598880864186,0.020634563437302904,0.5453867248531837,0.5136440966310438,False
sp|Q99N57|RAF1_MOUSE / sp|P04627|ARAF_MOUSE,-0.01575959477728125,0.014651538688234437,0.28521075478235686,-0.05349945747251593,0.02198026791795343,0.5448341020509999,0.513938204033988,False
sp|B1AVZ0|UPP_MOUSE,0.015782864803028568,0.014681556607247117,0.285484037208152,-0.022034318927630532,0.05360004853368767,0.5444181702420491,0.5140709061615325,False
sp|Q3UPI1|GAK1B_MOUSE,-0.015660353851836055,0.014585052656704752,0.2860571260867695,-0.053228959878779895,0.021908252175107785,0.5435472288750198,0.5144217651270452,False
sp|P17751|TPIS_MOUSE,0.01575390558290787,0.01467283409832824,0.28607843404346744,-0.022040810453677517,0.05354862161949325,0.5435148801497746,0.5144217651270452,False
sp|Q3UE37|UBE2Z_MOUSE,-0.015731212152543413,0.014672202647785933,0.28674772737654436,-0.05352430168031819,0.022061877375231357,0.5425000154205479,0.515265455683602,False
sp|Q9CX56|PSMD8_MOUSE,-0.015704170147209935,0.014662923040224275,0.2872684324060327,-0.05347335698990195,0.02206501669548208,0.541712095501638,0.5158411530303586,False
sp|Q6URW6|MYH14_MOUSE,0.01572024722226019,0.014685038889271682,0.28750009862309994,-0.022105906272481005,0.05354640071700138,0.5413620019953568,0.5158973895153187,False
sp|O55142|RL35A_MOUSE,0.014851373210886457,0.01391949544535247,0.28908910905002994,-0.02100287104786789,0.0507056174696408,0.5389682693413405,0.5182619408393588,False
sp|Q8VEG4|EXD2_MOUSE,0.015497642417879275,0.014529193886908764,0.28922035300433346,-0.021927080952963866,0.05292236578872242,0.5387711481463552,0.5182619408393588,False
sp|Q9D0T1|NH2L1_MOUSE,0.01516273536405886,0.014227450130063943,0.28963245466177945,-0.02148474759574046,0.05181021832385818,0.5381527750343005,0.5186394789666774,False
sp|A6H6E2|MMRN2_MOUSE,0.01563863587441703,0.014685429623634182,0.2900055949918988,-0.022188524085344996,0.053465795834179056,0.5375936233056358,0.5189467735261567,False
sp|O09114|PTGDS_MOUSE,-0.015577829650107487,0.014640192424642968,0.2903939700692666,-0.053288466307097465,0.022132807006882495,0.5370124058535983,0.5189929554759415,False
sp|P06336|IGHE_MOUSE,0.015462749066296255,0.014534610978518004,0.2904787776326084,-0.02197592780785398,0.052901425940446486,0.5368855916513815,0.5189929554759415,False
sp|P97449|AMPN_MOUSE,0.015315179506312362,0.014400625199054806,0.2906360550665273,-0.021778372870837722,0.05240873188346244,0.53665050997904,0.5189929554759415,False
sp|Q921I2|KLDC4_MOUSE,0.01548983785095638,0.014581734930436557,0.29119114820506425,-0.02207022227944469,0.05304989798135745,0.5358218310902001,0.5196238438170759,False
tr|Q8C084|Q8C084_MOUSE,-0.015540588781614698,0.014686760752402774,0.2930633645697294,-0.05337117750186566,0.022289999938636264,0.5330384686978513,0.52198284402845,False
tr|A0A140T8M6|A0A140T8M6_MOUSE,-0.015171858169062342,0.014339731175630381,0.29311159283958044,-0.0521085579362648,0.021764841598140114,0.5329670044660532,0.52198284402845,False
sp|P04441|HG2A_MOUSE,0.015537906884907752,0.014685998789035318,0.2931212397922869,-0.02229071914777309,0.0533665329175886,0.5329527111065047,0.52198284402845,False
sp|Q01339|APOH_MOUSE,0.014739912050341026,0.013946350652282509,0.29362329008340965,-0.021183506637376587,0.050663330738058635,0.5322094993229014,0.5225155300378576,False
sp|Q05020|APOC2_MOUSE,-0.015486029887715518,0.014688035289246526,0.2947915785291103,-0.05331990159731707,0.02234784182188603,0.5304849273617577,0.5242322615417534,False
tr|A0A140T8M4|A0A140T8M4_MOUSE,0.015327145310773544,0.01459284926528785,0.2966200800459608,-0.022261543449026942,0.052915834070574035,0.5277994522355767,0.5267557591392992,False
sp|Q8BMS1|ECHA_MOUSE,0.015170643527667275,0.014448230890536276,0.29676576324549025,-0.022045532984616492,0.05238682003995104,0.527586203430779,0.5267557591392992,False
sp|Q8VBT6|APOBR_MOUSE,-0.015344727273081837,0.014615808093569547,0.2968243132082031,-0.05299255405554547,0.022303099509381794,0.5275005283940392,0.5267557591392992,False
sp|Q91YW3|DNJC3_MOUSE,-0.01485227557056121,0.01423076019044002,0.29966647878774455,-0.05150828468087374,0.021803733539751326,0.5233618352716553,0.5313473026799947,False
sp|Q8CG48|SMC2_MOUSE,0.015196852759389161,0.014567223069174007,0.2998743470160214,-0.022325827293522803,0.05271953281230112,0.523060684710307,0.5313473026799947,False
sp|Q8BFZ3|ACTBL_MOUSE,0.01518710516145274,0.014563128922868745,0.30004746729781123,-0.02232502906943311,0.05269923939233859,0.5228100347643309,0.5313473026799947,False
sp|O35343|IMA3_MOUSE,-0.01531182687367739,0.01468852339849663,0.30023701957257953,-0.05314695586938869,0.022523302122033913,0.522535759778051,0.5313473026799947,False
sp|Q9ES46|PARVB_MOUSE,0.015282325065386964,0.014682919807785275,0.30097994604905415,-0.022538370037164933,0.053103020167938865,0.5214624399888003,0.5322962644754907,False
sp|Q8CH77|NAV1_MOUSE,-0.015256190464492305,0.014675872317286473,0.3015714109744486,-0.053058732434500905,0.022546351505516298,0.5206098320480976,0.5329762410838745,False
tr|A0A075B5Y3|A0A075B5Y3_MOUSE,-0.0152057389861794,0.014652857621354388,0.30240864553241265,-0.05294899902799387,0.02253752105563507,0.5194057969891249,0.5340893431042267,False
sp|P62743|AP2S1_MOUSE,0.015193333372773137,0.01466783405293656,0.3032915091443431,-0.022588503400373293,0.05297517014591956,0.5181397478936736,0.5352814503404273,False
tr|A2AS37|A2AS37_MOUSE,-0.01480032152536493,0.01431593026841447,0.30421584806952284,-0.0516757142183096,0.022075071167579736,0.5168181652012905,0.5365232456107263,False
sp|Q9JHI7|EXOS9_MOUSE,0.01516269273230819,0.014672424742690187,0.304411829839717,-0.022630968874029128,0.05295635433864551,0.5165384743249798,0.5365232456107263,False
sp|O88783|FA5_MOUSE,-0.015154933046354372,0.014678877811102636,0.30486910621233376,-0.05296521665540629,0.02265535056269754,0.515886582460755,0.536709156595344,False
sp|Q9ER39|TOR1A_MOUSE,-0.01515348379012456,0.014679461566771489,0.3049341732423255,-0.052965271054134413,0.022658303473885297,0.5157939025649967,0.536709156595344,False
tr|A0A0A6YXA5|A0A0A6YXA5_MOUSE,-0.0151123891200032,0.014648594123202949,0.3052276041910845,-0.05284466711834356,0.022619888878337165,0.515376192192427,0.5368586617431985,False
sp|Q8CG47|SMC4_MOUSE,0.015047300753386315,0.014594366535364474,0.3055195508876108,-0.02254529623513894,0.052639897741911565,0.5149609930452379,0.5370053539492134,False
sp|Q8JZL1|I17RD_MOUSE,0.015124878157981698,0.014685662306166558,0.30604520635312704,-0.022702881152265646,0.05295263746822904,0.5142144185522771,0.5375623508590055,False
tr|Q3TUY3|Q3TUY3_MOUSE,0.009642451677245228,0.009384297914473838,0.3071659646075372,-0.014529897884089316,0.03381480123857977,0.5126269077877527,0.5391631621434275,False
sp|Q7TQI3|OTUB1_MOUSE,0.01489818834368203,0.01452455697948763,0.3080017822649142,-0.02251459114514791,0.052310967832511976,0.5114467704294972,0.5402619818338925,False
sp|P14733|LMNB1_MOUSE,0.015055822243943955,0.014693269625592616,0.3084938597332592,-0.022791532222602485,0.0529031767104904,0.5107534757490592,0.540468081945795,False
sp|P59511|ATS20_MOUSE,-0.015004064163646967,0.014644134687351542,0.30853906037293927,-0.052724855416443984,0.022716727089150048,0.5106898474148586,0.540468081945795,False
sp|Q61093|CY24B_MOUSE,0.015000772731789076,0.014658067331635383,0.3091017319479788,-0.02275590663443018,0.052757452098008334,0.509898561506275,0.5410856286648847,False
tr|A6ZI46|A6ZI46_MOUSE,0.013817297685557986,0.01351032623177836,0.3094113111461378,-0.020982996522762108,0.04861759189387808,0.5094638138475115,0.5412595966041472,False
sp|Q9Z0F8|ADA17_MOUSE,0.014938927370898046,0.014614360050200595,0.3096522859635132,-0.02270516949902303,0.05258302424081912,0.5091257095259583,0.5413133987481645,False
sp|P97461|RS5_MOUSE,0.0150063300109137,0.014689599905966707,0.30995683989407047,-0.022831571884284516,0.05284423190611191,0.5086987755231653,0.5414781972369278,False
sp|Q6ZQ03|FNBP4_MOUSE,-0.014947860709067989,0.014640057163537818,0.3102095522497643,-0.052658148956539697,0.022762427538403723,0.5083448331326983,0.5415234870930756,False
sp|Q8K021|SCAM1_MOUSE,-0.014602760034095497,0.014307828717676895,0.3104033658055843,-0.05145728451524613,0.022251764447055136,0.5080735781906943,0.5415234870930756,False
sp|Q61189|ICLN_MOUSE,-0.014966591561437705,0.014694395619277122,0.31138883357018793,-0.052816846395512304,0.022883663272636898,0.506696965325384,0.5428749129608896,False
tr|A0A075B5T2|A0A075B5T2_MOUSE,0.014895579311660093,0.01464584389289411,0.3120844141479727,-0.022829614562859257,0.05262077318617944,0.5057279199554633,0.5437194630791812,False
sp|Q61599|GDIR2_MOUSE,0.0148653762790034,0.014661293092009793,0.3135675955599704,-0.02289961209531449,0.052630364653321285,0.5036688241656371,0.5455166220520384,False
sp|P06728|APOA4_MOUSE,-0.013792353610345823,0.013604381173630904,0.313616366162758,-0.04883491729403328,0.021250210073341637,0.5036012816103259,0.5455166220520384,False
sp|P97390|VPS45_MOUSE,-0.014508912516568533,0.014315195933798524,0.31375150184818207,-0.051382413688890835,0.022364588655753772,0.5034141866493371,0.5455166220520384,False
sp|Q99L45|IF2B_MOUSE,0.014858033052567266,0.01467809165398436,0.3143559961537004,-0.022950225549942197,0.05266629165507673,0.5025782513257906,0.546198846218474,False
sp|Q6P542|ABCF1_MOUSE,0.014752669997682167,0.014589578688666937,0.314869701775653,-0.022827594315018664,0.052332934310383,0.5018691271840465,0.5465781728283426,False
sp|O08638|MYH11_MOUSE,0.014855683071767201,0.014695397906161117,0.3149988382435963,-0.022997153482233756,0.052708519625768155,0.5016910479415927,0.5465781728283426,False
sp|Q9EQG9|CERT_MOUSE,0.014786236456102001,0.014654878534018877,0.31592456865972085,-0.022962229111773574,0.05253470202397757,0.5004165987911381,0.5478153294941287,False
sp|Q8VC57|KCTD5_MOUSE,0.014685721748212957,0.014566056612565388,0.3162813370776904,-0.022833953711585205,0.052205397208011116,0.49992643389301517,0.5480649010599278,False
sp|P36552|HEM6_MOUSE,0.014339135029634013,0.014233897775677828,0.3166736273357113,-0.02232495596467645,0.05100322602394448,0.4993881032826059,0.5483756492195405,False
tr|O88325|O88325_MOUSE,0.01464396947312368,0.01455068770791008,0.31714304061928783,-0.022836118311699884,0.05212405725794724,0.4987448143116144,0.5488194419318994,False
tr|A0A140T8N9|A0A140T8N9_MOUSE,0.014422782464387362,0.014337826932449872,0.3173751657450131,-0.02250901229742966,0.05135457722620439,0.49842705931357134,0.5488522846161241,False
sp|Q922F4|TBB6_MOUSE,0.014768388484811547,0.014696569026640828,0.3178720043245611,-0.02308746467563904,0.05262424164526213,0.49774771965600856,0.5493425578092247,False
sp|Q8R5H1|UBP15_MOUSE,-0.01473375461587039,0.014675126735669616,0.3182990756127858,-0.05253437609490211,0.023066866863161326,0.4971646226320576,0.5497116832346904,False
sp|O55201|SPT5H_MOUSE,0.01458749363564336,0.01455948789334225,0.3192926085058915,-0.022915261924693054,0.05209024919597978,0.49581113508492136,0.5510579536881169,False
sp|Q9R0Q3|TMED2_MOUSE,0.014347759664714682,0.014332773289167494,0.319714305010224,-0.02257101777464591,0.05126653710407527,0.4952379316106499,0.5514161657075197,False
sp|P63276|RS17_MOUSE,0.01468099422275676,0.014697867391944753,0.32076957147199064,-0.023178203305090385,0.052540191750603905,0.49380683605052533,0.5528658946053386,False
tr|A0A075B5K9|A0A075B5K9_MOUSE,-0.014624263065705438,0.014658063583763342,0.32132754597096735,-0.05238093277804607,0.02313240664663519,0.4930520427323125,0.5534571443981545,False
tr|A0A140T8N3|A0A140T8N3_MOUSE,0.014602775028962456,0.014673007902911348,0.3225250484140334,-0.023192388698561196,0.05239793875648611,0.4914365509029537,0.5548450761833397,False
tr|D4AFX7|D4AFX7_MOUSE,-0.014627092661623816,0.014698641917340952,0.3225643025423144,-0.05248828523468284,0.023234099911435203,0.4913836966702799,0.5548450761833397,False
sp|P01643|KV5AA_MOUSE,-0.01432777840847652,0.01445177909771046,0.32436220433039353,-0.0515530944967746,0.022897537679821566,0.488969756825381,0.5575652043730062,False
sp|Q02788|CO6A2_MOUSE,-0.014336407232154376,0.014468259565410991,0.32462082233650236,-0.051604174192091685,0.022931359727782936,0.48862362642041185,0.5576375033465601,False
sp|Q9Z2F2|OASL2_MOUSE,-0.014429846523736009,0.014584809605170647,0.3253552137532154,-0.05199782649141603,0.02313813344394401,0.4876422293908329,0.5581943858824985,False
sp|P99029|PRDX5_MOUSE,0.014527528473536819,0.014684253075741747,0.325378552702769,-0.023296600899686846,0.052351657846760484,0.48761107693638417,0.5581943858824985,False
sp|O70458|OSMR_MOUSE,-0.014469408189345539,0.014665759227810542,0.3267005007394598,-0.05224590056713263,0.02330708418844155,0.48585019987345274,0.5596910062352095,False
sp|Q8CI75|DI3L2_MOUSE,0.01449061368407374,0.01469136561753526,0.3268351718739895,-0.023351836382724367,0.05233306375087185,0.48567121367919686,0.5596910062352095,False
sp|Q61133|GSTT2_MOUSE,-0.014479898398575006,0.014691703194302779,0.32720199704460395,-0.05232321800550309,0.02336342120835308,0.4851840543197707,0.5596910062352095,False
sp|Q8BJ48|NAGPA_MOUSE,0.014131059574892104,0.014347578230425545,0.3275311628293271,-0.02282585286599829,0.051087972015782496,0.4847473729211736,0.5596910062352095,False
sp|Q8BFY9|TNPO1_MOUSE,0.014422359046573435,0.014647425921363118,0.3276653033287458,-0.023306909863235435,0.052151627956382306,0.4845695438805108,0.5596910062352095,False
sp|E9PYL2|PRR12_MOUSE,-0.014312351229041126,0.014537923657326845,0.3277388235481815,-0.05175956099834042,0.023134858540258166,0.4844721095665241,0.5596910062352095,False
sp|Q06194|FA8_MOUSE,0.01412525523142847,0.014364584738110267,0.3282984496544658,-0.022875463070307266,0.051125973533164205,0.48373116816344197,0.5596910062352095,False
sp|P35585|AP1M1_MOUSE,0.014452617889498075,0.01469877899352526,0.32834049246251396,-0.0234089277684133,0.05231416354740945,0.48367555477108015,0.5596910062352095,False
sp|Q99JY0|ECHB_MOUSE,0.014188733053924124,0.014433409455327754,0.32844078804300114,-0.022989265971228877,0.051366732079077125,0.4835429145183923,0.5596910062352095,False
sp|Q5ND34|WDR81_MOUSE,-0.01427320574327178,0.014523219238853934,0.328569295646511,-0.0516825394405769,0.023136127954033338,0.4833730232330554,0.5596910062352095,False
tr|A0A075B696|A0A075B696_MOUSE,-0.014270705248466858,0.01452705634481036,0.32878058830817436,-0.05168992267573536,0.023148512178801643,0.4830938317631026,0.5596910062352095,False
sp|Q6NVE8|WDR44_MOUSE,0.01443046976049024,0.014692092936978384,0.32885922036266874,-0.02341385375704251,0.052274793278022993,0.48298997713909686,0.5596910062352095,False
sp|Q793I8|TIFA_MOUSE,-0.014424639944983815,0.014699328364486551,0.32929029436864116,-0.05228760068871581,0.023438320798748177,0.4824210696654403,0.5597205589328168,False
tr|Q8C6E1|Q8C6E1_MOUSE,-0.014382199587631709,0.014656720623413248,0.3293113191391136,-0.052135410063349055,0.02337101088808564,0.48239334139507073,0.5597205589328168,False
sp|P01801|HVM32_MOUSE,0.014289093219739736,0.014580585878784216,0.32993004406392157,-0.02326800714974394,0.05184619358922341,0.48157813496368795,0.5604022846072546,False
sp|Q91WG0|EST2C_MOUSE,-0.014260448521903227,0.01460702134715218,0.3317658222742683,-0.05188564214546215,0.023364745101655694,0.4791683559916414,0.5631489732078054,False
tr|F7BAB2|F7BAB2_MOUSE,-0.007999686541859964,0.008198573439091063,0.33202800737640864,-0.02911781225356841,0.01311843916984848,0.47882528094655386,0.5632227397854099,False
sp|Q3UZ39|LRRF1_MOUSE,0.014321180978755288,0.014694482305724536,0.33259270575357663,-0.023529297144810786,0.05217165910232136,0.478087279727771,0.5638092279891112,False
sp|Q62093|SRSF2_MOUSE,0.014216861944623278,0.014616757800652776,0.33355772591127947,-0.02343341112117512,0.05186713501042168,0.47682899570461384,0.5650731211983846,False
tr|B2RXM6|B2RXM6_MOUSE,0.01388159493686795,0.014304523063634266,0.33464975884620757,-0.022964414743732287,0.05072760461746818,0.4754094836196894,0.5664173833029058,False
sp|O55222|ILK_MOUSE,0.014253023602537272,0.014692078529397795,0.3348071502694383,-0.023591262803527205,0.05209731000860175,0.4752052756208275,0.5664173833029058,False
sp|P62962|PROF1_MOUSE,0.014255757844543863,0.014701135337424747,0.3350111358331362,-0.02361185735303305,0.05212337304212078,0.47494075669299674,0.5664173833029058,False
sp|Q99MK8|ARBK1_MOUSE,-0.014212111275587072,0.014696180109636888,0.3363227072404624,-0.052066962652222264,0.023642740101048117,0.4732438097703642,0.5682052394748194,False
sp|Q80X19|COEA1_MOUSE,0.013702679150992065,0.01417673086906233,0.33657136288453393,-0.02281415965006495,0.050219517952049084,0.4729228386581956,0.5682052394748194,False
sp|O88545|CSN6_MOUSE,0.01420364033124779,0.01470173165038835,0.3367906689333098,-0.023665510866734858,0.05207279152923044,0.47263994949694665,0.5682052394748194,False
sp|P47811|MK14_MOUSE,0.014162588616436498,0.014664139575589057,0.3369512235642909,-0.02360973181369693,0.05193490904656992,0.4724329622444825,0.5682052394748194,False
sp|Q8VD58|EVI2B_MOUSE,-0.013342399950788753,0.013826987811336677,0.3373712669063914,-0.04895836033504324,0.02227356043346574,0.47189190798096065,0.5685412384057316,False
sp|Q3TXS7|PSMD1_MOUSE,-0.014152770047797593,0.0147033849460795,0.3385684334768907,-0.05202617985326894,0.023720639757673752,0.47035353590773443,0.5701855567056857,False
sp|P45952|ACADM_MOUSE,0.013566727481071546,0.01410386353137201,0.3388860027908175,-0.022762417496291154,0.04989587245843424,0.46994636871425555,0.5702134858048402,False
sp|Q9Z2L7|CRLF3_MOUSE,-0.013956125758140668,0.014515748716244234,0.33912000278823135,-0.0513462166643949,0.023433965148113564,0.46964659286908317,0.5702134858048402,False
sp|Q6DFW5|AT11B_MOUSE,-0.013951106678695556,0.014514436311005241,0.3392493437875787,-0.05133781705307706,0.023435603695685946,0.4694809837263216,0.5702134858048402,False
sp|Q91V08|CLC2D_MOUSE / sp|Q9D676|CLC2G_MOUSE,-0.014073613200954002,0.014649859185322934,0.3395107061570613,-0.05180914978337384,0.023661923381465833,0.4691465260915133,0.570280540348619,False
sp|P01029|CO4B_MOUSE,-0.010615624893192002,0.011072231548009783,0.3404636667853962,-0.03913580337023421,0.0179045535838502,0.46792922782327173,0.5714021446849042,False
sp|P18828|SDC1_MOUSE,-0.013826828827982578,0.014430209033117864,0.34075164201499764,-0.05099658411182362,0.023342926455858462,0.4675620427087416,0.5714021446849042,False
sp|P01837|IGKC_MOUSE,0.014085310203702742,0.014702802386981857,0.3408441531013643,-0.023786599028973846,0.051957219436379334,0.4674441515631139,0.5714021446849042,False
sp|P42208|SEPT2_MOUSE,0.013807030017498079,0.01442115175611878,0.3411382274987927,-0.023339395266838363,0.05095345530183452,0.4670696114001394,0.5715075603473873,False
sp|P27046|MA2A1_MOUSE,0.013604172179235239,0.01422209259337736,0.34157128849808505,-0.02302951068057194,0.05023785503904242,0.46651864199620197,0.5715075603473873,False
sp|P51881|ADT2_MOUSE,0.013558413051438682,0.01419448467738549,0.342256005773519,-0.02300415652934672,0.05012098263222409,0.46564892229867877,0.5715075603473873,False
tr|A0A075B5K7|A0A075B5K7_MOUSE,-0.014037823035303713,0.014698899972739193,0.34233813824498815,-0.05189968031501946,0.02382403424441203,0.4655447155080513,0.5715075603473873,False
sp|Q2MHN3|ZFHX2_MOUSE,-0.014030934889706434,0.014702256979410057,0.34268337262573373,-0.051901439245577205,0.023839569466164334,0.46510696750500113,0.5715075603473873,False
sp|P24549|AL1A1_MOUSE,0.013725234158489377,0.01438436632037879,0.34276469252259484,-0.023326438122524183,0.05077690643950294,0.46500392021538983,0.5715075603473873,False
sp|Q60590|A1AG1_MOUSE,-0.010946476678079485,0.01147866084920881,0.34303647555004985,-0.04051354765897104,0.018620594302812075,0.46465969835992227,0.5715075603473873,False
sp|P11438|LAMP1_MOUSE,0.013989103252104482,0.014670225580024,0.34306968598630144,-0.023798893686594002,0.05177710019080296,0.4646176549852217,0.5715075603473873,False
sp|Q91VH2|SNX9_MOUSE,0.014008998774278043,0.01469124617399572,0.34307479497842003,-0.023833143626350802,0.051851141174906884,0.46461118752203634,0.5715075603473873,False
sp|P59017|B2L13_MOUSE,0.013975018867175662,0.014657189618512083,0.34312648089206244,-0.023779399659860485,0.05172943739421181,0.4645457638397472,0.5715075603473873,False
sp|P49717|MCM4_MOUSE,0.013593194707683333,0.014285921902204984,0.34410830863570524,-0.023204901556227314,0.05039129097159398,0.46330484103476444,0.5724790039030013,False
sp|P01633|KV5A1_MOUSE,-0.013931436208727865,0.01464896748262259,0.34435625891551536,-0.0516646759172021,0.023801803499746366,0.46299201900139036,0.5724790039030013,False
sp|Q99J47|DRS7B_MOUSE,-0.013984287439697622,0.014705166856237586,0.344376690114854,-0.05186228714157046,0.02389371226217521,0.4629662523899729,0.5724790039030013,False
sp|Q7TSI3|PP6R1_MOUSE,0.013970394025847162,0.01470392251042166,0.3448130604794213,-0.02390440045360926,0.051845188505303584,0.46241629276982654,0.5728346004738774,False
tr|A0A075B6D5|A0A075B6D5_MOUSE,-0.013931775996924254,0.014679077792241804,0.3453298232369372,-0.05174257472325459,0.023879022729406084,0.4617659136634691,0.5730313106175869,False
sp|Q62170|SELPL_MOUSE,0.013889705713131216,0.014639001423995985,0.3454691522838188,-0.023817863129491725,0.051597274555754156,0.46159072568782267,0.5730313106175869,False
sp|P01867|IGG2B_MOUSE,0.013451659984465226,0.01418613803777668,0.34576729773739895,-0.023089410077429647,0.049992730046360095,0.4612160841789149,0.5730313106175869,False
sp|Q9D832|DNJB4_MOUSE / sp|Q9QYJ3|DNJB1_MOUSE,-0.013941727931558156,0.014704629098067096,0.3458216142523224,-0.05181834246017722,0.023934886597060903,0.4611478663045476,0.5730313106175869,False
sp|Q8R050|ERF3A_MOUSE,0.013929550055264646,0.014700079378826168,0.3460923763423305,-0.023935345173210713,0.051794445283740005,0.4608079671575441,0.5731111698273318,False
sp|Q61703|ITIH2_MOUSE,-0.012414300657295124,0.013117217528284642,0.3466853533249331,-0.04620201394767598,0.02137341263308573,0.4600645059193928,0.573646807591849,False
sp|Q9WUA2|SYFB_MOUSE,0.013660188921926397,0.014438948274787491,0.3468613900662171,-0.023532077156698066,0.050852455000550856,0.459844039778582,0.573646807591849,False
sp|Q9D6R2|IDH3A_MOUSE,0.013856673816057923,0.014670886892146335,0.34765485188052486,-0.02393302654978406,0.05164637418189991,0.4588517052105241,0.5744076127605897,False
sp|Q0VGU4|VGF_MOUSE,-0.01353486093425639,0.014333532863281345,0.3477675605024308,-0.050455594906877656,0.023385873038364875,0.4587109311080113,0.5744076127605897,False
sp|Q9DBG6|RPN2_MOUSE,0.013870994265483584,0.014703389920633548,0.3482207283627875,-0.02400242835358985,0.05174441688455702,0.45814538041674324,0.5746344235214206,False
sp|Q9D8W5|PSD12_MOUSE,-0.013871062498437345,0.014707463692537904,0.34835119810366505,-0.05175497845855799,0.024012853461683303,0.45798269143365855,0.5746344235214206,False
sp|Q9Z1T1|AP3B1_MOUSE,0.013811014199609497,0.014660037995010903,0.34888272057188,-0.023950741259079852,0.05157276965829885,0.4573205397124437,0.5751427691885985,False
sp|P15379|CD44_MOUSE,0.012275948007576443,0.013055478079892942,0.34979688563804656,-0.021352735002452133,0.045904631017605016,0.4561840615132374,0.5761116591641039,False
sp|Q8VDD5|MYH9_MOUSE,0.013820221629568535,0.01470628126234777,0.35007292384775346,-0.024060648592218965,0.05170109185135604,0.45584147814741227,0.5761116591641039,False
sp|Q8K1H7|T11L2_MOUSE,0.013819632421435215,0.01470776312974123,0.35014164916187285,-0.024065054837808336,0.05170431968067876,0.4557562270659997,0.5761116591641039,False
sp|Q6PDI5|ECM29_MOUSE,0.013186687816622276,0.014075491233136386,0.3515514321986357,-0.023069374963536077,0.04944275059678063,0.45401112843635705,0.57796507373606,False
sp|Q3TYX3|SMYD5_MOUSE,0.013750950367221626,0.014687641877564583,0.35187302337901866,-0.02408190798104122,0.05158380871548447,0.4536140274152247,0.57796507373606,False
tr|Q80ZX0|Q80ZX0_MOUSE,0.01374686825503305,0.014685379149900509,0.3519414507254921,-0.024080161693006717,0.05157389820307282,0.4535295801065326,0.57796507373606,False
sp|Q8VBV7|CSN8_MOUSE,0.01372221508074844,0.01468913773725712,0.3529238191178791,-0.024114496346744438,0.051558926508241315,0.4523190297602601,0.5792089446963281,False
sp|Q8CFG8|CS1B_MOUSE,-0.012736697756984508,0.013670017142773628,0.35418093954893304,-0.04794832849335663,0.022474932979387616,0.4507748143245312,0.580794339988836,False
tr|E9Q6R7|E9Q6R7_MOUSE,-0.013593398906053246,0.014596311914399565,0.3544045669503685,-0.0511910068589036,0.024004209046797106,0.4505006903161246,0.580794339988836,False
sp|P59325|IF5_MOUSE,-0.013684128106239994,0.01470889417677328,0.35489818717796207,-0.05157172874957239,0.024203472537092402,0.4498962190255222,0.580794339988836,False
sp|P56480|ATPB_MOUSE,0.013310368777319895,0.014309008115202377,0.3549605157078889,-0.023547193630537405,0.05016793118517719,0.4498199533220184,0.580794339988836,False
sp|P15327|PMGE_MOUSE,-0.013672476611252048,0.014700036502329605,0.3550175887931759,-0.05153726139719113,0.024192308174687028,0.4497501299685894,0.580794339988836,False
sp|Q9DCT2|NDUS3_MOUSE,0.013642612086877207,0.014693312852236321,0.3558451869883376,-0.024204853724124786,0.0514900778978792,0.44873890388101323,0.5815102767119371,False
sp|Q8R0A7|K0513_MOUSE,0.01355502132918628,0.01460085813720495,0.3559068722710729,-0.024054296917586645,0.0511643395759592,0.4486636260433866,0.5815102767119371,False
sp|Q6VN19|RBP10_MOUSE,0.013577646641459256,0.014633872220754334,0.35618958405679113,-0.02411671024914998,0.0512720035320685,0.44831878462796815,0.5816031572265296,False
tr|Q66VB7|Q66VB7_MOUSE,-0.01209968809576632,0.013048999530978196,0.3564851662372855,-0.04571168346965582,0.021512307278123175,0.44795853693504717,0.5817169220918949,False
sp|O70404|VAMP8_MOUSE,0.013529394999113493,0.014605803180108937,0.3569743186930624,-0.024092660834078822,0.05115145083230581,0.44736302660789873,0.5821462131948294,False
sp|Q3TIR3|RIC8A_MOUSE,-0.013575656114324156,0.014673030112988896,0.35753816853758164,-0.05137087705121639,0.02421956482256808,0.44667758882674125,0.5826966987242232,False
tr|F6WYC8|F6WYC8_MOUSE,-0.012327947194768093,0.013334171589128068,0.35788650481612183,-0.046674497112593374,0.022018602723057192,0.4462546776770263,0.5828954774835634,False
sp|P35831|PTN12_MOUSE,-0.013326869699422575,0.01447544518447955,0.3598995243502114,-0.050613145587520815,0.023959406188675668,0.4438187273182336,0.5856197794239866,False
tr|A0A075B5S5|A0A075B5S5_MOUSE,-0.013343234008097308,0.01449669222622209,0.36001402362259055,-0.050684238648929715,0.023997770632735095,0.4436805818346946,0.5856197794239866,False
sp|Q64337|SQSTM_MOUSE,0.013434114339278953,0.014624266919551017,0.36095730712895563,-0.02423550093502137,0.05110372961357927,0.4425441620133708,0.586082137046663,False
sp|Q8BGD9|IF4B_MOUSE,-0.013483358996337019,0.014684503997541934,0.3611730688980329,-0.051308134701286506,0.024341416708612465,0.44228464059836015,0.586082137046663,False
sp|O35381|AN32A_MOUSE,0.013503955814906939,0.014707955932550643,0.3612062127577892,-0.024381228071462903,0.05138913970127678,0.44224478841605996,0.586082137046663,False
sp|P01741|HVM00_MOUSE,0.01342052643944126,0.014620754489619433,0.3613260348839135,-0.024240041414914624,0.05108109429379715,0.4421007447727967,0.586082137046663,False
sp|Q08481|PECA1_MOUSE,0.013500428401665591,0.014711196817353604,0.36143628490489355,-0.024393103450749146,0.05139396025408033,0.44196825038341925,0.586082137046663,False
sp|O88544|CSN4_MOUSE,0.01347741975414081,0.014708906654430668,0.36217670995383167,-0.024410213029507126,0.051365052537788745,0.4410794807578664,0.5869131706300293,False
sp|Q91Z69|SRGP1_MOUSE / sp|Q91Z67|SRGP2_MOUSE,0.013472516449628139,0.014711679202546832,0.36244051476818945,-0.02442225794470291,0.05136729084395918,0.44076326144557854,0.5869712739170364,False
sp|P63328|PP2BA_MOUSE,0.01329281050558377,0.014532914031353634,0.36301488449614816,-0.0241414953223339,0.050727116333501444,0.4400755674652204,0.587531946937512,False
sp|Q9D6Y7|MSRA_MOUSE,-0.013395564321957725,0.014659190218826534,0.36346900342751065,-0.05115513605390853,0.02436400740999308,0.4395326197825964,0.5876368727241039,False
sp|Q6PEB6|PHOCN_MOUSE,0.013079541311401505,0.014333107555470612,0.36412726274336815,-0.023840097140897843,0.04999917976370086,0.4387468035825244,0.5876368727241039,False
sp|Q60598|SRC8_MOUSE,0.013413128777990373,0.01469904571508522,0.3641395723111265,-0.024449103909131038,0.05127536146511179,0.4387321222127427,0.5876368727241039,False
sp|Q91X83|METK1_MOUSE / sp|Q3THS6|METK2_MOUSE,0.013402079615328655,0.014687209228327811,0.3641484104051254,-0.024429664302351953,0.05123382353300926,0.43872158150482066,0.5876368727241039,False
sp|Q9CQA3|SDHB_MOUSE,0.013037845724799903,0.014296101733365514,0.36441733205990573,-0.02378647204651922,0.04986216349611902,0.4384009757194204,0.5876368727241039,False
sp|Q7TMS5|ABCG2_MOUSE,-0.01313191216582177,0.014400200783347196,0.36444896533607535,-0.05022437132055531,0.02396054698891177,0.4383632783877076,0.5876368727241039,False
sp|Q8BGE6|ATG4B_MOUSE,0.013386492030988602,0.014688570883105238,0.3647480505674674,-0.024448759276969025,0.051221743338946225,0.4380070205587169,0.5876388097180464,False
sp|Q8BGW1|FTO_MOUSE,0.013386573825728616,0.014693541447446584,0.3649065851414199,-0.02446148080751462,0.05123462845897185,0.43781829924215876,0.5876388097180464,False
sp|Q9JMK0|B4GT5_MOUSE,0.013237182382946818,0.014553316369772229,0.36568588433933674,-0.02424967638613039,0.05072404115202403,0.43689180332575195,0.5885257201086201,False
sp|O88879|APAF_MOUSE,-0.013240355120143564,0.014570695055697053,0.3661408332167741,-0.05077197841768311,0.024291268177395985,0.43635183448413417,0.5888898473036811,False
sp|P15532|NDKA_MOUSE / sp|Q01768|NDKB_MOUSE,0.013037678078269525,0.014368749793752536,0.36684152512721907,-0.023973768695840475,0.05004912485237953,0.43552150966266573,0.5896485188530519,False
sp|P49813|TMOD1_MOUSE,-0.01275473395174842,0.014085961799712589,0.36782552991136613,-0.04903776712411851,0.02352829922062167,0.4343581306856462,0.5908613471751515,False
sp|Q8BYC6|TAOK3_MOUSE,0.013279964471847778,0.014708574368166607,0.36920652321433556,-0.024606812399104023,0.05116674134279958,0.43273063437699477,0.5922760290202166,False
sp|Q8BK62|OLFL3_MOUSE,-0.012921427688168235,0.014311893299635088,0.36922069705392274,-0.04978642183863346,0.023943566462296985,0.4327139621304906,0.5922760290202166,False
sp|P41245|MMP9_MOUSE,-0.012868457281948931,0.014264589885367697,0.3696004623120575,-0.049611605911786295,0.023874691347888437,0.43226749421748845,0.5922760290202166,False
sp|Q3U962|CO5A2_MOUSE,-0.013262710240630384,0.014702412121813552,0.3696262441302866,-0.051133614216850296,0.02460819373558953,0.4322372006653284,0.5922760290202166,False
sp|Q9JJN5|CBPN_MOUSE,0.009687999669190778,0.010749206777605614,0.37004956816268353,-0.01800012213847221,0.03737612147685376,0.4317400982635898,0.5925855957829043,False
sp|O55143|AT2A2_MOUSE,0.01305989387043817,0.014518766908121525,0.37097910237236426,-0.024337971382897318,0.050457759123773656,0.4306505539428642,0.593704902802261,False
sp|Q9DCW4|ETFB_MOUSE,0.013083876289557858,0.01456717116229987,0.37169013432467357,-0.024438670060106644,0.05060642263922236,0.429818966117663,0.594473351482009,False
sp|P62082|RS7_MOUSE,0.012976726622531848,0.014462784772990666,0.3721810275625248,-0.02427693820665834,0.050230391451722034,0.42924576939685105,0.5945080359358674,False
tr|A2AEN9|A2AEN9_MOUSE,0.013167562985385736,0.014678156025810596,0.37226794527986723,-0.024640861427960067,0.050975987398731534,0.4291443577848534,0.5945080359358674,False
sp|Q8VE70|PDC10_MOUSE,0.012694245999059758,0.01415948859089115,0.37256875395811423,-0.023778179636623993,0.04916667163474351,0.4287935706759275,0.5945080359358674,False
sp|Q8BY71|HAT1_MOUSE,0.01315966507255502,0.014680683095391061,0.3726353281555301,-0.024655268640668256,0.05097459878577829,0.42871597365963166,0.5945080359358674,False
sp|P70698|PYRG1_MOUSE,-0.01317178506085274,0.014702789560665596,0.3729132160760705,-0.05104366125512804,0.024700091133422565,0.42839222493260154,0.5945829915763972,False
sp|Q62165|DAG1_MOUSE,-0.0131662621029287,0.014711080880736827,0.3733808736203761,-0.05105949532240858,0.024726971116551186,0.4278479324873019,0.5947630255358516,False
sp|Q91VU7|PUS7_MOUSE,-0.012941830431379683,0.01446841602487661,0.3736471974269171,-0.05021000040419335,0.024326339541433983,0.4275382708588752,0.5947630255358516,False
sp|Q7TML3|S35F2_MOUSE,-0.013149839452444596,0.014703182854741271,0.37371905837553704,-0.051022728705124934,0.024723049800235746,0.42745475407362066,0.5947630255358516,False
sp|P20918|PLMN_MOUSE,0.013147863400838726,0.014711293174321616,0.37405274844828573,-0.024745916650677817,0.05104164345235527,0.42706714981906674,0.5949263911391821,False
sp|Q9JMA1|UBP14_MOUSE,-0.013130177646752521,0.01470422362895129,0.3744641917228415,-0.051005747756141404,0.024745392462636365,0.4265897055498388,0.595213144250813,False
sp|P42859|HD_MOUSE,0.013124953163589081,0.014715508301786577,0.3750180363237207,-0.0247796843367699,0.05102959066394806,0.42594784457228496,0.5956815739910594,False
sp|Q61112|CAB45_MOUSE,-0.012812709284609893,0.014371577850219287,0.375221558451844,-0.04983144064943905,0.02420602208021926,0.42571221707415535,0.5956815739910594,False
sp|P01629|KV2A4_MOUSE / tr|A0A075B5J6|A0A075B5J6_MOUSE,0.012916379876689988,0.014496105301778412,0.3754918885037977,-0.024423112946961416,0.050255872700341396,0.4253994403271642,0.5957434460242016,False
sp|P97927|LAMA4_MOUSE,-0.012999400949184238,0.014610454476341536,0.37618097004695744,-0.05063343772751197,0.024634635829143492,0.42460317798456454,0.5964692105116474,False
sp|P62880|GBB2_MOUSE,0.013080597667773568,0.014715080092130031,0.3766126278460501,-0.02482293683760402,0.05098413217315116,0.4241051221528272,0.5965804663388977,False
sp|Q9QUG9|GRP2_MOUSE,0.013075139926321902,0.01471618061472281,0.37684635342489303,-0.024831229337399383,0.050981509190043184,0.42383568284703843,0.5965804663388977,False
sp|Q9JMH9|MY18A_MOUSE,0.012635977180225109,0.014224889069938301,0.3769461820323831,-0.02400490892585443,0.04927686328630465,0.42372065115971563,0.5965804663388977,False
sp|P24270|CATA_MOUSE,0.012482162628589132,0.014066335341941752,0.3774393757072544,-0.02375031613872998,0.04871464139590824,0.42315279479018475,0.5969940985541646,False
tr|A0A075B5R1|A0A075B5R1_MOUSE,0.012954943037130595,0.014629292167331581,0.37841945694130863,-0.024727616417660497,0.050637502491921685,0.42202654186589433,0.5981768579643153,False
sp|Q93092|TALDO_MOUSE,0.013010625677701396,0.014700158796277653,0.3786773790197473,-0.024854474116572715,0.05087572547197551,0.4217306374731145,0.5982173318870241,False
sp|Q80X82|SYMPK_MOUSE,-0.012819635799206627,0.01451984442088792,0.37983793781730735,-0.05022027654150075,0.024581004943087494,0.42040166055247,0.5996828264129775,False
sp|Q9JKF1|IQGA1_MOUSE,0.012679533918211054,0.014372062698752703,0.38019778634704327,-0.024340446333678246,0.04969951417010036,0.4199904160872582,0.5998588251474029,False
tr|A0A075B5Y6|A0A075B5Y6_MOUSE,0.01289772160580903,0.014626083661731517,0.38041532484105195,-0.024776573286236815,0.05057201649785487,0.4197419960462786,0.5998588251474029,False
sp|Q9Z100|CPXM1_MOUSE,0.01264464433138593,0.014347021517787275,0.3806774198262997,-0.024310834112777152,0.04960012277554901,0.4194428829326018,0.5999047466662923,False
sp|P62281|RS11_MOUSE,0.012951599552682692,0.014704287343826856,0.38096716791565816,-0.02492413467534975,0.050827333780715134,0.41911245059067737,0.5999941635368928,False
tr|F6RWR5|F6RWR5_MOUSE / sp|P19157|GSTP1_MOUSE / sp|P46425|GSTP2_MOUSE,-0.012893728190522976,0.01465907048026975,0.38162998528469744,-0.05065299149639045,0.024865535115344502,0.418357509408006,0.6006706675477359,False
sp|Q922H4|GMPPA_MOUSE,0.012821461071864104,0.014594856654917351,0.3822130120646331,-0.02477239838096769,0.0504153205246959,0.4176945319024745,0.6008735685524157,False
sp|O55135|IF6_MOUSE,0.012923302158472816,0.014711174558193874,0.3822255942869347,-0.02497017235814601,0.05081677667509164,0.4176802354248483,0.6008735685524157,False
sp|O70439|STX7_MOUSE,-0.012836822326953297,0.01462321919086222,0.3825654853858952,-0.05050373883099484,0.02483009417708825,0.417294214085509,0.6010409547703967,False
sp|Q7TNP2|2AAB_MOUSE,-0.012900763796224856,0.01471600841675167,0.3832079486376028,-0.05080668950736607,0.025005161914916352,0.416565491207148,0.6016832120376996,False
tr|E9Q5I3|E9Q5I3_MOUSE,0.012812497390084731,0.014629200070138383,0.38365731927084085,-0.024869824838057348,0.05049481961822681,0.41605651207652533,0.6016840743926928,False
sp|Q91Y74|SIA4C_MOUSE,0.012886148106904409,0.01471386898448618,0.38367582530205885,-0.025014266791914395,0.05078656300572321,0.41603556402469594,0.6016840743926928,False
sp|Q8CGK3|LONM_MOUSE,0.012589548786007872,0.014388342123775679,0.3841083523327706,-0.024472364485900542,0.04965146205791629,0.41554624911549326,0.6019957439177628,False
sp|Q6PDJ6|FBX42_MOUSE,-0.012868695575395767,0.014718430285851392,0.3844640249344742,-0.0507808596079334,0.025043468457141872,0.4151442917621469,0.6021866570597755,False
tr|E9Q8V6|E9Q8V6_MOUSE,0.012553987282838642,0.014386937233253455,0.38540058805727273,-0.024504307230894348,0.049612281796571636,0.41408762701882806,0.6032866348008981,False
tr|Q9Z1A1|Q9Z1A1_MOUSE,-0.012792396716578384,0.014677716857897996,0.38596678450281435,-0.050599689908345735,0.025014896475188966,0.41345006819826974,0.6037742222887,False
tr|S4R2L0|S4R2L0_MOUSE,-0.011502816760843772,0.013204062128585381,0.3861810268386365,-0.04551422691753426,0.02250859339584672,0.4132090670188099,0.6037742222887,False
sp|Q8CIE4|PAR10_MOUSE,0.012671050105420766,0.014554306892229505,0.38648101720498107,-0.024818360080427725,0.050160460291269256,0.4128718324716275,0.6038765893827829,False
sp|V9GXG1|SLN14_MOUSE,0.01261670131945105,0.014501949238278968,0.38680934316379045,-0.024737844487086567,0.04997124712598867,0.4125030443215288,0.6040230798342998,False
sp|Q9EPL0|XYLT2_MOUSE,-0.012202136122494576,0.014033032107002614,0.3870651995721844,-0.048348831441354476,0.023944559196365327,0.4122158736646911,0.6040562963020453,False
sp|Q07235|GDN_MOUSE,0.012698128735861316,0.01463408140409279,0.38805534228418753,-0.02499676697532093,0.05039302444704356,0.41110633333698043,0.6048237019464708,False
sp|Q922Q4|P5CR2_MOUSE / sp|Q922W5|P5CR1_MOUSE,-0.01226047689584204,0.014131996709547852,0.38813193951888925,-0.04866208813795203,0.024141134346267953,0.4110206175381059,0.6048237019464708,False
tr|B3F5L4|B3F5L4_MOUSE,0.012714321477666178,0.014659142089258672,0.38826158420097723,-0.02504512628073336,0.05047376923606572,0.410875577764223,0.6048237019464708,False
sp|Q8QZT1|THIL_MOUSE,0.012641877522089905,0.014583594342859853,0.3885200069983929,-0.024922972137318474,0.05020672718149828,0.41058661211331754,0.6048603494684774,False
sp|P28740|KIF2A_MOUSE,0.012329325910344406,0.014252004446515575,0.38948063388472404,-0.024381404777299637,0.04904005659798845,0.4095141318453231,0.6059150815937013,False
sp|Q9Z126|PLF4_MOUSE,-0.012711989072353718,0.0147001790252931,0.38966810684239594,-0.0505771409731186,0.02515316282841116,0.40930513844435,0.6059150815937013,False
tr|A0A0A6YY83|A0A0A6YY83_MOUSE,-0.012692464349890041,0.014690426228026849,0.39008030686934514,-0.050532494709664935,0.025147566009884853,0.4088459744097155,0.6061899759737862,False
sp|Q03350|TSP2_MOUSE,-0.012549341550000363,0.014563971679335744,0.3913515941894209,-0.05006364657768966,0.024964963477688937,0.40743289272116856,0.6077987666090222,False
sp|Q64442|DHSO_MOUSE,0.01258557600146428,0.014619072223220774,0.39177264615308305,-0.02507065862180556,0.05024181062473412,0.4069658900347157,0.6080859336010783,False
tr|A0A286YCV9|A0A286YCV9_MOUSE,-0.012626140890802261,0.014697096554389298,0.39276477938535265,-0.05048335287268579,0.02523107109108127,0.4058674638698099,0.6092586186248693,False
sp|P10810|CD14_MOUSE,0.012553468459003656,0.014647094446873019,0.39387849602398867,-0.025174946629100237,0.05028188354710755,0.40463772904881995,0.6106183788451359,False
sp|P29351|PTN6_MOUSE,0.012324790127475402,0.014390983306851658,0.39422889086677504,-0.024743926381196157,0.04939350663614696,0.4042515518367608,0.6107938591949131,False
sp|O88573|AFF1_MOUSE,-0.01200668549579738,0.014028457050256864,0.3945278898291435,-0.048141596249426176,0.02412822525783142,0.40392229037404026,0.6108895467889623,False
sp|P06240|LCK_MOUSE,-0.01256014696379344,0.014689478027802178,0.3949883414349674,-0.050397734921644004,0.02527744099405712,0.403415722918309,0.6112349634585584,False
tr|J3QPU5|J3QPU5_MOUSE,-0.01247900038909199,0.014630891211582647,0.3961575290839696,-0.05016567870892265,0.025207677930738664,0.4021320857716002,0.6126760584932263,False
sp|P53995|APC1_MOUSE,0.012519250374357988,0.014711874762649868,0.39723867758699194,-0.02537602774941707,0.05041452849813305,0.40094847255121446,0.6138896315336191,False
sp|Q9JHE3|ASAH2_MOUSE,0.011652169280326648,0.013699736683932096,0.397472136875699,-0.023636013921049484,0.04694035248170278,0.4006933103415,0.6138896315336191,False
sp|Q64692|SIA8D_MOUSE,0.01167016800232349,0.013726309962504273,0.39765743898954437,-0.023686463428690227,0.04702679943333721,0.4004908887754367,0.6138896315336191,False
tr|B7ZWD6|B7ZWD6_MOUSE,-0.012363800364344313,0.014554883733373184,0.3980685949154281,-0.04985469639451418,0.025127095665825556,0.4000420841414397,0.614156160519609,False
sp|P19536|COX5B_MOUSE,0.012460888608623325,0.014706201001059573,0.3992523252213212,-0.025419774873786095,0.05034155209103275,0.3987525458773983,0.6156136152364684,False
sp|P00920|CAH2_MOUSE,0.012432828258575442,0.014683168363860364,0.39957479853614214,-0.025388507081998243,0.050254163599149124,0.39840191084103027,0.6156334558668026,False
tr|A0A075B5Q6|A0A075B5Q6_MOUSE,-0.012147162699362283,0.014350950542979244,0.399743354644386,-0.04911276164174923,0.02481843624302466,0.39821874725718026,0.6156334558668026,False
sp|Q769J6|ATS13_MOUSE,-0.012147684378780754,0.014363561679171138,0.40013537896052453,-0.04914576745532182,0.02485039869776031,0.39779304770111035,0.6158688588304547,False
sp|Q6ZQ38|CAND1_MOUSE,-0.0124310692471345,0.014722414491339778,0.4008935155255092,-0.05035349591292047,0.025491357418651477,0.3969709684296109,0.6163348246474589,False
sp|Q9D6W8|BORC6_MOUSE,-0.012306740706683217,0.014579653194547246,0.4010377652635676,-0.04986143864077835,0.025247957227411917,0.3968147284438885,0.6163348246474589,False
sp|Q149F3|ERF3B_MOUSE,0.012423639766663594,0.014721859398583627,0.4011561810132587,-0.025497357074934904,0.05034463660826209,0.39668651180183206,0.6163348246474589,False
sp|P81117|NUCB2_MOUSE,0.012179474154885005,0.014455354468034965,0.4018970998330753,-0.025055051477065986,0.04941399978683599,0.3958851277493348,0.6169256168892945,False
sp|P18528|HVM57_MOUSE,0.01236374091820229,0.014684669834668405,0.4022360213526943,-0.025461461954877175,0.050188943791281755,0.3955190397208564,0.6169256168892945,False
sp|P47857|PFKAM_MOUSE,0.012389214967280586,0.014715835990660486,0.40226500205403576,-0.02551626660368226,0.05029469653824343,0.39548775036680084,0.6169256168892945,False
sp|Q9JHE7|TSSC4_MOUSE,-0.012226115601407288,0.014530401366486203,0.40253251934385426,-0.049653949233529435,0.02520171803071486,0.39519902858530453,0.6169256168892945,False
sp|Q9EQC0|CHST1_MOUSE,0.01124497109523116,0.013370219130353463,0.4027386260158851,-0.023194431135603388,0.0456843733260657,0.3949767159076013,0.6169256168892945,False
sp|Q6IFX2|K1C42_MOUSE,0.01232181795326363,0.014664267930459194,0.4031758639444046,-0.02545083309710555,0.050094469003632805,0.39450547475079994,0.6170509630038011,False
tr|A0A075B5V8|A0A075B5V8_MOUSE,-0.011857461436226863,0.014115367155154669,0.4032997167904455,-0.048216237784825935,0.024501314912372212,0.39437208296731296,0.6170509630038011,False
sp|Q9JHK4|PGTA_MOUSE,-0.012338478704026509,0.014708620732001704,0.4039571857221712,-0.05022537500030338,0.025548417592250357,0.3936646620922065,0.6174701739977227,False
sp|P08680|HEM0_MOUSE,0.01233037210547758,0.01470693037523999,0.4042110123448739,-0.025552170120319014,0.05021291433127417,0.39339185871912585,0.6174701739977227,False
sp|Q8BFR5|EFTU_MOUSE,0.012311856209597604,0.014687421435983682,0.40429309256705265,-0.025520434318781433,0.050144146737976646,0.39330367861596616,0.6174701739977227,False
sp|Q63918|CAVN2_MOUSE,0.012268144099534934,0.014715263942816234,0.4068418566683214,-0.02563586397382765,0.05017215217289751,0.39057437240378934,0.6206248976309728,False
sp|Q8BH95|ECHM_MOUSE,0.012212404058082642,0.014651532776894712,0.40694159233956945,-0.02552744341054995,0.04995225152671523,0.39046791987777246,0.6206248976309728,False
sp|Q08761|PROS_MOUSE,0.012259997827025217,0.014713044958521014,0.407081728970374,-0.025638294521565626,0.05015829017561606,0.3903183896014796,0.6206248976309728,False
sp|Q505D1|ANR28_MOUSE,0.012225768919790164,0.014724988571735034,0.4087659609318789,-0.025703288137707607,0.05015482597728794,0.3885252762660706,0.6228238753843717,False
sp|Q71LX4|TLN2_MOUSE,0.012132334468708438,0.014698375004101044,0.4114992823677066,-0.02572817058140572,0.04999283951882259,0.3856309178369284,0.6265490166123803,False
sp|P80313|TCPH_MOUSE,0.012122298708511555,0.014697352310681519,0.4118522860116528,-0.025735572057924042,0.049980169474947156,0.38525851909515424,0.6265490166123803,False
tr|J3QK03|J3QK03_MOUSE,0.01198891112004032,0.014543171490283011,0.41209380518212435,-0.025471816171167592,0.049449638411248234,0.3850039139768465,0.6265490166123803,False
sp|Q00560|IL6RB_MOUSE,0.011915521290037054,0.01445827054078216,0.41222664686613475,-0.02532651564754744,0.04915755822762155,0.3848639382897493,0.6265490166123803,False
sp|P02469|LAMB1_MOUSE,-0.012130238568779156,0.01472515711016942,0.41242741093513957,-0.05005972975251499,0.025799252614956678,0.384652478155088,0.6265490166123803,False
tr|A8R0U8|A8R0U8_MOUSE,-0.011576536466472933,0.01407952424901977,0.41330470661888785,-0.04784298760712538,0.02468991467417951,0.3837296490445131,0.6273494830253102,False
sp|Q9DCN2|NB5R3_MOUSE,-0.011622820298760902,0.01413997505114256,0.413441581628719,-0.04804498238694427,0.02479934178942246,0.38358584661596096,0.6273494830253102,False
sp|P01748|HVM04_MOUSE,-0.012025766570486039,0.01463840835064269,0.41370287081270646,-0.049731807757386406,0.025680274616414325,0.38331146538974015,0.6273762616859359,False
sp|Q6Q477|AT2B4_MOUSE,-0.011953158159907964,0.014612290508471628,0.41568752470584797,-0.04959192424359865,0.02568560792378272,0.3812330090100451,0.6300149359138072,False
tr|F6URP1|F6URP1_MOUSE / tr|E9Q328|E9Q328_MOUSE,-0.012009099085652486,0.014726932929346856,0.41714785077056793,-0.04994316447646337,0.025924966305158392,0.3797099896467114,0.63157874200024,False
sp|P01631|KV2A7_MOUSE,-0.011978560097104017,0.014697521660804387,0.4174016690170186,-0.04983686708054866,0.02587974688634062,0.379445818702687,0.63157874200024,False
sp|P50516|VATA_MOUSE,0.011970069317244581,0.014688797129242355,0.4174551529648188,-0.025865764762142838,0.049805903396632004,0.3793901737517919,0.63157874200024,False
sp|O88186|GPIX_MOUSE,0.011986767092777378,0.014727021955923092,0.41801395962821125,-0.025947527615297367,0.04992106180085212,0.37880921466451034,0.6317869442119574,False
sp|Q7TNG5|EMAL2_MOUSE,0.011492408490332697,0.014121766834519774,0.4180834768688059,-0.02488285233990833,0.04786766932057372,0.3787369959188496,0.6317869442119574,False
sp|Q99J83|ATG5_MOUSE,0.011764115480310734,0.01447029326038839,0.4185532097686516,-0.025508889930743843,0.04903712089136531,0.37824932323830474,0.6321258153397524,False
tr|A0A140T8P9|A0A140T8P9_MOUSE / sp|P01638|KV5A6_MOUSE,-0.011829137620762086,0.014677847747663474,0.4225932937634959,-0.04963676796222288,0.025978492720698715,0.37407739915454635,0.6378533009619003,False
tr|D3YYY1|D3YYY1_MOUSE,0.008383137532933379,0.010410496623200607,0.4229715714583505,-0.01843252473360362,0.03519879979947038,0.3736888212151849,0.6380502615730829,False
sp|Q9JM14|NT5C_MOUSE,-0.011835045056072916,0.014726061741075828,0.4238773971170532,-0.04976686641460637,0.02609677630246054,0.37275974117902394,0.6389626544892664,False
sp|P25911|LYN_MOUSE,-0.01160667691083346,0.014453795235265807,0.42425715456568935,-0.0488371862253266,0.02562383240365968,0.3723708251158853,0.6389626544892664,False
sp|O54988|SLK_MOUSE,0.0118111236975041,0.014710422328805726,0.42432083074821186,-0.02608041320461375,0.049702660599621945,0.37230564733557825,0.6389626544892664,False
sp|Q8BJY1|PSMD5_MOUSE,-0.01177922245879287,0.014690140247102555,0.42493212774053735,-0.049618516180522716,0.026060071262936975,0.3716804320713439,0.6390350916610277,False
sp|O88307|SORL_MOUSE,-0.011795316449570811,0.014713610388627956,0.4250386958562362,-0.049695065249600226,0.026104432350458603,0.3715715296395133,0.6390350916610277,False
sp|O35405|PLD3_MOUSE,0.011758269720817983,0.014672038577496452,0.42518460085492665,-0.0260343971898973,0.04955093663153327,0.37142247294657044,0.6390350916610277,False
sp|Q91YH5|ATLA3_MOUSE,0.011798159423520022,0.014727464983747215,0.42536161052699084,-0.026137276448606382,0.04973359529564642,0.3712417083416563,0.6390350916610277,False
sp|P15105|GLNA_MOUSE,0.010893108220687116,0.013621494498076604,0.42616747764326185,-0.02419353646558872,0.04597975290696295,0.37041969591462115,0.6398724518550434,False
sp|O55022|PGRC1_MOUSE,-0.011741404033286466,0.014705904895008854,0.42690876228102365,-0.04962130479705349,0.026138496730480555,0.3696649312320236,0.640611924751536,False
sp|P24668|MPRD_MOUSE,0.01166770541739693,0.01468449119979439,0.4291357397696624,-0.026157037322739413,0.04949244815753327,0.36740531455521486,0.6435786429277115,False
sp|Q9Z2V5|HDAC6_MOUSE,-0.01161633160755506,0.014712026077355852,0.4320225791648861,-0.04951199949218385,0.026279336277073725,0.36449355468864875,0.6473350601773185,False
sp|Q8VBT0|TMX1_MOUSE,0.011456794936072346,0.014519775837809236,0.43233231061758864,-0.025943669147917972,0.04885725902006266,0.36418230599178086,0.6473350601773185,False
sp|P56371|RAB4A_MOUSE / sp|Q91ZR1|RAB4B_MOUSE,-0.011537227172749607,0.014623700498843328,0.43239468097281075,-0.04920538344399292,0.026130929098493707,0.3641196570831248,0.6473350601773185,False
sp|Q8CGF1|RHG29_MOUSE,0.011270183893275824,0.014322084715746586,0.4335760591519848,-0.025621061605454055,0.048161429392005704,0.3629347063249203,0.6486639920265295,False
sp|P28667|MRP_MOUSE,0.01143523295303457,0.014538495144324922,0.43378617253191604,-0.02601344886922096,0.048883914775290103,0.36272429577225895,0.6486639920265295,False
sp|Q9JI02|S2B20_MOUSE,0.008611462347572917,0.011000907439973173,0.435974914389617,-0.0197249974019391,0.03694792209708493,0.36053849893230766,0.6515585632926661,False
sp|P61202|CSN2_MOUSE,0.011480410464250574,0.014682757901288238,0.4364997205371068,-0.026339867594801822,0.049300688523302966,0.36001603000934224,0.6519644897813515,False
sp|O88685|PRS6A_MOUSE,-0.011496740954509102,0.014713359528100298,0.4368015616130055,-0.049395843580640274,0.02640236167162207,0.3597158176506204,0.6520371137121675,False
sp|O88634|PAR4_MOUSE,0.01125516313848182,0.014412690263182685,0.43707101383306424,-0.025869466784398047,0.04837979306136169,0.35944799458509624,0.6520613329201277,False
sp|Q6ZWZ2|UB2R2_MOUSE,-0.011339046288040977,0.014544007846296704,0.43782207345438784,-0.04880192788957716,0.0261238353134952,0.3587023466105328,0.6525543029027802,False
sp|P06328|HVM49_MOUSE / sp|P01754|HVM10_MOUSE / sp|P01753|HVM09_MOUSE,-0.011386788646958806,0.014611186595997624,0.4380077425556247,-0.049022711240550396,0.02624913394663278,0.3585182125108229,0.6525543029027802,False
sp|O35598|ADA10_MOUSE,0.01141481511730745,0.014653279047750514,0.43819869452293286,-0.026329530446967446,0.049159160681582346,0.358328920619063,0.6525543029027802,False
sp|O35129|PHB2_MOUSE,0.011184988908598885,0.014367813414590543,0.4385025200198491,-0.025824045912626423,0.04819402372982419,0.3580279064539955,0.6525543029027802,False
sp|A2A5R2|BIG2_MOUSE,0.01140269001994038,0.014652795675792769,0.43866854303872327,-0.026340410460681248,0.049145790500562,0.3578635077754172,0.6525543029027802,False
sp|P50446|K2C6A_MOUSE,0.01144592435099139,0.014729312127050361,0.43931791571375844,-0.02649426944698311,0.049386118148965895,0.3572210855191749,0.6525731968298005,False
sp|Q3UM45|PP1R7_MOUSE,0.011448070290989015,0.014732189615929717,0.4393215043234505,-0.026499535427161568,0.0493956760091396,0.3572175379583634,0.6525731968298005,False
sp|D3YZP9|CCDC6_MOUSE,0.01144517721644326,0.014732344669350727,0.4394415236127666,-0.026502827892852777,0.0493931823257393,0.35709890821692236,0.6525731968298005,False
sp|Q60953|PML_MOUSE,-0.011406300877801402,0.014730833371384705,0.44094484090342106,-0.04935041314151017,0.026537811385907363,0.3556157343179386,0.6544282220900918,False
sp|P70303|PYRG2_MOUSE,0.011357178355527726,0.014730167370472546,0.4428874701462737,-0.026585218403515305,0.04929957511457076,0.3537066062885247,0.6553713611500462,False
sp|P18527|HVM56_MOUSE,0.011238049975481557,0.014579065145376498,0.4429936650165484,-0.02631513324432764,0.04879123319529075,0.35360248431423935,0.6553713611500462,False
sp|Q3UF25|STIMA_MOUSE,-0.01130250210245883,0.014679652891050074,0.4435193247548108,-0.049114782185151945,0.02650977798023428,0.35308745260443875,0.6553713611500462,False
sp|Q60605|MYL6_MOUSE,0.01134070047657032,0.014730912083024144,0.4435701201510823,-0.02660361453488584,0.04928501548802648,0.35303771655931365,0.6553713611500462,False
sp|Q9D6N5|NC2A_MOUSE,0.011338288392837225,0.01473356784155219,0.44374860265847904,-0.02661286739925863,0.04928944418493308,0.35286300150567734,0.6553713611500462,False
tr|J3QNT6|J3QNT6_MOUSE,-0.011278163010521527,0.014656653767961159,0.4437862816181818,-0.04903120127800629,0.02647487525696323,0.35282612686653364,0.6553713611500462,False
sp|Q9EQP2|EHD4_MOUSE,0.011072075182358336,0.01440238787744296,0.44421388836865544,-0.026026017553436684,0.04817016791815336,0.35240786733734464,0.6553713611500462,False
sp|Q9WVE8|PACN2_MOUSE,-0.01131968574279684,0.014725981319129751,0.4442602948379494,-0.049251299948124945,0.026611928462531263,0.352362499505756,0.6553713611500462,False
sp|P50543|S10AB_MOUSE,0.011117249260026489,0.014465722357904708,0.44435739819645104,-0.02614398228646695,0.04837848080651993,0.35226758477860176,0.6553713611500462,False
tr|A0A075B5U6|A0A075B5U6_MOUSE,0.011295759004901745,0.01470139773049832,0.4444623511591928,-0.026572532072443127,0.04916405008224661,0.3521650206921871,0.6553713611500462,False
tr|Q3UTA4|Q3UTA4_MOUSE / tr|Q3TQZ4|Q3TQZ4_MOUSE / tr|A0A1Y7VJE9|A0A1Y7VJE9_MOUSE / tr|J3QP87|J3QP87_MOUSE / tr|A0A1Y7VK80|A0A1Y7VK80_MOUSE / tr|Q8BX20|Q8BX20_MOUSE,-0.011276617141050656,0.01467761796584902,0.44449739524752185,-0.04908365560378036,0.026530421321679053,0.3521307796497686,0.6553713611500462,False
sp|Q922Q1|MARC2_MOUSE,-0.011204798570652947,0.014592777470895471,0.44476609459240174,-0.04879330240035372,0.026383705259047822,0.35186832729980244,0.6553713611500462,False
sp|Q8BVF2|PDCL3_MOUSE,0.01130777073333909,0.014730874735427002,0.4448889861321479,-0.02663644807708193,0.049251989543760116,0.3517483457045075,0.6553713611500462,False
sp|A2AQ07|TBB1_MOUSE,0.011292666658764015,0.014733324355515429,0.44557060043831753,-0.026657861954863346,0.04924319527239138,0.3510834724317916,0.6556920871739933,False
sp|P35123|UBP4_MOUSE,-0.011290244395717089,0.014731638550145199,0.44561598157455856,-0.04923643066247173,0.02665594187103755,0.35103924201480197,0.6556920871739933,False
sp|Q99KF1|TMED9_MOUSE,0.011210556161734974,0.014653200660896938,0.44640661275305954,-0.02653358749138547,0.048954699814855424,0.3502693806903414,0.6564803128721464,False
sp|O88543|CSN3_MOUSE,0.01126093109510281,0.014732310101984357,0.4468146456509821,-0.026686984974557987,0.049208847164763606,0.34987260005696147,0.6567053153831501,False
tr|A0A0A6YWI9|A0A0A6YWI9_MOUSE,-0.009872435063533266,0.012930077558527996,0.44731538191743936,-0.043178107735949704,0.02343323760888317,0.3493861674052423,0.6567652163168194,False
sp|Q9D7X3|DUS3_MOUSE,0.010895888514545425,0.014272090441587098,0.4473655104542529,-0.025866580267794786,0.04765835729688564,0.3493375007864905,0.6567652163168194,False
sp|P01654|KV3A1_MOUSE / sp|P01656|KV3A3_MOUSE,0.011211249797022664,0.01470343543263786,0.44792804018829396,-0.02666229005320514,0.049084789647250465,0.34879174997353246,0.6572163552620267,False
sp|Q8BZE1|DMBTL_MOUSE,0.011203890921879277,0.014730979003158414,0.4490712147852547,-0.026740596464419737,0.04914837830817829,0.34768478207951997,0.6584998727664405,False
sp|O88572|LRP6_MOUSE,0.011108729412932694,0.01461371817188488,0.4493142821167519,-0.02653371408801345,0.048751172913878836,0.347449776497306,0.6584998727664405,False
sp|Q9R0Q1|SYTL4_MOUSE,-0.011023388700169149,0.014511564603289787,0.4496292492026087,-0.048402702045665956,0.026355924645327662,0.3471454448720136,0.6585866420345379,False
sp|Q91V41|RAB14_MOUSE,0.011172394691976914,0.014728030613725959,0.4502523918681113,-0.026764498146423704,0.049109287530377535,0.34654397140712306,0.6589293146200528,False
sp|G3X9K3|BIG1_MOUSE,-0.011172691076591882,0.01473242176526529,0.4503749878568128,-0.049120894771803834,0.026775512618620066,0.3464257365789932,0.6589293146200528,False
sp|Q9JHX3|IL21R_MOUSE,-0.010998720928471213,0.014575129781237203,0.4526113515087524,-0.04854176732201027,0.026544325465067846,0.3442745581236876,0.6614126315499311,False
sp|Q6ZWQ7|SPCS3_MOUSE,0.011017691888217704,0.014603142097774887,0.45269996588205064,-0.02659750945111941,0.04863289322755482,0.34418953823555776,0.6614126315499311,False
sp|Q8VCP9|CLC14_MOUSE,-0.011041755321133244,0.014639681814146767,0.45284290074661304,-0.048751076732644415,0.026667566090377924,0.3440524363362348,0.6614126315499311,False
sp|Q6PZE0|MUC19_MOUSE,-0.01106610587294653,0.01470743199297284,0.45392960463766535,-0.04894994018039858,0.026817728434505517,0.34301149227035665,0.6626239976995398,False
tr|Q6PDB7|Q6PDB7_MOUSE,-0.011037561203840265,0.014686944018888875,0.4544642835277215,-0.048868621987276484,0.026793499579595953,0.3425002424229441,0.6627710128472141,False
sp|O54962|BAF_MOUSE,0.011056840392187154,0.014715241904537506,0.4545450907526913,-0.026847110914331285,0.0489607916987056,0.34242302840736255,0.6627710128472141,False
sp|O88968|TCO2_MOUSE,-0.010902524164441674,0.014540699296132114,0.4554990433313748,-0.04835688350551164,0.026551835176628298,0.34151253082345545,0.6637860987992588,False
sp|Q00558|HAP40_MOUSE,0.010940391591368118,0.014616241825402823,0.45626893226704396,-0.02670855241026154,0.04858933559299777,0.3407791016948758,0.6642497727820607,False
tr|A0A075B5R7|A0A075B5R7_MOUSE,0.01085269125636501,0.014506800531281117,0.45650800507902906,-0.026514350652847643,0.04821973316557766,0.34055160250828515,0.6642497727820607,False
sp|Q9Z2K1|K1C16_MOUSE,0.011002164762683985,0.0147146001182901,0.4567519703571686,-0.026900133412011765,0.04890446293737974,0.34031957049233763,0.6642497727820607,False
sp|Q99P87|RETN_MOUSE,-0.010989594392368178,0.014700969507360882,0.45684906702797257,-0.04885678244000718,0.026877593655270822,0.34022725766261314,0.6642497727820607,False
sp|Q8R2Y2|MUC18_MOUSE,0.009793220809985282,0.013108613897926192,0.4571247414487544,-0.023972330997201374,0.043558772617171934,0.339965272292206,0.664275513109787,False
sp|P83940|ELOC_MOUSE,0.010987931003077324,0.014736388440981164,0.4579958683063767,-0.02697049017168126,0.048946352177835904,0.3391384398560331,0.6651660241900281,False
tr|Q9DCE9|Q9DCE9_MOUSE,0.010598924513545561,0.014242008738682081,0.4588563518837631,-0.026086058936951255,0.04728390796404238,0.3383232520407678,0.666040082356646,False
sp|P84104|SRSF3_MOUSE,0.010936279143817179,0.014734226845776945,0.4600394917285214,-0.02701657413067196,0.04888913241830632,0.337204885049735,0.6672532078024179,False
tr|A0A0B4J1J4|A0A0B4J1J4_MOUSE,-0.010875774333354597,0.014658310302481051,0.46021036778916286,-0.048633079550998035,0.026881530884288837,0.33704360161065305,0.6672532078024179,False
sp|P70274|SEPP1_MOUSE,-0.0103286790998282,0.013953947829853045,0.46126878237082847,-0.04627166682015626,0.025614308620499855,0.33604593646663533,0.6684114319667324,False
sp|P05367|SAA2_MOUSE,0.01077101665654549,0.01458059794395709,0.4621593586686871,-0.026786114790764034,0.04832814810385501,0.3352082481298848,0.6691072858730149,False
sp|Q4V9Z5|SE6L2_MOUSE,0.01065638362237827,0.01442895522656662,0.46226868410411404,-0.02651014206980709,0.047822909314563636,0.33510552637900304,0.6691072858730149,False
sp|Q8C7G5|APOA5_MOUSE,-0.010431560334032523,0.014176912401417111,0.46391870928788526,-0.04694886673144853,0.026085746063383486,0.33355811254991025,0.6709996697067488,False
sp|Q8VHI7|DRC2_MOUSE,-0.010699606450154386,0.01455294953192747,0.46427849462173104,-0.048185520307561416,0.026786307407252644,0.3332214323868451,0.6709996697067488,False
sp|P62492|RB11A_MOUSE / sp|P46638|RB11B_MOUSE,0.010780401177732839,0.014665454325346628,0.4643578296766705,-0.026995305823352973,0.04855610817881865,0.3331472272846668,0.6709996697067488,False
sp|Q8BV13|CSN7B_MOUSE,0.010809361399084515,0.014737386880071764,0.46534139888472165,-0.027151631584341435,0.04877035438251047,0.3322283089380255,0.6720438037735044,False
tr|A0A075B5M1|A0A075B5M1_MOUSE,0.010785886160827074,0.014724453535312074,0.46591775256744344,-0.02714179273417397,0.04871356505582812,0.3316907415904207,0.6724989982405645,False
sp|Q03958|PFD6_MOUSE,0.010729217385480754,0.01467142724824723,0.4666554395768295,-0.02706187484544027,0.048520309616401774,0.33100366744531784,0.673186418437163,False
sp|O54724|CAVN1_MOUSE,0.01069708465021235,0.014645249534720467,0.4671943281514775,-0.027026578259106523,0.04842074755953123,0.3305024383003395,0.6733904159295223,False
sp|Q9WVG5|LIPE_MOUSE,0.010553580050826301,0.014452865972677156,0.4673198731130316,-0.0266745356418603,0.0477816957435129,0.33038574989841274,0.6733904159295223,False
sp|P0CW02|LY6C1_MOUSE / sp|P0CW03|LY6C2_MOUSE,0.010735934385021637,0.014728781870758934,0.468109435087738,-0.02720289356325902,0.04867476233330229,0.32965260526169377,0.6741508922544325,False
sp|Q80UY2|KCMF1_MOUSE,-0.010646042298805954,0.014642925735070221,0.4692450879753391,-0.048363719496890153,0.027071634899278246,0.3286002648469903,0.6754086649169917,False
sp|P47915|RL29_MOUSE,0.010705760750989859,0.014737632649571905,0.4696229533817402,-0.027255865292716477,0.04866738679469619,0.32825068458110845,0.6755749189709391,False
sp|Q6P8X1|SNX6_MOUSE,-0.010593661903890363,0.014626716392862473,0.4709378905281779,-0.04826958660332459,0.027082262795543863,0.3270363658637217,0.677088256901205,False
sp|Q8K209|AGRG1_MOUSE,-0.010449587368851446,0.014439510928382382,0.4712968463121599,-0.04764330274709337,0.02674412800939048,0.3267054663167679,0.6772262161014575,False
sp|Q8K124|PKHO2_MOUSE,0.010587469417065155,0.014714331637953578,0.4738328257029702,-0.027314137198112362,0.04848907603224267,0.3243748559647815,0.6804905332878685,False
sp|Q80TM9|NISCH_MOUSE,0.01057496590391492,0.014718192847949466,0.47446916682991475,-0.027336586529117156,0.048486518336947,0.3237920047555753,0.6810245844966725,False
tr|Q6P9N8|Q6P9N8_MOUSE,0.010336538005954632,0.014418612245850365,0.47545540617973675,-0.02680334593341576,0.047476421945325024,0.32289021007938495,0.6820599837954441,False
sp|Q9DB77|QCR2_MOUSE,0.010327541913818341,0.014435283507731336,0.47634659946301017,-0.02685528435043219,0.047510368178068876,0.3220769307711962,0.6823898113635154,False
sp|P54071|IDHP_MOUSE,-0.010406687745082022,0.014548687690566381,0.47643055584045074,-0.04788162382662409,0.027068248336460043,0.32200039284974324,0.6823898113635154,False
sp|P35441|TSP1_MOUSE,-0.010387723322870407,0.014523820134120171,0.47648034207052453,-0.04779860482381066,0.02702315817806985,0.3219550121429785,0.6823898113635154,False
tr|Q8BSD7|Q8BSD7_MOUSE,0.010084242503951053,0.014112519621880128,0.4768858820003544,-0.026267199084996626,0.046435684092898735,0.32158553447554566,0.6825909650644317,False
sp|P56391|CX6B1_MOUSE,0.010499619390121463,0.014736469124612265,0.478158219572701,-0.02745900961189842,0.04845824839214135,0.32042837427156184,0.6837161051150313,False
sp|B1AWN4|AT10B_MOUSE,-0.010390517540134146,0.014588350259666474,0.47830884723929135,-0.047967617629418265,0.02718658254914997,0.32029158594453455,0.6837161051150313,False
sp|A2AN08|UBR4_MOUSE,-0.01048407975725989,0.014725071538100194,0.4784685131717617,-0.04841335052195225,0.02744519100743247,0.32014663679140304,0.6837161051150313,False
sp|Q78PY7|SND1_MOUSE,0.009972728125275743,0.014018086907782114,0.478819538924114,-0.026135470911484618,0.0460809271620361,0.31982813588929415,0.6838382211478611,False
sp|Q9CR00|PSMD9_MOUSE,0.010380432990234471,0.014684359473104914,0.4816060598051882,-0.027443970444435056,0.048204836424904,0.3173080572082932,0.6871095413828261,False
sp|Q9CQZ5|NDUA6_MOUSE,0.01041437551210467,0.014735452778305746,0.4816973384666877,-0.02754163555531633,0.048370386579525665,0.31722575329616226,0.6871095413828261,False
sp|P15535|B4GT1_MOUSE,-0.01033253433260389,0.014634787349664865,0.48214930385356936,-0.048029248439077396,0.027364179773869613,0.3168184559538212,0.6871095413828261,False
sp|O35516|NOTC2_MOUSE,-0.010324870926777951,0.014624875633867584,0.48217745292379294,-0.047996054145252376,0.02734631229169647,0.31679310150671836,0.6871095413828261,False
tr|A0A075B697|A0A075B697_MOUSE,-0.01026523006323347,0.014555582615434711,0.48263324003833563,-0.04775792629429715,0.027227466167830203,0.3163827705579887,0.6873534791839389,False
sp|Q8K4Q8|COL12_MOUSE,0.01029152855064753,0.014601209169984747,0.4828825024635904,-0.027318693896646103,0.04790175099794116,0.3161585312349541,0.6873534791839389,False
sp|Q91WZ8|DTBP1_MOUSE,-0.010318760152877984,0.014687117997981149,0.4842882329121395,-0.04815026907675829,0.02751274877100232,0.3148960831802015,0.688973591021414,False
sp|P62257|UBE2H_MOUSE,0.010222065498468928,0.014566098850452593,0.48478519789854,-0.027297718758916817,0.04774184975585467,0.31445064909161535,0.6892997706177474,False
sp|Q9EQQ9|OGA_MOUSE,0.010274446972824553,0.014669210146148507,0.4856306689375014,-0.027510934381541615,0.04805982832719072,0.31369389415327514,0.6901208457583146,False
tr|A0A075B5J7|A0A075B5J7_MOUSE,-0.010211590017048891,0.014606133130943366,0.4864252029719291,-0.04783449574726926,0.02741131571317148,0.31298393121049917,0.6907837751161974,False
sp|Q6P9Q4|FHOD1_MOUSE,-0.010268009231436425,0.014693880649332717,0.4866336963342843,-0.04811693759083779,0.027580919127964933,0.3127978221923615,0.6907837751161974,False
sp|B9EJV3|GRB1L_MOUSE,0.010113995156791043,0.0145045956977034,0.4875662407996468,-0.027247367477482683,0.047475357791064765,0.31196637266398325,0.6917262093989479,False
sp|Q3UFY7|5NT3B_MOUSE,0.010134462291889933,0.014544901319578897,0.4878931506803567,-0.027330720744308458,0.04759964532808832,0.31167527871619344,0.6918088452653737,False
sp|Q8BMG7|RBGPR_MOUSE,0.010228477068818576,0.014740623339190805,0.4896842212994235,-0.027740852480845943,0.048197806618483094,0.3100838896779096,0.6939663565470642,False
sp|O08692|NGP_MOUSE,0.010188711015905173,0.01470039922981149,0.49018749605502,-0.027677008094110948,0.048054430125921296,0.3096377711409928,0.6942974710350256,False
sp|Q8BML9|SYQ_MOUSE,0.009945170635833722,0.01441643856801762,0.49221328517353563,-0.027189114280478606,0.04707945555214605,0.3078466685696381,0.6967835125463739,False
sp|Q9D0M3|CY1_MOUSE,-0.009974839952615519,0.014491503556844273,0.4931685745375995,-0.04730247946681812,0.02735279956158708,0.30700460510902156,0.6973787010773608,False
sp|Q60805|MERTK_MOUSE,0.0095102861141173,0.013822386680814116,0.49334916893934116,-0.02609382254330772,0.04511439477154232,0.30684559904241254,0.6973787010773608,False
sp|Q9R059|FHL3_MOUSE,0.009986207490907709,0.01452232925659405,0.49359351779368305,-0.02742083376401277,0.04739324874582818,0.30663055238834674,0.6973787010773608,False
sp|Q8VI93|OAS3_MOUSE,0.01008397223422511,0.014668707125573322,0.4937170376947684,-0.02770011342500321,0.04786805789345343,0.30652188544170417,0.6973787010773608,False
sp|P62874|GBB1_MOUSE,0.010098446277034146,0.014718405472998642,0.4945558739183631,-0.02781365384183027,0.048010546395898565,0.3057846355862576,0.6981805785854084,False
sp|P26645|MARCS_MOUSE,-0.009801519428217331,0.014311827209453882,0.49534382277908284,-0.046666343341657125,0.027063304485222463,0.3050932485383638,0.6989097773458292,False
sp|Q8R4H2|ARHGC_MOUSE,-0.010058793865485433,0.014716275738508377,0.49618526399260693,-0.04796540815184104,0.027847820420870178,0.3043561378101362,0.6997136115996511,False
sp|Q8C6C9|LEG1H_MOUSE,-0.008222539985189865,0.012053597639792921,0.49703409109037333,-0.039270549998956336,0.022825470028576603,0.3036138224041536,0.7002792488393609,False
sp|Q9JHK5|PLEK_MOUSE,0.010054558770079011,0.014742497904251412,0.49713027839935986,-0.027919599339200026,0.04802871687935805,0.30352978475618647,0.7002792488393609,False
sp|Q61781|K1C14_MOUSE,0.010032286597203259,0.014730836735662419,0.497741966684223,-0.027911834332310627,0.04797640752671715,0.30299574054790024,0.7007575528769132,False
sp|Q03311|CHLE_MOUSE,-0.009480991506152834,0.013944624097795994,0.49845787752147813,-0.04539996288422991,0.026437979871924235,0.3023715361144487,0.7009102700454901,False
sp|P26039|TLN1_MOUSE,0.00997638871257487,0.01467938068545256,0.4986366813024968,-0.027835190214963577,0.04778796764011332,0.3022157765717153,0.7009102700454901,False
tr|O19441|O19441_MOUSE,0.007153585011036928,0.01052661883908964,0.4986670348440147,-0.01996118826198007,0.034268358284053925,0.30218934054149077,0.7009102700454901,False
sp|Q64521|GPDM_MOUSE,-0.009784687295324293,0.014436173303653576,0.49979025661475174,-0.046969805521985514,0.027400430931336928,0.3012122146755442,0.7021057887523108,False
tr|A0A075B5N7|A0A075B5N7_MOUSE,-0.009896613729090785,0.014666250149405386,0.5016856488604963,-0.04767437063710762,0.027881143178926045,0.29956832215311224,0.7043841580238702,False
sp|Q9CXY6|ILF2_MOUSE,0.009625723689541048,0.014292687463949934,0.5025181927316538,-0.02718979950656721,0.04644124688564931,0.2988482108031039,0.7051685810812035,False
sp|P97287|MCL1_MOUSE,0.009592069823919606,0.014289362951739649,0.5039102995683852,-0.027214889996217392,0.04639902964405661,0.2976467648829643,0.706736939754135,False
sp|O55106|STRN_MOUSE,0.009833544727961371,0.014676260038575757,0.5046981369005944,-0.027969995945905782,0.047637085401828524,0.2969682984667987,0.7074565609793307,False
sp|Q7TMQ7|WDR91_MOUSE,0.009776848488212031,0.014608434069460639,0.5051867081123358,-0.027851984066866793,0.047405681043290855,0.2965480846198875,0.7074653264116926,False
sp|O55131|SEPT7_MOUSE,0.00984504305284206,0.014736024391019028,0.5059274986117058,-0.02811244039135609,0.04780252649704021,0.29591171479826495,0.7074653264116926,False
sp|Q9R0P3|ESTD_MOUSE,0.009842808897116338,0.014739522952845384,0.5061244804963548,-0.028123686245154416,0.04780930403938709,0.29574265599815547,0.7074653264116926,False
sp|Q62261|SPTB2_MOUSE,-0.009638121904806523,0.014434228184270597,0.5061603984130465,-0.046818229835962163,0.027541986026349122,0.2957118367034051,0.7074653264116926,False
sp|Q9JJK2|LANC2_MOUSE,-0.009640037982097768,0.014438233871344424,0.506193774304486,-0.04683046387939902,0.027550387915203485,0.29568320054843755,0.7074653264116926,False
tr|B9EKK6|B9EKK6_MOUSE,0.009823156849291017,0.014721237187833502,0.5064455963556135,-0.02809623728362432,0.04774255098220636,0.29546720079047956,0.7074653264116926,False
tr|A0A0B4J1I1|A0A0B4J1I1_MOUSE,0.009823214203318787,0.014727644575090522,0.5066275968555966,-0.028112684265452367,0.047759112672089946,0.2953111571517251,0.7074653264116926,False
sp|P63242|IF5A1_MOUSE,-0.009764159502761154,0.01465209601583695,0.507003479868603,-0.04750545777876606,0.027977138773243752,0.2949890598332408,0.7076064827434431,False
sp|Q61245|COBA1_MOUSE,0.00897101718710204,0.013494225329719459,0.5080187197245705,-0.025787803845881162,0.04372983822008524,0.29412028432376763,0.7086393300600048,False
tr|Q9EPV7|Q9EPV7_MOUSE,-0.008544558984270714,0.012886713916146764,0.5091346532239633,-0.041738534315932954,0.024649416347391526,0.2931673425781166,0.709369945370003,False
sp|Q9QWL7|K1C17_MOUSE,0.00976783191162444,0.014735161341069275,0.509235997825184,-0.02818742846322271,0.04772309228647159,0.2930809037138764,0.709369945370003,False
sp|Q8VDM4|PSMD2_MOUSE,-0.009767936491393445,0.014739957624783522,0.5093689432967516,-0.04773555127437989,0.028199678291593,0.2929675379079731,0.709369945370003,False
sp|Q99LC5|ETFA_MOUSE,0.009764067919313795,0.014744511166010546,0.5096666508067,-0.02821527600860014,0.047743411847227725,0.29271378282185395,0.7094008788255419,False
sp|Q8CI19|PDGFC_MOUSE,0.009643329663383451,0.014581518042401683,0.510226530620604,-0.027916171800461798,0.0472028311272287,0.29223696281254197,0.7097964972166695,False
sp|Q91YP3|DEOC_MOUSE,0.009706409912251435,0.014701962612519352,0.5109459691400089,-0.028163336204756258,0.047576156029259124,0.29162502265392204,0.7104135370062218,False
sp|Q9DC22|DCAF6_MOUSE,-0.009655222583362157,0.014645449468058184,0.5115510477496805,-0.04737940048683108,0.028068955320106767,0.2911110214830009,0.7107136977466788,False
sp|P42567|EPS15_MOUSE,0.009718660155379037,0.01474737519514346,0.5117138623776087,-0.028268061022701674,0.04770538133345975,0.29097281778935463,0.7107136977466788,False
sp|Q64516|GLPK_MOUSE,-0.009667515728447406,0.01468889584343314,0.5122623287373189,-0.04750360407874013,0.028168572621845314,0.2905075805340796,0.7110919118590815,False
sp|Q60790|RASA3_MOUSE,0.009606656502337243,0.014615930364392023,0.5128239533991892,-0.028041485228893884,0.047254798233568374,0.29003169763484155,0.7114879741395,False
sp|Q9DBP5|KCY_MOUSE,0.0096698488890305,0.014726800271988472,0.5132444607682757,-0.028263874799069322,0.047603572577130326,0.2896757290898663,0.7116879302521862,False
sp|Q61792|LASP1_MOUSE,0.009667761352448238,0.014734566729911889,0.5135566476870254,-0.028285967405555505,0.04762149011045198,0.28941164472299796,0.711737549942998,False
sp|P39039|MBL1_MOUSE,-0.00964148747704082,0.014740000211280323,0.514853359314498,-0.04760921195557366,0.02832623700149202,0.2883164492289052,0.713150833907925,False
sp|P97321|SEPR_MOUSE,-0.009535837546683253,0.014595024552177392,0.5153287043621987,-0.047130129474197445,0.02805845438083094,0.2879156661961848,0.7134254912541191,False
sp|P04202|TGFB1_MOUSE,-0.00947779391025227,0.01455531755660109,0.5167440590804735,-0.046969807395005135,0.0280142195745006,0.28672450768257884,0.7145417160567569,False
sp|O88792|JAM1_MOUSE,0.009520345411308523,0.014621337630630012,0.5167632943794256,-0.028141724514750513,0.047182415337367556,0.2867083417904531,0.7145417160567569,False
tr|E9PYC2|E9PYC2_MOUSE / tr|L7N1X9|L7N1X9_MOUSE,0.009541950472749602,0.014672380087889753,0.5172724971678355,-0.028251596110444213,0.04733549705594342,0.2862806119558387,0.7145417160567569,False
sp|Q9Z1X4|ILF3_MOUSE,0.00937776268092111,0.014433161797843829,0.5176561596853022,-0.027799598420827555,0.04655512378266977,0.28595861387263083,0.7145417160567569,False
sp|Q99LD4|CSN1_MOUSE,0.009580131877440362,0.01474842980173681,0.5177639172278846,-0.028409305787207212,0.047569569542087936,0.2858682186652374,0.7145417160567569,False
sp|Q9JI90|RNF14_MOUSE,-0.008972774072410346,0.013814605666174363,0.5177999387036537,-0.044556840164314944,0.026611292019494255,0.28583800531224474,0.7145417160567569,False
tr|A0A075B5M3|A0A075B5M3_MOUSE,-0.009507167184570064,0.014698636429431543,0.519542193448853,-0.04736834562171121,0.02835401125257108,0.2843791764265295,0.7165619432944813,False
sp|P35918|VGFR2_MOUSE,-0.009432844196225445,0.014594136908769678,0.5198393314327833,-0.04702484970583895,0.028159161313388057,0.2841308645464141,0.7165879434900518,False
tr|Q80ZX2|Q80ZX2_MOUSE,-0.009324653566662401,0.014455074555052834,0.5206556554177999,-0.04655845819055157,0.027909151057226772,0.28344940989385364,0.7173292202786703,False
tr|Q9CV82|Q9CV82_MOUSE,0.009475660014877188,0.014715194690503336,0.5213916802992504,-0.0284281696763485,0.047379489706102874,0.28283590302759376,0.7178952204098169,False
sp|P24063|ITAL_MOUSE,0.009461439062034921,0.014701331409921303,0.5216240611210747,-0.028406681184824242,0.047329559308894084,0.28264238397264474,0.7178952204098169,False
sp|P01756|HVM12_MOUSE / sp|P01757|HVM13_MOUSE,-0.009298570056795864,0.014470057860809776,0.5222498886741156,-0.0465709691187178,0.027973829005126072,0.28212164392443206,0.7183725765682947,False
sp|Q9CYA0|CREL2_MOUSE,0.00917123485434142,0.014324023342404171,0.5237610646301895,-0.02772500421574171,0.04606747392442455,0.2808667893104629,0.7200665997985787,False
sp|P04071|K1B16_MOUSE,-0.009313281326049316,0.014567918559531831,0.5243878159862847,-0.046837752843405286,0.02821119019130666,0.28034740758339544,0.7203283705653372,False
tr|Q80UR4|Q80UR4_MOUSE,0.009396508171561522,0.014706894402421003,0.5246351833927301,-0.028485941394393796,0.047278957737516836,0.28014258785746615,0.7203283705653372,False
sp|P97470|PP4C_MOUSE,-0.009420023682510433,0.014749244494436375,0.5247906886138146,-0.04741155985648693,0.028571512491466066,0.2800138792717147,0.7203283705653372,False
sp|O55111|DSG2_MOUSE,0.009392685268410417,0.014722650846236533,0.5252461089761188,-0.028530350207244662,0.047315720744065495,0.27963715616419876,0.7205473299907283,False
sp|P70326|TBX5_MOUSE,-0.009373889964095833,0.014714210332637319,0.5258366338155113,-0.047275184117485054,0.028527404189293386,0.2791491608890073,0.7205473299907283,False
sp|Q8C8T8|TSR2_MOUSE,0.009358900719044832,0.014694677857285432,0.5259489258274833,-0.02849208111196215,0.04720988255005182,0.2790564275349515,0.7205473299907283,False
tr|A0A0A6YYE7|A0A0A6YYE7_MOUSE,0.009363371383499929,0.014713791036041961,0.5262882989159818,-0.028536842733432093,0.04726358550043195,0.2787762856405458,0.7205473299907283,False
sp|Q8R429|AT2A1_MOUSE,-0.009277580807267313,0.014582257961295635,0.5263811153926031,-0.04683898817588185,0.028283826561347227,0.2786996999942206,0.7205473299907283,False
sp|Q6PD24|AN13D_MOUSE / sp|Q80UP5|AN13A_MOUSE,0.008877925998416483,0.013977773721071736,0.527080385843919,-0.02712643315069585,0.044882285147528816,0.2781231448137783,0.7205473299907283,False
sp|Q9ERI5|JMJD6_MOUSE,0.00936671379884636,0.01474960850781354,0.5271437381884524,-0.028625760011453925,0.04735918760914665,0.2780709479932875,0.7205473299907283,False
sp|Q8BYH7|TBC17_MOUSE,-0.009337915639306393,0.014705868577318034,0.5271888037679736,-0.04721772285490117,0.028541891576288378,0.27803382169443414,0.7205473299907283,False
sp|Q8K1M6|DNM1L_MOUSE,-0.009195637265456729,0.014503406980113844,0.5278029037739401,-0.04655393796612964,0.028162663435216177,0.2775282247837792,0.720725660975792,False
sp|Q6NV83|SR140_MOUSE,0.009242574553099656,0.014580133683364195,0.5278790666409102,-0.028313361038170202,0.04679851014436952,0.2774655598641625,0.720725660975792,False
sp|Q8BY87|UBP47_MOUSE,0.00933941025231498,0.014747944098737358,0.5282993366895505,-0.028648776324313785,0.04732759682894375,0.277119934594622,0.7209172188529903,False
sp|Q61810|LTBP3_MOUSE,-0.009207313364223008,0.01456142188217125,0.5289232060443374,-0.0467150505496579,0.02830042382121188,0.276607378271407,0.7213065193691603,False
sp|Q8BMD8|SCMC1_MOUSE,-0.009047214342248372,0.014315942957162046,0.5291448602284831,-0.04592263971924087,0.027828211034744123,0.27642541797312015,0.7213065193691603,False
sp|Q3TVC7|CCDB1_MOUSE,0.009242223175330501,0.014671389554093061,0.5304585532520103,-0.028548771961883643,0.047033218312544645,0.27534854351972704,0.722714695568215,False
sp|P46935|NEDD4_MOUSE,0.009269683762415742,0.01472544372088203,0.5307499998969631,-0.028660545681592348,0.04719991320642383,0.2751099972462751,0.7227293758512322,False
sp|Q80SZ7|GBG5_MOUSE,-0.009135906292072046,0.014535702709737195,0.5313924792890312,-0.04657739527948827,0.02830558269534418,0.274584596381117,0.7229687320475231,False
sp|Q06335|APLP2_MOUSE,-0.008728192901988462,0.01389022516239481,0.53148730476348,-0.044507041908177294,0.027050656104200373,0.27450710468163386,0.7229687320475231,False
sp|Q6IRU5|CLCB_MOUSE,-0.009084758625834213,0.014482639037688677,0.5321935608223343,-0.046389564651833956,0.028220047400165527,0.27393038441868867,0.7232491488594911,False
tr|E9PWQ3|E9PWQ3_MOUSE,0.00913552487476873,0.014565939673118318,0.5322601453287276,-0.028383849368974923,0.04665489911851238,0.2738760517904541,0.7232491488594911,False
sp|Q8K2Z4|CND1_MOUSE,0.009226709279275613,0.014729802584755243,0.5327733633958874,-0.028714747854027275,0.0471681664125785,0.2734574963365518,0.7232491488594911,False
sp|O54984|GET3_MOUSE,0.00919002934708986,0.014672810054427408,0.5328169457811474,-0.028604624756511196,0.046984683450690914,0.27342197125852863,0.7232491488594911,False
sp|Q9D3D9|ATPD_MOUSE,0.009092914447050422,0.014553319786070695,0.5338162077357035,-0.028393953121828488,0.04657978201592933,0.272608244292758,0.7242237802526009,False
sp|Q8BG32|PSD11_MOUSE,-0.009199905775197236,0.014749108360272156,0.5344956777093958,-0.04719109129080433,0.02879127974040986,0.2720558024375203,0.7247637546612397,False
sp|O35643|AP1B1_MOUSE,0.009187263561838856,0.014751291446215788,0.5351163701228013,-0.028809545210514008,0.047184072334191716,0.27155176301330936,0.7251013790947284,False
sp|O35379|MRP1_MOUSE,-0.009179499738857597,0.014745756976354128,0.5353078530714869,-0.04716205266156119,0.028803053183845993,0.2713963853843697,0.7251013790947284,False
sp|P06329|HVM50_MOUSE,0.009098939968533861,0.014672809095984235,0.5368759886980108,-0.02869571166628118,0.0468935916033489,0.27012601903759054,0.7267926898913409,False
sp|Q9WU28|PFD5_MOUSE,0.009131038450515818,0.014749015790946216,0.5375495293156237,-0.028859908622308902,0.04712198552334054,0.26958151407753395,0.7267926898913409,False
sp|P59997|KDM2A_MOUSE,-0.009103703884504332,0.01470631180331786,0.5375895027606801,-0.04698465277461755,0.028777245005608885,0.26954922012093724,0.7267926898913409,False
sp|P33434|MMP2_MOUSE,-0.009129582279830177,0.014751604463472266,0.5376854657254386,-0.047127197331204795,0.02886803277154444,0.269471702858109,0.7267926898913409,False
sp|Q08857|CD36_MOUSE,0.009039853168681312,0.014631253906844815,0.5383688379392606,-0.028647759392233893,0.04672746572959652,0.2689200860476236,0.7273346052956957,False
sp|Q0VFX2|CF157_MOUSE,-0.009101438129364679,0.014742817143013344,0.5386956855837403,-0.047076418543201534,0.028873542284472174,0.26865650270664865,0.727394541362418,False
sp|Q9WTP6|KAD2_MOUSE,-0.009013458878856623,0.01462830001349283,0.5394712857414532,-0.04669346271471623,0.028666544957002986,0.26803166641371745,0.7277352509744024,False
tr|A3KG49|A3KG49_MOUSE / tr|A2BG95|A2BG95_MOUSE / tr|Q52KH6|Q52KH6_MOUSE,-0.009085635787426894,0.01475235593667974,0.5396610390754646,-0.047085186505510156,0.028913914930656363,0.2678789347702701,0.7277352509744024,False
sp|P21126|UBL4A_MOUSE,0.008836444245155613,0.014352526229679884,0.5397958560625664,-0.028133213397208045,0.04580610188751927,0.26777045378481656,0.7277352509744024,False
sp|Q9ES97|RTN3_MOUSE,0.009063115121608708,0.014740228992985011,0.5403319903438105,-0.028905198659543184,0.047031428902760596,0.26733931930420823,0.7280768577369504,False
sp|Q9ERI2|RB27A_MOUSE,-0.008968282551778447,0.014664324563879564,0.5424928457343244,-0.04674107948017138,0.028804514376614482,0.2656059848132438,0.7306062122206514,False
sp|P01872|IGHM_MOUSE,0.008969281372952068,0.014753234784120016,0.5448782600922343,-0.0290325331061212,0.04697109585202534,0.2637005195143702,0.7334351906625736,False
sp|P11276|FINC_MOUSE,-0.008937840585143197,0.014744392556696309,0.5460457521054207,-0.04691687899570984,0.029041197825423446,0.26277096708561637,0.7343920375474793,False
sp|Q6PDN3|MYLK_MOUSE,0.008901979482341588,0.014698631612064127,0.5464109150488718,-0.028959186546083406,0.04676314551076658,0.262480633817468,0.7343920375474793,False
sp|Q8K0G5|EIPR1_MOUSE,-0.008851792542254476,0.014616998878241725,0.5464447160935807,-0.046502686582770916,0.028799101498261967,0.26245376913967167,0.7343920375474793,False
tr|A0A075B5P9|A0A075B5P9_MOUSE,0.008847872884223437,0.014628527762517924,0.5469374288858839,-0.02883271759424886,0.046528463362695734,0.26206235528253596,0.7346707769333078,False
sp|E9Q555|RN213_MOUSE,-0.008213070413926648,0.013590131650155175,0.5472655679879248,-0.04321892975748372,0.026792788929630426,0.2618018752692436,0.7347282781902535,False
sp|Q99KC8|VMA5A_MOUSE,0.008723848598722196,0.014504438418355522,0.5491725061449749,-0.028637108910798424,0.046084806108242816,0.2602912134753633,0.7369042226802035,False
sp|Q01730|RSU1_MOUSE,0.008823279296494199,0.01468101237765818,0.5494782088706048,-0.028992502591641857,0.04663906118463026,0.2600495260883608,0.7369304103342746,False
sp|Q99KR7|PPIF_MOUSE,0.008637889289682356,0.014383513681469392,0.5497821120631566,-0.028411586739043024,0.04568736531840774,0.25980939464650454,0.736954158543794,False
sp|P29699|FETUA_MOUSE,0.006782896980723865,0.011314779602185843,0.5504909222143756,-0.022362043881783797,0.03592783784323153,0.25924983829933285,0.7375203562445459,False
tr|A0A075B680|A0A075B680_MOUSE,0.008805839227836218,0.014719798167819176,0.5513148239030965,-0.02910984823515783,0.04672152669083027,0.25860032993545656,0.7382400788093986,False
sp|P46460|NSF_MOUSE,0.008630821332864119,0.014489696698596406,0.5530283235513923,-0.028692164022916262,0.0459538066886445,0.25725262557219475,0.7401496534016815,False
sp|P36916|GNL1_MOUSE,0.008715987585843011,0.014753943585667208,0.5562888664143034,-0.029287652645025915,0.046719627816711934,0.2546996319578202,0.744126665463289,False
sp|P70269|CATE_MOUSE,-0.008529977747564619,0.014453652814238797,0.556686292153761,-0.04576012020980294,0.028700164714673706,0.25438947263104633,0.7442716522824167,False
sp|O89094|CASPE_MOUSE,-0.008678822938878453,0.01473105902140474,0.5573599358788487,-0.04662351643852117,0.029265870560764264,0.2538642524366416,0.7447855915350469,False
sp|Q9WVA4|TAGL2_MOUSE,-0.008510633781337807,0.014463407807946013,0.55784478878227,-0.045765903442223116,0.0287446358795475,0.2534866196144314,0.7450468522377308,False
sp|Q3TL44|NLRX1_MOUSE,-0.00859851324989076,0.014633685601114346,0.5584070427202528,-0.0462923894401627,0.02909536294038118,0.253049112957862,0.745175933098198,False
sp|P62334|PRS10_MOUSE,-0.008650402673418267,0.014739349151610983,0.5588694100301489,-0.04661645013337646,0.029315644786539925,0.2526896610383856,0.745175933098198,False
sp|Q9CR29|CCD43_MOUSE,-0.008650944896422715,0.014747701868105463,0.5590670545347094,-0.04663850752829163,0.0293366177354462,0.25253609968436563,0.745175933098198,False
sp|Q60675|LAMA2_MOUSE,-0.008383544769266078,0.014293015253349048,0.5590989913575606,-0.04519991229491396,0.02843282275638181,0.25251129122950594,0.745175933098198,False
sp|A2A8L5|PTPRF_MOUSE,-0.008600080215007494,0.01469214493004637,0.559899019831871,-0.046444537657808344,0.029244377227793356,0.251890292787178,0.7452494620355696,False
tr|F6YNI8|F6YNI8_MOUSE,-0.008621283980725184,0.014735080432351987,0.5600774261843866,-0.046576335948527434,0.02933376798707707,0.251751931136154,0.7452494620355696,False
tr|E9Q6D8|E9Q6D8_MOUSE,0.004479329490240328,0.00766041337362791,0.5603105550515755,-0.015252587754848335,0.02421124673532899,0.2515711962768922,0.7452494620355696,False
sp|Q99JY3|GIMA4_MOUSE,0.00779120808103676,0.013324330998732285,0.5603118285440244,-0.026529994155682843,0.042112410317756366,0.25157020919908357,0.7452494620355696,False
sp|P01786|HVM17_MOUSE,-0.008614106894819245,0.014747496754267599,0.5607329393016129,-0.04660114118845402,0.029372927398815536,0.251243931262397,0.7454245321123663,False
sp|Q3TYS2|CYBC1_MOUSE,0.008564306620549654,0.0147362704692402,0.5626995065288896,-0.029393810679141555,0.04652242392024086,0.24972346570947668,0.7476232377294296,False
sp|P50580|PA2G4_MOUSE,0.008566419378262715,0.014750047225657297,0.5629675564882968,-0.02942718449431551,0.04656002325084094,0.24951663258044607,0.7476232377294296,False
sp|P62196|PRS8_MOUSE,-0.008521603865735472,0.014745614252216903,0.5648910524915324,-0.04650378915542407,0.02946058142395313,0.24803530415255362,0.7497909588482968,False
sp|Q62283|TSN7_MOUSE,-0.008406431566779147,0.014576522501956788,0.5656959631507522,-0.04595306537115938,0.029140202237601085,0.2474169204068561,0.7502944382288425,False
sp|P35235|PTN11_MOUSE,0.008385991532518223,0.01454697456955571,0.5658531258409367,-0.02908453184172403,0.04585651490676047,0.24729628067463214,0.7502944382288425,False
sp|Q9CQM9|GLRX3_MOUSE,0.008302952222606462,0.014460085384740615,0.567386728664816,-0.028943759443227586,0.04554966388844051,0.24612082669146063,0.7517718515937036,False
sp|P35492|HUTH_MOUSE,0.008425386148616274,0.014684605384794026,0.5676841846207017,-0.029399650712588155,0.0462504230098207,0.24589320481921348,0.7517718515937036,False
sp|Q9D7V9|NAAA_MOUSE,-0.008460402529372208,0.014751704285108457,0.5678432044076713,-0.04645827470424245,0.029537469645498037,0.24577156721344004,0.7517718515937036,False
sp|Q9D1Q6|ERP44_MOUSE,0.008429615707987307,0.014752527530394431,0.5692716474701321,-0.02957037700621456,0.04642960842218918,0.24468044565252614,0.7528985464248175,False
sp|O35226|PSMD4_MOUSE,-0.008409971218558802,0.014726040329096404,0.5694782409197423,-0.04634173742348821,0.02952179498637061,0.2445228651389082,0.7528985464248175,False
tr|A0A0B4J1J3|A0A0B4J1J3_MOUSE / tr|A0A075B5N5|A0A075B5N5_MOUSE,-0.008425676260295497,0.01475710822353649,0.5695714052176871,-0.04643746805812324,0.029586115537532248,0.2444518221589376,0.7528985464248175,False
sp|P52479|UBP10_MOUSE,0.00841392496738816,0.014755627432291802,0.5700702027770738,-0.029594052564959082,0.0464219024997354,0.24407165871116376,0.7531712530276885,False
sp|Q60737|CSK21_MOUSE,0.00840799965458118,0.01475681495620024,0.5703722569173036,-0.029603036736648082,0.04641903604581044,0.2438416068601648,0.7531838777241318,False
sp|O89020|AFAM_MOUSE,-0.00827496947610871,0.014550605360880002,0.5710934887006882,-0.045754845149039144,0.02920490619682173,0.24329279139796997,0.7537223355408538,False
sp|Q8CG19|LTBP1_MOUSE,-0.0082494535387814,0.014516011602991053,0.5713654364954356,-0.0456402215964216,0.029141314518858805,0.24308603485512978,0.7537223355408538,False
sp|Q922J3|CLIP1_MOUSE,-0.008279773216777019,0.01458936468962364,0.5718920553191192,-0.045859486304471196,0.029299939870917162,0.24268593659729124,0.753827639354766,False
sp|P11352|GPX1_MOUSE,0.008137167748281821,0.014343271842414743,0.5720307601161991,-0.0288086521721779,0.04508298766874154,0.2425806170294538,0.753827639354766,False
sp|Q61753|SERA_MOUSE,-0.00827754943717572,0.01465999281261385,0.5738446909140918,-0.04603918851372274,0.029484089639371297,0.24120563200222603,0.7557150276193934,False
sp|P39061|COIA1_MOUSE,-0.008228144953111522,0.014590333804044916,0.5743122776658246,-0.04581035431413052,0.029354064407907478,0.2408518992585815,0.7557150276193934,False
tr|A0A075B666|A0A075B666_MOUSE,0.008320675340695916,0.014755613628587308,0.574343420990739,-0.029687266635664795,0.046328617317056627,0.24082834933987643,0.7557150276193934,False
sp|O88322|NID2_MOUSE,0.00825397489858128,0.014660149391056131,0.5749382255540803,-0.02950806749730567,0.046016017294468234,0.24037881573162556,0.7559288705642877,False
sp|Q60692|PSB6_MOUSE,-0.00825123874399211,0.014661238216173456,0.5750930708487144,-0.04601608576752271,0.029513608279538486,0.2402618650753694,0.7559288705642877,False
sp|Q9D154|ILEUA_MOUSE,0.008198072160054698,0.014618200160016382,0.5764360894731853,-0.02945591617725872,0.04585206049736812,0.23924883672618247,0.7573076175476796,False
sp|P16546|SPTN1_MOUSE,-0.008126807040226797,0.014513731064241975,0.5770290246356623,-0.045511700819329245,0.029258086738875647,0.2388023412254133,0.757421623629031,False
sp|Q61475|DAF1_MOUSE,0.007846901415975615,0.014024812891133404,0.5773263737853258,-0.028278622605796184,0.04397242543774742,0.2385786023354141,0.757421623629031,False
sp|O08796|EF2K_MOUSE,0.00809990121575602,0.014480008431170817,0.5774052998771991,-0.02919812881688891,0.045397931248400955,0.2385192341427613,0.757421623629031,False
sp|Q9CZE3|RAB32_MOUSE,0.008227307620151903,0.01474553996827665,0.5783788705221344,-0.029754686326786614,0.046209301567090424,0.2377875811755899,0.757955182747565,False
sp|Q922Q8|LRC59_MOUSE,0.008000627025720958,0.014346423591994655,0.5785680624383164,-0.02895331126366415,0.04495456531510606,0.23764554353564274,0.757955182747565,False
sp|Q8BMJ3|IF1AX_MOUSE,-0.008199922354107637,0.01471801217313057,0.5789344159424563,-0.04611100939964679,0.029711164691431514,0.23737063214053414,0.757955182747565,False
sp|Q9Z1E4|GYS1_MOUSE,0.008220683114665825,0.014757419268508116,0.5789894541609555,-0.02979190988191456,0.04623327611124621,0.23732934653407392,0.757955182747565,False
sp|B1AY13|UBP24_MOUSE,-0.007781533789996049,0.014013237823404126,0.5801839179859403,-0.04387724241312021,0.028314174833128113,0.2364343134974392,0.7591329211452217,False
sp|P63056|NOE3_MOUSE,-0.008131346763827577,0.014733853794410653,0.582512221928074,-0.046083239121675695,0.029820545594020545,0.2346949580955287,0.7617922658531185,False
sp|Q3UP87|ELNE_MOUSE,0.008085470037479805,0.014679056454471475,0.583238914303054,-0.02972527372639645,0.045896213801356056,0.23415350714675312,0.7623554336702355,False
sp|Q9R118|HTRA1_MOUSE,0.00793886604975831,0.014462801479287397,0.5845366415225348,-0.02931484181200055,0.045192573911517174,0.2331882600157813,0.7636640547541994,False
sp|P01639|KV5A7_MOUSE,-0.008009739830492189,0.014642173746850486,0.5858244563541719,-0.04572548003528407,0.02970600037429969,0.2322325018282697,0.7649584052292051,False
sp|P16330|CN37_MOUSE,0.008022665397045301,0.014747670256149063,0.5879029750600782,-0.029964815807819973,0.04601014660191058,0.2306943420750685,0.7670910557315923,False
sp|Q6ZQ73|CAND2_MOUSE,-0.008025790565712267,0.014759376132428495,0.5880534928210343,-0.04604342410972182,0.029991842978297288,0.23058316613419982,0.7670910557315923,False
sp|Q61592|GAS6_MOUSE,-0.007362905986119658,0.013558818482847968,0.588561438953119,-0.042288107955739895,0.027562295983500584,0.23020819517298677,0.7671813572866998,False
sp|Q04207|TF65_MOUSE,0.007996370077900803,0.01473156453574685,0.5887185871838908,-0.02994962554039769,0.04594236569619929,0.23009225230747435,0.7671813572866998,False
tr|A0A140T8M5|A0A140T8M5_MOUSE,-0.007964706854081191,0.014734626649794386,0.590269903009887,-0.045918589955474126,0.029989176247311747,0.22894936024815418,0.7686154461536379,False
sp|O35344|IMA4_MOUSE,-0.007922066912846701,0.014661518933610548,0.5904160592201537,-0.04568763701657778,0.029843503190884378,0.22884183828555027,0.7686154461536379,False
sp|Q8BH64|EHD2_MOUSE,-0.007866212633659959,0.014583898081248828,0.591071078772896,-0.04543184467131127,0.029699419403991355,0.22836029024784046,0.7690793470642786,False
sp|Q80Z71|TENN_MOUSE,-0.0078850759037927,0.014691119420509824,0.5928940943323686,-0.04572689180907824,0.029956740001492843,0.22702287553062722,0.7705038487711583,False
sp|O70591|PFD2_MOUSE,0.007759723924134092,0.014461831821380706,0.5930029003047773,-0.029491486264374298,0.04501093411264248,0.22694318254926119,0.7705038487711583,False
sp|P70218|M4K1_MOUSE,0.0075597286793492955,0.014097576723939598,0.5932248352541578,-0.028753222555203233,0.04387267991390182,0.22678067560039672,0.7705038487711583,False
sp|Q60932|VDAC1_MOUSE,0.007828416209555938,0.014607836668883184,0.593457303349408,-0.02979887754360952,0.0454557099627214,0.22661052116899016,0.7705038487711583,False
sp|P26350|PTMA_MOUSE,0.007821949196087204,0.014603875430286366,0.593661994548341,-0.029795141082622226,0.04543903947479663,0.22646075313939254,0.7705038487711583,False
sp|Q9CPP6|NDUA5_MOUSE,-0.007890626740452327,0.014758650094261975,0.5943252661331498,-0.04590639013407707,0.03012513665317241,0.2259758064926567,0.7709364471008657,False
sp|P58771|TPM1_MOUSE,0.00751472696055308,0.01407890319603225,0.5949356010315896,-0.028750124453615057,0.04377957837472122,0.22553004205342442,0.7709364471008657,False
sp|O88487|DC1I2_MOUSE,-0.007871032510708479,0.014752247925570084,0.5950802505957619,-0.045870305010610374,0.03012823998919342,0.22542446277436995,0.7709364471008657,False
sp|P54775|PRS6B_MOUSE,-0.007859394270555365,0.014745811155005457,0.5954636007218521,-0.04584208674821667,0.030123298207105947,0.22514478076187203,0.7709364471008657,False
sp|Q7M6Z0|R4RL2_MOUSE,-0.007479999606516024,0.014044473537164108,0.5957378035217884,-0.04365616609646041,0.02869616688342836,0.22494484015633906,0.7709364471008657,False
sp|B2RPV6|MMRN1_MOUSE,-0.0078229399096421,0.01469053464576212,0.5957916620313487,-0.045663249534996536,0.03001736971571234,0.22490557893083402,0.7709364471008657,False
tr|A0A075B5Q2|A0A075B5Q2_MOUSE,0.007847422569337442,0.014754841321060135,0.596247788375371,-0.03015853007466342,0.04585337521333831,0.22457321885020082,0.7711391537250528,False
tr|A0A140T8N8|A0A140T8N8_MOUSE,-0.007572656721637376,0.014254723158935891,0.5966723894540675,-0.0442903903484016,0.029145076905126844,0.22426405832680205,0.7713009050422811,False
sp|P18181|CD48_MOUSE,0.0077853057776969044,0.014728071475057034,0.5984914216288862,-0.03015169231251768,0.04572230386791149,0.2229420700962305,0.7732641298014963,False
sp|P97447|FHL1_MOUSE,-0.007591773403074658,0.014396411508281564,0.599365741119402,-0.044674472032054935,0.029490925225905615,0.22230808432665522,0.773744339031776,False
sp|P62264|RS14_MOUSE,0.007656409955397706,0.014533986434945785,0.5997420817993167,-0.029780658201117863,0.04509347811191328,0.2220354771718269,0.773744339031776,False
sp|P06684|CO5_MOUSE,0.006562765086541169,0.012461305977361852,0.5998403080734502,-0.025535432010436558,0.038660962183518895,0.22196435387210256,0.773744339031776,False
sp|Q6IEE6|T132E_MOUSE,0.007076217559257859,0.013444539428243777,0.6000650272025074,-0.027554621072731045,0.04170705619124676,0.22180168390806546,0.773744339031776,False
sp|Q99K41|EMIL1_MOUSE,0.007677909261935917,0.01466924815486554,0.6020894019893683,-0.03010756999639738,0.04546338852026921,0.22033901720083132,0.7752260771505062,False
tr|A0A140T8P6|A0A140T8P6_MOUSE,-0.007672698961532469,0.01468831118690671,0.6028058291955711,-0.0455072813364119,0.03016188341334696,0.21982255666392522,0.7752260771505062,False
sp|P70302|STIM1_MOUSE,0.007673200421445478,0.014694899052104811,0.6029444862937668,-0.030178351169659053,0.04552475201255001,0.21972267194962744,0.7752260771505062,False
sp|Q9R229|BMP10_MOUSE,-0.007627725394073899,0.014610906157451059,0.6030211806264606,-0.045262925625839404,0.030007474837691603,0.21966743335297303,0.7752260771505062,False
sp|Q9QZQ8|H2AY_MOUSE / sp|Q8CCK0|H2AW_MOUSE,-0.007485657464644734,0.014346531919466065,0.603216850266714,-0.04443987478710507,0.02946855985781561,0.2195265353815826,0.7752260771505062,False
tr|Q3UW77|Q3UW77_MOUSE,-0.006954737407014587,0.013331242779267064,0.6032775842562512,-0.04129374321057537,0.0273842683965462,0.21948281129005343,0.7752260771505062,False
sp|P35459|LY6D_MOUSE,0.0076943892825913855,0.014761354568467768,0.6035791002263999,-0.03032834037494333,0.045717118940126096,0.2192658066921597,0.7752260771505062,False
sp|Q9DCL2|CIA2A_MOUSE,-0.007661412767670751,0.01469986095415203,0.6036226348298116,-0.045525745371469854,0.03020291983612835,0.21923448328117925,0.7752260771505062,False
sp|Q8R2S8|CD177_MOUSE,0.00764136952543687,0.014735953386157179,0.6054523940346102,-0.03031593102235744,0.04559867007323118,0.2179199992110664,0.7771883921431312,False
sp|P10518|HEM2_MOUSE,0.0076209204583580735,0.014739316974797658,0.6064984345096651,-0.030345044119621464,0.04558688503633761,0.21717031579442614,0.7781432331152903,False
sp|Q8CDN6|TXNL1_MOUSE,0.00754662588729872,0.014619947658189084,0.6070963440479176,-0.030111863707015844,0.04520511548161329,0.2167423824533503,0.7784450032246607,False
sp|P12787|COX5A_MOUSE,0.007443213841646088,0.014429334275881658,0.6073382568847936,-0.02972428821687244,0.04461071590016462,0.21656936134300686,0.7784450032246607,False
tr|A0A075B5U5|A0A075B5U5_MOUSE,-0.007601873119347392,0.014762283992456274,0.6079550049094373,-0.04562699681442711,0.030423250575732332,0.21612856191583557,0.7788478296725379,False
tr|F8VQ05|F8VQ05_MOUSE,-0.007494804400275835,0.01458447955505404,0.6086950034991241,-0.04506193421519386,0.030072325414642193,0.21560026315854947,0.7794080726057905,False
tr|E9Q1Z0|E9Q1Z0_MOUSE,0.007551771164361278,0.014762072685308464,0.6103132733221339,-0.03047280823957507,0.045576350568297626,0.21444718474130264,0.7810917886702261,False
sp|P47856|GFPT1_MOUSE / sp|Q9Z2Z9|GFPT2_MOUSE,-0.007526266706605621,0.014744431956695739,0.6110925048217412,-0.04550540660484535,0.030452873191634113,0.2138930429607837,0.7817005464063504,False
sp|B8JK39|ITA9_MOUSE,0.007386902520629111,0.01448895728955141,0.611523712181805,-0.029934178243665864,0.044707983284924084,0.2135866982841921,0.781848589613867,False
tr|A0A075B674|A0A075B674_MOUSE,0.007490328151400334,0.01470388251522872,0.6118154982803659,-0.030384363307266113,0.04536501961006678,0.21337952582732922,0.781848589613867,False
sp|P57080|UBP25_MOUSE,-0.007478084601280533,0.01470526023301244,0.6124298716963958,-0.04535632482578631,0.030400155623225244,0.21294363443929204,0.7822454958423707,False
sp|Q9DB20|ATPO_MOUSE,0.007244235496738876,0.014264251709248981,0.6128988928411201,-0.029498042049142144,0.04398651304261989,0.21261116316971476,0.7823608704698847,False
sp|P08101|FCGR2_MOUSE,0.007423732762548137,0.014627133592912294,0.6131278588769814,-0.030253266572999864,0.04510073209809614,0.2124489502539941,0.7823608704698847,False
sp|P70704|AT8A1_MOUSE,0.0073949650522922876,0.014584483746102706,0.6134689337776464,-0.0301721755580517,0.044962105662636274,0.21220742516281607,0.7824083726980879,False
sp|P22437|PGH1_MOUSE,0.0073766437210695405,0.014579197239753528,0.6142185954747108,-0.03017687975130684,0.04493016719344592,0.21167703942371371,0.7829240804455212,False
sp|Q8C341|SUCO_MOUSE,-0.0073720298948169545,0.014580911960893167,0.6144813850797664,-0.04492997019615223,0.030185910406518326,0.21149126896888576,0.7829240804455212,False
sp|Q99JY9|ARP3_MOUSE,0.007439733233951584,0.014740523218816942,0.6150978527238538,-0.030529338422720056,0.045408804890623225,0.2110557890741374,0.7833219439979838,False
sp|P35762|CD81_MOUSE,0.007151022394971591,0.014217870749723511,0.6163243511827335,-0.029471785716237,0.04377383050618018,0.2101906728090556,0.784130286285337,False
sp|P40240|CD9_MOUSE,0.007321502578666329,0.014599346479335475,0.617350237012367,-0.030283921895469454,0.044926927052802115,0.20946838078515695,0.784130286285337,False
sp|Q60715|P4HA1_MOUSE,0.007390440676499324,0.01475028864423907,0.6176712755159681,-0.030603785049136255,0.045384666402134906,0.20924259483354643,0.784130286285337,False
sp|Q9EQG7|ENPP5_MOUSE,-0.0060957323884978706,0.01216823795827272,0.6177291684390923,-0.037439036293972786,0.02524757151697704,0.2092018913075027,0.784130286285337,False
sp|Q8C0J2|A16L1_MOUSE,0.00737035000506815,0.01471523889203758,0.6177917301591008,-0.0305335935417647,0.045274293551901004,0.20915790951839316,0.784130286285337,False
sp|Q91WR8|GPX6_MOUSE,0.007383746538618123,0.01474375564755923,0.6178338676289628,-0.030593651302729532,0.04536114437996578,0.20912828878103992,0.784130286285337,False
sp|Q5PT54|NTCP5_MOUSE,0.007389082951927694,0.014755687153951858,0.6178642139312422,-0.030619048413221578,0.04539721431707697,0.2091069579530238,0.784130286285337,False
sp|Q8BHC0|LYVE1_MOUSE,0.007381584964828032,0.014761084948021561,0.6183486168380999,-0.0306404501964605,0.04540362012611657,0.20876660633233673,0.7843584671714815,False
sp|Q61495|DSG1A_MOUSE / sp|Q7TSF0|DSG1C_MOUSE / sp|Q7TSF1|DSG1B_MOUSE,-0.00736087499370568,0.014740605045542166,0.6188465925784222,-0.04533015742205397,0.030608407434642607,0.208416995977921,0.7846036316540804,False
sp|P49817|CAV1_MOUSE,0.00731987103204497,0.014693155102912272,0.6196730260712949,-0.030527188443625522,0.04516693050771546,0.20783740797062603,0.7852647845145593,False
sp|Q6P5E4|UGGG1_MOUSE,-0.007170690833002551,0.014439340662583861,0.620778319120463,-0.044363967635611255,0.030022585969606157,0.2070634593574231,0.7859974493312548,False
sp|P35951|LDLR_MOUSE,-0.007219025863665027,0.014540146084881888,0.6208616745397174,-0.04467196022698561,0.030233908499655557,0.20700514809351706,0.7859974493312548,False
sp|O35593|PSDE_MOUSE,-0.00728210676445656,0.014733555783865766,0.6224329928265515,-0.04523323149801039,0.03066901796909727,0.2059073950949189,0.7870446389786788,False
sp|Q9D2V7|CORO7_MOUSE,0.007097372477853673,0.014366904268135198,0.6226050566678494,-0.029909320537290743,0.044104065492998085,0.20578735639037196,0.7870446389786788,False
sp|Q61699|HS105_MOUSE,0.007284958409639661,0.014746657825619288,0.6226057979027452,-0.030699914946999213,0.04526983176627854,0.20578683934665384,0.7870446389786788,False
sp|Q8K135|K319L_MOUSE,-0.007274961886061914,0.014746960976621724,0.6230897002390153,-0.04526061610793626,0.03071069233581243,0.20544942763519367,0.7872698616857039,False
sp|Q9JI39|ABCBA_MOUSE,0.007119271134996994,0.014560810989708153,0.6261781420196658,-0.03038689249573013,0.04462543476572412,0.20330209635807703,0.7900773168359023,False
tr|E9PYQ4|E9PYQ4_MOUSE,-0.007189438535156294,0.014712195640961524,0.6263626198752607,-0.045085543186689385,0.030706666116376798,0.20317416804191382,0.7900773168359023,False
tr|A0A075B5R3|A0A075B5R3_MOUSE,-0.0071210666348212855,0.01457723095157833,0.6264795978849342,-0.044669525284496775,0.030427392014854202,0.2030930677987504,0.7900773168359023,False
sp|Q60931|VDAC3_MOUSE,0.007153434178887127,0.014656613994811192,0.6267880871540932,-0.030599501639752454,0.04490636999752671,0.202879266403203,0.7900773168359023,False
sp|O88786|I13R2_MOUSE,0.007196833077451023,0.014748006668772315,0.6268458090468926,-0.030791514668907304,0.04518518082380935,0.20283927338830213,0.7900773168359023,False
sp|Q62420|SH3G2_MOUSE / sp|Q62419|SH3G1_MOUSE,0.007159605414932288,0.014757528859705436,0.6288484904352611,-0.030853269869865564,0.04517248069973014,0.2014539772795508,0.7918961132530362,False
sp|Q3V3A1|CDK15_MOUSE,-0.0069999908554659405,0.014430861662436768,0.6289039035349355,-0.04417142720103097,0.03017144549009909,0.201415709646677,0.7918961132530362,False
sp|Q8BYA0|TBCD_MOUSE,0.007117198833186044,0.014742156268960731,0.6305238176782426,-0.03085607928190013,0.04509047694827222,0.2002985035542416,0.7933054396432039,False
sp|P26928|HGFL_MOUSE,0.007115906082184698,0.014744466827477879,0.6306393145435489,-0.030863323637237514,0.045095135801606914,0.20021895848962887,0.7933054396432039,False
sp|Q6S5C2|GNPTG_MOUSE,-0.006674620451669021,0.013951775175769711,0.6336186599793863,-0.042612011785942754,0.029262770882604712,0.19817204131952726,0.7966640866440037,False
sp|Q61543|GSLG1_MOUSE,-0.007035972816556017,0.014734768446505375,0.6342553601843821,-0.04499022116207227,0.030918275528960232,0.19773585380483252,0.7970042797756379,False
sp|O08677|KNG1_MOUSE,0.006882160031769104,0.014423427785403535,0.6345082615689545,-0.03027012791549474,0.04403444797903295,0.19756271883255405,0.7970042797756379,False
sp|O08842|GFRA2_MOUSE,0.00695111097781303,0.014636970273640174,0.6361048352925421,-0.030751225968203497,0.04465344792382955,0.19647130316126327,0.7986201613253515,False
sp|Q62209|SYCP1_MOUSE,0.0069303015735773695,0.014688429776515806,0.6382929778383473,-0.030904586267892272,0.04476518941504701,0.19497993342203912,0.8006500609575852,False
tr|A0A075B5T5|A0A075B5T5_MOUSE,0.00692059653042687,0.014670071294868383,0.6383435243285136,-0.030867002996046673,0.044708196056900414,0.19494554295657301,0.8006500609575852,False
sp|O55042|SYUA_MOUSE,0.006934809618810239,0.014717693832193787,0.6387421908768586,-0.03097545743481543,0.04484507667243591,0.19467439641467954,0.8007600494196254,False
sp|P17439|GBA1_MOUSE,-0.006938760459790333,0.014762182042229278,0.6395618181525955,-0.044963621548487855,0.03108610062890719,0.19411747153712958,0.801397412040357,False
sp|P39053|DYN1_MOUSE,-0.0068370233494970305,0.014566792598651282,0.6400452691855261,-0.04435859458382224,0.03068454788482818,0.19378930810643308,0.8016131168058024,False
sp|Q8CI59|STEA3_MOUSE,0.006914953926701215,0.014757074626132727,0.640594163486139,-0.031096751329949397,0.04492665918335183,0.1934170225521699,0.8019105352342284,False
tr|A0A3B2WD20|A0A3B2WD20_MOUSE,-0.006522513553609052,0.013956196028198066,0.641469794771924,-0.042471292249114403,0.029426265141896304,0.19282378866195907,0.8024877111889832,False
sp|P08103|HCK_MOUSE,-0.006896950630678555,0.014766634986714006,0.6416785232381035,-0.044933281744266924,0.03113938048290981,0.19268249615414043,0.8024877111889832,False
sp|Q62087|PON3_MOUSE,-0.006870916809531507,0.01475404358674596,0.6426519849454106,-0.044874814626109476,0.031132981007046458,0.19202414672446794,0.8033149811817633,False
sp|P20108|PRDX3_MOUSE,0.006604206890181521,0.01421346544603107,0.6434027323937255,-0.030007253910685053,0.04321566769104809,0.19151709907440087,0.8036097606070158,False
sp|D3YX43|VSI10_MOUSE,-0.006824334248097733,0.014692062500372012,0.6435119714064724,-0.044668579366127885,0.031019910869932422,0.1914433694007583,0.8036097606070158,False
sp|P62751|RL23A_MOUSE,0.006776636872762203,0.01472597418413514,0.646588476161984,-0.031154958954037703,0.04470823269956211,0.18937203987889972,0.8068548241558545,False
sp|Q921I9|EXOS4_MOUSE,0.006536171381622432,0.014209856557376567,0.6467372260418189,-0.030065993538094627,0.043138336301339494,0.18927214044572394,0.8068548241558545,False
sp|P62192|PRS4_MOUSE,-0.006764166444257387,0.014753049710702619,0.6477967492437431,-0.04476550420579882,0.031237171317284044,0.1885612356852841,0.8074014532895191,False
tr|J3QK46|J3QK46_MOUSE,-0.006585188813732197,0.014363568915383488,0.6478168440508193,-0.04358329052952108,0.030412912902056687,0.18854776397755585,0.8074014532895191,False
sp|A2AKG8|FOCAD_MOUSE,-0.00672277815689039,0.01467706688813339,0.648116040368713,-0.04452839713749165,0.03108284082371087,0.18834722996265757,0.8074014532895191,False
sp|Q68SA9|ATS7_MOUSE,-0.006516340370516136,0.01427312370290538,0.6491897635681793,-0.0432814706576382,0.030248789916605935,0.18762833675231108,0.808347988969082,False
sp|Q8VED5|K2C79_MOUSE,0.006724484466149018,0.014765129614122753,0.6499890401698031,-0.031307969064606034,0.04475693799690407,0.18709396617853777,0.808652727515248,False
sp|Q00612|G6PD1_MOUSE,-0.006464389495674562,0.014197232483489176,0.6500625809540052,-0.043034036955942316,0.03010525796459319,0.18704483219602674,0.808652727515248,False
sp|P55065|PLTP_MOUSE,-0.006653556307004382,0.014639487696449639,0.6506598782712836,-0.044362377704462955,0.031055265090454188,0.18664597240031375,0.8090049186617843,False
sp|Q64310|SURF4_MOUSE,-0.0064078962048764255,0.01419523579795156,0.6528701138575932,-0.04297240054402641,0.03015660813427356,0.18517321144424845,0.8113612660151074,False
sp|P58774|TPM2_MOUSE,0.006306328297847191,0.014035917869292123,0.6543868029895827,-0.029847800252081107,0.04246045684777549,0.18416546765976805,0.8128538435591778,False
sp|P01803|HVM34_MOUSE,0.006608630381804516,0.014724980206137304,0.6547426239835853,-0.03132040512734148,0.04453766589095051,0.18392938542853554,0.8129036917828989,False
sp|P97500|MYT1L_MOUSE,0.006600736620224217,0.014747428479584932,0.6556182897113211,-0.03138612180948226,0.04458759504993069,0.18334893946714692,0.8135986004851334,False
sp|Q8BU30|SYIC_MOUSE,-0.006563569386771505,0.014697533083530492,0.656344052334012,-0.044421905793208774,0.03129476701966577,0.18286844589769483,0.8141069049904052,False
sp|Q8VCF0|MAVS_MOUSE,0.006509605259212683,0.014594424533840918,0.6567343131440121,-0.031083141123487753,0.04410235164191312,0.182610292042247,0.8141987753229808,False
sp|Q8BWT1|THIM_MOUSE,0.006480545639983001,0.014600727469127306,0.6583053874544712,-0.031128436028126483,0.044089527308092485,0.1815725907044056,0.8157537885925232,False
sp|Q61739|ITA6_MOUSE,-0.006518621417142912,0.014725655899521836,0.6591552023923622,-0.044449397397109,0.031412154562823175,0.1810123158966482,0.8164139712170912,False
tr|A0A140T8M2|A0A140T8M2_MOUSE,-0.0065120131118830285,0.014728770587333831,0.6595459469574624,-0.04445081199598666,0.031426785772220606,0.18075494414337898,0.8165051987574354,False
sp|P16056|MET_MOUSE,0.004759474218464608,0.010783810928027708,0.6601046336868049,-0.023017781973880026,0.03253673041080924,0.18038721865343352,0.8166170615137291,False
tr|A0A140T8P5|A0A140T8P5_MOUSE,0.006514558103100581,0.014768105843216637,0.6602705716782851,-0.031525561685768574,0.044554677891969735,0.18027805884170045,0.8166170615137291,False
sp|O35864|CSN5_MOUSE,0.00650199591891131,0.014758516665381501,0.6606776597808712,-0.031513423784693156,0.04451741562251578,0.18001037821957133,0.8167282640113986,False
sp|Q62219|TGFI1_MOUSE,0.0063503876340753615,0.014430022732985633,0.6610218980501738,-0.03081888777242582,0.04351966304057654,0.17978415315455915,0.8167617022452962,False
sp|Q01279|EGFR_MOUSE,-0.006088985632760951,0.0138593888077445,0.6615568224714311,-0.041788405453026894,0.02961043418750499,0.17943284743120164,0.8170306080882183,False
sp|Q9ESJ0|XPO4_MOUSE,-0.006445436124879983,0.014768554003472685,0.6636581491222113,-0.04448671029806935,0.03159583804830939,0.17805556849380072,0.8192328542615984,False
sp|P97503|NKX32_MOUSE,0.00454998187425917,0.0104846411457098,0.6654388132285768,-0.02245666402605465,0.03155662777457299,0.17689187151740196,0.8210373474190634,False
sp|P83510|TNIK_MOUSE,-0.0063485295982105994,0.014651138139840944,0.6659114006369207,-0.04408736054915583,0.031390301352734636,0.1765835497698354,0.821226942835283,False
sp|Q3V0K9|PLSI_MOUSE,0.006273208821215156,0.014520982962950891,0.66685443972956,-0.031130364611088087,0.0436767822535184,0.1759689530716027,0.821611598170835,False
sp|B2RXC1|TPC11_MOUSE,-0.0062824683557470605,0.014550990032923906,0.6670387052836815,-0.04376333487820044,0.031198398166706314,0.17584896517876736,0.821611598170835,False
sp|P39054|DYN2_MOUSE,-0.006342977589574944,0.014718899457893501,0.667628373434552,-0.04425635012920705,0.03157039495005716,0.1754652145868436,0.821611598170835,False
sp|Q9D0M0|EXOS7_MOUSE,0.006166081602795028,0.014321565286065015,0.6679150367097709,-0.03072382593373993,0.04305598913932998,0.17527877919349258,0.821611598170835,False
sp|Q64324|STXB2_MOUSE,0.00635044276426469,0.014759771195727793,0.6681263819326969,-0.03166820839536795,0.04436909392389733,0.17514137916445421,0.821611598170835,False
sp|Q9JHJ0|TMOD3_MOUSE,-0.006326513025545589,0.014704689381622763,0.668137742357176,-0.044203282834313865,0.03155025678322268,0.17513399474160876,0.821611598170835,False
sp|Q60960|IMA5_MOUSE,0.006273600781102006,0.014634682967352656,0.6692663940310436,-0.03142284445435294,0.043970046016556956,0.17440098173981108,0.8226066656944808,False
sp|P62900|RL31_MOUSE,0.006080631676637478,0.014212162922071486,0.6698705843991706,-0.030527474044845418,0.042688737398120374,0.17400909268749182,0.8229564669980268,False
sp|Q5SSH7|ZZEF1_MOUSE,0.00627165824361567,0.014677624793897226,0.6702718161609507,-0.031535397807000695,0.04407871429423203,0.17374904159853427,0.8230567127393648,False
sp|Q9JLJ2|AL9A1_MOUSE,0.006151997505103883,0.014433865557641796,0.6710511278772752,-0.031027176361755046,0.04333117137196281,0.17324438935550884,0.8236209028998968,False
sp|Q9ERL9|GCYA1_MOUSE,0.006193815464673761,0.014588462962513959,0.6722491211641126,-0.0313835749279075,0.043771205857255024,0.1724697568604449,0.8246274372007267,False
sp|O89023|TPP1_MOUSE,-0.006101537669275629,0.01439406962554528,0.672740811598754,-0.043178204008078314,0.030975128669527053,0.17215222518696488,0.8246274372007267,False
sp|P28654|PGS2_MOUSE,-0.0061553458139099095,0.014525306403739512,0.6728319400228066,-0.04357005569168864,0.03125936406386882,0.17209340031595977,0.8246274372007267,False
sp|P10107|ANXA1_MOUSE,0.0062190001754752295,0.014734975718134799,0.6740746239288992,-0.03173578206637789,0.04417378241732835,0.1712920219119283,0.8257574484381138,False
sp|P05480|SRC_MOUSE,-0.00619909550874568,0.01471008535143807,0.6745392207448728,-0.04408976441468529,0.03169157339719393,0.17099279342296364,0.8259336630613635,False
sp|P24369|PPIB_MOUSE,-0.0061699994502586045,0.014669394604097394,0.6751316169408573,-0.043955855936814794,0.03161585703629759,0.17061155318518983,0.8259890742579,False
sp|P63254|CRIP1_MOUSE,0.006188986906798437,0.014719079321517942,0.6752260199273318,-0.031724848930828144,0.044102822744425015,0.17055083046248518,0.8259890742579,False
sp|Q3UL36|ARGL1_MOUSE,-0.006168280188397508,0.014691305668402686,0.6756731536235302,-0.044010575836463214,0.03167401545966819,0.17026333646171102,0.8261435757742595,False
sp|Q9Z1K6|ARI2_MOUSE,0.006187156065744754,0.014761611330141337,0.6761978562221034,-0.03183623496603276,0.04421054709752227,0.1699262104297393,0.8263927288903257,False
sp|Q3U7R1|ESYT1_MOUSE,0.006048112862473358,0.014515691075210557,0.6780024471095026,-0.03134182957031724,0.043438055295263955,0.16876873863406394,0.8282050765213327,False
sp|O54916|REPS1_MOUSE,0.005949308175446764,0.014301523382466944,0.6784900741174272,-0.030888974838501376,0.0427875911893949,0.1684565014125876,0.8282343069863385,False
sp|Q99KN2|CIAO1_MOUSE,0.006099594100147615,0.014671485058499105,0.6786696651422036,-0.031691647040114235,0.04389083524040946,0.16834156226539843,0.8282343069863385,False
sp|P02468|LAMC1_MOUSE,0.006061777250820971,0.014641001018792786,0.679921923795887,-0.03165094220667479,0.043774496708316735,0.16754095495757315,0.8293685370965603,False
sp|Q99JR5|TINAL_MOUSE,0.006093005586404519,0.014732099066899023,0.6802432428535671,-0.031854366892899395,0.04404037806570844,0.16733576355920718,0.8293685370965603,False
sp|Q9WVC5|TRPC7_MOUSE / sp|Q61143|TRPC6_MOUSE,0.006089782711642445,0.014760500593461838,0.6809833145376791,-0.03193074725204749,0.044110312675332386,0.16686352904608265,0.8298779152553355,False
sp|P01887|B2MG_MOUSE,-0.005863269766991227,0.014249675915046243,0.681790788391178,-0.04256800255504233,0.03084146302105988,0.16634887077786137,0.8304689120658861,False
sp|Q791V5|MTCH2_MOUSE,0.006023240717687104,0.014744942734999714,0.683962036935028,-0.03195721485827563,0.044003696293649835,0.1649680029687458,0.8327197376395731,False
tr|A0A075B5L3|A0A075B5L3_MOUSE,0.005975759647452142,0.01466396088030752,0.6846801736240844,-0.031796100494138696,0.043747619789042985,0.16451224787435287,0.8332001167684392,False
sp|Q8CGU1|CACO1_MOUSE,-0.0058925761077951175,0.014487778763815068,0.6852551497399996,-0.04321062119096343,0.0314254689753732,0.16414769202303345,0.8335059095798294,False
sp|Q9ER41|TOR1B_MOUSE,-0.005955111936614885,0.014686448542267633,0.6861655090033987,-0.04378489645685088,0.031874672583621116,0.16357111610492364,0.8342191622680603,False
sp|Q9WV55|VAPA_MOUSE,0.005878819333729677,0.014536933663876716,0.6869546197650997,-0.03156584038143045,0.0433234790488898,0.16307195149439205,0.8347844010831204,False
sp|Q9JHU4|DYHC1_MOUSE,0.005893996882987557,0.01461342043962887,0.6877443245071219,-0.03174767971048894,0.04353567347646405,0.16257298486471922,0.8353498281159617,False
sp|Q9CZX0|ELP3_MOUSE,0.0053839583014554295,0.013385500644742136,0.6885537713553017,-0.029094806501944064,0.039862723104854926,0.16206213864448857,0.8357466143493575,False
sp|Q3UGC7|EI3JA_MOUSE / sp|Q66JS6|EI3JB_MOUSE,-0.005937629792123301,0.01477036209343955,0.6887201225822667,-0.04398356129643277,0.03210830171218618,0.161957227892026,0.8357466143493575,False
sp|Q9D883|U2AF1_MOUSE,0.00589071359781038,0.014679839844790533,0.6892458760982839,-0.03192204804580581,0.04370347524142658,0.16162582368880765,0.8359906410518516,False
sp|Q9WV91|FPRP_MOUSE,-0.005867554912222642,0.01466828286006309,0.6901720181040604,-0.04365054773591722,0.03191543791147194,0.1610426524472351,0.8367198430404688,False
sp|Q8CBW3|ABI1_MOUSE,0.005861777016737575,0.014729350227689439,0.6916771961414494,-0.03207851492197955,0.0438020689554547,0.16009654231060372,0.8378190152144152,False
sp|Q91WB4|PKHF2_MOUSE,-0.005877687343151323,0.014771968719943808,0.6917294082896491,-0.043927757243090323,0.03217238255678767,0.16006376026693037,0.8378190152144152,False
tr|A0A075B5X5|A0A075B5X5_MOUSE,0.005741243325665259,0.014619449732814217,0.6955384636629252,-0.03191596369787774,0.04339845034920826,0.15767884828204543,0.8420364569497095,False
sp|Q8BG79|C19L2_MOUSE,-0.005769927045292037,0.014770970128578607,0.6970744152478165,-0.04381742474433028,0.03227757065374621,0.15672085689998866,0.843156857495195,False
sp|Q8VE88|F1142_MOUSE,-0.005739919518491971,0.014696419381702703,0.6971188153814641,-0.0435953872191258,0.032115548182141865,0.15669319540713128,0.843156857495195,False
sp|Q80TH2|ERBIN_MOUSE,0.005702437029795653,0.014665917983055063,0.6984032290630751,-0.03207446427440236,0.04347933833399367,0.15589376133995334,0.8439963247582357,False
tr|D3YZZ5|D3YZZ5_MOUSE,-0.005684370304938277,0.014622779230229336,0.6984684147805049,-0.04335015354548923,0.03198141293561268,0.15585322819931152,0.8439963247582357,False
sp|P46471|PRS7_MOUSE,-0.0057198854426021625,0.014750942595622901,0.6991833115160763,-0.04371579563537531,0.03227602475017098,0.15540894622459006,0.8444638964136475,False
sp|P49586|PCY1A_MOUSE,-0.005678265525465974,0.014673425515013754,0.6997643041687095,-0.04347450495048052,0.032117973899548576,0.15504821517970635,0.8447693779814472,False
tr|A8R0V1|A8R0V1_MOUSE,-0.005461525611975877,0.014129966390491756,0.7001001531629703,-0.04185790709876563,0.030934855874813875,0.15483982733616225,0.8447787696319814,False
sp|Q62523|ZYX_MOUSE,-0.005664626510409755,0.014701539981508936,0.7009946491722343,-0.043533284002076233,0.03220403098125672,0.15428529707448452,0.8454619305004699,False
sp|Q8K296|MTMR3_MOUSE,0.005677560803643543,0.014771101737061946,0.7016876413102425,-0.03237027589638268,0.04372539750366977,0.15385617254918316,0.8459015338829,False
sp|Q8VI75|IPO4_MOUSE,0.0056324956218636105,0.014710406768717143,0.702778755355791,-0.032259001200122095,0.043523992443849316,0.15318137547953675,0.8464743369183172,False
sp|Q9CQQ7|AT5F1_MOUSE,0.005654826283292546,0.014770894683219743,0.7028202455655775,-0.032392477081379524,0.04370212964796461,0.15315573663210344,0.8464743369183172,False
sp|Q9JKW0|AR6P1_MOUSE,-0.0056437468526257945,0.014771039427487528,0.703377158740546,-0.04369142305382434,0.03240392934857275,0.1528117389391867,0.8467490340144488,False
tr|B1AVM1|B1AVM1_MOUSE,0.005322439283358698,0.013968635154295717,0.7041561284489128,-0.03065838047765953,0.04130325904437692,0.15233103658773062,0.847290668577547,False
sp|Q99LG2|TNPO2_MOUSE,0.005587693263422309,0.014733806982607862,0.7054759271372862,-0.032364078515212426,0.043539465042057045,0.15151780103055548,0.8484822570660963,False
sp|Q9WTX6|CUL1_MOUSE,0.005590084372317717,0.014773331107902165,0.7061068128075982,-0.032463494806447224,0.04364366355108265,0.15112959823405162,0.8488445578802826,False
tr|A0A075B5L4|A0A075B5L4_MOUSE,-0.005472529524269515,0.014535659249933884,0.7075134223127659,-0.04291390656665084,0.03196884751811181,0.15026531667847817,0.8498958345201074,False
sp|O08529|CAN2_MOUSE,-0.005536222364212183,0.014711589304041947,0.7076414249363535,-0.043430765195340004,0.03235832046691564,0.15018675166016532,0.8498958345201074,False
sp|Q8CFI0|NED4L_MOUSE,0.005520523967124849,0.01476625895396282,0.7094612701250681,-0.03251483855028391,0.04355588648453362,0.14907130793035567,0.8516842753249653,False
sp|P83741|WNK1_MOUSE,0.005500877793773227,0.014770720283695991,0.7105311238117811,-0.03254597634749503,0.04354773193504149,0.14841689366379696,0.8525711294572862,False
sp|Q02257|PLAK_MOUSE,0.005478978733787982,0.014772503492664468,0.7116641703799085,-0.03257246864939563,0.043530426116971596,0.1477248987199299,0.853237781441895,False
sp|Q9EST1|GSDMA_MOUSE / sp|Q5Y4Y6|GSDA3_MOUSE / sp|Q32M21|GSDA2_MOUSE,-0.005431492481465726,0.014649007845001416,0.7117494192377439,-0.0431648361565381,0.03230185119360665,0.1476728785497407,0.853237781441895,False
sp|Q9Z1Q2|ABHGA_MOUSE,-0.0054392424131229425,0.01468883943236463,0.7121040281441738,-0.04327518545813235,0.03239670063188647,0.1474565575586113,0.8532656456357598,False
sp|Q6ZWQ0|SYNE2_MOUSE,-0.0054602474447135365,0.014768546995901298,0.712531774581221,-0.04350150356759518,0.03258100867816811,0.14719576399650897,0.8533810788589042,False
sp|P02535|K1C10_MOUSE,-0.005429100430666155,0.014766913340877205,0.7140678270344535,-0.04346614853706485,0.03260794767573254,0.1462605340113134,0.8546558119275441,False
sp|Q9EQH3|VPS35_MOUSE,-0.0049308681987181545,0.013421182199309066,0.7142599251526505,-0.03950154259596733,0.02963980619853102,0.1461437160707641,0.8546558119275441,False
sp|P42669|PURA_MOUSE,-0.005395616031418846,0.014764631298970638,0.7157111706400965,-0.04342678598740268,0.03263555392456499,0.14526220437402237,0.8551447551336283,False
sp|P70375|FA7_MOUSE,0.0048088243315399,0.013162800883150616,0.7157911386170109,-0.0290963039000588,0.0387139525631386,0.14521368241088692,0.8551447551336283,False
sp|Q60872|IF1A_MOUSE,-0.0053748370941501,0.014735704056298848,0.716226303800616,-0.04333149541078907,0.03258182122248887,0.1449497333301349,0.8551447551336283,False
sp|Q9QZ08|NAGK_MOUSE,0.004875259574533621,0.013375424197625208,0.7164162829436743,-0.02957755002110643,0.039328069170173674,0.14483455192375488,0.8551447551336283,False
sp|P18052|PTPRA_MOUSE,0.005381429284942556,0.01477228249777922,0.7165661601883873,-0.0326694488531397,0.04343230742302481,0.1447437052272151,0.8551447551336283,False
sp|Q6ZWY8|TYB10_MOUSE / sp|P20065|TYB4_MOUSE / tr|A2AEH9|A2AEH9_MOUSE,-0.005368959911774772,0.014758759518171705,0.7169463749460113,-0.0433850051627127,0.032647085339163155,0.14451332680916945,0.8551447551336283,False
sp|P07361|A1AG2_MOUSE,-0.004120947815608567,0.011330053867908986,0.7169932141100984,-0.033305232579356095,0.025063336948138962,0.1444849546369211,0.8551447551336283,False
sp|Q8K274|KT3K_MOUSE,0.00533374759177536,0.014705153269560612,0.7177414389730102,-0.03254421711313679,0.04321171229668751,0.14403197894842565,0.8556408358127321,False
sp|Q9Z2R9|E2AK1_MOUSE,0.005266088040296797,0.014546184313333512,0.7182531506987028,-0.03220239976881101,0.0427345758494046,0.1437224602499591,0.8558546335257564,False
sp|P32883|RASK_MOUSE,0.005269161004933993,0.014592889894161824,0.7189591190173719,-0.032319632407910644,0.04285795441777863,0.14329580348350088,0.8562581047705068,False
sp|O35658|C1QBP_MOUSE,0.00528068016759618,0.014662103134397435,0.7196435289269161,-0.03248639473764091,0.043047755072833274,0.14288257545291913,0.8562581047705068,False
sp|Q8BTM8|FLNA_MOUSE,0.005294711617437093,0.014715903283934337,0.7199141413234577,-0.032610943289512466,0.043200366524386656,0.14271929547551257,0.8562581047705068,False
tr|Q91XL1|Q91XL1_MOUSE,0.005308002258544532,0.014764357753293336,0.7201232309313065,-0.03272246309046785,0.04333846760755691,0.1425931786603524,0.8562581047705068,False
sp|P21956|MFGM_MOUSE,-0.0051056319860835675,0.014208415227816771,0.7202543902652108,-0.041704084286884435,0.0314928203147173,0.1425140858248571,0.8562581047705068,False
sp|Q9CQW1|YKT6_MOUSE,0.005290472473623566,0.014771773131769866,0.7211422538359477,-0.03275909362456556,0.0433400385718127,0.14197905710836892,0.8566236592605774,False
sp|Q8K212|PACS1_MOUSE,0.005280956585178697,0.014749896945522544,0.7212272206900705,-0.03271226019142469,0.04327417336178209,0.14192789041830145,0.8566236592605774,False
tr|A0A075B5V9|A0A075B5V9_MOUSE,-0.004972369845085149,0.013946096365687548,0.7223394504143729,-0.04089513353393996,0.03095039384376966,0.141258665591872,0.8571050914135135,False
sp|Q99PT1|GDIR1_MOUSE,0.005219683618093171,0.014670631449578775,0.7228995302742041,-0.03256935877129792,0.04300872600748426,0.14092205744889102,0.8571050914135135,False
sp|Q91VD9|NDUS1_MOUSE,-0.005224748594751865,0.014690454085799361,0.7230004950808472,-0.043064850711393536,0.0326153535218898,0.14086140531846167,0.8571050914135135,False
sp|P01822|HVM46_MOUSE,-0.005114492492611429,0.014388798837388486,0.723154555054372,-0.04217758218082704,0.03194859719560418,0.14076887388951037,0.8571050914135135,False
sp|Q8BGZ7|K2C75_MOUSE,0.005248842521642489,0.01477469593203015,0.7232968402491514,-0.032808252211105504,0.043305937254390484,0.14068343213135773,0.8571050914135135,False
sp|Q9CYH2|PXL2A_MOUSE,-0.004872353055426487,0.013745700137658775,0.7238903304562847,-0.04027893026780411,0.03053422415695114,0.1403272245285146,0.8574137998734742,False
sp|P62315|SMD1_MOUSE,0.005124165088866616,0.014494382110343637,0.724589285944653,-0.032210889087791475,0.042459219265524706,0.13990809189893819,0.8576616923233996,False
sp|Q91VR2|ATPG_MOUSE,0.005197182074617016,0.014710753628899259,0.7247657640760068,-0.03269520819999002,0.04308957234922405,0.1398023297131974,0.8576616923233996,False
sp|P21107|TPM3_MOUSE,0.0051646350737249574,0.014761254497375005,0.7273166733069355,-0.03285783681775658,0.043187106965206494,0.13827645636889674,0.8591582159438899,False
sp|P35486|ODPA_MOUSE,0.004976064549598469,0.014226693833316493,0.7273975955324319,-0.03166947031887659,0.04162159941807352,0.13822813887207216,0.8591582159438899,False
sp|Q08093|CNN2_MOUSE,0.005098303124204045,0.014579323113502752,0.7274540361297043,-0.032455544577464135,0.04265215082587223,0.13819444218516672,0.8591582159438899,False
sp|Q922L6|NELFD_MOUSE,0.005155299343907628,0.014751976752045922,0.7276253640192447,-0.03284327465928439,0.04315387334709964,0.13809217043647753,0.8591582159438899,False
sp|Q80WM9|TNR14_MOUSE,-0.005140337914442436,0.014722129050197584,0.7278555248747683,-0.04306202933256991,0.032781353503685044,0.13795481708323196,0.8591582159438899,False
sp|Q60930|VDAC2_MOUSE,0.0049950182218126684,0.014315619109170473,0.728032321238667,-0.03187957297803324,0.04186960942165858,0.13784933961002666,0.8591582159438899,False
sp|Q6IQX7|CHSS2_MOUSE,-0.004315183527844645,0.012561370942552557,0.7320699009672403,-0.036671130894419195,0.028040763838729908,0.13544744878454093,0.8630550834641874,False
sp|Q01853|TERA_MOUSE,-0.005054378070898157,0.014732259752938775,0.7324039631470264,-0.04300216445001194,0.03289340830821562,0.13524931433179968,0.8630550834641874,False
sp|Q99JW4|LIMS1_MOUSE,0.005064516762478999,0.014769226556708951,0.7325330700343456,-0.03297848979304454,0.04310752331800254,0.13517276440833728,0.8630550834641874,False
sp|Q9QZB7|ARP10_MOUSE,0.005059495515100226,0.014762741428092368,0.7326751116321218,-0.03296680645609544,0.04308579748629589,0.13508856083497475,0.8630550834641874,False
sp|Q80Z19|MUC2_MOUSE,0.005047588103499781,0.014763763461253802,0.7332975711249161,-0.0329813464506623,0.04307652265766187,0.13471975349994805,0.8633933450602008,False
sp|Q3UMC0|SPAT5_MOUSE / sp|Q9D3R6|KATL2_MOUSE,-0.005039627322501266,0.014760801984845489,0.7336505630948147,-0.04306093361894905,0.032981678973946514,0.13451074479123384,0.8634141681760273,False
sp|O55038|CXL13_MOUSE,-0.005029584801140411,0.014772279954503162,0.7343594591678854,-0.043080456388177674,0.033021286785896845,0.13409130667836114,0.8636589443555702,False
tr|A0A075B5R0|A0A075B5R0_MOUSE,-0.0049182649788062525,0.014454939421816006,0.7345293546169704,-0.042151721522544115,0.032315191564931615,0.1339908434497291,0.8636589443555702,False
sp|P97300|NPTN_MOUSE,0.004995302108034373,0.014710542608722238,0.7350359232005945,-0.03289654461461705,0.0428871488306858,0.13369143524703417,0.8638601105620862,False
tr|A0A075B5N4|A0A075B5N4_MOUSE,-0.00500334058823606,0.014771955591313606,0.7356870684020884,-0.043053376671064666,0.03304669549459255,0.1333068777361795,0.8642309311748986,False
sp|Q8CI94|PYGB_MOUSE,0.0049624373737576465,0.014775878312752939,0.7378335967085056,-0.03309770296990405,0.04302257771741935,0.1320415733801331,0.865638120646902,False
sp|Q64455|PTPRJ_MOUSE,0.00485366528103345,0.014452991552225203,0.7378508296552343,-0.03237477388313294,0.04208210444519983,0.13203143005472034,0.865638120646902,False
tr|A0A075B5R2|A0A075B5R2_MOUSE,0.004960873404489407,0.014774726739550617,0.7378934659494951,-0.033096300683172576,0.043018047492151386,0.13200633531793354,0.865638120646902,False
sp|Q64737|PUR2_MOUSE,0.0048772656830819395,0.014749585849897622,0.7417260290105219,-0.03311514976429457,0.04286968113045844,0.12975648024762376,0.8692129164468715,False
sp|Q9ET26|RN114_MOUSE,-0.004831369023591442,0.01463327008348789,0.7421084638864249,-0.042524174911385014,0.03286143686420213,0.12953261517269163,0.8692129164468715,False
sp|Q58A65|JIP4_MOUSE,-0.004874912482114727,0.01476622779533522,0.7421265271513928,-0.042910194740217456,0.033160369775988005,0.12952204437177603,0.8692129164468715,False
sp|P21180|CO2_MOUSE,-0.0048749819254309225,0.014776213308163451,0.7422909527249206,-0.04293598516008758,0.03318602130922574,0.12942583273249392,0.8692129164468715,False
sp|Q8VHX6|FLNC_MOUSE,0.0048328736922524755,0.014722111347475801,0.7435318801029427,-0.033088772126685484,0.04275451951119043,0.1287004056814142,0.8702702687568534,False
sp|Q9ER58|TICN2_MOUSE,-0.004799275873340571,0.014660936361192143,0.7442264381742305,-0.04256334536996488,0.032964793623283736,0.12829490600323382,0.8703037271278383,False
sp|P70195|PSB7_MOUSE,0.004750047892553673,0.01452726761251212,0.7445102529893785,-0.032669713724251925,0.042169809509359266,0.12812931700374722,0.8703037271278383,False
sp|Q3SXB8|COL11_MOUSE,-0.004826905535196345,0.014766169136109326,0.7445744119854866,-0.0428620366971461,0.03320822562675341,0.1280918928080022,0.8703037271278383,False
sp|Q8R1V4|TMED4_MOUSE,-0.004804081581585444,0.014734214903347122,0.7452076447647416,-0.042756904094413885,0.033148740931243,0.1277226985126267,0.8706486775268646,False
sp|P55292|DSC2_MOUSE,-0.004794806616089627,0.01476360422446997,0.7461707272540925,-0.04282333100347772,0.03323371777129846,0.12716179260607666,0.871378513686752,False
sp|Q60597|ODO1_MOUSE,0.004779294571248012,0.014751772462555981,0.7467673888501368,-0.03321875321708941,0.042777342359585434,0.12681465584303633,0.8715481125862428,False
tr|A0A0B4J1H9|A0A0B4J1H9_MOUSE,-0.004762641755910911,0.014746936701055088,0.7475392297378344,-0.042748233448069356,0.03322294993624754,0.1263660112823083,0.8715481125862428,False
sp|Q8CGN5|PLIN1_MOUSE,0.004753636018066258,0.014722661724487855,0.7475989909966817,-0.03316942747810735,0.04267669951423986,0.1263312934420406,0.8715481125862428,False
sp|Q99JP6|HOME3_MOUSE,0.004767167296814484,0.014768862961720728,0.7476698177487419,-0.03327490270008377,0.04280923729371274,0.1262901507826954,0.8715481125862428,False
sp|Q8BK67|RCC2_MOUSE,0.004731809169674694,0.014770804485551597,0.7495090498266116,-0.03331526186120065,0.04277888020055004,0.12522311896509242,0.8732967435762555,False
sp|Q9QUI0|RHOA_MOUSE,0.004711804245311428,0.01476399965241015,0.7504210679196995,-0.03331773869695241,0.042741347187575274,0.12469498172809676,0.8739639302999667,False
sp|P21279|GNAQ_MOUSE,0.004689168364761591,0.014747116159700417,0.7513048951512162,-0.03329688558223427,0.04267522231175745,0.1241837814913545,0.8740900085307796,False
sp|Q91XU3|PI42C_MOUSE,-0.004696838260911517,0.014772383467067463,0.751323539719607,-0.04274797647864519,0.03335429995682216,0.12417300406563558,0.8740900085307796,False
sp|Q91VU6|DCA11_MOUSE,0.00465535745358453,0.014666924617197733,0.7517332911421523,-0.03312413676833613,0.04243485167550519,0.12393621623098036,0.8740900085307796,False
sp|Q9CQR6|PPP6_MOUSE,0.004687319695081342,0.014777097144833802,0.7518871335517191,-0.033375960151970356,0.04275059954213304,0.12384734684786551,0.8740900085307796,False
tr|E9QA15|E9QA15_MOUSE,0.004679705787839367,0.014774531546220467,0.752235123540024,-0.03337696551512295,0.04273637709080169,0.12364639225968319,0.8740999292037733,False
sp|Q06185|ATP5I_MOUSE,0.0046635771791564955,0.01477167958997604,0.7530146024639098,-0.03338574797133899,0.04271290232965198,0.12319660187631401,0.8746110064702606,False
sp|Q0VBK2|K2C80_MOUSE,0.00464649081698279,0.014771378584454493,0.7538848175036086,-0.03340205899466977,0.04269504062863535,0.12269500286205381,0.875226963512981,False
sp|P04444|HBBZ_MOUSE / sp|P04443|HBB0_MOUSE,-0.004426528626406379,0.014188997837231335,0.7558463685060457,-0.04097496504353882,0.032121907790726066,0.12156646916865738,0.87710878724789,False
sp|P62137|PP1A_MOUSE,0.004488622515222324,0.01452183768218889,0.7580240906962942,-0.03291715252794046,0.041894397558385116,0.12031699187426466,0.8790133167830686,False
sp|Q62422|OSTF1_MOUSE,-0.004561275306557808,0.01476610415242787,0.7581703210000759,-0.042596239081636615,0.033473688468520994,0.12023322027647163,0.8790133167830686,False
sp|P22272|IL6RA_MOUSE,-0.004518886107503928,0.014729325132114102,0.7597676299451247,-0.04245911340430271,0.03342134118929485,0.1193192135921459,0.8802097474059445,False
sp|Q8CJG0|AGO2_MOUSE,-0.004459017283777766,0.01456040973494743,0.7601868322264757,-0.04196414735073403,0.0330461127831785,0.11907965741235359,0.8802097474059445,False
sp|Q9D906|ATG7_MOUSE,0.004482121106773061,0.014639962544924197,0.760252054876995,-0.033227923419301024,0.042192165632847146,0.11904239733242102,0.8802097474059445,False
sp|P97350|PKP1_MOUSE,0.004508309604785292,0.014745659572349948,0.7605695875643598,-0.03347399242183005,0.04249061163140064,0.11886104444776724,0.8802097474059445,False
tr|A0A075B677|A0A075B677_MOUSE,0.004485906959734127,0.014694253696451626,0.7609148462251765,-0.03336398230536772,0.04233579622483598,0.11866394228823708,0.8802137147483511,False
sp|Q8CBB9|RSAD2_MOUSE,-0.0044685568775238715,0.014674778243193057,0.7615046681003823,-0.0422682806994224,0.03333116694437466,0.11832743005082355,0.8803271221367495,False
sp|P32921|SYWC_MOUSE,-0.004488256854299074,0.014751724492360596,0.7616966322798748,-0.042486181079601525,0.03350966737100338,0.11821796456612726,0.8803271221367495,False
sp|P01649|KV5AG_MOUSE,0.004422550855756756,0.014676496436106261,0.7639122475685431,-0.03338159873779675,0.04222670044931026,0.11695652700754021,0.882280975467807,False
sp|O35664|INAR2_MOUSE,0.004020646331191682,0.013370090576939948,0.7643804268898601,-0.03041842476799326,0.03845971743037662,0.11669044223785216,0.882280975467807,False
sp|Q9D4V7|RABL3_MOUSE,-0.004296202577663665,0.014288581199972525,0.7644150898130787,-0.04110114873869081,0.032508743583363475,0.11667074841206763,0.882280975467807,False
sp|Q99JR1|SFXN1_MOUSE,-0.004418857346733418,0.01473497705811609,0.7650115961878295,-0.04237364304014961,0.03353592834668277,0.11633198168008728,0.8825738620894539,False
sp|Q9D1D4|TMEDA_MOUSE,-0.004368616509543169,0.014643322776757034,0.7661930390774193,-0.04208731641923899,0.03335008340015265,0.11566179793372704,0.8834174825370407,False
sp|Q6UGQ3|SG2B2_MOUSE,0.0039011121301882217,0.01308989108009449,0.7664289926166015,-0.029816212894182532,0.037618437154558974,0.11552807504740172,0.8834174825370407,False
sp|Q3UHQ6|DOP2_MOUSE,-0.004274517541189229,0.01447217760647504,0.7684556968610632,-0.041552376706111824,0.03300334162373336,0.11438116546207865,0.8853572346385851,False
tr|A0A0A6YYE5|A0A0A6YYE5_MOUSE,0.004210713296530824,0.01429202338625091,0.769019948051828,-0.03260309934878045,0.041024525941842103,0.11406239463748817,0.8856110761330309,False
sp|Q9DCC4|P5CR3_MOUSE,0.004264650938851576,0.014576673238386208,0.7705834080544398,-0.03328237113684067,0.04181167301454382,0.11318034630663665,0.8870148751632465,False
sp|Q8QZR4|OAF_MOUSE,-0.004206819415353218,0.014439068451303279,0.7715106946251898,-0.04139939504816864,0.032985756217462206,0.11265804940055535,0.8876854506969901,False
sp|Q09200|B4GN1_MOUSE,-0.004276879813238547,0.014758410505636315,0.7726975390055714,-0.042292026067460506,0.03373826644098342,0.11199047095414606,0.8882730628075136,False
sp|Q9WVJ2|PSD13_MOUSE,-0.00427574928658884,0.014768648580350216,0.7729090708466687,-0.04231726707367079,0.033765768500493114,0.11187159580011478,0.8882730628075136,False
sp|O09008|MFNG_MOUSE,-0.004246898034754009,0.01469373826407954,0.7732808192912778,-0.042095459634047844,0.03360166356453982,0.11166276206980714,0.8882730628075136,False
sp|Q61789|LAMA3_MOUSE,-0.004260699562088564,0.01477242624069288,0.7737424331448581,-0.042311947957380004,0.03379054883320288,0.11140358515696606,0.8882730628075136,False
tr|A0A140T8P7|A0A140T8P7_MOUSE,-0.00426242548948499,0.014778663715365688,0.773746205777574,-0.04232974055481879,0.03380488957584882,0.11140146761822675,0.8882730628075136,False
sp|Q99PI5|LPIN2_MOUSE / sp|Q91ZP3|LPIN1_MOUSE,0.004060455305912647,0.01415978618371982,0.7750109858876983,-0.032412736878099715,0.04053364748992501,0.11069214126583105,0.8892775373638682,False
sp|Q60864|STIP1_MOUSE,0.0042282670334674215,0.014765287810418267,0.7753118723813142,-0.03380459398394133,0.04226112805087618,0.11052356561102433,0.8892775373638682,False
sp|Q61335|BAP31_MOUSE,0.004202144892131033,0.014708985853329271,0.7758307259951979,-0.03368569189436073,0.042089981678622795,0.11023302459943034,0.8894764556712531,False
sp|P01869|IGH1M_MOUSE,-0.004199113318169215,0.014750154367941685,0.7765963611801936,-0.04219299317098322,0.033794766534644784,0.10980464871537027,0.8899580017975072,False
sp|Q9D2N8|GLT15_MOUSE,0.004186310067417048,0.014749172512270571,0.7772447705583404,-0.03380504069278744,0.04217766082762154,0.10944219128579523,0.8903048417205189,False
sp|Q91V92|ACLY_MOUSE,0.0041782011099209225,0.014774644356695125,0.778037769924575,-0.03387876077356777,0.04223516299340961,0.10899931962770291,0.8908169219901203,False
sp|Q8VIK5|PEAR1_MOUSE,-0.004097814956546252,0.014577970107979643,0.7793360163498764,-0.04164817754694014,0.03345254763384764,0.10827525274763872,0.8916842061681517,False
sp|Q9D0J8|PTMS_MOUSE,0.004148480135086684,0.01476864640374438,0.7794878244988386,-0.03389303204543018,0.04218999231560354,0.10819066404700046,0.8916842061681517,False
sp|P35821|PTN1_MOUSE,0.004091492579874364,0.01461558294840368,0.7802196948826086,-0.03355575426707347,0.0417387394268222,0.10778309110333233,0.8920095373830282,False
tr|A0A140T8P3|A0A140T8P3_MOUSE,0.00411652827812563,0.014757089865861264,0.7809750830189056,-0.03389521623346433,0.042128272789715586,0.10736282205102214,0.8920095373830282,False
sp|Q61316|HSP74_MOUSE,0.004107189977207125,0.014731658127865706,0.7810915840608678,-0.033839046718413694,0.042053426672827944,0.1072980415127516,0.8920095373830282,False
sp|Q9JLN5|ERMAP_MOUSE,0.004092732894684094,0.014684368061930332,0.781157866717953,-0.03373169266333363,0.041917158452701817,0.10726118927737918,0.8920095373830282,False
sp|Q9D0K2|SCOT1_MOUSE,-0.004108237154527578,0.014776388865182833,0.7816829359926655,-0.0421696925940992,0.033953218285044044,0.10696936851507377,0.8922134575270894,False
tr|A8DUK4|A8DUK4_MOUSE,-0.003713090266750517,0.01339363511841529,0.7822943583221054,-0.03821280808580627,0.030786627552305237,0.10662980174734485,0.8925157167387777,False
sp|Q80U95|UBE3C_MOUSE,-0.004080640286512703,0.014758022264549869,0.7828489809580536,-0.042094786497967364,0.03393350592494195,0.10632200941373822,0.8927529344406501,False
sp|Q8K284|TF3C1_MOUSE,0.003953066531414937,0.01439239564021776,0.7842572388091028,-0.033119287906927405,0.04102542096975728,0.10554146401008332,0.8934196048635727,False
sp|Q9QZ47|TNNT3_MOUSE,-0.00403512982324544,0.014697313917004262,0.7843451113796021,-0.041892901694122096,0.03382264204763121,0.10549280595150805,0.8934196048635727,False
sp|Q9DBB9|CPN2_MOUSE,0.003115150574782219,0.011353422018417315,0.7844744569306944,-0.026129326555814403,0.03235962770537884,0.10542119279680229,0.8934196048635727,False
sp|Q8BY89|CTL2_MOUSE,-0.004002694381842144,0.014714726904195652,0.7862824506645981,-0.0419053191353887,0.03389993037170441,0.10442141740836501,0.8947314414452099,False
sp|Q78ZA7|NP1L4_MOUSE,0.003967216847743052,0.014587020352774257,0.7863212629089359,-0.0336064576283971,0.0415408913238832,0.10439998042026163,0.8947314414452099,False
tr|A0A0N4SVQ0|A0A0N4SVQ0_MOUSE,-0.003960007998204737,0.014699434950145019,0.7882915194251428,-0.04182324328839915,0.03390322729198968,0.10331314562622583,0.8965097412490314,False
tr|A0A075B5Y4|A0A075B5Y4_MOUSE,0.0038082328598155442,0.014155845548576181,0.7885804131763324,-0.03265480892071924,0.04027127464035033,0.10315401417007168,0.8965097412490314,False
sp|Q922D4|PP6R3_MOUSE,-0.003960390126724717,0.014760354948588938,0.7891243957478381,-0.041980544934083125,0.034059764680633695,0.10285453021454073,0.8967322678952706,False
sp|Q9R0P5|DEST_MOUSE,0.0038487638879291467,0.014503655049982803,0.7913861921051908,-0.03351017579838155,0.04120770357423984,0.10161153145795718,0.8989057982668135,False
sp|Q03172|ZEP1_MOUSE,0.003893868566737602,0.014774961142428038,0.7927836581698362,-0.03416390930272487,0.04195164643620008,0.10084531064161507,0.9000960845623139,False
sp|Q9DBR3|ARMC8_MOUSE,-0.0038607869027787586,0.014722000622779395,0.7937815086654022,-0.041782147513799085,0.034060573708241566,0.10029902230730904,0.900608906514568,False
sp|P53810|PIPNA_MOUSE,-0.003822001119715154,0.01459717701969726,0.7941000214594371,-0.04142183743614196,0.03377783519671165,0.10012479224279111,0.900608906514568,False
sp|P35282|RAB21_MOUSE,0.0038487603600778648,0.01473481084661125,0.7945838606124426,-0.034105597200873576,0.0418031179210293,0.09986026047137082,0.900608906514568,False
sp|P30355|AL5AP_MOUSE,-0.0038405145203562413,0.014706940679985969,0.7946343439227568,-0.04172308328941949,0.03404205424870701,0.09983266876238778,0.900608906514568,False
sp|Q9EPS3|GLCE_MOUSE,0.0035708564637454893,0.013792948990782362,0.7963610927891724,-0.03195742572906695,0.03909913865655793,0.09888996612294106,0.9021688578671883,False
sp|P16882|GHR_MOUSE,-0.002672193306900345,0.010374253400987556,0.797369118688705,-0.02939449921960593,0.02405011260580524,0.09834058814038464,0.9029135798695758,False
sp|Q8BKC5|IPO5_MOUSE,-0.0038001479722780855,0.014779523564692655,0.797720556536612,-0.04186967786270493,0.03426938191814875,0.09814921642891508,0.9029144760799015,False
sp|Q8C708|CP054_MOUSE,-0.003768061708653041,0.014700585354761864,0.7983375972255361,-0.04163426024477046,0.034098136827464376,0.09781341741178196,0.902976479086138,False
sp|Q6U7R4|TIMD4_MOUSE,0.0037472772319759088,0.014637398028572078,0.7985788107962296,-0.03395616153772895,0.04145071600168077,0.09768221740283614,0.902976479086138,False
sp|Q9DBC7|KAP0_MOUSE,0.003779056007597083,0.014780175571865974,0.7988273473235815,-0.03429215334201292,0.04185026535720709,0.09754707576374501,0.902976479086138,False
sp|Q9DBS5|KLC4_MOUSE / sp|O88448|KLC2_MOUSE,0.003707961122161476,0.014647413644904368,0.8007799229472555,-0.0340212761655852,0.04143719840990816,0.09648682396845325,0.9047864421189921,False
sp|Q9DCD0|6PGD_MOUSE,-0.0037141336610715535,0.014699111085372758,0.8011422105857108,-0.04157653473089518,0.03414826740875208,0.09629038555034065,0.9047948565975613,False
sp|Q8BHN3|GANAB_MOUSE,0.0033652968521762,0.013342400297533261,0.8014901234559368,-0.03100244881388954,0.037733042518241944,0.09610182496924362,0.9047948565975613,False
sp|Q99KW3|TARA_MOUSE,0.003325375880811641,0.0132330990794884,0.802209237111814,-0.03076082850490056,0.037411580266523844,0.09571234160194948,0.9052098096244177,False
sp|A2AVA0|SVEP1_MOUSE,-0.00370334794416231,0.014778684450450648,0.8027526109192822,-0.04177071641953556,0.034364020531210945,0.09541827323453003,0.905360706131044,False
tr|E9Q0F0|E9Q0F0_MOUSE,0.003696715083663191,0.014774673438367147,0.8030461564284678,-0.03436032170924849,0.041753751876574874,0.0952594921981522,0.905360706131044,False
sp|Q9D281|NXP20_MOUSE,-0.003680141465811327,0.014770664032913354,0.8038586837523888,-0.04172685071466532,0.03436656778304267,0.09482029237197062,0.9058801359572871,False
sp|P28656|NP1L1_MOUSE,0.003581796709262778,0.014468685169909744,0.8050900283973093,-0.03368706653521414,0.040850659953739696,0.09415555236506298,0.9062537991379749,False
tr|B2RX70|B2RX70_MOUSE,0.0035153698156821078,0.014251584562511226,0.805776401435353,-0.03319427932243944,0.04022501895380366,0.09378545583133605,0.9062537991379749,False
sp|P49290|PERE_MOUSE,0.003634366963301785,0.014769371386783138,0.8062320115988952,-0.034409012649770886,0.04167774657637446,0.09353996209371745,0.9062537991379749,False
sp|P01746|HVM02_MOUSE / sp|P01747|HVM03_MOUSE,0.003635368497343186,0.01477963185698485,0.8063115284046477,-0.03443444033554324,0.04170517733022962,0.0934971307417221,0.9062537991379749,False
sp|Q99K48|NONO_MOUSE,-0.003602265482942451,0.014647272057409734,0.8063403021274166,-0.04133113806547144,0.03412660709958654,0.09348163295256877,0.9062537991379749,False
sp|P58404|STRN4_MOUSE,0.0036172136184427434,0.014724242280040873,0.8065489291296966,-0.03430992111904021,0.041544348355925693,0.09336928108783357,0.9062537991379749,False
sp|P12399|CTL2A_MOUSE,-0.0036262831153635543,0.01477404437873463,0.8067142281731187,-0.041681699558040124,0.03442913332731302,0.09328028325465507,0.9062537991379749,False
sp|P70451|FER_MOUSE,-0.0036222814781068768,0.014780495732742517,0.8070058102615054,-0.04169431550748453,0.03444975255127077,0.09312333844344833,0.9062537991379749,False
sp|Q6IRU2|TPM4_MOUSE,0.003610812437012861,0.014777762620869652,0.8075697870462304,-0.034454181562712786,0.04167580643673851,0.09281993733185265,0.9062732482704724,False
sp|E9Q394|AKP13_MOUSE,-0.0035372733853274584,0.014525589826914424,0.8082033778802591,-0.040952713312825434,0.03387816654217052,0.09247933875888499,0.9062732482704724,False
sp|P02816|PIP_MOUSE,0.0030243693884935896,0.01242544170847482,0.8082950609446379,-0.02898144747373456,0.03503018625072174,0.09243007493279018,0.9062732482704724,False
sp|Q66GT5|PTPM1_MOUSE,0.003561257952004652,0.01464180345598885,0.8084309325348641,-0.034153528446734985,0.04127604435074429,0.09235707767504883,0.9062732482704724,False
sp|Q64433|CH10_MOUSE / tr|Q9JI95|Q9JI95_MOUSE,0.0035846840813361608,0.014780189219502258,0.8089654809830255,-0.03448656042225531,0.04165592858492762,0.09207000958480359,0.9064778561929028,False
sp|P26516|PSMD7_MOUSE,-0.0035637705868688694,0.01474800550389456,0.8096518474065248,-0.04155211533270094,0.0344245741589632,0.09170168884224404,0.9068523301747723,False
sp|Q08EC4|CASS4_MOUSE,0.003509050460502811,0.01463441402002548,0.8110914240362468,-0.034186702012545686,0.041204802933551304,0.09093019052786547,0.9080697464753632,False
sp|Q6ZPJ3|UBE2O_MOUSE,-0.0035148391946896933,0.014713354041315704,0.8117815323435992,-0.04141392768780032,0.03438424929842093,0.09056083290601855,0.9082490563973118,False
sp|Q3UKC1|TAXB1_MOUSE,-0.0035129667536224437,0.01471950660893462,0.811957020515189,-0.04142790321069794,0.03440196970345306,0.09046695874786258,0.9082490563973118,False
sp|Q7TSJ2|MAP6_MOUSE,-0.0035079567258522295,0.014776343834798873,0.8129287436852262,-0.0415692961748413,0.034553382723136836,0.08994752031066111,0.9089411702081882,False
sp|Q7TMR0|PCP_MOUSE,-0.003400775976967511,0.014571645584720577,0.8160385542423153,-0.040934847675019724,0.03413329572108471,0.08828932225208556,0.9105732499590626,False
sp|Q80YC5|FA12_MOUSE,-0.003422530538684738,0.014689282594344441,0.8163388537890277,-0.041259615093307965,0.034414554015938494,0.08812953268763211,0.9105732499590626,False
sp|Q80UJ7|RB3GP_MOUSE,-0.0033432278146836255,0.014368331144085747,0.8165824694033502,-0.04035359621871399,0.03366714058934674,0.08799994785548128,0.9105732499590626,False
tr|A0A075B5T3|A0A075B5T3_MOUSE,-0.003392541336704996,0.014581352408023284,0.8165958635337435,-0.040951616154664694,0.0341665334812547,0.08799282432609996,0.9105732499590626,False
sp|Q91WS0|CISD1_MOUSE,0.003275364563438377,0.014231737419503633,0.8185452986279326,-0.033383161722132494,0.039933890849009245,0.08695728155468542,0.9105732499590626,False
tr|A0A075B5J9|A0A075B5J9_MOUSE / tr|A0A075B5K3|A0A075B5K3_MOUSE,-0.003390848898977302,0.014737271842697613,0.8185905940808993,-0.04135154556576392,0.03456984776780931,0.08693324987182832,0.9105732499590626,False
sp|Q3V3Q7|PACS2_MOUSE,0.003378015356725935,0.014688989180971057,0.8186815101121433,-0.03445831341513207,0.04121434412858395,0.08688501802249152,0.9105732499590626,False
sp|P70168|IMB1_MOUSE,-0.003384450337801501,0.0147292151281118,0.8188295699319614,-0.041324394283067646,0.03455549360746465,0.08680648229385132,0.9105732499590626,False
sp|P45700|MA1A1_MOUSE,0.003389345324309536,0.014754935488574676,0.8188828493623852,-0.03461684987913473,0.041395540527753794,0.08677822463106809,0.9105732499590626,False
sp|P37889|FBLN2_MOUSE,-0.003283311875013898,0.014298040118475948,0.8189413730862077,-0.04011262259550204,0.03354599884547424,0.0867471876858587,0.9105732499590626,False
sp|Q61549|AGRE1_MOUSE,0.0033236140158361582,0.014477116518417432,0.8189852357290722,-0.033966966943195294,0.040614194974867616,0.08672392742052108,0.9105732499590626,False
sp|Q922U2|K2C5_MOUSE,0.0033865102932063482,0.014779980735632752,0.8193329347445567,-0.03468419719152473,0.04145721777793743,0.08653958744459128,0.9105732499590626,False
tr|A0A075B5W7|A0A075B5W7_MOUSE,0.003230923514798791,0.01411553402451895,0.8195164146486887,-0.03312828266079866,0.03959012969039624,0.08644234322837688,0.9105732499590626,False
sp|P67778|PHB1_MOUSE,-0.003279884949100286,0.014330639238993938,0.8195312419509637,-0.04019316543948859,0.03363339554128801,0.08643448571973913,0.9105732499590626,False
sp|A2ADY9|DDI2_MOUSE,-0.003343644328452061,0.01463952642215797,0.819898312154286,-0.04105256547672495,0.03436527681982082,0.08624000762699191,0.9105732499590626,False
sp|P84750|KVM5_MOUSE,0.0033731163885473777,0.014780930050045129,0.82004635598255,-0.03470003636806538,0.041446269145160135,0.08616159691092476,0.9105732499590626,False
sp|Q9WUB3|PYGM_MOUSE,-0.003290720027423767,0.014618284714752888,0.8224471251726293,-0.04094492616330524,0.0343634861084577,0.08489201311524308,0.9128454083273796,False
sp|Q00690|LYAM2_MOUSE,0.003314403291293443,0.01477441041376451,0.8230487060146068,-0.03474195599513922,0.0413707625777261,0.08457446353927,0.913119525199316,False
sp|Q60631|GRB2_MOUSE,-0.0032366622324347697,0.014469193165255835,0.8235455992036196,-0.04050683398621022,0.03403350952134068,0.08431234921523736,0.9131743332114428,False
tr|E9Q8B5|E9Q8B5_MOUSE,0.002993686496918519,0.01342772735535386,0.8241236504165023,-0.03159384710506713,0.037581220098904175,0.08400762244756849,0.9131743332114428,False
sp|Q6ZWY3|RS27L_MOUSE / sp|Q6ZWU9|RS27_MOUSE,0.003198144284269918,0.014347973315360682,0.8241620001488905,-0.033759785827973794,0.040156074396513634,0.08398741347813897,0.9131743332114428,False
sp|P61290|PSME3_MOUSE,-0.003279820136114386,0.014780890640707147,0.8249399256531449,-0.04135287138099954,0.034793231108770764,0.08357767679224526,0.9136284284264219,False
sp|Q9ESX5|DKC1_MOUSE,0.003247911169964348,0.014666179512104617,0.8252814464154785,-0.03452966378842324,0.04102548612835193,0.08339791838265868,0.9136284284264219,False
sp|Q9QUM4|SLAF1_MOUSE,-0.0032114113178510536,0.014534157865806004,0.8256692403980661,-0.04064892105099991,0.0342260984152978,0.08319389437249815,0.9136649308229567,False
sp|P68040|RACK1_MOUSE,-0.0032314339594064004,0.014708093712349058,0.826640763986293,-0.04111697274301843,0.03465410482420563,0.08268318224110749,0.9138131379159962,False
tr|G3X972|G3X972_MOUSE,-0.0032425974297445267,0.014780267752113201,0.8268872860980083,-0.04131404421993654,0.03482884936044749,0.08255368556450395,0.9138131379159962,False
sp|Q62465|VAT1_MOUSE,-0.0032247564458760007,0.014713475970848188,0.8270554899055254,-0.041124159008649366,0.03467464611689737,0.08246535120765501,0.9138131379159962,False
tr|A0A0B4J1M0|A0A0B4J1M0_MOUSE,-0.0032359970978532234,0.014779284962232013,0.827222689119296,-0.041304912389070046,0.0348329181933636,0.08237756222864641,0.9138131379159962,False
sp|Q8BHL8|PSMF1_MOUSE,-0.0032268948399079237,0.014779291309701167,0.8277009784719191,-0.041295826481121796,0.03484203680130595,0.0821265313968945,0.9139494080468232,False
sp|Q9CYN9|RENR_MOUSE,0.003204881855457665,0.014781840675927877,0.8288868210525329,-0.03487061651798845,0.041280380228903776,0.08150476540624746,0.9147269167600762,False
tr|E9PWZ2|E9PWZ2_MOUSE / tr|D2XZ31|D2XZ31_MOUSE,0.0026126898083607087,0.012066869769878632,0.8291155820264147,-0.02846950694700105,0.033694886563722465,0.08138492284259663,0.9147269167600762,False
tr|A0A075B5Y2|A0A075B5Y2_MOUSE,0.003180270186764749,0.014781417730721906,0.8301756254114125,-0.03489413875202603,0.04125467912555553,0.08083002198703863,0.9155041693509154,False
sp|P62700|YPEL5_MOUSE,-0.003118871795967288,0.01464826752406428,0.8319134312215022,-0.040850308530675755,0.03461256493874118,0.07992186397234524,0.9157991832396714,False
sp|O88342|WDR1_MOUSE,-0.003108759321855268,0.014602654203762331,0.8319347594490459,-0.04072270392949782,0.03450518528578728,0.07991072986578016,0.9157991832396714,False
sp|Q99MS7|EH1L1_MOUSE,-0.0031397076077573595,0.014756494283118128,0.832029738556897,-0.04114991799986485,0.03487050278435014,0.07986115080020509,0.9157991832396714,False
sp|P05017|IGF1_MOUSE,0.0031097796041180134,0.014636213896185288,0.8322600845983885,-0.034590609042685676,0.0408101682509217,0.07974093373945645,0.9157991832396714,False
sp|O88338|CAD16_MOUSE,-0.003111740004548476,0.01465183919422582,0.8323322310670845,-0.040852376751921646,0.0346288967428247,0.07970328750864278,0.9157991832396714,False
sp|O35103|OMD_MOUSE,0.0028748807679133985,0.013559302491436307,0.8326090738524166,-0.032051567925211855,0.037801329461038646,0.07955886044112125,0.9157991832396714,False
sp|Q8R1L8|ANGL8_MOUSE,-0.002630156543130295,0.012429463545143222,0.8329326940377905,-0.03464633297010301,0.02938601988384242,0.079390090776837,0.9157991832396714,False
sp|Q80WQ2|VAC14_MOUSE,0.003117203051867647,0.014782025064234901,0.8334993921049992,-0.034958770274382926,0.04119317637811822,0.07909471257927603,0.9160311287538937,False
sp|Q02013|AQP1_MOUSE,-0.0030157213788643412,0.014334525745518177,0.8338854135773417,-0.03993901284664621,0.033907570088917524,0.07889362282751822,0.9160643941815934,False
sp|Q9ESL4|M3K20_MOUSE,-0.0030907876458261692,0.014779932444725035,0.8348665270042783,-0.04116137074142205,0.034979795449769716,0.0783829511259036,0.9167510904204762,False
sp|Q9WTI7|MYO1C_MOUSE,0.003074732579252853,0.01476867444687304,0.8355884161565684,-0.03496685183557657,0.041116316994082275,0.0780075893166125,0.9170186123260707,False
sp|Q9Z0W1|TNR16_MOUSE,0.0030443861073383037,0.014672171050544212,0.8361324033805085,-0.03474862203133534,0.04083739424601194,0.0777249456417108,0.9170186123260707,False
sp|P02104|HBE_MOUSE,-0.0028997599748237365,0.013979149299955949,0.8361785249481997,-0.03890766238033537,0.033108142430687895,0.07770099035682837,0.9170186123260707,False
sp|Q9QZL0|RIPK3_MOUSE,-0.0030186570209683257,0.014772657846704652,0.8385874051990304,-0.04107050199381177,0.03503318795187512,0.07645166458167263,0.9192688669167745,False
sp|Q8BK06|FBX9_MOUSE,-0.0030071758606075635,0.014770323032103901,0.8391677077428024,-0.04105300674958404,0.035038655028368906,0.07615123670551763,0.9195135521011557,False
sp|Q99MR6|SRRT_MOUSE,0.00287512743062912,0.014200743022833261,0.8400501111505329,-0.033703562579752384,0.039453817441010626,0.07569480638212313,0.9200889137442034,False
tr|A0A075B5M4|A0A075B5M4_MOUSE,-0.0029856949833467336,0.01478094265891834,0.8404139324911907,-0.04105888021826459,0.035087490251571124,0.07550675641614751,0.9200960357843606,False
sp|P12023|A4_MOUSE,0.0027261397955675726,0.013602465572780467,0.8416461978071008,-0.03231148962731543,0.03776376921845057,0.07487043419075179,0.9210535313868613,False
tr|Q3UQ05|Q3UQ05_MOUSE,0.002943472212575652,0.014762756805550325,0.8424492475402814,-0.03508286936832683,0.04096981379347814,0.07445625327813028,0.921540701961013,False
sp|Q61711|SIAL_MOUSE,-0.002870617094680769,0.014527744588279635,0.843844665023695,-0.04029160731964541,0.03455037313028387,0.07373749097126275,0.9226751645163545,False
sp|Q9DC29|ABCB6_MOUSE,0.0028783209511951168,0.01467648829112822,0.8449973204252622,-0.03492580766228528,0.04068244956467552,0.07314466824127525,0.923543336203332,False
sp|B2RXR6|ANR44_MOUSE,0.002835120833361268,0.014493104689566202,0.8453868132348925,-0.03449664292542535,0.04016688459214788,0.07294453079607723,0.9235770233686246,False
sp|Q6DFW4|NOP58_MOUSE,0.002798141546284845,0.014347203697217861,0.845845735657666,-0.03415780616099404,0.03975408925356374,0.07270883585175444,0.9236865009832442,False
sp|P32037|GTR3_MOUSE,-0.0028298433919408386,0.014592835318794482,0.846712297235841,-0.04041849622795503,0.03475880944407335,0.07226413270161121,0.9239087846733128,False
sp|Q8VEM8|MPCP_MOUSE,0.0028031091352585906,0.014460188403870098,0.8467668861471915,-0.034443867890268015,0.04005008616078519,0.07223613393644952,0.9239087846733128,False
sp|Q923D2|BLVRB_MOUSE,0.0028350944810650123,0.014773879084359096,0.848289930331086,-0.035219896191515346,0.04089008515364537,0.07145568828255164,0.9251306132522756,False
sp|Q9QXT0|CNPY2_MOUSE,-0.0027765623472569114,0.014499375497362027,0.8486052460201456,-0.04012447863652093,0.0345713539420071,0.07129428778203668,0.9251306132522756,False
sp|O08717|INHBE_MOUSE,0.0027940630167574694,0.014770989817567876,0.8504301324365092,-0.035253485397756294,0.040841611431271234,0.0703613602920718,0.9259508570695897,False
tr|S4R299|S4R299_MOUSE,-0.0027891266512774394,0.014773376562578752,0.8507150507181208,-0.040842822913530315,0.03526456961097544,0.0702158836568268,0.9259508570695897,False
sp|Q5DTK1|CHSS3_MOUSE,0.0027867125003073934,0.014775138360086206,0.850860294887794,-0.035271521851592096,0.04084494685220689,0.07014174207769097,0.9259508570695897,False
sp|Q99P58|RB27B_MOUSE,-0.00275420240132953,0.014618010959792408,0.8510139370045485,-0.0404077033911618,0.03489929858850274,0.07006332744231396,0.9259508570695897,False
sp|Q0P678|ZCH18_MOUSE,-0.002782567505103311,0.014782785356260868,0.851155603372318,-0.040860499213833626,0.035295364203627,0.0699910374377331,0.9259508570695897,False
sp|Q3TIV5|ZC3HF_MOUSE,0.0027577617223883775,0.014757705235820822,0.8522191468271779,-0.03525556787717593,0.04077109132195268,0.06944871272183885,0.926716344206074,False
sp|Q8C129|LCAP_MOUSE,0.0027484647589562147,0.014750630456508948,0.8526417147287967,-0.03524664141674042,0.040743570934652855,0.0692334237023078,0.9267844725313007,False
tr|E9Q8N6|E9Q8N6_MOUSE,-0.0027206149403866445,0.014703647283295635,0.8536569411857764,-0.04059470048174672,0.03515347060097343,0.06871662402172582,0.9272937723465665,False
sp|Q9CWK3|CD2B2_MOUSE,0.0027278563858705073,0.014760492474454328,0.8538304987315375,-0.03529265266464197,0.04074836543638299,0.06862833630386134,0.9272937723465665,False
sp|Q99KP6|PRP19_MOUSE,-0.0027172158554508888,0.01477129205552211,0.8544994069850711,-0.04076554278334381,0.03533111107244204,0.0682882343396173,0.9276289936705557,False
sp|Q8C3I8|HGH1_MOUSE,0.0026848678877203764,0.014713252839610369,0.8556513655465748,-0.03521395992707208,0.040583695702512836,0.06770315221663184,0.9283510083610422,False
sp|Q8BJD1|ITIH5_MOUSE,0.002661588293753372,0.014692022731249732,0.8566846321557261,-0.03518255438580623,0.04050573097331298,0.06717902372577839,0.9283510083610422,False
sp|Q8C2E7|WASC5_MOUSE,0.002656816302159509,0.014670905017279455,0.8567350995438772,-0.0351329307509315,0.04044656335525052,0.0671534401425023,0.9283510083610422,False
tr|G5E8Z3|G5E8Z3_MOUSE,-0.0026736452078731775,0.014778060060837797,0.8568714964592385,-0.04073940536218482,0.035392114946438465,0.06708430358811071,0.9283510083610422,False
sp|Q9D1N2|HDBP1_MOUSE,0.002669278022310879,0.014782969930116923,0.8571496629404214,-0.03540912911716653,0.04074768516178829,0.06694334130392159,0.9283510083610422,False
sp|Q91WK0|LRRF2_MOUSE,-0.002624733271944205,0.014554607525210341,0.8573276496631295,-0.040114917837034345,0.03486545129314593,0.06685316962158597,0.9283510083610422,False
sp|Q9QY48|DNS2B_MOUSE,0.0025726091723388563,0.014398805206922502,0.8586336062635479,-0.03451625521574461,0.03966147356042232,0.0661921175696086,0.9291756664316828,False
sp|Q9DBU3|RIOK3_MOUSE,-0.002633161767958778,0.014781674833717551,0.8590495251251518,-0.040708232960179766,0.035441909424262216,0.06598179790500523,0.9291756664316828,False
sp|O88456|CPNS1_MOUSE,0.0026106465250351667,0.01466813841131454,0.8591717521451794,-0.035171974223340036,0.040393267273410374,0.06592001014678199,0.9291756664316828,False
sp|Q9QYK5|H6ST1_MOUSE,-0.0025983831397487656,0.014740943519643848,0.860511368978358,-0.04056853741960666,0.03537177114010913,0.06524338744920552,0.9300307229391518,False
sp|Q8K1I3|SPP24_MOUSE,-0.002570078604843983,0.014598704528994758,0.8606847428209703,-0.04017384952448073,0.03503369231479276,0.06515589561385757,0.9300307229391518,False
sp|P47867|SCG3_MOUSE,-0.0025787525870849537,0.014703562085802379,0.861205975329769,-0.040452618674245315,0.03529511350007541,0.06489296556041349,0.9302036017089577,False
sp|Q8BZZ3|WWP1_MOUSE,0.0025610030923377877,0.014730477074380681,0.8624008348543298,-0.035382191411107246,0.040504197595782825,0.06429083173473316,0.9311036267295175,False
sp|Q8CBE3|WDR37_MOUSE,-0.0025467813815674817,0.014757714918972025,0.8634072909545053,-0.04056013592327641,0.03546657316014144,0.06378428830896109,0.9317054965555087,False
sp|E9Q557|DESP_MOUSE,-0.002544331101295057,0.014773522058274789,0.863681949622524,-0.04059840213562532,0.0355097399330352,0.06364615677281286,0.9317054965555087,False
tr|E9Q2E4|E9Q2E4_MOUSE,0.0025330030043505506,0.014749926507378202,0.8640679113542904,-0.035460289918546904,0.04052629592724801,0.06345212283664403,0.9317315208280141,False
sp|P07091|S10A4_MOUSE,-0.002462956884796083,0.01445635168908989,0.8651322430185772,-0.039700051187962465,0.03477413741837029,0.06291750175658271,0.9320202334146338,False
sp|Q8BUV3|GEPH_MOUSE,-0.0024674462283185766,0.014498886767426403,0.865281327614917,-0.039814103632692895,0.03487921117605574,0.06284266806504656,0.9320202334146338,False
sp|O35887|CALU_MOUSE,0.0022890894985869896,0.013464998281968845,0.8654215060560736,-0.032394447648343955,0.03697262664551794,0.06277231661888859,0.9320202334146338,False
sp|Q8VDP3|MICA1_MOUSE,-0.0024551931421058007,0.014515280953678034,0.8660938180539927,-0.03984407917183491,0.03493369288762331,0.06243506126639923,0.9320282903419218,False
sp|P20491|FCERG_MOUSE,0.002496931568279949,0.014783471073215863,0.8662860610479758,-0.03558276643027698,0.040576629566836886,0.06233867354818418,0.9320282903419218,False
sp|P49443|PPM1A_MOUSE,-0.0024035812175727616,0.014255402234821442,0.8665148454674023,-0.03912306402790231,0.03431590159275679,0.062223992385326825,0.9320282903419218,False
sp|P01942|HBA_MOUSE,0.0022262177091642646,0.013329170751022886,0.867761754082419,-0.03210745090332739,0.03655988632165592,0.061599494973102756,0.932572297248107,False
sp|Q9JLF6|TGM1_MOUSE,0.00246802365587636,0.014782514088010396,0.8678110580512675,-0.035609209312145264,0.040545256623897984,0.0615748201896965,0.932572297248107,False
tr|A2ARY0|A2ARY0_MOUSE,0.0024129260897648623,0.014485247331724934,0.8681071054383349,-0.03489859845644574,0.03972445063597547,0.06142668907322347,0.932572297248107,False
sp|P01592|IGJ_MOUSE,-0.002425327176074811,0.014711758084159563,0.8694578701084502,-0.04032030475597544,0.03546965040382582,0.060751457045632826,0.9333926182520267,False
sp|Q9R1T2|SAE1_MOUSE,-0.002427559099822783,0.014781557931808886,0.8699502246504051,-0.04050232917268179,0.03564721097303622,0.06050559540216222,0.9333926182520267,False
sp|Q62266|SPR1A_MOUSE,-0.002424375668559723,0.01478200767940806,0.8701231413729014,-0.040500304214463885,0.03565155287734444,0.060419280905173206,0.9333926182520267,False
sp|Q6PHZ2|KCC2D_MOUSE,0.0024139547914788506,0.014762694481665587,0.8705087192412152,-0.035612226253735016,0.04044013583669272,0.060226874518641144,0.9333926182520267,False
sp|P16301|LCAT_MOUSE,-0.002353528283207674,0.014416180607449631,0.8707137133051636,-0.03948714873712982,0.034780092170714476,0.060124615565915814,0.9333926182520267,False
sp|O70559|SPR2H_MOUSE,-0.0024016707032036176,0.014749274828289931,0.8710456161784932,-0.040393285012009,0.03558994360560177,0.05995910063429513,0.9333926182520267,False
sp|O88746|TOM1_MOUSE,0.002394753357393558,0.014763859549247228,0.8715396402429578,-0.035634428703037714,0.04042393541782483,0.059712855086099643,0.9335335164832015,False
tr|E9PV38|E9PV38_MOUSE,0.002319961739946406,0.014354195783287694,0.8719958821144835,-0.034653996387524096,0.039293919867416906,0.059485565960987356,0.9336338446755905,False
sp|Q9WTP7|KAD3_MOUSE,-0.002374421469609099,0.014763408165215966,0.8726169088501927,-0.04040244084182549,0.0356535979026073,0.059176375867665096,0.9339104489980242,False
sp|P08920|CD2_MOUSE,-0.0023575662208552735,0.014723468499271218,0.873173220152269,-0.04028270783115723,0.03556757538944669,0.058899592383927675,0.9341175911475249,False
sp|Q8VCH0|THIKB_MOUSE / sp|Q921H8|THIKA_MOUSE,-0.0022752484841658573,0.014615743805867757,0.8766702836351943,-0.03992290967248335,0.035372412704151646,0.05716371441290956,0.937415755107043,False
sp|P17742|PPIA_MOUSE,0.00226878802100847,0.01467965419354296,0.8775487472291653,-0.03554349541668399,0.04008107145870092,0.05672874943237638,0.937415755107043,False
sp|Q3UV17|K22O_MOUSE,0.0022774448626843736,0.014782803613952135,0.8779360822526868,-0.03580053387474212,0.040355423600110865,0.05653710156021255,0.937415755107043,False
sp|Q9CPP0|NPM3_MOUSE,-0.0022533138473420228,0.014697655089996165,0.8785250609229736,-0.0401119645216088,0.03560533682692475,0.05624584524970992,0.937415755107043,False
tr|Q8JZX1|Q8JZX1_MOUSE,0.0022219158150374872,0.014494044912605744,0.8785349495330637,-0.035112269797806246,0.03955610142788122,0.056240956892146365,0.937415755107043,False
sp|P97315|CSRP1_MOUSE,0.002207633594455206,0.014417596242442317,0.878674678939549,-0.03492963329356423,0.039344900482474646,0.056171888626936776,0.937415755107043,False
sp|Q7TPR4|ACTN1_MOUSE,-0.002255342044831571,0.01477910867647292,0.8790814204994025,-0.04032380325402432,0.03581311916436118,0.0559708987191625,0.937415755107043,False
sp|Q99M74|KRT82_MOUSE,0.0022540898930085845,0.014781640029350783,0.8791685625567024,-0.03582089164910459,0.04032907143512176,0.05592784987511561,0.937415755107043,False
sp|Q64518|AT2A3_MOUSE,-0.00222104284306885,0.0146659391101378,0.8799943487046101,-0.039997998567025676,0.035555912880887976,0.05552011686606344,0.937867012950778,False
sp|Q6R0H7|GNAS1_MOUSE,0.002196181697977581,0.01455132276909144,0.8803998241298089,-0.03528554189604648,0.039677905292001645,0.055320052874097594,0.937867012950778,False
sp|Q9EPL8|IPO7_MOUSE,-0.00222556726933991,0.014781470461296554,0.8806844416757209,-0.04030011203309006,0.03584897749441024,0.05517967591074759,0.937867012950778,False
sp|P18760|COF1_MOUSE,-0.002198965686521889,0.014775337112563918,0.8820513321845664,-0.04025771199087763,0.03585978061783385,0.05450613977090752,0.9388314229055484,False
sp|A2BGH0|BPIB4_MOUSE,0.0020992392329478556,0.014137605237936508,0.8823192401675446,-0.03431681862093543,0.03851529708683114,0.05437425028988502,0.9388314229055484,False
sp|Q99J56|DERL1_MOUSE,0.002157060216359126,0.014719665916141909,0.8838483005124826,-0.035758286588889174,0.04007240702160743,0.053622268814833916,0.9398779373294446,False
sp|Q6PB93|GALT2_MOUSE,-0.002032112359631095,0.013930095385788568,0.8843703932130367,-0.03791366025557662,0.03384943553631442,0.053365805079565884,0.9398779373294446,False
tr|A0A1L1SSC7|A0A1L1SSC7_MOUSE,0.0021358615836289496,0.014666336667481366,0.8845664162266401,-0.03564211818018328,0.03991384134744117,0.05326955323718441,0.9398779373294446,False
sp|P0DP26|CALM1_MOUSE / sp|P0DP28|CALM3_MOUSE / sp|P0DP27|CALM2_MOUSE,-0.0021457009273404847,0.01475918536300994,0.8847627650821646,-0.0401628430818915,0.03587144122721053,0.05317316277945257,0.9398779373294446,False
sp|Q60770|STXB3_MOUSE,-0.002074813295774987,0.014408076286136166,0.8858467819900723,-0.03918755840137254,0.03503793180982256,0.05264138814738566,0.9406414282987365,False
tr|A0A075B5U0|A0A075B5U0_MOUSE,0.0020515751314206135,0.014725422936909788,0.8895332259133202,-0.03587860077662273,0.03998175103946395,0.050837825476272316,0.9441665526491341,False
sp|Q9QYJ1|SIA7E_MOUSE,0.0020100389669690413,0.014668408701583441,0.8913374896408713,-0.035773278003001265,0.03979335593693934,0.049957826673404794,0.9456918153379661,False
sp|Q8CJ19|MICA3_MOUSE,0.002001642719319299,0.014714412443456688,0.8921247472088278,-0.03590017203704102,0.03990345747567961,0.049574413296050855,0.9461372422004661,False
sp|P43274|H14_MOUSE,0.0019340728071376154,0.014492610149453782,0.894158689460287,-0.03539641710073565,0.03926456271501088,0.04858539860786088,0.9473795512137076,False
sp|Q9R0X2|ADEC1_MOUSE,-0.0019521987786977968,0.0146302092499986,0.8941714575843848,-0.03963712048189637,0.035732722924500776,0.04857919715132426,0.9473795512137076,False
sp|P47738|ALDH2_MOUSE,0.0019296533595921975,0.014501026530629428,0.8944600227503419,-0.03542251570954313,0.03928182242872753,0.048439065143462565,0.9473795512137076,False
sp|P62075|TIM13_MOUSE,0.001894558373906505,0.014339675812283178,0.8952091140279916,-0.03504199878676388,0.038831115534576896,0.048075504951650354,0.9473795512137076,False
sp|Q8QZR3|EST2A_MOUSE,-0.001874904293024368,0.014203061317922067,0.895298193215224,-0.03845956583582989,0.03470975724978116,0.048032291947891194,0.9473795512137076,False
sp|Q9ERN0|SCAM2_MOUSE,-0.001944415617979321,0.014758761710850093,0.8955036223899667,-0.03996046651688249,0.03607163528092385,0.047932653052479526,0.9473795512137076,False
sp|P06327|HVM52_MOUSE,-0.001927740364247745,0.014782994751890273,0.8965634753776331,-0.04000621144037632,0.036150730711880824,0.047418957601666735,0.9481112727299407,False
sp|Q9DBD0|ICA_MOUSE,-0.0018758896126330209,0.01454588091974404,0.8976984234443908,-0.03934359593164255,0.03559181670637651,0.04686953753238739,0.9489217735506184,False
sp|Q61361|PGCB_MOUSE,-0.0018489102956580168,0.014593923805760271,0.8994918415498447,-0.03944036688829521,0.035742546296979184,0.04600277138007702,0.9497437172902068,False
sp|Q8BI84|TGO1_MOUSE,-0.0018418502103871512,0.014556009424565005,0.8996141735717856,-0.03933564582891566,0.03565194540814136,0.04594371080029536,0.9497437172902068,False
sp|Q8R418|DICER_MOUSE,-0.0018581834358895933,0.014761574059967053,0.900131522582012,-0.03988147846606004,0.036165111594280853,0.04569402905133697,0.9497437172902068,False
sp|Q99M28|RNPS1_MOUSE,0.0018532732608522626,0.014751208155935225,0.9003243961351353,-0.03614332096995523,0.03984986749165976,0.04560098159677157,0.9497437172902068,False
sp|P70398|USP9X_MOUSE,-0.001848356143141553,0.014721093769270372,0.900385170211404,-0.039767380854319315,0.0360706685680362,0.04557166665729487,0.9497437172902068,False
sp|Q5PR69|CRACD_MOUSE,0.0018328253853523635,0.014700206864913311,0.9010781734518692,-0.03603239822552205,0.03969804899622678,0.045237529968718763,0.9497437172902068,False
sp|Q02819|NUCB1_MOUSE,-0.0018134753579765006,0.014549975080404256,0.9011117557163222,-0.03929172753598805,0.035664776820035056,0.04522134455795005,0.9497437172902068,False
sp|Q9JLN9|MTOR_MOUSE,0.001806408647542401,0.014539820292895326,0.9014266582746662,-0.03564568653123233,0.03925850382631714,0.045069602499355564,0.9497437172902068,False
sp|A2AG06|MEIOC_MOUSE,0.0018171116538250511,0.01473620492115019,0.9021602592525781,-0.03614083680517512,0.03977506011282522,0.044716307771943506,0.9501278803989319,False
sp|Q3U487|HECD3_MOUSE,0.0017948163454908754,0.014751619530214165,0.9034551710119905,-0.036202837515239034,0.03979247020622079,0.04409339204066348,0.9511026432362533,False
sp|P08249|MDHM_MOUSE,0.0017418196795929565,0.014439371404470379,0.9042757401199506,-0.03545153630886789,0.0389351756680538,0.043699120240708204,0.9515774543558941,False
sp|D7PDD4|G6B_MOUSE,0.001763433488051619,0.014767131100851757,0.9052342586320891,-0.036274175530870666,0.03980104250697391,0.04323901851168083,0.9521969836509924,False
sp|O70165|FCN1_MOUSE,0.001747392230376999,0.01476736474757696,0.9060937014387562,-0.03629081862262675,0.03978560308338074,0.04282688851127733,0.9526815537876268,False
sp|O54890|ITB3_MOUSE,-0.0016981092534712364,0.01444404414771869,0.9066966344553112,-0.03890350143091904,0.03550728292397657,0.04253799631396375,0.9526815537876268,False
sp|Q9D8V0|HM13_MOUSE,-0.001732818757087432,0.014756476466381991,0.906804849838242,-0.039742983256323895,0.03627734574214903,0.042486165814648785,0.9526815537876268,False
sp|Q07417|ACADS_MOUSE,-0.0016665443597201949,0.01472046619659956,0.910135278230524,-0.03958395255082237,0.03625086383138198,0.040894051390317245,0.9554073662566702,False
sp|Q9CQF9|PCYOX_MOUSE,0.0016356562851314082,0.01444863290823869,0.9101414638553833,-0.03558155575613078,0.0388528683263936,0.04089109977018012,0.9554073662566702,False
sp|P56135|ATPK_MOUSE,-0.0016311959428830817,0.014611870069886651,0.911382357608305,-0.039268879048546236,0.03600648716278008,0.040299382674263515,0.9560412338848756,False
sp|O70400|PDLI1_MOUSE,0.0016379856720271282,0.014690253034782162,0.911487855995095,-0.03620159857151293,0.03947756991556719,0.040249113196006846,0.9560412338848756,False
sp|Q8CGY8|OGT1_MOUSE,0.0016228828710296342,0.01477546065763819,0.9128042862149489,-0.03643618166434872,0.03968194740640799,0.03962232928755198,0.9570321811903475,False
sp|P15702|LEUK_MOUSE,-0.0015723294157323534,0.014383520386780889,0.9132167924026914,-0.03862182271619558,0.03547716388473087,0.03942611121949921,0.9570749859328165,False
sp|Q99LC8|EI2BA_MOUSE,0.0015870008134957632,0.0146171957717641,0.9138049571349663,-0.03606440039112529,0.03923840201811681,0.0391464903484659,0.9572618954827995,False
sp|Q6ZQK0|CNDD3_MOUSE,-0.0015562996630709431,0.01439035004419287,0.9141386411620209,-0.03862338499522915,0.03551078566908727,0.038987932794071145,0.9572618954827995,False
tr|A0A075B5S9|A0A075B5S9_MOUSE,-0.0015860788581313799,0.014784816578654169,0.914827684441442,-0.03966924264902439,0.036497084932761624,0.0386607012819174,0.9575940192832167,False
sp|Q8C1B7|SEP11_MOUSE,0.001535488629595574,0.014475924682364147,0.9157812634458333,-0.03575202236320481,0.03882299962239595,0.03820824622579886,0.9577297807748429,False
sp|Q8CG85|MAMC2_MOUSE,-0.0015406825857255022,0.014555219393872571,0.9159560849090971,-0.03903244322004574,0.03595107804859473,0.03812534788110723,0.9577297807748429,False
sp|Q9ERG2|STRN3_MOUSE,0.0015205980038528683,0.01447091926116926,0.9165661946081366,-0.035754019878357114,0.03879521588606285,0.03783616472802879,0.9577297807748429,False
sp|Q64735|CR1L_MOUSE,0.0015507934850458524,0.014766344296073366,0.9166116047718402,-0.03648478885907208,0.039586375829163786,0.03781464866610669,0.9577297807748429,False
sp|P06745|G6PI_MOUSE,-0.0015381104337305951,0.014746764738020614,0.9171816759519642,-0.03952325917846572,0.03644703831100453,0.037544630471146846,0.9577297807748429,False
sp|Q6P069|SORCN_MOUSE,0.0015414423553815491,0.014783943059180238,0.9172108847199949,-0.03653947139845328,0.039622356109216376,0.03753080005441712,0.9577297807748429,False
sp|Q7TNC4|LC7L2_MOUSE,-0.0015340983572794337,0.014784212954143127,0.9176053872096408,-0.039615707314468555,0.03654751059990969,0.03734404538081674,0.9577297807748429,False
sp|P17047|LAMP2_MOUSE,0.0015191567423146527,0.014698849620566397,0.917932853962063,-0.0363425708387989,0.03938088432342821,0.03718908592325535,0.9577297807748429,False
tr|Q99N75|Q99N75_MOUSE,0.0014534299346707115,0.014482798344306151,0.9203040305221601,-0.035851786437982563,0.03875864630732399,0.03606867595268713,0.9588363100956181,False
sp|Q9R0Q6|ARC1A_MOUSE,-0.0014808848798792316,0.014779699374723164,0.9204293761469842,-0.03955086762693452,0.036589097867176054,0.03600952897020863,0.9588363100956181,False
sp|P32233|DRG1_MOUSE,-0.0014696331873038817,0.014777031087927446,0.9210177167366245,-0.039532742883040484,0.036593476508432726,0.035732015615367034,0.9588363100956181,False
sp|Q8R001|MARE2_MOUSE,-0.001463300334565367,0.01472823244624068,0.9210972347434522,-0.03940071305907182,0.03647411238994108,0.03569452150396978,0.9588363100956181,False
sp|Q9CUN6|SMUF1_MOUSE,-0.0014568476399103485,0.014745117269708669,0.9215336812290557,-0.0394377527874909,0.036524057507670196,0.03548878708125353,0.9588363100956181,False
sp|Q9D9K3|AVEN_MOUSE,0.001455733172191693,0.014750090549484514,0.9216198591844572,-0.03653798229517022,0.0394494486395536,0.03544817558611843,0.9588363100956181,False
tr|A0A0B4J1H8|A0A0B4J1H8_MOUSE,-0.001440136544957065,0.014670998359512154,0.9220402213811076,-0.039230124031706316,0.03634985094179218,0.03525013367210841,0.9588363100956181,False
sp|Q1ERP8|CLM9_MOUSE,-0.0013697331090902082,0.013997054062171606,0.9222804531481585,-0.037423755125790006,0.03468428890760959,0.03513699572073263,0.9588363100956181,False
sp|P19137|LAMA1_MOUSE,-0.0014364674294932646,0.014694835919320316,0.9223639381531407,-0.03928785640132148,0.03641492154233495,0.03509768507941756,0.9588363100956181,False
tr|E9QAN8|E9QAN8_MOUSE,-0.001428165985190343,0.0146768803614238,0.92271703938522,-0.03923330450482714,0.03637697253444646,0.03493145940110398,0.9588363100956181,False
sp|Q9QYB5|ADDG_MOUSE,-0.0014302872974517621,0.01477185383427819,0.9230986532662643,-0.0394800612715267,0.03661948667662318,0.03475188263645042,0.958845918580327,False
sp|P36423|THAS_MOUSE,0.0014129383946897157,0.014678281032893998,0.9235457433173616,-0.03639580801556467,0.0392216848049441,0.03454158903985056,0.9589235036460508,False
sp|P19788|MGP_MOUSE,-0.0013379894442275063,0.014233582279673146,0.9253338864727519,-0.038001267774683954,0.03532528888622894,0.033701533327343595,0.9602994512788123,False
sp|Q91YQ5|RPN1_MOUSE,0.0013476809246810884,0.01439137047347977,0.9256167914850533,-0.03572203285913652,0.03841739470849869,0.03356877550925031,0.9602994512788123,False
sp|Q9R0Q7|TEBP_MOUSE,0.0013682827693783464,0.01473658816959644,0.9262469902362592,-0.036590652872200216,0.039327218410956905,0.03327319021467549,0.9605662504463823,False
sp|P07356|ANXA2_MOUSE,0.0013512099143239565,0.014686078195281359,0.9269148356610449,-0.036477620655292316,0.03918004048394023,0.032960166720178784,0.9608718606389657,False
sp|O55102|BL1S1_MOUSE,-0.0012967425887086344,0.014478966696852603,0.928852288076365,-0.038592089291570195,0.03599860411415293,0.03205334475111731,0.9623103699703299,False
sp|Q9EQK5|MVP_MOUSE,0.0013163501786345655,0.014738952861127063,0.929049933882035,-0.03664867650468243,0.039281376861951565,0.03196094324356419,0.9623103699703299,False
tr|D3Z2H9|D3Z2H9_MOUSE,-0.001288821284556741,0.014600529732252142,0.9298729480657731,-0.03889729361622879,0.036319651047115306,0.031576386632474335,0.962775569468985,False
tr|A0A075B5W1|A0A075B5W1_MOUSE,0.0012916119817812152,0.014778590467167004,0.9305660631614614,-0.03677551440869599,0.03935873837225842,0.03125278981098069,0.9631059536337472,False
sp|Q99KY4|GAK_MOUSE,-0.0012746148350181877,0.014783194306476476,0.9314987689805642,-0.03935359992969756,0.036804370259661184,0.030817714707944005,0.9635642710532244,False
sp|Q8VHQ4|RB40C_MOUSE,0.0012470953797164713,0.014540818272494533,0.9318596676919068,-0.03620757042415425,0.03870176118358719,0.030649484787455016,0.9635642710532244,False
sp|Q7M747|S2B24_MOUSE,0.001251293509775613,0.014648347312030255,0.9321314948324589,-0.03648034874511369,0.03898293576466491,0.030522817847843203,0.9635642710532244,False
sp|Q9QZI9|SERC3_MOUSE,0.0012165075056229323,0.014710538466538676,0.9342921163786675,-0.036675328547470694,0.039108343558716556,0.029517315743687947,0.9650744392761791,False
sp|P20060|HEXB_MOUSE,0.0012214803008009532,0.014781913206111243,0.9343419716953454,-0.036854204898016864,0.039297165499618765,0.029494141716124102,0.9650744392761791,False
sp|Q9R087|GPC6_MOUSE,0.0011699133990375906,0.014348535429638088,0.9352124807974287,-0.03578946462363381,0.03812929142170899,0.029089705968024984,0.9654217868652162,False
sp|O54833|CSK22_MOUSE,0.0011975414758411832,0.014774829465297555,0.9355950808815017,-0.03685989721580999,0.039254980167492355,0.02891207026565906,0.9654217868652162,False
sp|Q8K558|TRML1_MOUSE,-0.0011832425503764134,0.01464649329644458,0.9358060314204997,-0.03891010917759089,0.03654362407683807,0.02881416003697838,0.9654217868652162,False
sp|Q08890|IDS_MOUSE,0.001176109046670983,0.0147151478615675,0.9364892561794146,-0.03672760002120952,0.03907981811455148,0.028497200679304217,0.9654217868652162,False
sp|P27546|MAP4_MOUSE,-0.001168983632283494,0.014721607886269266,0.9369008547388357,-0.03908933262109246,0.03675136535652547,0.028306364841162054,0.9654217868652162,False
tr|B1AVU4|B1AVU4_MOUSE / tr|Q9D3N5|Q9D3N5_MOUSE,-0.0011674722804145851,0.014754812243778092,0.9371237771992554,-0.0391733500263003,0.03683840546547113,0.028203042832198794,0.9654217868652162,False
sp|P53657|KPYR_MOUSE,0.0011603946527146964,0.014754916345031387,0.9375045979314592,-0.03684575124022979,0.039166540545659184,0.02802659362545508,0.9654217868652162,False
sp|P40124|CAP1_MOUSE,0.0011456840596811302,0.01466138996886944,0.9379024334906557,-0.036619553852890674,0.03891092197225293,0.027842337314413528,0.9654217868652162,False
sp|Q571I9|A16A1_MOUSE,-0.0011195956322904667,0.014457005778903895,0.9384574246268964,-0.03835837475916691,0.03611918349458598,0.02758542540707259,0.9654217868652162,False
sp|Q6PGG2|GMIP_MOUSE,-0.001142935665232346,0.0147833564034185,0.938561154726086,-0.039222338293964994,0.0369364669635003,0.027537424380096372,0.9654217868652162,False
sp|Q4KMM3|OXR1_MOUSE,0.0011208086870721124,0.0145544155111724,0.9388023900234956,-0.0363688812826324,0.03861049865677663,0.027425813435721855,0.9654217868652162,False
sp|A2AGL3|RYR3_MOUSE / sp|E9Q401|RYR2_MOUSE / sp|E9PZQ0|RYR1_MOUSE,-0.0010926591981311935,0.01476229205939225,0.9411750263411979,-0.039117803672260996,0.03693248527599861,0.026329605153161757,0.9674753264784769,False
sp|P21803|FGFR2_MOUSE,0.0010448407749527162,0.014576942444621863,0.9430308906425382,-0.03650287473005002,0.038592556279955455,0.025474080946798917,0.9689962264184101,False
sp|Q78IK2|ATPMK_MOUSE,0.001028711317852488,0.014579678867535842,0.9439193582679717,-0.03652605274547898,0.03858347538118396,0.025065107137539427,0.9695222766414149,False
sp|P01663|KV3AB_MOUSE / sp|P01662|KV3AA_MOUSE,-0.001007066258668911,0.014749072321686561,0.9457269901976864,-0.03899815894503117,0.03698402642769334,0.024234216412950423,0.970078344756909,False
tr|A0A075B5W9|A0A075B5W9_MOUSE,-0.0010045432871105577,0.01478457628136367,0.9459925494038182,-0.039087088113201135,0.03707800153898001,0.02411228406919133,0.970078344756909,False
sp|Q8C166|CPNE1_MOUSE,0.0009957148684186954,0.014660286677624465,0.9460133109871343,-0.036766681154233954,0.03875811089107134,0.02410275276565905,0.970078344756909,False
sp|P62814|VATB2_MOUSE,-0.0010011007917250883,0.014756194501182995,0.9460739813736438,-0.03901053899673939,0.03700833741328922,0.0240749011816529,0.970078344756909,False
sp|O70362|PHLD_MOUSE,-0.0009578435592996769,0.014341318804280136,0.9469102351600753,-0.03789863278690133,0.03598294566830198,0.02369118913020373,0.970078344756909,False
sp|Q8BHI9|NIM1_MOUSE,0.000985303932952491,0.014773985177714725,0.9469874351975702,-0.0370699600180022,0.03904056788390719,0.023655783257088107,0.970078344756909,False
sp|Q9D136|OGFD3_MOUSE / sp|Q8C9S4|CC186_MOUSE,0.0009527375073129089,0.014438034037460055,0.9475460380880923,-0.03623717365201314,0.03814264866663896,0.02339967993309834,0.970078344756909,False
sp|Q5SW46|PERL_MOUSE,0.0009170866331711961,0.013963749597374474,0.9477935200524129,-0.035051148767165134,0.03688532203350752,0.023286264844362185,0.970078344756909,False
sp|P53994|RAB2A_MOUSE,-0.000958988122440149,0.01462628814839226,0.9478809774549782,-0.038633809737218916,0.03671583349233862,0.023246192281891565,0.970078344756909,False
sp|Q91YR1|TWF1_MOUSE,0.0009625468226530114,0.014779119823343933,0.9482280364089863,-0.03710594309897674,0.03903103674428276,0.023087207973286946,0.970078344756909,False
tr|A0A0B4J1J7|A0A0B4J1J7_MOUSE,0.0009363588250574061,0.014646040206493767,0.9491776512780062,-0.036789340719784625,0.038662058369899444,0.02265249595080409,0.9706641985865234,False
tr|A0A075B5Q3|A0A075B5Q3_MOUSE,-0.0009356925349704056,0.014781294828319575,0.949677848567977,-0.039009784898151774,0.03713839982821097,0.022423691886524846,0.970790178667146,False
sp|Q76MZ3|2AAA_MOUSE,0.0009254321555900325,0.014783599219240724,0.9502366729138277,-0.03715459592525287,0.039005460236432934,0.022168212669948673,0.9708264719471327,False
sp|P17710|HXK1_MOUSE,-0.0009188922097173266,0.01474758949357747,0.9504673925354259,-0.03890616538398406,0.03706838096454941,0.022062777783118628,0.9708264719471327,False
sp|Q9ERS7|ILRL2_MOUSE,-0.0009026737304562477,0.01467235849702431,0.9510913517045242,-0.03869616469926617,0.03689081723835367,0.021777767357204974,0.9710786005706383,False
sp|Q8CIZ8|VWF_MOUSE,-0.0008803483246203521,0.014678531944190436,0.9523195367896059,-0.038689741039544694,0.036929044390303985,0.0212173060480278,0.9719472085744095,False
sp|Q8R015|BL1S5_MOUSE,-0.0008592918533840979,0.014758493221775982,0.9537105117032076,-0.038874651170262495,0.0371560674634943,0.020583430588234333,0.9728857175799261,False
sp|Q8BY35|FGD2_MOUSE,-0.0008500628571246624,0.014690285308194578,0.953994732772549,-0.03868973023146614,0.03698960451721682,0.020454023130424676,0.9728857175799261,False
sp|Q6PNC0|DMXL1_MOUSE / sp|Q8BPN8|DMXL2_MOUSE,0.0008452878304226127,0.014778404218108148,0.9545253408856083,-0.03722135881427103,0.038911934475116254,0.020212537400541446,0.9730414698259863,False
sp|O09172|GSH0_MOUSE,0.0007852165552084244,0.01468449968873282,0.9574839552067395,-0.03703954805098428,0.03860998116140113,0.018868494877417596,0.9753190898249504,False
sp|Q3UQN2|FCHO2_MOUSE,0.0007863987800859778,0.014718110810068156,0.9575171491563008,-0.03712494233736743,0.03869773989753938,0.018853439064556003,0.9753190898249504,False
sp|P56379|ATP68_MOUSE,0.0007739089808027586,0.014750066213421684,0.9582817319421303,-0.037219743801015386,0.038767561762620896,0.01850679087956182,0.9757119255638536,False
sp|P30412|PPIC_MOUSE,-0.0007253781079405788,0.014635117860265532,0.9605887444296723,-0.03842294355330442,0.03697218733742326,0.01746250645483559,0.977357383235554,False
sp|O08912|GALT1_MOUSE,0.0007102849525710848,0.014420812767100437,0.960835086604758,-0.03643526715391832,0.03785583705906049,0.0173511462789515,0.977357383235554,False
sp|Q01063|PDE4D_MOUSE,0.0007183451538451123,0.014659897022070618,0.9610364638261836,-0.03704304718261365,0.038479737490303874,0.01726013393596054,0.977357383235554,False
sp|Q3U308|CTU2_MOUSE,0.0006972561685869546,0.01471305091142172,0.9623159897871233,-0.03720105151365997,0.03859556385083388,0.016682297933805802,0.978102381408668,False
sp|E9Q6J5|BD1L1_MOUSE,-0.000683300156811874,0.014500475448624041,0.9625287124231319,-0.03803404973276907,0.03666744941914532,0.016586306535367825,0.978102381408668,False
sp|Q9DB05|SNAA_MOUSE,0.0006519074209895033,0.014387075636099667,0.9639674504389133,-0.03640674359485046,0.03771055843682946,0.015937630343462857,0.9791779822012631,False
sp|Q9DBJ1|PGAM1_MOUSE / sp|O70250|PGAM2_MOUSE,-0.0005989436917447403,0.014755519536188953,0.967719311884147,-0.038606643302148524,0.03740875591865904,0.014250592047958548,0.9826014306394631,False
sp|Q9CQS6|GKN2_MOUSE,-0.0005851914897198182,0.014781572066294869,0.9685156628684236,-0.03865999797060201,0.03748961499116237,0.013893351462863818,0.9830224012164726,False
sp|Q9D051|ODPB_MOUSE,0.0005463571860797034,0.014359691662058995,0.9697407968999079,-0.03644175738697867,0.03753447175913808,0.01334433327939028,0.9838780740808758,False
sp|O35609|SCAM3_MOUSE,0.0005384948149124645,0.014785420858994452,0.9710343918105907,-0.0375462254989886,0.03862321512881353,0.012765388105325128,0.9845038368752728,False
sp|Q9QYG0|NDRG2_MOUSE,0.0005328844772139983,0.01478588975215931,0.9713369472703822,-0.037553043625441346,0.038618812579869335,0.012630091455219039,0.9845038368752728,False
tr|A0A075B5V3|A0A075B5V3_MOUSE,-0.0005297412493181827,0.01478517315428625,0.9715045629126478,-0.03861382351817324,0.03755434101953687,0.012555155287430102,0.9845038368752728,False
sp|Q9JKR6|HYOU1_MOUSE,-0.00036636824464469453,0.010483990804761003,0.9722071092781785,-0.027371338977685306,0.026638602488395915,0.012241207465349856,0.984828208651184,False
tr|A8R0U9|A8R0U9_MOUSE,0.0004781161925283589,0.014188604712580303,0.9731995203879197,-0.03606930760260801,0.03702553998766473,0.011798113770125082,0.9854458375929583,False
sp|Q8K2T8|PAF1_MOUSE,0.0004887063712546522,0.014722449302368103,0.9735990716135474,-0.037433809961798174,0.038411222704307475,0.011619848904229783,0.9854628967786496,False
sp|O54957|LAT_MOUSE,-0.0004415330212840945,0.014708506925792491,0.9761240550385818,-0.03832813617219234,0.037445070129624156,0.010494984592527486,0.9876304289683097,False
sp|Q9CQH7|BT3L4_MOUSE,-0.0004329870177621469,0.014783838153801116,0.9767053161574105,-0.03851363055324734,0.03764765651772304,0.010236448431989677,0.9878303963493056,False
sp|P54729|NUB1_MOUSE,0.00040600068259865913,0.014733707569531213,0.9780824970375598,-0.03754551502492008,0.038357516390117405,0.00962451280220003,0.9888348762747219,False
sp|A2A870|FBF1_MOUSE,-0.0003440005666232007,0.013455955354517336,0.9796657235677924,-0.03500424467603469,0.03431624354278828,0.00892208673092277,0.9900467967767133,False
tr|Q14BI5|Q14BI5_MOUSE,-0.0003357539329047382,0.014502700256444172,0.9815852870395283,-0.03769223423403979,0.03702072636823031,0.008071959862789184,0.9915975339846157,False
sp|O08538|ANGP1_MOUSE,-0.00032220607634708904,0.014639115117844636,0.9824928524664202,-0.03803006777491701,0.03738565562222284,0.007670600388346426,0.992125135333738,False
sp|Q3UHX2|HAP28_MOUSE,-0.00028509607613226877,0.014724792801709997,0.98459908356256,-0.03821364886346279,0.03764345671119826,0.006740572792298738,0.9938622658461748,False
sp|P55937|GOGA3_MOUSE,-0.00023160317115171686,0.014475071220292993,0.9872726784532241,-0.03751691579133975,0.03705370944903632,0.005562881380761083,0.9950142950867171,False
sp|Q0VE82|CPNE7_MOUSE / sp|P59108|CPNE2_MOUSE / sp|Q8JZW4|CPNE5_MOUSE / sp|Q1RLL3|CPNE9_MOUSE / sp|Q9Z140|CPNE6_MOUSE / sp|Q8BT60|CPNE3_MOUSE / sp|Q9DC53|CPNE8_MOUSE / sp|Q8BLR2|CPNE4_MOUSE,-0.00023155744815723557,0.01477038239995265,0.9875295826248103,-0.038277541258578206,0.03781442636226374,0.005449885698179368,0.9950142950867171,False
sp|Q6IME9|K2C72_MOUSE,-0.0002295573384001083,0.014780571135316754,0.9876458101102765,-0.038301785591938045,0.03784267091513782,0.0053987743327508575,0.9950142950867171,False
tr|A0A075B5K2|A0A075B5K2_MOUSE,0.0002281002873048641,0.014773062501171339,0.9877179797090148,-0.037824787006371687,0.03828098758098141,0.005367040574474362,0.9950142950867171,False
sp|Q91VM3|WIPI4_MOUSE,0.00021648456820309858,0.014729129440744287,0.9883086135039605,-0.03772323866103086,0.03815620779743706,0.0051074195688760975,0.9950142950867171,False
sp|O88312|AGR2_MOUSE,-0.00020556278618203859,0.014577945590568797,0.9887832876606546,-0.03775586222391062,0.03734473665154655,0.004898882605274335,0.9950142950867171,False
sp|Q9CU62|SMC1A_MOUSE,0.00019608682576965778,0.014785139771915357,0.9894502522810407,-0.037887909455796225,0.03828008310733554,0.004606036427727267,0.9950142950867171,False
tr|A0A0B4J1H7|A0A0B4J1H7_MOUSE,0.00019047881293053582,0.014753764871110655,0.9897301621835841,-0.03781270107974665,0.03819365870560772,0.004483194340137116,0.9950142950867171,False
sp|Q3TTY5|K22E_MOUSE,-0.00018906961010240267,0.014786037811926854,0.9898283849487297,-0.03827537908944566,0.03789723986924086,0.004440096241324313,0.9950142950867171,False
sp|Q6WVG3|KCD12_MOUSE,0.00017692632455187712,0.014494398830187653,0.9902901323388131,-0.03715817091957038,0.03751202356867414,0.004237548418625222,0.9950142950867171,False
tr|A0A0B4J1J5|A0A0B4J1J5_MOUSE,-0.00017914379691259807,0.01478589678002379,0.990362257278197,-0.03826509000214721,0.03790680240832201,0.004205918978386149,0.9950142950867171,False
sp|P57780|ACTN4_MOUSE,-0.00017884831212750538,0.014784639818921601,0.9903773352649538,-0.03826155680012167,0.03790386017586666,0.004199307017408112,0.9950142950867171,False
sp|P04104|K2C1_MOUSE,0.00015401835951916673,0.014782138509475986,0.9917118185422404,-0.037922247182307744,0.03823028390134607,0.0036145111115582313,0.995966432428342,False
sp|Q62203|SF3A2_MOUSE,0.00014370189607650172,0.014736482052860263,0.9922430018046006,-0.03781496040690342,0.038102364199056424,0.0033819554476199397,0.9961113955738192,False
sp|Q6NXH9|K2C73_MOUSE,0.00013017184489444878,0.014785780653351208,0.9929967585402676,-0.037955475237853996,0.0382158189276429,0.00305216917871023,0.9961508972246743,False
sp|Q9JL99|CLC1B_MOUSE,0.0001290584029704533,0.014784501649409223,0.9930560594857238,-0.03795329418394488,0.03821141098988578,0.003026234245704221,0.9961508972246743,False
sp|Q9QUM0|ITA2B_MOUSE,0.00010265186046757744,0.014420202829190588,0.9943372978235893,-0.0370413291500803,0.03724663287101545,0.002466269792588685,0.9968697243059611,False
sp|Q99LD9|EI2BB_MOUSE,-0.00010134868561619513,0.014784439733124623,0.9945469210648599,-0.038183541786751284,0.03798084441551889,0.0023747227669398204,0.9968697243059611,False
sp|Q9WUP7|UCHL5_MOUSE,5.835204864550734e-05,0.0143863809370069,0.9967734728470166,-0.03699850954091415,0.03711521363820517,0.0014035284191139528,0.9987127208486645,False
tr|A0A075B5Q5|A0A075B5Q5_MOUSE,-3.8071867865566936e-05,0.014777149733701022,0.9979505137852382,-0.03810148717486249,0.03802534343913136,0.0008909939058686814,0.999033372005125,False
sp|Q9CR62|M2OM_MOUSE,-3.360916417646624e-05,0.014782917321720601,0.9981914556518277,-0.03811188079340502,0.03804466246505209,0.0007861519404878949,0.999033372005125,False
tr|Q3ULL6|Q3ULL6_MOUSE,-3.238950801378454e-05,0.01478577821630345,0.9982574237550239,-0.0381180303133432,0.038053251297315634,0.0007574513977335048,0.999033372005125,False
sp|Q9DC69|NDUA9_MOUSE,-2.443496497448643e-05,0.014453322514088183,0.9986551439687978,-0.037253726630405895,0.03720485670045692,0.0005844566464768797,0.9990431218802076,False
sp|Q810U4|NRCAM_MOUSE,1.4704624063230712e-05,0.014414250454138924,0.9991884902109402,-0.03711394408440086,0.037143353332527315,0.0003525773027223499,0.9991884902109402,False
