protein,n_all,n_male,n_female,rho_all,p_all,rho_male,p_male,rho_female,p_female,z_diff,p_diff,fdr_diff
sp|O35536|TFPI2_MOUSE,86,44,42,0.23936348976170047,0.02644202546843252,-0.01048918347667676,0.9461230402737832,0.839829416484432,3.6056892102154553e-12,-5.503853990607419,3.715773215983756e-08,9.568116031158171e-05
sp|P08003|PDIA4_MOUSE,86,44,42,0.4229937636724977,4.9607720018569596e-05,-0.06102153360418034,0.6939609865818516,0.7777919299823302,1.3602786822463948e-09,-4.921630195434662,8.582627577896159e-07,0.0011050133006541305
sp|O55111|DSG2_MOUSE,86,44,42,0.012341942778217038,0.9102018608611417,0.42183527062959514,0.004344209936755908,-0.47135446380440554,0.001627881417956719,4.299655224726703,1.7106402614087792e-05,0.011012246682819015
sp|O08842|GFRA2_MOUSE,86,44,42,0.03486290523439479,0.7499758273067283,0.47938403402865953,0.0009933226556180334,-0.4183658091048442,0.005829474377311709,4.327199250769496,1.5101733963038558e-05,0.011012246682819015
tr|A2CEK7|A2CEK7_MOUSE,86,44,42,-0.1309422261089391,0.22947153441759144,-0.629138390016619,4.781499848423361e-06,0.2065742323210591,0.18933063332999095,-4.245319125804026,2.182825293474319e-05,0.011241550261392744
sp|P42703|LIFR_MOUSE,86,44,42,-0.1160009810084842,0.2875086313958525,-0.4947634449370302,0.0006400648683288334,0.36244239814499946,0.01833219361658223,-4.122213118846075,3.752497866676767e-05,0.012131180275926749
sp|Q68SA9|ATS7_MOUSE,86,44,42,-0.0974833235887458,0.37189800545103197,0.3811542482268082,0.010689887924036115,-0.4789359174768043,0.0013333727135067194,4.126544752260951,3.682543681512048e-05,0.012131180275926749
sp|Q8CGN5|PLIN1_MOUSE,86,44,42,-0.0021060040713022157,0.9846460516915051,-0.46910746913596946,0.0013175647070965298,0.38575740621280646,0.011634258991184188,-4.093995568330092,4.2400241741103196e-05,0.012131180275926749
sp|O55189|AMBN_MOUSE,86,44,42,0.3019175025822717,0.004725938863707838,0.6885298478102346,2.3926362115293063e-07,-0.07124936031910246,0.6538758590938949,4.09754464388338,4.1755565482791136e-05,0.012131180275926749
sp|P08113|ENPL_MOUSE,86,44,42,0.3347028632598413,0.001633470683129143,-0.04791005425833439,0.757452502062751,0.690401410231669,4.2087032626647196e-07,-4.008772877376363,6.1035083063181436e-05,0.01571653388876922
sp|P18527|HVM56_MOUSE,86,44,42,0.11673144188006199,0.28446338015903017,0.488668378862745,0.0007637180141410083,-0.3371708859036702,0.02899473663434801,3.9575267785574284,7.572979986164212e-05,0.016250352886977373
tr|E9QA79|E9QA79_MOUSE,86,44,42,-0.13905318773490033,0.20164816676750658,-0.633957744586984,3.83904665926035e-06,0.13646616610317794,0.3888231652126766,-3.9580728999964374,7.555689946418395e-05,0.016250352886977373
sp|P11588|MUP1_MOUSE / tr|A9R9W0|A9R9W0_MOUSE,86,44,42,-0.14631036392654986,0.17887783734734172,-0.6350208375069174,3.655718791794713e-06,0.12187390580899106,0.44197057311181437,-3.8996820034263266,9.631910992873174e-05,0.019078592928191095
sp|P18528|HVM57_MOUSE,86,44,42,0.141206624330331,0.19468514143536989,0.49334598771045224,0.0006670990111150351,-0.30431791998994223,0.05006142384245419,3.8213386667584657,0.00013272923193983927,0.02441269801750615
sp|P70375|FA7_MOUSE,86,44,42,-0.03889466978531119,0.7221769479408947,-0.3835639255119907,0.0101649542703383,0.4085832882372329,0.00722307602150175,-3.747109496544182,0.00017888401291743468,0.030708422217492953
sp|O88456|CPNS1_MOUSE,86,44,42,0.04019432094643012,0.7132901470714288,-0.3102813868979112,0.040381990365751616,0.4714359848116356,0.0016244309844884472,-3.723104747269711,0.0001967878300273986,0.03167054139503446
tr|A0A075B5R1|A0A075B5R1_MOUSE,86,44,42,0.14154813850405568,0.1935969856032783,0.49129067473191423,0.0007081158301649253,-0.26738890371470947,0.08691344661985932,3.629388968376639,0.0002840928928799765,0.04264072330422859
sp|P47713|PA24A_MOUSE,86,44,42,0.21742120409988955,0.04433585029281236,-0.15110094035320848,0.32754420324201683,0.5721959497480322,7.524543122387929e-05,-3.5902199756997772,0.0003303990104308975,0.04264072330422859
sp|O70362|PHLD_MOUSE,86,44,42,-0.0017739764024032175,0.9870664915181943,0.3360791084216297,0.02571831250168515,-0.42456140565433137,0.00507295734849998,3.5895966011720386,0.0003311900839163386,0.04264072330422859
tr|A0A075B5Q0|A0A075B5Q0_MOUSE,86,44,42,0.1782988581987619,0.1004926645146698,0.5236086994978912,0.0002649466079463985,-0.22018824052848485,0.16115928191987433,3.5996265542207473,0.00031867451204127865,0.04264072330422859
sp|Q62318|TIF1B_MOUSE,86,44,42,0.1726259283130019,0.11197044828857959,-0.18979752263878624,0.21720889360597376,0.5373049586535519,0.00024346667652834242,-3.5429978543170737,0.0003956059211594614,0.048508821285029195
sp|Q8BJD1|ITIH5_MOUSE,86,44,42,-0.1639457763974995,0.1314652635973348,0.23565226391858263,0.12358040488956944,-0.4945879508649824,0.0008702298246106505,3.4973762616953805,0.0004698586257457796,0.054994816422517384
sp|P07901|HS90A_MOUSE,86,44,42,0.36134096881036665,0.0006304417649501425,0.05797400056703777,0.708553160127473,0.6827384355520402,6.330875378247422e-07,-3.470126731614621,0.0005202128479922398,0.05824122102521815
sp|P11589|MUP2_MOUSE,86,44,42,-0.16436318260982968,0.13047226559994698,-0.6263743484247919,5.414020068348108e-06,0.028532352530533024,0.8576496774325275,-3.4154971694115344,0.0006366569115903888,0.06830798113938545
tr|A0A075B5P9|A0A075B5P9_MOUSE,86,44,42,0.14263908655900953,0.19015032757139566,0.4491213222412205,0.0022273648996257675,-0.2699975759460725,0.08376314119230624,3.399818648330834,0.0006743055991731503,0.06945347671483448
sp|Q62010|OVGP1_MOUSE,86,44,42,-0.2945654613423653,0.005903719798391316,-0.0690301669343457,0.6561433633267769,-0.6695320323807649,1.2444112780079817e-06,3.3117186666623435,0.0009272474268439135,0.07733772111965903
sp|O08692|NGP_MOUSE,86,44,42,0.14554195703566933,0.1811958366688743,-0.23990463559831646,0.11675526415784399,0.45806653962590016,0.0022848762170788934,-3.3062655061649995,0.0009454845142172593,0.07733772111965903
sp|Q8BV57|SRCRL_MOUSE,86,44,42,-0.25200900069433946,0.01924495142359182,-0.7296361073809949,1.92443711479538e-08,-0.1803244679929687,0.2531356245787593,-3.333519733024916,0.0008575458843223424,0.07733772111965903
sp|Q8C708|CP054_MOUSE,86,44,42,-0.06530509922002005,0.5502464744271158,0.2579772152371852,0.09089099645036168,-0.44249602724495213,0.0033429698198791822,3.3050848383203815,0.0009494765470344326,0.07733772111965903
sp|Q3U0X8|TACT_MOUSE,86,44,42,-0.5074805756500541,6.136439720150936e-07,-0.27753812496396074,0.06815222727430938,-0.7737158796208254,1.8779712097098954e-09,3.328498334888806,0.0008731552695220178,0.07733772111965903
sp|P10605|CATB_MOUSE,86,44,42,0.638944559524406,3.59588799039823e-11,0.44522331486813116,0.0024586458616823893,0.8399924584988921,3.538612522684215e-12,-3.3191706703571455,0.0009028523017741741,0.07733772111965903
sp|P09103|PDIA1_MOUSE,86,44,42,0.3163844224414423,0.003000080605472524,-0.007441650439534188,0.9617625594119494,0.6237172263174519,1.0202404058535562e-05,-3.3016760140111425,0.0009610901265355686,0.07733772111965903
sp|Q9D7K5|DMAC2_MOUSE,86,44,42,-0.2202956150620723,0.04153442653875054,0.13869818962065147,0.3692471918368085,-0.5333919503065073,0.0002755528501694693,3.2836317603047895,0.0010247872819328177,0.07996446215081836
sp|P01831|THY1_MOUSE,86,44,42,0.05690005594446256,0.602805783004111,0.39405310898866747,0.008129526742416245,-0.29934513854890643,0.0541229523359048,3.243025667202677,0.0011826755621478897,0.089570281545024
sp|P14211|CALR_MOUSE,86,44,42,0.2811610300236715,0.008732518480591554,-0.10226953889759842,0.5088782546031363,0.5476581265717738,0.00017416650238713614,-3.2084623991449415,0.001334467572865958,0.09817868571799548
tr|A0A075B5Q6|A0A075B5Q6_MOUSE,86,44,42,0.04711946946918065,0.6666041683866145,0.3506789178553825,0.019604581879598612,-0.33423612964338684,0.030512556974615253,3.1912452910619935,0.0014166095571797258,0.09858836783075119
sp|O89103|C1QR1_MOUSE,86,44,42,-0.23720056666144412,0.027877584354979498,0.08724449229587224,0.5733464742143651,-0.5557287062875532,0.00013311307326518534,3.1925489350489022,0.0014102304739230177,0.09858836783075119
tr|A0A0A6YWI9|A0A0A6YWI9_MOUSE,86,44,42,-0.11307913752217301,0.29990497433883834,0.2075866108323394,0.17633849785859848,-0.45374592624270516,0.002543860983220936,3.1297639592198734,0.0017494681652349912,0.11832438683751952
tr|A0A075B5Q3|A0A075B5Q3_MOUSE,86,44,42,0.04893139189088661,0.6545868739780538,0.3939113632660097,0.00815449233110982,-0.27325841623527625,0.07995113625906351,3.11522463817185,0.0018380487275731186,0.11832438683751952
tr|A0A075B5L7|A0A075B5L7_MOUSE,86,44,42,0.19521329630295942,0.07166901896884158,0.5380667632089863,0.0001651632302635105,-0.09546109946644049,0.5475973594493754,3.1169238377729394,0.0018274877804579448,0.11832438683751952
sp|O70318|E41L2_MOUSE,86,44,42,0.07501928016152216,0.4924052666075378,-0.2315416379615066,0.13045921757289256,0.42945266608813704,0.00453746800367847,-3.1073562054452633,0.0018876879437954674,0.11855601110422753
sp|P28666|MUG2_MOUSE,86,44,42,-0.29928974074555675,0.005120444580697056,-0.427434226674578,0.0038044087244352414,-0.8177372235250764,3.8474818749964795e-11,3.0990978384999948,0.0019411090725163097,0.11900847289832137
sp|Q6U7R4|TIMD4_MOUSE,86,44,42,-0.024750291090213875,0.821045289726637,0.2818613695050235,0.06379454713955719,-0.3763009693741155,0.01404382477830837,3.06445108628505,0.002180698308949952,0.130588328966189
sp|Q9JJZ2|TBA8_MOUSE,86,44,42,0.11291786694013636,0.3005992286777636,-0.19114410700403528,0.21390337742714635,0.4509742119968819,0.0027232839596212158,-3.037629328166346,0.0023844706141703236,0.13517821555409026
sp|O08529|CAN2_MOUSE,86,44,42,-0.047318686070520054,0.6652787066743616,-0.3055329051888751,0.043711757891049134,0.34817622187973296,0.023848425769227227,-3.0355319305604045,0.002401117976992701,0.13517821555409026
sp|Q9JL35|HMGN5_MOUSE,86,44,42,0.28439592816923026,0.007958498177893058,-0.03125493184604359,0.840383925531777,0.5687720674443683,8.493299744755744e-05,-3.0265598910400238,0.002473538139724838,0.13517821555409026
sp|Q9R233|TPSN_MOUSE,86,44,42,0.20432982744044334,0.05914540501633714,-0.12020037281380937,0.4370468948245088,0.5042074297181336,0.0006626810952831244,-3.0209503286243424,0.0025198269307170227,0.13517821555409026
sp|Q9R0H2|MUCEN_MOUSE,86,44,42,-0.3185473455416986,0.002797637406294795,-0.050248858682187994,0.7459967813693951,-0.6211085540860889,1.138608366794753e-05,3.0245288609973144,0.002490207111550851,0.13517821555409026
tr|Q91XX1|Q91XX1_MOUSE,86,44,42,-0.14268651908313795,0.19000148626965813,0.17420549314642889,0.2580735691622975,-0.4591263127198914,0.002225014896874267,3.0052490099922813,0.0026536350461988244,0.1394512294686117
tr|Q3TUY3|Q3TUY3_MOUSE,86,44,42,0.07591101161513662,0.48726097709951266,-0.24734628603785064,0.10550302887119492,0.3951323220442673,0.009602920974572255,-2.99741353047665,0.0027228108946143674,0.13993823252380908
tr|A0A075B5R8|A0A075B5R8_MOUSE / tr|A0A075B5R6|A0A075B5R6_MOUSE,86,44,42,0.40846992478437294,9.449390388098925e-05,0.6572749159641911,1.2559444092316544e-06,0.11820546048363681,0.45593319748036804,2.9919967454622416,0.002771592178141461,0.13993823252380908
tr|A0A075B5Q2|A0A075B5Q2_MOUSE,86,44,42,-0.05253626372464716,0.6309401401713588,0.23969201701432977,0.11708959656485599,-0.3966812211816391,0.009298455872324798,2.969247691636364,0.0029852985701421257,0.1447654359174268
sp|Q61730|IL1AP_MOUSE,86,44,42,-0.21250719460018438,0.049486972989666186,-0.07781840173912893,0.6156033872948982,-0.6312171589826205,7.399565284905209e-06,2.9751011515552346,0.0029289195199283117,0.1447654359174268
sp|Q8BGG7|UBS3B_MOUSE,86,44,42,0.17903880557516538,0.09906605986094864,-0.12686242177872567,0.4118697891140114,0.4895336484167166,0.0010010056138656637,-2.9640836309409244,0.003035857685258659,0.1447654359174268
tr|A0A075B5K0|A0A075B5K0_MOUSE,86,44,42,0.3755802125537208,0.0003660601317149032,0.6336033802803395,3.9020169766074385e-06,0.08551553658436897,0.5902547077940208,2.9582366888595817,0.003094044515767547,0.14485753869275333
sp|P41274|TNFL9_MOUSE,86,44,42,0.2783435380904428,0.009459701646167983,0.6044746342741628,1.3907039191824866e-05,0.041901797716268493,0.7921843256820139,2.942827732604567,0.0032522933840367792,0.14692378006832818
sp|P05622|PGFRB_MOUSE,86,44,42,-0.20393139423776455,0.059652716443976316,0.09156773683693496,0.5544199454208179,-0.5135823455495944,0.0005041908411756164,2.9480423521838026,0.003197932493751542,0.14692378006832818
tr|G3X9D6|G3X9D6_MOUSE,86,44,42,0.16111879795944517,0.1383426097154906,-0.20340511201393446,0.18540747940789082,0.41755059903254327,0.005935953296900742,-2.910467490277191,0.003608885087375357,0.16022205344813006
sp|Q64314|CD34_MOUSE,86,44,42,-0.5019784028511565,8.476596427730946e-07,-0.2647101370634304,0.08248162754886436,-0.7248847962899989,5.682202058386719e-08,2.891208883859645,0.0038376295424498207,0.16748976392895404
sp|P59017|B2L13_MOUSE,86,44,42,0.11835363420525424,0.2777774540878615,-0.15386498194503545,0.31866890556679034,0.4521970271053334,0.0026428006640488726,-2.87269673049452,0.004069845944524326,0.1696862554739181
tr|S4R2L0|S4R2L0_MOUSE,86,44,42,-0.01893506363206857,0.8626179928825295,-0.3034775922103371,0.04522066081706425,0.31654607107445637,0.041112312639812104,-2.8664111157243832,0.0041515472213036276,0.1696862554739181
sp|A2AQ07|TBB1_MOUSE,86,44,42,0.0857105711000699,0.43265201805256004,-0.2075866108323394,0.17633849785859848,0.40646374204925045,0.00756030936298743,-2.870284208448002,0.004101030084078774,0.1696862554739181
sp|P63101|1433Z_MOUSE,86,44,42,0.30057990540185,0.004923241696864789,0.052871154551357186,0.7332166459333551,0.6010543863074856,2.5641373523306646e-05,-2.8696586049329675,0.004109151931438344,0.1696862554739181
tr|A0A075B5J9|A0A075B5J9_MOUSE / tr|A0A075B5K3|A0A075B5K3_MOUSE,86,44,42,-0.010245425211740508,0.9254076155515593,0.29050785858714895,0.05574549418177962,-0.3245351297830056,0.0360038005924769,2.842623585506047,0.004474388014171009,0.17837357912176832
sp|O35696|SIA8B_MOUSE,86,44,42,-0.38084522273197635,0.000297501724780276,-0.19993234180881853,0.19318819416794952,-0.6839612506604916,5.936414972581261e-07,2.8338113777918035,0.004599647255318966,0.17837357912176832
sp|P68254|1433T_MOUSE,86,44,42,0.23866148840459972,0.026900916822046733,-0.02905787314484778,0.8514735166140004,0.539995151892145,0.00022340478494128785,-2.830937658343123,0.0046411766218091175,0.17837357912176832
tr|A0A494BBH0|A0A494BBH0_MOUSE,86,44,42,-0.014030540637189086,0.8979778727722681,-0.29943783911458993,0.04830972048520747,0.3138558778358633,0.04295990326599456,-2.8331911418692655,0.004608581967996847,0.17837357912176832
sp|Q923X1|AGRL4_MOUSE,86,44,42,-0.04965236625763872,0.6498292455269029,0.20893319519758843,0.17348699054264488,-0.3951323220442673,0.009602920974572255,2.816220808248464,0.004859225687029729,0.17875008777287932
tr|A2A7W1|A2A7W1_MOUSE / sp|Q6SJQ5|CLM3_MOUSE,86,44,42,-0.30531367130986714,0.004256204025074721,-0.011056166367307937,0.9432153943063089,-0.5655927481623946,9.492884049556968e-05,2.816395370688768,0.004856585907161374,0.17875008777287932
sp|Q6ZWM4|LSM8_MOUSE,86,44,42,0.326231414450504,0.002173745711523357,0.08781147518650342,0.570847570305215,0.6163803356667434,1.3857691965284196e-05,-2.8215197845201767,0.004779668919436236,0.17875008777287932
sp|P41233|ABCA1_MOUSE,86,44,42,-0.29080880543139376,0.006600413223294573,-0.4346632585301255,0.003194863324577399,-0.7972754507103228,2.637914547906105e-10,2.79625700162314,0.005169827162006465,0.18668001603770287
tr|D3YYY1|D3YYY1_MOUSE,86,44,42,0.10224554901124,0.34887718324472805,-0.18809657396689272,0.22143466891200225,0.40899089327338334,0.0071597339069185,-2.7931473591413405,0.005219790739694993,0.18668001603770287
sp|Q8VDW0|DX39A_MOUSE,86,44,42,0.28922455912550427,0.006915346105927826,0.03437333774451506,0.8246966318168908,0.5748861429866253,6.835075512226453e-05,-2.7736626437326573,0.005542912522785506,0.19287837494827945
sp|P05017|IGF1_MOUSE,86,44,42,0.0024190587305498424,0.9823640494427841,0.3171560544468142,0.03593115209490269,-0.28475287825471957,0.06758518247975516,2.7777979408620386,0.005472863973779798,0.19287837494827945
sp|Q02596|GLCM1_MOUSE,86,44,42,-0.26343075250446496,0.014259395493740574,-0.18313547367386993,0.23408290725622646,-0.6664342341060213,1.4511048563169074e-06,2.767725101339178,0.005644904767239685,0.1938083970085625
sp|Q9JIX8|ACINU_MOUSE,86,44,42,0.13647285842231385,0.21022416443819233,-0.15421934625167993,0.317542129252208,0.4295341870953671,0.00452897739024758,-2.7485430857174395,0.0059860766943122656,0.19405457540613594
sp|Q91X17|UROM_MOUSE,86,44,42,-0.2790265664378922,0.009278709568879459,-0.5572024357677885,8.541183798062899e-05,-0.013287924178505378,0.9334377991045051,-2.7516411525762563,0.005929745889393775,0.19405457540613594
sp|P28665|MUG1_MOUSE,86,44,42,-0.32869790570518226,0.002001869795163181,-0.5267271053963627,0.00023970029618343197,-0.8341229459783254,6.868247467843776e-12,2.7536738515301455,0.005893046216545747,0.19405457540613594
tr|A0A140T8M4|A0A140T8M4_MOUSE,86,44,42,0.20962329713317593,0.05273302944602248,0.4566338455420836,0.0018351820209709729,-0.12383040998251332,0.4346212431313693,2.7607669577568466,0.005766580792217303,0.19405457540613594
tr|Q80UR4|Q80UR4_MOUSE,86,44,42,0.0788328551014478,0.47060682098147105,0.39646278627385,0.007715086133573032,-0.19238957706302268,0.2222216907024905,2.746206514972266,0.006028880012617815,0.19405457540613594
sp|P05213|TBA1B_MOUSE,86,44,42,0.1559486528294465,0.15161943838293507,-0.1264371846107523,0.4134516139262518,0.44966987588120044,0.0028114984833588806,-2.7334267036631408,0.00626790721473736,0.1992575441722062
sp|Q8CF98|COL10_MOUSE,86,44,42,-0.1492606669273381,0.17017902638159782,0.12969733623188157,0.4014130579307999,-0.4420884222088017,0.003375646348315384,2.7059391923588754,0.006811151656256216,0.19930358539613358
sp|P16882|GHR_MOUSE,86,44,42,-0.13106555067167303,0.22902935760521084,-0.4228983635495286,0.00423685222990044,0.15497143474440936,0.32710719663938853,-2.715734789513297,0.006612886813333012,0.19930358539613358
sp|P68368|TBA4A_MOUSE,86,44,42,0.1421932208322023,0.191553559632326,-0.13154003062643288,0.3946993639623673,0.4435558003389434,0.003259303695461127,-2.7224808559550224,0.006479378738759909,0.19930358539613358
sp|Q62351|TFR1_MOUSE,86,44,42,0.07046575784519304,0.5191135730880584,0.34210330163458597,0.023026595661342214,-0.24464454269751315,0.11841432483234883,2.710076956615697,0.006726759860852956,0.19930358539613358
sp|O35930|GP1BA_MOUSE,86,44,42,0.016582410435298525,0.879550476362396,0.31056487834322677,0.04018994460611579,-0.27929097077030324,0.07325766855962398,2.718581489642114,0.00655625038559805,0.19930358539613358
sp|P28293|CATG_MOUSE,86,44,42,0.281113597499543,0.008744342630983396,-0.0028349144531558813,0.9854287585601919,0.5412994880078265,0.00021422550310627145,-2.721904980844763,0.006490680204266529,0.19930358539613358
sp|Q99P87|RETN_MOUSE,86,44,42,-0.06197533602620439,0.5708019243616244,0.23253385802011114,0.12877318291807396,-0.35282291929184834,0.02191702335539046,2.707170122728985,0.006785947332675445,0.19930358539613358
sp|Q9CT10|RANB3_MOUSE,86,44,42,0.005084766586567512,0.962940054500508,-0.2821448609503391,0.06351673400421856,0.30260597883811025,0.051430953969552724,-2.6931579559738617,0.007077872787099071,0.20323460709603566
sp|Q63918|CAVN2_MOUSE,86,44,42,0.05679570439138002,0.6034720516194233,-0.20822446658429947,0.17498361563429277,0.37206187699815063,0.015254302143326282,-2.6919600438828524,0.007103345490735227,0.20323460709603566
tr|Q9D8C9|Q9D8C9_MOUSE,86,44,42,-0.26145755950072236,0.01503079213871853,0.0004961100293022792,0.9974499003084398,-0.5360821435451004,0.00025311147264212865,2.6785871467039444,0.00739334902887673,0.20920740383909428
tr|Q61406|Q61406_MOUSE,86,44,42,-0.22659465426632758,0.03590735579514854,0.06250986369208718,0.6868737374557182,-0.48871843834441564,0.0010236620173192264,2.6688818895708986,0.007610420711301704,0.20940738694882977
sp|Q9Z0U1|ZO2_MOUSE,86,44,42,0.2144139820701472,0.04743251074892813,-0.043232445410627186,0.7805163662101621,0.5027400515879918,0.0006911613329732694,-2.665568825044302,0.007685819768368927,0.20940738694882977
sp|Q62465|VAT1_MOUSE,86,44,42,-0.02769110758617643,0.8002005416604746,-0.2917835700910691,0.05463022390485106,0.28630177739209134,0.06604151109238296,-2.6603032425022985,0.007807032678480644,0.20940738694882977
sp|Q922R8|PDIA6_MOUSE,86,44,42,0.2922317811552466,0.006328406004595341,0.016513376689633007,0.915272042198618,0.5470874795211632,0.0001774626350105813,-2.672161661763538,0.0075364331222258375,0.20940738694882977
sp|A2AGL3|RYR3_MOUSE / sp|E9Q401|RYR2_MOUSE / sp|E9PZQ0|RYR1_MOUSE,86,44,42,-0.02319450429880143,0.8321242289939013,-0.2960359417708029,0.0510415649015911,0.28230724803781676,0.07008053968318227,-2.661683098609534,0.007775104105759054,0.20940738694882977
sp|P47753|CAZA1_MOUSE,86,44,42,0.16803445997737002,0.12198300672699348,-0.13281574213035302,0.3900900153224949,0.4297787501170574,0.004503588529350904,-2.6521775605718143,0.007997447260396582,0.21205062952512832
tr|A0A075B5N3|A0A075B5N3_MOUSE,86,44,42,0.22504835397974082,0.03722590179619059,0.4562086083741102,0.001855627738233742,-0.09970019184240539,0.5298729118907319,2.649115423438657,0.00807027638581071,0.21205062952512832
tr|Q9D1B1|Q9D1B1_MOUSE,86,44,42,-0.3108253306135905,0.003581889593606682,-0.07732229170982666,0.6178635280252878,-0.5816523865867232,5.347352940091077e-05,2.6264666120580937,0.008627645614802228,0.2136171870972667
sp|Q60696|PMEL_MOUSE,86,44,42,-0.5871008106520339,2.828150440433989e-09,-0.42353621930148866,0.004173556584696452,-0.7777919299823302,1.3602786822463948e-09,2.6277352767103554,0.008595537797552408,0.2136171870972667
sp|P15702|LEUK_MOUSE,86,44,42,-0.14864404411366855,0.1719708650275749,0.11488490821414209,0.45773249101448127,-0.44070256508589006,0.0034888476465612874,2.631014950746437,0.008513029086972781,0.2136171870972667
sp|P55292|DSC2_MOUSE,86,44,42,-0.11991890750149237,0.27142652029532666,0.14833689876138148,0.33657253660531694,-0.4124147755770473,0.0066463244228150056,2.6286013672434345,0.008573679864761954,0.2136171870972667
sp|P68373|TBA1C_MOUSE,86,44,42,0.15366240516645624,0.15778544102813863,-0.11764894980596907,0.4469105523757543,0.43882758191959786,0.0036472824965389514,-2.6331492186185894,0.008459717128264621,0.2136171870972667
tr|A0A075B5S2|A0A075B5S2_MOUSE,86,44,42,-0.3717856106234465,0.0004241582397159082,-0.14373016277500317,0.35195880659864415,-0.6251846044475936,9.587306255364865e-06,2.6320987143836776,0.008485920287818815,0.2136171870972667
sp|B2RU40|PRRT4_MOUSE,86,44,42,-0.4382670364418516,2.438523054649489e-05,-0.20921668664290402,0.17289092916408547,-0.6631733938168175,1.7025981411636124e-06,2.620322882743665,0.008784654926696814,0.21543320415470757
tr|A0A0N4SVU1|A0A0N4SVU1_MOUSE,86,44,42,-0.3305382876413653,0.0018817093085199965,-0.5350192301718437,0.00018278896304827605,-0.8273567023782276,1.429935890225378e-11,2.6044196740184486,0.009202999048020586,0.2194233569319723
sp|Q8C156|CND2_MOUSE,86,44,42,-0.12569618894033494,0.248835772049523,-0.39213954173278726,0.008472184450996206,0.16719958582892352,0.2898964335660169,-2.606932959597752,0.009135724511382788,0.2194233569319723
sp|D3Z7H8|CILP2_MOUSE,86,44,42,-0.6532027762774115,9.327986318264074e-12,-0.5220494965486555,0.000278449198175691,-0.8218132738865811,2.547797821261912e-11,2.6074455771001555,0.00912205701170721,0.2194233569319723
sp|P01837|IGKC_MOUSE,86,44,42,0.20056368502464614,0.06408378137241712,0.46620168182148464,0.0014248812411735412,-0.07540693168783727,0.6350568217228628,2.5964103889861616,0.009420347461354108,0.2205217701180621
sp|P07141|CSF1_MOUSE,86,44,42,-0.42177000454998426,5.24356271922291e-05,-0.19149847131067976,0.21303934879373493,-0.6498854696383122,3.202222743682095e-06,2.5984296488938914,0.009365123298674583,0.2205217701180621
sp|P34902|IL2RG_MOUSE,86,44,42,0.46510435859371635,6.427237156503068e-06,0.6670553708275788,7.634082095980593e-07,0.22328603880322842,0.15519864495760194,2.5854593262270957,0.00972493461407555,0.22521130326552413
sp|Q64310|SURF4_MOUSE,86,44,42,-0.06660475038113899,0.5423217158045625,-0.3362917270056164,0.025619034836616494,0.223775164846609,0.15427240957961297,-2.5819955484530213,0.00982308519741553,0.22521130326552413
sp|Q9CYL5|GAPR1_MOUSE,86,44,42,0.3489231339935441,0.0009927990701215678,0.5865438003579518,2.862579864324847e-05,0.09570566248813077,0.5465671816407682,2.576850032033309,0.009970519833891165,0.22521130326552413
sp|Q61878|PRG2_MOUSE,86,44,42,0.437650413628182,2.5111201409457547e-05,0.6758436056323621,4.803620953084086e-07,0.24016088729985796,0.1255300926789753,2.5772826232374206,0.009958049326553446,0.22521130326552413
sp|P01869|IGH1M_MOUSE,86,44,42,-0.06410979961198367,0.5575840239214551,0.20879144947493064,0.17378557557678892,-0.3446708185688389,0.025397654394773143,2.554091579695032,0.010646525026935139,0.23275848849351452
tr|A2BHD2|A2BHD2_MOUSE / sp|A2AEP0|OBP1B_MOUSE,86,44,42,0.27249036461299475,0.011141752900179913,0.04507513980517851,0.7714071558575141,0.5462722694488622,0.0001822692368398462,-2.5391414759146467,0.011112487629881526,0.23275848849351452
tr|A0A075B5S9|A0A075B5S9_MOUSE,86,44,42,-0.08896444225528008,0.4153204083094442,0.19277418281459993,0.2099489613435214,-0.35983372591363644,0.019251740456062316,2.556867552140062,0.010561942398098587,0.23275848849351452
tr|A0A075B5R4|A0A075B5R4_MOUSE,86,44,42,0.18071791692931174,0.09588765127603674,0.5000789095366974,0.0005472117574311091,-0.02062481482921387,0.8968481219982244,2.54849558830399,0.010818865524527602,0.23275848849351452
tr|A0A075B5Y2|A0A075B5Y2_MOUSE,86,44,42,0.07430779229959573,0.4965301725084468,0.3457178175623597,0.02152780066313513,-0.20461772814753681,0.19364939917860494,2.539913159322798,0.01108799961873217,0.23275848849351452
sp|P98063|BMP1_MOUSE,86,44,42,0.17812810111189956,0.100824153435519,0.4243866936374354,0.00409044887620658,-0.11698264537518539,0.46063986955037783,2.5507839798593017,0.010748092154140484,0.23275848849351452
tr|Q3UWK8|Q3UWK8_MOUSE,86,44,42,0.20770702315838743,0.05498507800421053,-0.03082969467807021,0.8425279857454981,0.49116406856131845,0.0009570273156238614,-2.541314350723601,0.011043657804410042,0.23275848849351452
sp|Q04592|PCSK5_MOUSE,86,44,42,0.05559091827851794,0.6111878441717201,0.4726511122024143,0.0011964545844480486,-0.05437451182247293,0.7323465754869898,2.538962547615393,0.011118172460078558,0.23275848849351452
sp|Q9JI02|S2B20_MOUSE,86,44,42,0.09295826078689375,0.39460813177273313,-0.19001014122277293,0.21668462974682487,0.3632576082173004,0.01805253189067157,-2.5616494494728936,0.010417640939135522,0.23275848849351452
sp|P68369|TBA1A_MOUSE,86,44,42,0.14056154200218435,0.19675255552961693,-0.12452361735487208,0.4206125898214898,0.4152680108301006,0.0062431081854154875,-2.5355058314859784,0.011228505895289254,0.233172602261047
sp|Q9CQH7|BT3L4_MOUSE,86,44,42,-0.03695942280087131,0.735478027405091,0.21835928575433175,0.1544513195404307,-0.3304861633108025,0.03254692150372218,2.527337479894952,0.01149310034798909,0.23675786716857525
sp|Q8CJH3|PLXB1_MOUSE,86,44,42,-0.11872360789345598,0.27626743222142547,0.17704040759958478,0.25028603352501894,-0.3673336585788051,0.01670753587396513,2.522672251923241,0.011646689426759546,0.23801766090401452
sp|B8JK39|ITA9_MOUSE,86,44,42,0.043552543654722845,0.6905059365817107,0.32105406181990354,0.03359202995738658,-0.2264653580852021,0.14925023468539672,2.518288336028906,0.011792673878538882,0.23910342706486318
tr|E9PWQ3|E9PWQ3_MOUSE,86,44,42,0.03067935660626741,0.7791618688336813,0.27874296360655204,0.06691475218318274,-0.2682041137870104,0.08591925064086127,2.509185504506292,0.012100991706299299,0.24155080343969532
tr|A0A075B5N2|A0A075B5N2_MOUSE / tr|A0A140T8P2|A0A140T8P2_MOUSE,86,44,42,0.4401358778925117,2.2302931412303222e-05,0.6949792781911642,1.6562012182909825e-07,0.28768763451500295,0.06468414044823248,2.510228411694048,0.012065309153760969,0.24155080343969532
sp|Q99J45|NRBP_MOUSE,86,44,42,0.03581155571696335,0.7434046448109896,-0.2096419238108774,0.1719996060486678,0.3340730876289266,0.030598768875933418,-2.5045201667400296,0.012261761483268147,0.24287719861088833
sp|P21614|VTDB_MOUSE,86,44,42,0.35364741339673555,0.0008370795119828588,0.13444581794091767,0.3842464226502519,0.5983641930688925,2.8473442387525413e-05,-2.4827366305930396,0.013037744210150071,0.2539644628661743
sp|P02816|PIP_MOUSE,86,44,42,0.07890874714005329,0.47017839782215515,-0.1499669745719461,0.33122964011357214,0.3837193810320541,0.012121346044990442,-2.4835872694863257,0.01300664601218215,0.2539644628661743
sp|Q64152|BTF3_MOUSE,86,44,42,0.21502111837899107,0.046793329318033136,-0.039759675205511234,0.7977619704327624,0.4738816150285385,0.0015238816268553796,-2.4805662697099224,0.013117387790757742,0.2539644628661743
sp|Q80Y55|BSDC1_MOUSE,86,44,42,0.18978701554266722,0.08008336370823932,-0.10000160733507371,0.5183691514552244,0.4247244476687916,0.005054259920971169,-2.47580204204866,0.0132937263663029,0.2554578014420147
sp|P18242|CATD_MOUSE,86,44,42,0.5384729869155692,8.90822344095175e-08,0.4134722729927853,0.005274892490302663,0.7580638462326473,6.107186804939742e-09,-2.4671990303768228,0.013617464372386194,0.2597405241399589
sp|P27546|MAP4_MOUSE,86,44,42,0.0010150560163483652,0.9925993291991986,-0.23012418073492866,0.1328963967390436,0.30554073509839363,0.04910130937708691,-2.4586383408867327,0.01394650324718212,0.2640606313345144
sp|Q9JKR6|HYOU1_MOUSE,86,44,42,0.018489197905261344,0.8658224555493325,-0.26286744266887907,0.08472022776410755,0.2725247271702054,0.08079678500261663,-2.4534306864323563,0.014150080672331347,0.2659595454836001
sp|Q62266|SPR1A_MOUSE,86,44,42,-0.07038986580658757,0.5195648510775089,0.18682086246297258,0.2246410261700122,-0.34426321353268846,0.02558311230128567,2.449794457640763,0.014293778357376016,0.26671361790031334
sp|P84084|ARF5_MOUSE,86,44,42,0.14083665064212925,0.19586894171174588,-0.1050335804894254,0.4974310847936653,0.41502344780841033,0.006276819438432297,-2.445883689099444,0.014449760722293686,0.2676844162583183
sp|Q99JR8|SMRD2_MOUSE,86,44,42,0.18419946420033836,0.0895531099484962,-0.05031973154351689,0.7456504676845324,0.45839262365482053,0.0022663080527226365,-2.4393987432937214,0.014711724969731641,0.268671573028787
sp|P97310|MCM2_MOUSE,86,44,42,0.11737707790109389,0.281789667786525,-0.13203614065573516,0.3929030799938652,0.3911377926899927,0.010427845452406258,-2.4408182342114686,0.014654028388412031,0.268671573028787
sp|P27005|S10A8_MOUSE,86,44,42,0.24860334546191828,0.020994719154055753,0.006945540410231909,0.9643100242957938,0.5013541944650802,0.0007190583895205152,-2.4328314025375377,0.014981274851985448,0.27166748411170794
sp|P03953|CFAD_MOUSE,86,44,42,-0.2782391865373603,0.009487623758137003,-0.03224715190464815,0.83538558006138,-0.5163540597954176,0.00046434422007010477,2.4101622275599723,0.015945428551128408,0.2772513415290902
sp|P01872|IGHM_MOUSE,86,44,42,0.20718526539297472,0.055611714735058874,0.4803053812259352,0.000968064899566489,-0.014918344323107267,0.9252924008291966,2.4066010949225336,0.01610174680227346,0.2772513415290902
sp|P11680|PROP_MOUSE,86,44,42,0.10383928182195519,0.3413759778320239,0.32105406181990354,0.03359202995738658,-0.2033949130390854,0.19638370277983386,2.4101450132616073,0.015946180963114787,0.2772513415290902
tr|A0A0B4J1N0|A0A0B4J1N0_MOUSE,86,44,42,0.3166974771006899,0.002969990040598991,0.5219077508259977,0.00027970698634743554,0.041575713687348116,0.7937662934211775,2.402388801029037,0.01628838591077041,0.2772513415290902
sp|P01592|IGJ_MOUSE,86,44,42,0.06689883203073524,0.5405363080640019,0.3198492231773123,0.034301232099266846,-0.20306882901016501,0.19711742201328045,2.402621410942246,0.01627803001368386,0.2772513415290902
sp|P20334|TNR9_MOUSE,86,44,42,0.26855346511033523,0.012414799323298014,0.5291367826815452,0.0002217036756591126,0.051928881605570104,0.7439690470150023,2.4006517269136856,0.016365904432008433,0.2772513415290902
sp|Q9DBR7|MYPT1_MOUSE,86,44,42,0.19633270387239032,0.0700250154164683,-0.04032665809614241,0.7949396196726012,0.4632023630813961,0.002007457112232771,-2.421929890321869,0.01543832872351673,0.2772513415290902
tr|A0A075B5M7|A0A075B5M7_MOUSE,86,44,42,0.29895771307665775,0.005172316161157182,0.5277901983162961,0.00023160392884900765,0.047445226207914915,0.7654215933607882,2.41239361755092,0.01584816162442749,0.2772513415290902
sp|P17047|LAMP2_MOUSE,86,44,42,-0.040706592207017146,0.7097977148790352,-0.3037610836556527,0.04501005520416549,0.2204328035501751,0.1606827462825626,-2.404223464772308,0.01620686287478189,0.2772513415290902
sp|E9Q6J5|BD1L1_MOUSE,86,44,42,-0.09209498884775634,0.39903235722049063,-0.3579788225722589,0.017038895071846326,0.16434635057587021,0.29832318575500627,-2.4160591837768624,0.015689510930556566,0.2772513415290902
sp|Q62209|SYCP1_MOUSE,86,44,42,0.19945376396004091,0.06560131929805793,0.4583347942139771,0.0017553791004511878,-0.04002681454997633,0.8012916892865353,2.3929599930817793,0.016713063360086624,0.28128194870734025
sp|O08914|FAAH1_MOUSE,86,44,42,-0.17391609296929514,0.10927483328581968,0.13026431912251274,0.3993403042423849,-0.38192591887299204,0.012564254998006261,2.3843397282094188,0.01710979902575357,0.28608917202152884
sp|Q91W43|GCSP_MOUSE,86,44,42,0.1394041884134507,0.20050122376222002,0.36414476150787295,0.01509862710542563,-0.14918344323107266,0.3457152008299774,2.378259286633739,0.01739458979572486,0.287122235410202
sp|P03976|KV2A5_MOUSE / tr|A0A075B5K6|A0A075B5K6_MOUSE,86,44,42,-0.049121121987400325,0.6533335202826269,0.18930141260948397,0.21843559349229802,-0.32820357510835985,0.03383902867760919,2.3803379093124986,0.017296768787988262,0.287122235410202
sp|P47757|CAPZB_MOUSE,86,44,42,0.14677520266300847,0.17748614711794142,-0.14139135835114958,0.3599318862301547,0.3679043056294158,0.01652616826197392,-2.3620796805949538,0.01817273579381317,0.29598425187801486
sp|Q922F4|TBB6_MOUSE,86,44,42,0.09693310630885603,0.3746160960246895,-0.143163179884372,0.3538817044072501,0.3666814905209644,0.016916868213938004,-2.3638452962894676,0.018086363398524135,0.29598425187801486
sp|Q9CZ52|ANTR1_MOUSE,86,44,42,-0.1736030383100475,0.10992423995307675,0.0883075852158057,0.5686651385490245,-0.4126593385987376,0.00661090240362875,2.3576453378016717,0.018391254485624224,0.29598425187801486
tr|A0A0A6YY83|A0A0A6YY83_MOUSE,86,44,42,-0.09717026892949818,0.3734430295791253,0.16605511409360574,0.2813569956627943,-0.34532298662667965,0.02510324956802686,2.3593464999814606,0.018307152966557855,0.29598425187801486
sp|Q8BNA6|FAT3_MOUSE,86,44,42,-0.23922119218931517,0.026534503492862665,0.012402750732556981,0.9363127254743219,-0.472658799920087,0.0015734454440441048,2.3511248902796544,0.018716750544551394,0.2993517556038499
sp|Q60864|STIP1_MOUSE,86,44,42,0.0034530877565495787,0.974827633875052,-0.27491582909479156,0.07090822799040009,0.2381228621191056,0.12886849551665655,-2.346945483466351,0.01892802401985127,0.29989431652952675
sp|P06684|CO5_MOUSE,86,44,42,0.11660811731732808,0.2849760038808252,-0.20609828074443257,0.17952916221287457,0.30554073509839363,0.04910130937708691,-2.3458528327804267,0.018983601395849654,0.29989431652952675
sp|P61982|1433G_MOUSE,86,44,42,0.3451285320632698,0.0011364617795666613,0.13076042915181502,0.39753174670460356,0.5712992186685012,7.768044599233614e-05,-2.315556322544625,0.020582505979456822,0.301113743266212
sp|Q3UND0|SKAP2_MOUSE,86,44,42,0.12876981650385708,0.23735858685012473,-0.12076735570444054,0.4348715000554247,0.37719770045364653,0.013798491587163586,-2.316504649017474,0.020530730895494346,0.301113743266212
sp|Q7TMM9|TBB2A_MOUSE,86,44,42,0.13255493192930567,0.22373621178163888,-0.11311308668091966,0.4647434746870699,0.3849421961405055,0.011827051590455323,-2.322315788476411,0.020215938021627362,0.301113743266212
sp|Q6ZWQ0|SYNE2_MOUSE,86,44,42,0.06042903573961763,0.58046815087347,0.33274808393917155,0.027315992928881858,-0.17274301432056993,0.2739694317762566,2.326607938797132,0.019986141627010786,0.301113743266212
sp|P33434|MMP2_MOUSE,86,44,42,-0.0068966890082734714,0.9497488976913971,0.2601034010770521,0.08816659243721589,-0.24912819809516834,0.11160712939468229,2.327924168050244,0.019916130679303708,0.301113743266212
sp|Q8BWW9|PKN2_MOUSE,86,44,42,0.09764643666067188,0.3710945352879532,0.3473601331986192,0.020874341971804055,-0.1588029220842238,0.3151403485055884,2.336394023963231,0.019470715129017057,0.301113743266212
sp|Q9Z2L7|CRLF3_MOUSE,86,44,42,-0.08212467227596072,0.45221972596442134,-0.3121240812924625,0.039146990924568976,0.1959765013811468,0.21355564966077503,-2.331230350185064,0.01974121659097018,0.301113743266212
sp|Q3UX10|TBAL3_MOUSE,86,44,42,0.19823949134235314,0.06729471928486709,-0.06605350675853203,0.6701066928397191,0.4269255148640041,0.004807646095882388,-2.3349802017883223,0.019544455022774864,0.301113743266212
sp|Q8BK48|EST2E_MOUSE,86,44,42,-0.08690587070810629,0.4262380433668418,0.10063946308703378,0.515690953468435,-0.3983931623334711,0.008971614280239047,2.3369389052447858,0.01944236103135561,0.301113743266212
sp|P11499|HS90B_MOUSE,86,44,42,0.3872391269844885,0.00023017635770651367,0.17966270346875396,0.24322479032458483,0.6048858736473001,2.2050854110878212e-05,-2.3211291139591825,0.020279876508945235,0.301113743266212
sp|G3X9K3|BIG1_MOUSE,86,44,42,-0.2198307763256137,0.04197722073955135,-0.45932701427258166,0.001710260568301321,0.022418276988275948,0.887933083825802,-2.3197768428783383,0.020352952414933886,0.301113743266212
sp|Q9ERZ0|HEMGN_MOUSE,86,44,42,0.23817767665848977,0.027221095018354666,-0.01311147934584595,0.932681562188971,0.4671153714284406,0.0018164859822184332,-2.322487996052703,0.020206674039734442,0.301113743266212
sp|Q91YU6|LZTS2_MOUSE,86,44,42,-0.21941337011328352,0.04237816803162963,0.046350851309098655,0.7651184461653031,-0.43907214494128816,0.003626266666990548,2.3134499128111305,0.02069791555655127,0.301113743266212
sp|Q8JZL1|I17RD_MOUSE,86,44,42,0.012503213360253694,0.909033453582186,-0.24947247187771754,0.10244561797998267,0.26192699623029314,0.0938067153308136,-2.3383141958844305,0.01937095513725992,0.301113743266212
sp|O09044|SNP23_MOUSE,86,44,42,0.07615766074060444,0.4858431372610928,-0.18405682087114558,0.2316974306717473,0.31801344920459806,0.04013214993498143,-2.3051753543779765,0.021156754574847406,0.3026591279457337
tr|B9EKK6|B9EKK6_MOUSE,86,44,42,0.04450119413729141,0.684118242246081,0.2886651641925976,0.0573886299225406,-0.2153785011019093,0.17074082313225433,2.3065171983406985,0.02108175027188633,0.3026591279457337
sp|Q19LI2|A1BG_MOUSE,86,44,42,0.1278211660212885,0.2408610359147634,0.12721678608537018,0.4105542487604726,0.5674677313286868,8.89120544983571e-05,-2.3063199414201287,0.021092761686082394,0.3026591279457337
sp|P01865|GCAM_MOUSE / sp|P01863|GCAA_MOUSE,86,44,42,-0.1728156584095156,0.1115708352913062,0.040397530957471305,0.7945870068362851,-0.4415992961654211,0.003415227024942936,2.3007997882497673,0.021402950434089237,0.3044894882197778
sp|Q04857|CO6A1_MOUSE,86,44,42,-0.3077137570307656,0.003949790023745854,-0.09617447282331328,0.5345825099704555,-0.54431576527534,0.0001942886741781732,2.2970447509310326,0.021616217000045696,0.30583383942372344
tr|A0A075B5P1|A0A075B5P1_MOUSE,86,44,42,-0.23368107337111477,0.030354404283404565,0.00014174572265779407,0.9992713989902066,-0.47127294279717546,0.0016313383347862156,2.2883348381936464,0.02211802917974431,0.3112236346330142
sp|Q80T03|MUC6_MOUSE,86,44,42,-0.1382278618150657,0.20436352549157058,0.1309021748744728,0.39701589152096584,-0.360322851957017,0.019076432382088795,2.2752235727588603,0.022892521467579828,0.31546632014522835
sp|P05366|SAA1_MOUSE,86,44,42,0.12749862485721522,0.2420599700823822,-0.10163168314563834,0.511538668435436,0.3842085070754347,0.012002887870313752,-2.2665366939489027,0.02341854313829135,0.31546632014522835
sp|P97503|NKX32_MOUSE,86,44,42,0.027017565743552747,0.8049629056327117,-0.26095387541299886,0.08709476814658627,0.23396529075037079,0.13588390148546334,-2.2600118489550853,0.023820515454998407,0.31546632014522835
sp|Q61543|GSLG1_MOUSE,86,44,42,-0.028469000981882653,0.7947094208965533,-0.258118960959843,0.09070736381773764,0.24007936629262785,0.1256623716465637,-2.275383889146137,0.022882910985357212,0.31546632014522835
tr|A0A075B5X5|A0A075B5X5_MOUSE,86,44,42,0.0761197147213017,0.48606112369561133,0.3158094700815652,0.03676966763050119,-0.1803244679929687,0.2531356245787593,2.276962551136735,0.0227884620101935,0.31546632014522835
sp|P45700|MA1A1_MOUSE,86,44,42,0.06631066873154273,0.5441100062848181,-0.16591336837094794,0.2817737005351713,0.32551338186976675,0.0354157196875964,-2.2588987705890853,0.023889682496434767,0.31546632014522835
sp|Q00560|IL6RB_MOUSE,86,44,42,0.09910551591393804,0.36395447476136217,0.39773849777777015,0.007503156757718479,-0.08437424248314765,0.5952423646022172,2.26011408694378,0.023814171073247452,0.31546632014522835
sp|O08638|MYH11_MOUSE,86,44,42,0.07495287462774236,0.4927894927670042,-0.16733082559752588,0.27762479509634935,0.3260840289203774,0.035076328408723594,-2.2682709806956014,0.023312695509426117,0.31546632014522835
sp|Q9CR20|IR3IP_MOUSE,86,44,42,0.19191199262362083,0.07669890599603113,0.42991477682108936,0.0035846697396867138,-0.04597784807777321,0.7724810664752721,2.2613101894355774,0.02374005571068476,0.31546632014522835
sp|P97287|MCL1_MOUSE,86,44,42,0.029863517191258446,0.7848907090140409,0.33076364382196244,0.028306426143184873,-0.1602703002143655,0.31063155862242803,2.2592856453569237,0.023865622250932937,0.31546632014522835
sp|Q3UHN9|NDST1_MOUSE,86,44,42,-0.20403574579084707,0.05951950779266228,0.05315464599667277,0.7318391990457137,-0.42390923759649063,0.005148349585501841,2.2606415432827442,0.023781463035392768,0.31546632014522835
sp|Q6IEE6|T132E_MOUSE,86,44,42,0.03279484718239531,0.7643623334012392,0.31609296152688077,0.03659181621330655,-0.17690058568930475,0.26240904197365167,2.2625587860779897,0.02366290115592088,0.31546632014522835
sp|Q9CPX6|ATG3_MOUSE,86,44,42,0.21869239574653143,0.04307820426604474,-0.012615369316543671,0.9352232390856409,0.45521330437284685,0.002453148408715566,-2.252683177782801,0.024279132365753884,0.31550342206173526
sp|Q91WP6|SPA3N_MOUSE,86,44,42,-0.40969368390688643,8.960141620592106e-05,-0.6236811796942938,6.103692150155187e-06,-0.22312299678876824,0.15550829071332775,-2.2535511724285104,0.02422441802647824,0.31550342206173526
sp|Q9WV32|ARC1B_MOUSE,86,44,42,0.14399565674908257,0.18592667077800912,-0.062155499385442695,0.6885588006413438,0.41469736377948996,0.006322012796128911,-2.251046465583004,0.024382594559334104,0.31550342206173526
sp|Q9Z204|HNRPC_MOUSE,86,44,42,0.04110502540969595,0.7070855073632598,-0.18285198222855434,0.23482026202689882,0.3090461384092877,0.04643110213444186,-2.2551396983494434,0.024124561524323462,0.31550342206173526
sp|P47878|IBP3_MOUSE,86,44,42,-0.19911224978631623,0.06607406335967413,0.03734999792032873,0.8097849970926136,-0.4342624055147126,0.004059604895807332,2.2465691841143918,0.02466757343176827,0.31759500793401646
sp|Q6URW6|MYH14_MOUSE,86,44,42,0.07888977413040191,0.47028548377398227,-0.15343974477706207,0.3200243633292939,0.3340730876289266,0.030598768875933418,-2.2446113394683698,0.024793094165990348,0.3176229725245032
tr|A0A0B4J1J2|A0A0B4J1J2_MOUSE,86,44,42,0.19872330308846312,0.06661581979464616,0.43742730012195247,0.0029855359987081146,-0.032119276848657174,0.8399739401391018,2.2406232997221935,0.025050486160658796,0.3193316923945366
sp|Q9Z2U2|ZN292_MOUSE,86,44,42,-0.2346486968633347,0.029655615610542856,-0.002905787314484778,0.9850645180336688,-0.4645066991970776,0.0019419196826307452,2.2359810740950388,0.025353010912780433,0.3215596108998995
sp|Q9DC11|PXDC2_MOUSE,86,44,42,-0.22231624058994334,0.03965451427163849,-0.002905787314484778,0.9850645180336688,-0.46418061516815723,0.0019581244327834496,2.2341225015617026,0.025475013834399804,0.3215596108998995
sp|P61939|THBG_MOUSE,86,44,42,0.2237202433041448,0.038390479553850276,0.4864004473002203,0.0008149212445258243,0.03334209195710859,0.8339653697638323,2.226337929345121,0.025991554700944563,0.3224473153722158
sp|Q8BH35|CO8B_MOUSE,86,44,42,-0.1915894514595475,0.0772051190968248,-0.24897636184841526,0.10315286356128862,-0.6364345034453466,5.88807290032288e-06,2.225696989186592,0.02603448457492261,0.3224473153722158
sp|P68510|1433F_MOUSE,86,44,42,0.25398219369808206,0.018289595239507357,0.041814988184049245,0.7875433321639577,0.4927129676986903,0.0009168502032731664,-2.225521793744642,0.02604622974657122,0.3224473153722158
sp|A2RT60|HTRA4_MOUSE,86,44,42,0.095756779710471,0.38046750606350477,-0.07555047017660424,0.6259638401077239,0.39896380938408177,0.008864882629704305,-2.226922470269791,0.025952455795401935,0.3224473153722158
sp|O35601|FYB1_MOUSE,86,44,42,0.09752126960804854,0.37171099465318347,-0.14032826543121613,0.36359185370906183,0.34018716317118375,0.027500430695996933,-2.2155395460453486,0.02672305309340445,0.32924335749050937
sp|Q5SVL6|RPGP2_MOUSE,86,44,42,0.11778499953285232,0.28010903795058145,0.35223812080461825,0.019030860759095134,-0.12529778811265502,0.429154103395914,2.2083494944562956,0.027219919593130793,0.3297651579442097
sp|P56395|CYB5_MOUSE,86,44,42,0.14255370801557835,0.19041845439954141,-0.09624534568464217,0.534280037531648,0.3779313895187174,0.013600480500255271,-2.2093866019496735,0.02714776213462257,0.3297651579442097
sp|O55188|DMP1_MOUSE,86,44,42,0.15248607856807123,0.16102976447134304,0.4126926715181674,0.0053698978076205574,-0.0548636378658535,0.7300290563380195,2.207521285351711,0.027277661608588993,0.3297651579442097
sp|Q8VDV0|ITGBL_MOUSE,86,44,42,-0.12213874963070281,0.2625884267393304,-0.43969523168447716,0.002822883179586638,0.022173713966585663,0.8891479928791389,-2.2086800393970143,0.027196903755878445,0.3297651579442097
sp|P21956|MFGM_MOUSE,86,44,42,-0.07583511957653113,0.4876976765100831,0.16102314093925404,0.2963971215343718,-0.31850257524797865,0.039809697153617776,2.2014658698079863,0.02770306031398418,0.3322270292383828
sp|Q9CQ19|MYL9_MOUSE,86,44,42,0.10250168464153352,0.34766474848619117,-0.14514762000158113,0.34717952747900116,0.33293179352770536,0.03120790210618245,-2.2009531003560427,0.027739344188835845,0.3322270292383828
sp|Q9D1N2|HDBP1_MOUSE,86,44,42,0.0670601026127719,0.5395584403326824,0.29716990755206524,0.050117433694517106,-0.18244401418095116,0.24750633212592688,2.1947846123392454,0.028179051805535354,0.3351161284870802
sp|P70428|EXT2_MOUSE,86,44,42,-0.14487790169787135,0.18321661865863603,0.09149686397560607,0.5547278254207355,-0.37907268361993873,0.013297263088581658,2.19392426943106,0.028240854322988895,0.3351161284870802
sp|Q61826|MADCA_MOUSE,86,44,42,-0.3490654315659294,0.00098774808129453,-0.1693861385760639,0.2716804538185088,-0.5792067563698203,5.8471277650956876e-05,2.191705943227255,0.02840074632680891,0.33546753115382083
sp|O55222|ILK_MOUSE,86,44,42,0.1070077744337342,0.32676660499382226,-0.13657200378078457,0.37670242616579924,0.3374969699325906,0.028830017824525166,-2.1848309126827643,0.028901246586426083,0.3398205934248729
sp|Q9CQV8|1433B_MOUSE,86,44,42,0.27192117432345364,0.011318459275265941,0.06499041383859858,0.6751206486176106,0.502903093602452,0.000687943747836313,-2.182177656435523,0.029096423658679964,0.3405604132777314
sp|Q8R5M8|CADM1_MOUSE,86,44,42,-0.3972853355948896,0.00015217339250042883,-0.20921668664290402,0.17289092916408547,-0.6037445795460787,2.3069030943802414e-05,2.1757595356904496,0.029573245843727225,0.34457514953664076
sp|Q9QZ39|SIA7A_MOUSE,86,44,42,-0.3129787672090211,0.0033455175839836736,-0.07328253861407953,0.6363959539514987,-0.5077128330290276,0.0005988463299967817,2.1738038779185,0.029719867188511436,0.34472368473160786
sp|P29351|PTN6_MOUSE,86,44,42,0.08912571283731674,0.4144720197431143,0.30858043822601766,0.04155007023053469,-0.1647539556120207,0.29710982883357834,2.169403746241499,0.030052044810792496,0.34680081061353635
sp|Q91VU7|PUS7_MOUSE,86,44,42,-0.1130222184932189,0.30014988528886366,-0.35790794971093,0.017062367586287024,0.10997183875339728,0.48812256167104,-2.1678736194759662,0.030168303525216364,0.34680081061353635
sp|P61205|ARF3_MOUSE / sp|P84078|ARF1_MOUSE,86,44,42,0.22648081620841934,0.03600307444490037,-0.005811574628969556,0.9701340795068886,0.4446970944401647,0.003171258480583631,-2.1633108449211798,0.030517279528893722,0.348721578736896
sp|Q9CWF2|TBB2B_MOUSE,86,44,42,0.1441000083021651,0.18560461807745296,-0.07951935041102247,0.6078810766079897,0.38331177599590366,0.012220820892378331,-2.1621548364984458,0.03060624341535476,0.348721578736896
sp|Q1ERP8|CLM9_MOUSE,86,44,42,0.10202735940024922,0.34991207568023597,0.32899182228874,0.02921576215327047,-0.1398900484068419,0.3769189816167789,2.1571790990826942,0.030991712341923734,0.3500160494756737
sp|Q01405|SC23A_MOUSE,86,44,42,0.12436807826473895,0.25391105710908884,-0.06669136251049211,0.6671050873295877,0.3933388598852052,0.009966100529536608,-2.157285031274672,0.030983462593146483,0.3500160494756737
sp|Q9EQS3|MYCBP_MOUSE,86,44,42,0.20718526539297472,0.055611714735058874,-0.02360066282252271,0.8791369540273366,0.42798528795799534,0.004692687597633758,-2.150570864459485,0.03151008705801876,0.35277597467129707
sp|Q9R0X2|ADEC1_MOUSE,86,44,42,0.017303466426217995,0.8743547864245191,0.2552840465066871,0.09443503904774084,-0.2166013162103607,0.16826683014975874,2.151071060145831,0.03147059132371509,0.35277597467129707
tr|A0A0B4J1J4|A0A0B4J1J4_MOUSE,86,44,42,-0.03989075279200818,0.7153625300954379,0.2056021707151303,0.18060185093407186,-0.26494327349780666,0.08994968005003791,2.145920689856145,0.03187930680678233,0.35324045623619166
tr|Q80ZX2|Q80ZX2_MOUSE,86,44,42,-0.05174888382411525,0.6360745774744883,-0.31134447981784463,0.03966566456060572,0.15203667848412597,0.33646261861394766,-2.124754836718577,0.033607075133655066,0.35324045623619166
sp|P62900|RL31_MOUSE,86,44,42,-0.032396413979716515,0.7671434162749636,-0.24975596332303313,0.10204315030028506,0.21855782038388297,0.16436244982445397,-2.1338547482882197,0.032854672674572497,0.35324045623619166
sp|Q9JI11|STK4_MOUSE,86,44,42,0.2235305132076311,0.03855930412832846,0.026648195859665283,0.8636688481552552,0.4664632033705999,0.0018471538947405046,-2.1409733570567093,0.032276186670171056,0.35324045623619166
sp|P55002|MFAP2_MOUSE,86,44,42,-0.2059520197656356,0.057116103233797164,0.018639562529499918,0.9044104351955177,-0.42790376695076526,0.004701444806628258,2.1279349714715496,0.033342475555967956,0.35324045623619166
sp|Q9EQC5|SCYL1_MOUSE,86,44,42,0.29062856183970576,0.006635593734310381,0.07214857283281717,0.6416383535671286,0.49866400122648713,0.0007760979764914692,-2.1247283538828237,0.03360928612732697,0.35324045623619166
sp|O55134|PCD12_MOUSE,86,44,42,-0.3773352159464726,0.00034174311238413426,-0.18958490405479955,0.21773403608018985,-0.5836904117674756,4.96094112220143e-05,2.1286767084830087,0.03328101715110023,0.35324045623619166
sp|Q8VCW8|ACSF2_MOUSE,86,44,42,0.13727921133249713,0.2075167756069839,0.36074286416408585,0.016144522275019137,-0.10051540191470633,0.5264968208839306,2.139675722491884,0.0323809823608253,0.35324045623619166
tr|A0A075B5W9|A0A075B5W9_MOUSE,86,44,42,0.02081339158755433,0.84914329543792,0.27123044030568894,0.07492952858369081,-0.1990742996558904,0.20626247110853327,2.145775326302842,0.031890908078028274,0.35324045623619166
sp|Q2TB54|FCAMR_MOUSE,86,44,42,-0.3358222708292722,0.0015719977753173829,-0.12331877871228084,0.42515712016680807,-0.5383647317475431,0.0002353773057717374,2.1365675997076883,0.03263317725613991,0.35324045623619166
sp|Q8K182|CO8A_MOUSE,86,44,42,-0.1589938208784916,0.14368884388705475,-0.17611906040230912,0.2527994336364929,-0.5762720001095369,6.502790616218744e-05,2.1409845896338617,0.0322752808084444,0.35324045623619166
sp|Q6GQT1|A2MG_MOUSE,86,44,42,0.025642022543828327,0.8147107881764626,0.24493660875266812,0.10905189312800682,-0.22312299678876824,0.15550829071332775,2.132360702396058,0.03297720535537346,0.35324045623619166
sp|Q8VDD5|MYH9_MOUSE,86,44,42,0.06419517815541483,0.5570583661701692,-0.1622279795818453,0.2927496446488751,0.3056222561056237,0.04903783393969807,-2.143198170639523,0.03209718912605873,0.35324045623619166
sp|Q9DD06|RARR2_MOUSE,86,44,42,0.29692760104396104,0.005499735671165657,0.05060322298883248,0.7442657088175672,0.48293044683107894,0.0011980789352259177,-2.12875334252243,0.03327467298177094,0.35324045623619166
sp|Q80X19|COEA1_MOUSE,86,44,42,0.13589418162794703,0.21218252352978148,0.3417489373279415,0.02317812455298062,-0.11942827559208823,0.45125267085311543,2.128395036516981,0.03330434433406892,0.35324045623619166
sp|Q9QWK4|CD5L_MOUSE,86,44,42,-0.07108238065886262,0.515454321679206,0.19206545420131094,0.21166195899641257,-0.2726062481774355,0.08070248051564477,2.119836297572808,0.03401985307916489,0.3532917888033808
sp|O35206|COFA1_MOUSE,86,44,42,-0.2910459680520359,0.006554374042367882,-0.07774752887780004,0.6159260501198682,-0.501924841515691,0.0007074518344870951,2.119000925424992,0.034090388741812534,0.3532917888033808
sp|P01674|KV3AM_MOUSE,86,44,42,-0.20770702315838743,0.05498507800421053,0.04124800529341807,0.7903588266149744,-0.40793112017939215,0.007325429346770619,2.1209103321514466,0.033929349012169256,0.3532917888033808
sp|P35917|VGFR3_MOUSE,86,44,42,-0.27421690849126956,0.010620379887779825,-0.05095758729547696,0.7425358806675315,-0.48138154769370717,0.0012490196329703262,2.118142832514509,0.03416297297555022,0.3532917888033808
sp|Q8BYY9|SPA3B_MOUSE,86,44,42,0.1498013977024022,0.16861906203857857,-0.07058936988358144,0.6488748139661117,0.38176287685853183,0.012605194044516198,-2.1138930293253413,0.034524404742771575,0.3556013688505472
sp|P63321|RALA_MOUSE / sp|Q9JIW9|RALB_MOUSE,86,44,42,-0.19252861543729038,0.07573854326222863,0.09886764155381135,0.5231474396557738,-0.35592071756659194,0.02070355637564461,2.1075004729227858,0.03507422074067826,0.35899506239617424
sp|Q9Z1Z0|USO1_MOUSE,86,44,42,0.10384876832678087,0.3413316335756156,-0.11623149257939112,0.4524426497712466,0.3403502051856439,0.027421512702719267,-2.1068253568748587,0.03513272066945084,0.35899506239617424
sp|P42567|EPS15_MOUSE,86,44,42,0.07059856891275265,0.518324315136776,-0.15634553209154683,0.3108344115630239,0.2973886343753842,0.05579168476758123,-2.075722969070334,0.03791958032296248,0.35972907830448736
sp|P01633|KV5A1_MOUSE,86,44,42,-0.03192208873843223,0.7704580705724127,0.19929448605685846,0.19464206162491016,-0.2553237946446555,0.10269485870550986,2.0703872894300406,0.038416091166356886,0.35972907830448736
sp|Q8K4T1|SIA8F_MOUSE,86,44,42,0.19500459319679433,0.07197893551779441,0.47598213668487244,0.0010917509546604762,0.04801587325852557,0.7626812619089066,2.100011861932531,0.035727797677733354,0.35972907830448736
sp|Q5SX40|MYH1_MOUSE,86,44,42,0.20899718781468068,0.05346036797889378,0.042594589658667116,0.7836763994146388,0.46654472437782996,0.0018432955599078985,-2.070059964708223,0.038446729392210104,0.35972907830448736
sp|Q9D6Y7|MSRA_MOUSE,86,44,42,-0.1298228185395082,0.2335124296877006,0.12672067605606788,0.4123966792249507,-0.3282850961155899,0.03379216650305127,2.0936939969200603,0.03628724804148561,0.35972907830448736
sp|Q6PDQ2|CHD4_MOUSE / sp|A2A8L1|CHD5_MOUSE,86,44,42,0.25307148923481626,0.01872533958565251,0.03961792948285344,0.7984679579198237,0.4676860184790513,0.0017900215138701896,-2.089916854682135,0.03662526925834123,0.35972907830448736
sp|Q6UGQ3|SG2B2_MOUSE,86,44,42,0.06614939814950607,0.5450919026375235,-0.1551406934489556,0.31462430691932475,0.29812232344045503,0.05516114505682343,-2.0738017813153244,0.03809772367861173,0.35972907830448736
tr|A0A075B5S5|A0A075B5S5_MOUSE,86,44,42,-0.05567629682194911,0.6106396443214911,0.19617608015838697,0.20186123092345193,-0.26339437436043484,0.0919146870235465,2.094562286154801,0.03620992072344501,0.35972907830448736
tr|E9PZP8|E9PZP8_MOUSE,86,44,42,0.03919823793973313,0.7200978498921085,-0.17484334889838898,0.2563074174207637,0.2787203237196926,0.07387129808600991,-2.0697394155498747,0.03847675353875063,0.35972907830448736
sp|Q01279|EGFR_MOUSE,86,44,42,0.007778933957062238,0.9433306502598274,-0.23565226391858263,0.12358040488956944,0.22385668585383908,0.15411843065728564,-2.091761395366223,0.0364598653229093,0.35972907830448736
sp|P98156|VLDLR_MOUSE,86,44,42,-0.3685696854875391,0.0004798888849488564,-0.5413269148301155,0.00014802524273826816,-0.1385857122911604,0.3814281751980047,-2.0858108893627123,0.036995756639128956,0.35972907830448736
sp|Q9D5V6|SYAP1_MOUSE,86,44,42,0.09990238231929564,0.36009084617171827,-0.1549280748649689,0.31529613797228145,0.29828536545491524,0.05502180396127556,-2.0736278735335234,0.03811388445713446,0.35972907830448736
sp|Q8BHC0|LYVE1_MOUSE,86,44,42,-0.12490880903980303,0.2518362173001835,0.08774060232517453,0.5711596597653413,-0.3593445998702559,0.01942840059807606,2.0748692398966924,0.03799865524662007,0.35972907830448736
sp|Q9CR33|MANS1_MOUSE,86,44,42,-0.6241930445204648,1.351775703367201e-10,-0.5675498735218074,5.8778806161093154e-05,-0.8037156102815002,1.4745792048683688e-10,2.0794239025885752,0.03757840543341185,0.35972907830448736
sp|Q8CJ19|MICA3_MOUSE,86,44,42,-0.007285635706126584,0.946918928787025,-0.2171544471117405,0.1567953144833237,0.2409760973721589,0.12421303762066441,-2.0855006134052054,0.03702388253719234,0.35972907830448736
tr|E9PWZ2|E9PWZ2_MOUSE / tr|D2XZ31|D2XZ31_MOUSE,86,44,42,0.05203347896888582,0.6342167576404578,-0.17512684034370457,0.25552506418966137,0.28263333206673713,0.06974368505673571,-2.0900369639323726,0.03661447937836161,0.35972907830448736
sp|Q9ER58|TICN2_MOUSE,86,44,42,-0.023052206726416145,0.8331392181118372,0.2077283565549972,0.1760367636263304,-0.24676408888549559,0.115158369431268,2.0688797830915227,0.038557369169723694,0.35972907830448736
sp|P31324|KAP3_MOUSE,86,44,42,0.18818379622712636,0.08271484821777958,-0.02097836695335352,0.8924826200433499,0.4177136410470034,0.0059145237055517755,-2.0829197838511706,0.03725853596684404,0.35972907830448736
sp|P09581|CSF1R_MOUSE,86,44,42,0.5876320549222722,2.7149053550288634e-09,0.7426767138655119,7.8495642661286e-09,0.45537634638730706,0.0024432470917726897,2.07871340966463,0.03764369971538955,0.35972907830448736
sp|Q61592|GAS6_MOUSE,86,44,42,-0.05517351206618777,0.6138710091054872,0.23919590698502746,0.11787252201768976,-0.2193730304561839,0.16275514880618425,2.087469896021111,0.03684567952270586,0.35972907830448736
sp|P70663|SPRL1_MOUSE,86,44,42,-0.36083818405460527,0.0006423697745870062,-0.1360050208901534,0.3787054955409946,-0.5379571267113926,0.00023845945896282388,2.0763148202857002,0.03786484349535885,0.35972907830448736
sp|P19096|FAS_MOUSE,86,44,42,0.3403378471262986,0.0013446928209848393,0.1627949624724765,0.2910432789600073,0.5609460507502793,0.00011146535272014273,-2.1010507611359235,0.035636510541806346,0.35972907830448736
sp|Q99JP6|HOME3_MOUSE,86,44,42,-0.04388457132362184,0.6882677525294995,-0.27810510785459197,0.06756764629805433,0.18105815705803954,0.2511773988487083,-2.0954513397723398,0.03613088977472693,0.35972907830448736
tr|A0A0G2JGT0|A0A0G2JGT0_MOUSE / tr|A0A075B5N6|A0A075B5N6_MOUSE,86,44,42,-0.35628466173827616,0.0007601641239888599,-0.19114410700403528,0.21390337742714635,-0.5807556555071921,5.5258991239793234e-05,2.1015947217922974,0.03558879262322447,0.35972907830448736
sp|Q9CZC8|SCRN1_MOUSE,86,44,42,-0.07201205813177981,0.5099622617026172,0.15832997220875597,0.30465579977649,-0.29208976890542804,0.06051883014587865,2.0588764023978805,0.039506080179464664,0.36031767880796645
sp|Q08481|PECA1_MOUSE,86,44,42,-0.060931820495378965,0.5773168924155798,0.14713206011879024,0.34055576802677157,-0.30187228977303937,0.052027053491410076,2.0555832938465146,0.03982269945545234,0.36031767880796645
sp|O09106|HDAC1_MOUSE,86,44,42,0.28244170817513903,0.008418525270426507,0.07349515719806622,0.6354149447247263,0.4879032282721147,0.0010467735709207469,-2.0550949187859184,0.03986983761883676,0.36031767880796645
sp|Q9WTQ5|AKA12_MOUSE,86,44,42,-0.35251851932247896,0.0008721188897493477,-0.501071129595302,0.0005312838592741292,-0.08926550291695332,0.5739986149536734,-2.062045715657021,0.03920338377925319,0.36031767880796645
sp|Q9R1Q7|PLP2_MOUSE,86,44,42,-0.21458473915700954,0.04725201655861107,-0.5061031027496536,0.00045673459018295734,-0.0966839145748919,0.542455729379106,-2.0587309704666725,0.039520017643809156,0.36031767880796645
sp|P01642|KV5A9_MOUSE,86,44,42,0.3547952804806435,0.0008027704244228933,0.5498316581895831,0.00011063535175177408,0.1571725019396219,0.3201983693136944,2.0549915512844033,0.03987982076127007,0.36031767880796645
sp|O88572|LRP6_MOUSE,86,44,42,0.0802842903397777,0.46245001023802873,0.32608603497425526,0.030759438933303948,-0.12301519991021237,0.4376751795921817,2.0658553057402482,0.03884214411210947,0.36031767880796645
sp|Q62059|CSPG2_MOUSE,86,44,42,-0.23348185676977537,0.030499983760919978,-0.0190647996974733,0.9022401170695176,-0.4468981616353772,0.0030073263287989215,2.064365561683594,0.038983069136587396,0.36031767880796645
sp|P48025|KSYK_MOUSE,86,44,42,0.29731654774181415,0.005435619161526373,0.0762591987898932,0.6227184217394517,0.4908379845323981,0.0009656827459006722,-2.0599200967284723,0.03940618013226816,0.36031767880796645
sp|Q00898|A1AT5_MOUSE,86,44,42,-0.07006732464251425,0.5214849978168067,-0.3692476075235535,0.013637860529738402,0.07100479729741217,0.6549896289956145,-2.0506209168787737,0.040303877786061586,0.3628758227241559
sp|D3YX43|VSI10_MOUSE,86,44,42,-0.03363914611188133,0.7584789798008937,0.18441118517779007,0.23078438524915657,-0.2628237273098242,0.0926469402588121,2.037246594325874,0.041625336711499525,0.3734677422721647
sp|Q9EPL2|CSTN1_MOUSE,86,44,42,-0.10708366647233968,0.32642164446359284,0.12005862709115157,0.43759168549687416,-0.3217634155371824,0.037713644317537445,2.0308482446000524,0.042270391287667214,0.3741901996976482
sp|B2RXS4|PLXB2_MOUSE,86,44,42,-0.04960493373351029,0.6501418195742122,-0.3051076680209017,0.0440205353456768,0.1387487543056206,0.38086279111182153,-2.0332537092505922,0.04202689731698703,0.3741901996976482
sp|P43406|ITAV_MOUSE,86,44,42,-0.37849256953520627,0.00032652861246219134,-0.18412769373247448,0.23151462412371956,-0.5649405801045538,9.710673417202455e-05,2.0288583483629177,0.04247272021652915,0.3741901996976482
sp|Q9DC70|NDUS7_MOUSE,86,44,42,0.14669931062440297,0.1777128193671462,-0.05811574628969556,0.7078721150770168,0.37573032232350484,0.014201865584021771,-2.0264071854546137,0.04272307522761498,0.3741901996976482
sp|Q60973|RBBP7_MOUSE,86,44,42,0.23109125755370258,0.03229335830058721,0.018710435390828815,0.9040486672805593,0.44078408609312014,0.003482097959601422,-2.031909962480001,0.042162771796091236,0.3741901996976482
tr|Q80ZX0|Q80ZX0_MOUSE,86,44,42,0.14998164129409022,0.1681014229393157,-0.08398434067474297,0.587811244152616,0.35347508734968913,0.02165672914874502,-2.0278916306924883,0.042571309513722386,0.3741901996976482
sp|P28076|PSB9_MOUSE,86,44,42,0.14743925800080646,0.17551177765838452,0.3727203777286695,0.01271403744811318,-0.061792923480411516,0.6974608335927056,2.0272580768390065,0.04263602650679849,0.3741901996976482
sp|Q80Z19|MUC2_MOUSE,86,44,42,-0.0296263545706163,0.7865582336472102,0.2028381291233033,0.1866622995359706,-0.24130218140107929,0.12368912904911065,2.020089817909188,0.04337407182437518,0.3773251180667773
sp|P13597|ICAM1_MOUSE,86,44,42,0.21071424518812978,0.051485111010886986,0.4247410579440799,0.0040562500153775915,0.0014673781301416983,0.99264145214121,2.0207520491867164,0.04330543884376829,0.3773251180667773
sp|P68372|TBB4B_MOUSE,86,44,42,0.15529408399647418,0.15336609636326515,-0.0525876631060416,0.7345949212203952,0.3769531374319563,0.01386503694001985,-2.0079854953706846,0.04464483302013168,0.38220959757651196
sp|Q80ZU7|BPIB3_MOUSE,86,44,42,0.08216261829526346,0.4520101225523305,0.28880690991525537,0.05726087270987372,-0.15065082136121435,0.34093742098597773,2.007676264977696,0.044677704415739844,0.38220959757651196
sp|Q9QY48|DNS2B_MOUSE,86,44,42,0.04064018667323735,0.7102501017990849,0.21892626864496292,0.15335718421996913,-0.2234490808176886,0.15488944971198385,2.0109897650114927,0.044326537808258515,0.38220959757651196
sp|Q6IRU2|TPM4_MOUSE,86,44,42,0.033838362713220736,0.757092759025482,-0.1766151704316114,0.2514439665253401,0.26486175249057653,0.09005228384414603,-2.01101168618664,0.044324222368199856,0.38220959757651196
sp|Q80Y98|DDHD2_MOUSE,86,44,42,0.2599017727093099,0.015664208464732373,0.04705957992238763,0.7616311277729124,0.45928935473435156,0.002215929182588142,-2.0087738392547694,0.04456112383772438,0.38220959757651196
sp|P13595|NCAM1_MOUSE,86,44,42,-0.38125314243948083,0.0002927171621821847,-0.14670682295081686,0.3419685340546754,-0.5345332444077286,0.0002658221154332938,2.0060080881071074,0.04485538506833213,0.3824589952018385
sp|P97379|G3BP2_MOUSE,86,44,42,0.23705826908905886,0.027974298698589205,0.008150379052823158,0.9581239826389132,0.42480596867602166,0.005044933692158854,-1.9912273873993926,0.0464558942192256,0.38454386714768246
tr|A0A075B697|A0A075B697_MOUSE,86,44,42,-0.03632382697755038,0.7398637891882218,0.16322019964044987,0.28976774364204927,-0.27203560112682484,0.08136442048408034,1.9839081930740348,0.04726607540489105,0.38454386714768246
sp|P99024|TBB5_MOUSE,86,44,42,0.1784316692663215,0.10023543004582898,-0.031325804707372486,0.8400266926566088,0.39374646492135573,0.009882542873021085,-2.0009337358147183,0.045399531399608326,0.38454386714768246
sp|Q8R4U0|STAB2_MOUSE,86,44,42,0.2581752288310351,0.016394015648885495,0.438419520180557,0.002913388717003754,0.024782386197948682,0.8762024211131447,1.9916472901050475,0.046409770821537216,0.38454386714768246
sp|Q8CIF4|BTD_MOUSE,86,44,42,-0.1517745907061448,0.16301592544259366,0.12197219434703178,0.43026884960384476,-0.3104319955321993,0.04540841681513519,1.9832459508715674,0.047339963450802075,0.38454386714768246
sp|P05063|ALDOC_MOUSE,86,44,42,0.15633759952729961,0.1505886401693113,-0.016088139521659627,0.9174462581452948,0.4057300529841796,0.007680164537655948,-1.9965365415424141,0.04587555238205154,0.38454386714768246
tr|A0A0B4J1J5|A0A0B4J1J5_MOUSE,86,44,42,0.04568700724050212,0.6761647737551919,0.27108869458303114,0.07508770451986344,-0.16508003964094106,0.2961414318556223,1.9878828817332117,0.04682464439640621,0.38454386714768246
sp|P51910|APOD_MOUSE,86,44,42,-0.2491820222562851,0.020688143834464247,-0.030900567539399106,0.8421705637985274,-0.44388188436786374,0.003233932043052225,1.994595238739888,0.04608704330479018,0.38454386714768246
sp|P97822|AN32E_MOUSE,86,44,42,0.23340596473116987,0.030555597297505156,0.024947247187771755,0.8722963776290193,0.4400503970280493,0.0035432585469761307,-1.9999439486008006,0.045506316774055526,0.38454386714768246
sp|P06327|HVM52_MOUSE,86,44,42,0.04231929802738371,0.6988423487296849,0.27484495623346267,0.07098391853842544,-0.16133007330835672,0.30740081153034704,1.9888042814287634,0.04672281003610249,0.38454386714768246
sp|Q71KU9|FGL1_MOUSE,86,44,42,0.25291970515760526,0.01879882388135757,0.07937760468836468,0.6085230103299601,0.48024025359248584,0.0012877760139749148,-1.9838970129499829,0.04726732199441519,0.38454386714768246
sp|P97311|MCM6_MOUSE,86,44,42,0.3302916385158975,0.0018974265003433844,0.16541725834164567,0.28323534362854547,0.5448048913187206,0.0001912185280930067,-1.9850618226246433,0.04713759366152233,0.38454386714768246
sp|P14206|RSSA_MOUSE,86,44,42,0.14821715139651268,0.173219464353857,-0.08497656073334754,0.5833917318745429,0.34507842360498936,0.02521331665418165,-1.9896038584908189,0.04663459078324199,0.38454386714768246
sp|Q8CGA0|PPM1F_MOUSE,86,44,42,0.15221096992812636,0.16179560720336558,-0.0787397489364046,0.6114153050869325,0.3524153142556979,0.022081032673372282,-1.9988759647136642,0.04562177590640567,0.38454386714768246
sp|Q8CI59|STEA3_MOUSE,86,44,42,0.08817706235474818,0.4194769840336287,-0.12473623593885877,0.4198134777428357,0.3090461384092877,0.04643110213444186,-1.9889409033746552,0.04670772626887468,0.38454386714768246
sp|P15306|TRBM_MOUSE,86,44,42,-0.3293335015285032,0.0019596111762334024,-0.11991688136849378,0.43813685256823487,-0.5104845472748508,0.0005523293022605765,1.9800370757470136,0.04769936277201825,0.3862448400564371
sp|Q8R0Z6|ANGL6_MOUSE,86,44,42,-0.22517167854247472,0.03711927717431851,0.0004252371679733822,0.9978141993128481,-0.41518648982287054,0.006254327812901414,1.9773495184853556,0.048002135945125216,0.38747805661033674
sp|O88668|CREG1_MOUSE,86,44,42,0.350042541562975,0.0009536908551921162,0.18079666925001633,0.24021348697256684,0.553853723121261,0.00014177842211449306,-1.9721190915487916,0.048596013018518944,0.38861718485306296
tr|A0A075B684|A0A075B684_MOUSE,86,44,42,0.3684084149055024,0.00048285271675705245,0.5728653381214747,4.8274643729108876e-05,0.20747096340059012,0.1873741929987507,1.9727149407197533,0.048528048769749595,0.38861718485306296
tr|A0A140T8P1|A0A140T8P1_MOUSE,86,44,42,-0.058711978366168524,0.5912891917666747,0.15648727781420463,0.31039045833706,-0.2760301304810995,0.07681874255509885,1.9723260589757678,0.04857239667173462,0.38861718485306296
sp|Q8K482|EMIL2_MOUSE,86,44,42,0.13113195620545282,0.22879150923920916,0.36187682994534826,0.015789276452063284,-0.06114075542257076,0.7005043824524714,1.9682915613734995,0.04903450034240731,0.3909097163520088
sp|Q80X76|SPA3F_MOUSE,86,44,42,-0.33610686597404277,0.0015567062838549321,-0.5041895354937734,0.00048389753676819386,-0.11600439328842427,0.4644239418028052,-1.9598773031003334,0.05001013306631947,0.3946009205987904
sp|P26928|HGFL_MOUSE,86,44,42,0.027264214869020576,0.8032181066380466,0.2623004597782479,0.0854184718540923,-0.16834087993014482,0.2865693333030835,1.9605792132927404,0.049928129170314764,0.3946009205987904
sp|Q80WT5|AFTIN_MOUSE,86,44,42,0.1896826639895847,0.0802525858892381,-0.00857561622079654,0.9559412354321155,0.40499636391910876,0.007801653691549524,-1.9590196479155855,0.050110485839147366,0.3946009205987904
sp|Q8K0J2|B3GN7_MOUSE,86,44,42,-0.5852888882303279,3.249342012314492e-09,-0.4372855543992947,0.0029959698998980135,-0.7200750568634234,7.646349931364121e-08,1.9623465153151176,0.049722155135673955,0.3946009205987904
sp|Q9CVB6|ARPC2_MOUSE,86,44,42,0.124728565448115,0.2525265364913217,0.31127360695651574,0.03971309406358729,-0.1153522252305835,0.46695587037558245,1.9573920933825184,0.05030138736527325,0.39489656239505677
sp|A2A8L5|PTPRF_MOUSE,86,44,42,-0.04414070695391536,0.6865429821374469,0.1859703881270258,0.22679627546146772,-0.24374781161798212,0.11981255917874442,1.9533314463643554,0.050780333609249106,0.39744486031555154
sp|P97290|IC1_MOUSE,86,44,42,-0.19749005746112397,0.06835737640950777,0.04351593685594277,0.7791130244916464,-0.3736922971427525,0.014778673570241107,1.9503653140066146,0.05113259298755298,0.39778376719924147
sp|P19973|LSP1_MOUSE,86,44,42,0.2271069255269146,0.03547925488250739,0.019277418281459992,0.9011552210154063,0.42643638882062357,0.004861525110372854,-1.9503732081001002,0.0511316527725094,0.39778376719924147
sp|Q6GU68|ISLR_MOUSE,86,44,42,-0.2325426927920325,0.031194243453403256,-0.04663434275441425,0.763722963767535,-0.44803945573659854,0.002925288000005512,1.947348201727776,0.051493003549376526,0.39938097632423053
sp|Q99KH8|STK24_MOUSE,86,44,42,0.11788879546879565,0.27968247016112374,-0.09404828698344636,0.5436952147317465,0.32820357510835985,0.03383902867760919,-1.9454000793459958,0.051726845215857443,0.3999898691616604
sp|P04441|HG2A_MOUSE,86,44,42,0.0734824663797611,0.501337633673589,0.28320795387027253,0.06248350267081543,-0.14200959459482435,0.36965935142503853,1.9409364396797597,0.052265987379358045,0.40294885479594905
sp|Q9CQN1|TRAP1_MOUSE,86,44,42,0.33375421277727274,0.0016872578270903378,0.16378718253108104,0.2880726811446723,0.5363267065667907,0.00025115540346715013,-1.9389988633620956,0.05250147656354248,0.40355612582424444
sp|Q921F2|TADBP_MOUSE,86,44,42,0.29439470425550296,0.005933916321768732,0.08908718669042356,0.5652433896959799,0.478691354455114,0.0013420797555158172,-1.931185629120527,0.0534601005418386,0.4097016633786738
sp|P55065|PLTP_MOUSE,86,44,42,0.05861711331791167,0.5918896842906405,0.30234362642907475,0.046071102608648155,-0.11861306551978729,0.4543701103606338,1.9281000976973057,0.05384267684526623,0.41140917767525387
sp|Q99JT2|STK26_MOUSE,86,44,42,0.1482835569302925,0.1730248019836831,-0.053509010303317256,0.7301185614125252,0.35950764188471607,0.019369363159979378,-1.9218832371937749,0.05462045151967212,0.41366928493864813
sp|Q63880|EST3A_MOUSE,86,44,42,-0.26084093668705277,0.015279140399028326,-0.384768764154582,0.009910886413315207,-0.683472124617111,6.091384689411299e-07,1.9222209610542837,0.05457796040000386,0.41366928493864813
sp|O54724|CAVN1_MOUSE,86,44,42,0.08461013654029036,0.4386051483284913,-0.11878291558723142,0.4425117156175222,0.3004049116428977,0.053235924430098905,-1.919336931658106,0.05494170697049229,0.41366928493864813
tr|A0A140T8N5|A0A140T8N5_MOUSE,86,44,42,-0.0695740263915786,0.5244286125771115,0.11686934833135121,0.4499486043707646,-0.3026874998453403,0.05136506148107209,1.921887035447987,0.05461997348453853,0.41366928493864813
tr|A0A075B680|A0A075B680_MOUSE,86,44,42,0.054300753622224696,0.619497667824993,0.26293831553020797,0.08463326102180889,-0.1588844430914539,0.31488878053959324,1.9202016715352712,0.05483243057763485,0.41366928493864813
sp|Q8C3I8|HGH1_MOUSE,86,44,42,0.058550707784131864,0.5923101925936981,-0.14890388165201265,0.33470811077273044,0.2713834330689841,0.08212610421766581,-1.9151565697881305,0.055472539262820565,0.4164483632704459
sp|P62869|ELOB_MOUSE,86,44,42,0.25082318759112876,0.019839441113056525,0.07108547991288372,0.6465687957931074,0.4613273799151039,0.002105085254876836,-1.9125400087894469,0.05580696602497816,0.4165302536646921
sp|Q5SX39|MYH4_MOUSE,86,44,42,0.19928300687317857,0.065837347907093,0.04663434275441425,0.763722963767535,0.44200690120157154,0.003382215105319172,-1.9137176415692247,0.055656243670254256,0.4165302536646921
tr|A0A0B4J1H9|A0A0B4J1H9_MOUSE,86,44,42,-0.08734224993008784,0.4239100767460619,0.1406826297378606,0.3623693796209579,-0.2779051136473916,0.07475491415981135,1.9091497837344387,0.056242772113957853,0.4185697635648597
sp|Q9R0M4|PODXL_MOUSE,86,44,42,-0.47506518866068626,3.805003665142959e-06,-0.31687256300149863,0.036106363351448754,-0.6378203605682582,5.537383393384305e-06,1.9059824322174757,0.05665248496716112,0.4204038870041495
sp|Q8R2M2|TDIF2_MOUSE,86,44,42,-0.2034286094820032,0.06029794803999014,0.004039753095747131,0.9792371274209904,-0.39806707830455074,0.009033097828467177,1.9018060687078693,0.057196512615413704,0.4232213217950871
sp|Q9JHK5|PLEK_MOUSE,86,44,42,0.018185629750839403,0.8680054607913724,-0.188592683996195,0.220196330242804,0.22964467736717578,0.14347091697352365,-1.89868620994725,0.057605745757007866,0.42502806683179156
sp|Q9R118|HTRA1_MOUSE,86,44,42,0.051758370328940935,0.6360126138268251,0.2744905919268182,0.07136332928762712,-0.1413574265369836,0.37188412568426527,1.8957016797826494,0.05799950308254686,0.42671062982159474
sp|P05208|CEL2A_MOUSE,86,44,42,-0.05426280760292195,0.619742805555521,-0.30858043822601766,0.04155007023053469,0.10222734306653831,0.5194416068407935,-1.8846905900430644,0.05947162354619606,0.43130070544798815
sp|Q9QZN4|FBX6_MOUSE,86,44,42,0.21207081537820283,0.0499673122678394,0.02055312978538014,0.8946496486672382,0.4141267167288793,0.006401778996635019,-1.8778260190880032,0.06040496961010635,0.43130070544798815
sp|Q920I9|WDR7_MOUSE,86,44,42,0.20024114386057282,0.06452181194810147,0.025655975801060726,0.8686997354225864,0.4171429939963928,0.005989821872048764,-1.8713013497634625,0.06130332357047132,0.43130070544798815
sp|P01671|KV3AJ_MOUSE,86,44,42,-0.28469000981882653,0.007891219748039113,-0.1073015120519501,0.48813824796761573,-0.4850499930190614,0.001131362975352238,1.8859842915847298,0.059297071493533304,0.43130070544798815
sp|Q4V9Z5|SE6L2_MOUSE,86,44,42,0.026059428756158496,0.8117497582905564,0.23919590698502746,0.11787252201768976,-0.17551472856639314,0.26622591733132567,1.883397299674722,0.05964654603505634,0.43130070544798815
sp|P62259|1433E_MOUSE,86,44,42,0.2777364017815989,0.009623171621292613,0.12948471764789488,0.402191942216313,0.5007835474144696,0.0007308347220581922,-1.878316610023461,0.06033786562742505,0.43130070544798815
sp|Q5SW46|PERL_MOUSE,86,44,42,0.018527143924564084,0.86554965021689,-0.1671182070135392,0.2782445610774509,0.24774234097225672,0.11367866487570105,-1.8853401714891154,0.059383925867906105,0.43130070544798815
sp|Q9D662|SC23B_MOUSE,86,44,42,0.21213722091198264,0.049893970508690565,0.02473462860378506,0.8733758700031651,0.418202767090384,0.0058506366988930565,-1.8811622397207481,0.05994985256456759,0.43130070544798815
tr|A0A0A6YY60|A0A0A6YY60_MOUSE / tr|A0A075B5X4|A0A075B5X4_MOUSE / tr|A0A075B5W4|A0A075B5W4_MOUSE / tr|A0A075B5Y0|A0A075B5Y0_MOUSE / tr|A0A075B5X1|A0A075B5X1_MOUSE,86,44,42,-0.19445437591690456,0.0728011573189183,-0.0286326359768744,0.8536232314973518,-0.42056687630005674,0.005550211062302764,1.8765478687569062,0.060580088071282186,0.43130070544798815
sp|Q9EQC0|CHST1_MOUSE,86,44,42,0.08195391518909838,0.4531636085633799,0.31687256300149863,0.036106363351448754,-0.09195569615554643,0.5624638594240006,1.879422159028433,0.0601868729983123,0.43130070544798815
sp|P06336|IGHE_MOUSE,86,44,42,0.032576657571404544,0.7658849401750655,0.23777844975844953,0.12013126343305951,-0.17502560252301258,0.2675817800949211,1.8744219935008186,0.0608722844598345,0.43130070544798815
sp|Q01721|GAS1_MOUSE,86,44,42,-0.3889182383386348,0.00021499089628290846,-0.20935843236556181,0.17259345245048224,-0.5601308406779782,0.00011462215730021932,1.8800506997616697,0.060101168526572914,0.43130070544798815
sp|Q6P5H2|NEST_MOUSE,86,44,42,0.14303751976168833,0.1889026793212613,-0.08639401795992548,0.5771041741333873,0.320540600428731,0.038488822616370405,-1.8726108516634095,0.06112214173920647,0.43130070544798815
sp|P07309|TTHY_MOUSE,86,44,42,0.15367189167128192,0.1577594762782323,0.3630816685879395,0.015419108399815662,-0.041168108651197646,0.7957449007463355,1.8849631177994481,0.05943481746844464,0.43130070544798815
sp|P47811|MK14_MOUSE,86,44,42,0.07428881928994437,0.4966404171132166,-0.12778376897600136,0.4084543960698512,0.28263333206673713,0.06974368505673571,-1.8733640090854815,0.061018136422993155,0.43130070544798815
tr|E9Q0B5|E9Q0B5_MOUSE,86,44,42,-0.6139760788232014,3.2497056010826076e-10,-0.4903693275346385,0.0007272245124834377,-0.7421672498227789,1.8542880724267076e-08,1.8720793616624254,0.06119562480353766,0.43130070544798815
sp|P52430|PON1_MOUSE,86,44,42,-0.2670545973478769,0.012931723745105797,-0.0789523675203913,0.6104505547459357,-0.45977848077773215,0.002188867881296333,1.8683810311427136,0.061708979161506056,0.43297172027487224
sp|P40237|CD82_MOUSE,86,44,42,0.2907993189265681,0.006602260715013805,0.4630124030616843,0.0015515404038804138,0.08421120046868746,0.5959563946422394,1.863081012722755,0.062450869175464385,0.43597431298320416
tr|A0A075B5V6|A0A075B5V6_MOUSE,86,44,42,-0.1601701474768766,0.14071041839342338,0.027569543056940943,0.8590020710468981,-0.37059449886800894,0.01569338719002437,1.86290564604681,0.06247554232652518,0.43597431298320416
sp|Q64735|CR1L_MOUSE,86,44,42,-0.04058326764428324,0.7106379418428858,0.15223490613447083,0.3238845250014553,-0.2559759627024963,0.10178936251885912,1.856362295562968,0.0634019351867326,0.43713052489950016
tr|F6WYC8|F6WYC8_MOUSE,86,44,42,-0.01476100150876688,0.8926971558326191,-0.2363609925318716,0.12242251271547162,0.17217236726995927,0.2755818731993752,-1.8545550982094228,0.06365978517953885,0.43713052489950016
sp|Q9R100|CAD17_MOUSE,86,44,42,-0.3414667412005552,0.001292730919042206,-0.1501795931559328,0.3305366596405424,-0.5133377825279041,0.0005078497128758393,1.8595014457911487,0.06295609451480522,0.43713052489950016
tr|O08804|O08804_MOUSE,86,44,42,0.15632811302247393,0.1506137190127666,-0.05584781472717086,0.718795525068169,0.34426321353268846,0.02558311230128567,-1.8545825768601145,0.06365585806388725,0.43713052489950016
tr|A0A0B4J1H8|A0A0B4J1H8_MOUSE,86,44,42,0.04915906800670307,0.653082964622285,0.2717974231963201,0.07429944552909215,-0.13622160308148765,0.3896818005895823,1.859278531237257,0.0629876684397308,0.43713052489950016
tr|Q9CPN9|Q9CPN9_MOUSE,86,44,42,-0.2102494064516712,0.05201383256540432,0.005740701767640659,0.9704981370457549,-0.3878769524007889,0.011145502086631148,1.8555322636314904,0.06352025636029707,0.43713052489950016
sp|Q99P72|RTN4_MOUSE,86,44,42,0.17221800860549738,0.11283336959816442,-0.03926356517620896,0.8002336204408259,0.3582033057690346,0.0198459107235588,-1.8513638687644383,0.06411722337500146,0.4391006654006084
sp|Q9JI10|STK3_MOUSE,86,44,42,0.23404156055449082,0.030092464728991228,0.055776941865841964,0.7191377887876486,0.43687107774607564,0.003819278143785545,-1.8442796233869354,0.06514239952465922,0.4391805185095587
sp|Q9CZ30|OLA1_MOUSE,86,44,42,-0.128893141066591,0.23690587745354857,0.06038367785222027,0.6970063361583044,-0.3390458690699624,0.028058148543550702,1.848521966959919,0.06452686955820884,0.4391805185095587
sp|O54819|TFPI1_MOUSE,86,44,42,-0.07762806898858572,0.47743630599295533,0.18022968635938513,0.2417159581809226,-0.22613927405628173,0.14985250805511785,1.8434506538633078,0.06526324018039673,0.4391805185095587
sp|Q6ZQA0|NBEL2_MOUSE,86,44,42,0.19885611415602272,0.0664304273426582,0.01644250382830411,0.9156343695279472,0.4045072378757282,0.007883563147858987,-1.8445474328401505,0.06510339983239817,0.4391805185095587
sp|Q61220|NELL2_MOUSE,86,44,42,-0.1317390925142967,0.22662490083994155,-0.3387722771521278,0.02448420926318299,0.060488587364730007,0.703552563759878,-1.8476108296603977,0.06465866191421948,0.4391805185095587
sp|Q7TNG5|EMAL2_MOUSE,86,44,42,0.1257151619499863,0.24876377635443322,-0.0668331082331499,0.6664387585599588,0.3332578775566257,0.031032851661367312,-1.848299682473568,0.06455900165386895,0.4391805185095587
sp|Q8C2E7|WASC5_MOUSE,86,44,42,0.06034365719618646,0.5810040551368378,-0.12005862709115157,0.43759168549687416,0.28361158415349824,0.06874078683754159,-1.8430427277895751,0.06532277226763533,0.4391805185095587
tr|A0A075B5S6|A0A075B5S6_MOUSE,86,44,42,-0.22232572709476903,0.03964585851578001,-0.029483110312821165,0.8493248648820467,-0.41469736377948996,0.006322012796128911,1.8409573425519954,0.06562781012748846,0.44008232051636137
sp|Q8VI93|OAS3_MOUSE,86,44,42,0.07237762998839375,0.5078109161631913,0.2316206723715747,0.13032431602695302,-0.17347670338564078,0.2719054228965173,1.838145645674017,0.06604094662223867,0.4407235119884318
sp|Q7TPR4|ACTN1_MOUSE,86,44,42,-0.028829488165258706,0.7921681206188215,-0.2311872736548621,0.13106535553703197,0.17388430842179126,0.27076318790342246,-1.8379773829343529,0.06606573810778045,0.4407235119884318
sp|Q8CFI0|NED4L_MOUSE,86,44,42,0.02613532079476398,0.8112116718656089,-0.16598424123227684,0.2815652976899401,0.23836742514079587,0.12846442024211238,-1.8355811540773757,0.06641962652066545,0.44193937542820033
sp|E9Q7X6|HEG1_MOUSE,86,44,42,-0.17351765976661632,0.11010186959997621,0.04840616428763667,0.7550181131163722,-0.34597515468452045,0.02481169150180855,1.829910610836572,0.06726330651986301,0.44201605631058655
sp|P01627|KV2A2_MOUSE,86,44,42,-0.12533570175695888,0.2502064092177074,0.056981780508433215,0.7133267389066367,-0.3390458690699624,0.028058148543550702,1.8332604039756197,0.066763854825119,0.44201605631058655
sp|P49182|HEP2_MOUSE,86,44,42,-0.24831875031714773,0.021146914505290545,-0.43501762283677,0.0031673258286074786,-0.05673862103214567,0.7211673450254175,-1.829735935637734,0.06728943459174755,0.44201605631058655
sp|Q99LL3|CHSTC_MOUSE,86,44,42,-0.20261277006699424,0.061357007336199844,0.03621603213906638,0.8154580789376578,-0.35681744864612297,0.020362990044012413,1.830615938147356,0.06715788794688721,0.44201605631058655
sp|Q08761|PROS_MOUSE,86,44,42,0.08813911633544542,0.419677905686588,-0.13848557103666478,0.36998871026370667,0.2640465424182756,0.09108331137965574,-1.832262580495491,0.06691230921742589,0.44201605631058655
sp|B2RU80|PTPRB_MOUSE,86,44,42,-0.0878924672099776,0.42098524986980684,0.09695407429793114,0.5312599005424904,-0.3016277267513491,0.05222698394311185,1.8266044471341283,0.06775926425517491,0.4428429072514604
sp|P35585|AP1M1_MOUSE,86,44,42,0.0391508054156047,0.7204225754465066,-0.1765442975702825,0.25163730493286807,0.22638383707797202,0.14940063616910934,-1.8275850511582885,0.06761185100581217,0.4428429072514604
sp|Q61549|AGRE1_MOUSE,86,44,42,0.04260389317215428,0.6969153497804784,-0.1525892704411153,0.32274616136571505,0.24863907205178776,0.11233496250801839,-1.8229526460911056,0.06831056326590013,0.4432714075280919
sp|Q8R4V5|OIT3_MOUSE,86,44,42,-0.17972183392261476,0.09776332782342818,0.01736385102557977,0.9109254582134213,-0.3716542719620001,0.015375213895227967,1.822750013314913,0.0683412616654961,0.4432714075280919
sp|Q09200|B4GN1_MOUSE,86,44,42,-0.07953485645854853,0.4666519917536356,0.1479116615934081,0.33797507220121176,-0.253122727449443,0.1057964502374974,1.822948948874091,0.06831112328422137,0.4432714075280919
sp|Q9ERK4|XPO2_MOUSE,86,44,42,0.28552482224348685,0.0077029536912095525,0.11566450968875995,0.45466588331266206,0.480403295606946,0.0012821748528155659,-1.8210387626617792,0.0686009647791773,0.44383790026729036
tr|J3QK46|J3QK46_MOUSE,86,44,42,-0.07209743667521099,0.5094594006623306,0.14734467870277693,0.33985073838137403,-0.25295968543498276,0.10602900943027724,1.8195788580246564,0.0688231637323124,0.4441595153150487
tr|A0A140T8N9|A0A140T8N9_MOUSE,86,44,42,0.08816757584992248,0.4195272092393055,0.32601516211292636,0.030797916500259207,-0.06741787297928803,0.6714087167603325,1.814597924406648,0.06958572171008659,0.4468409810560423
sp|P01898|HA10_MOUSE,86,44,42,-0.1506456966318882,0.16620443995824427,-0.42396145646946204,0.00413182006941059,-0.04646697412115378,0.7701258645464454,-1.81517006552867,0.06949777840039666,0.4468409810560423
sp|Q8R121|ZPI_MOUSE,86,44,42,-0.09473223718929696,0.3856085528381942,-0.33012578807000237,0.02863104148833611,0.06195596549487171,0.6967006751985835,-1.8106706227409033,0.0701918529204374,0.4496119932092695
tr|A0A140T8M6|A0A140T8M6_MOUSE,86,44,42,-0.08606157177862027,0.430762882070617,0.15159705038251076,0.3259399232325648,-0.24643800485657522,0.11565482813020114,1.8079289122072622,0.07061756524432306,0.45121645286385076
sp|P11627|L1CAM_MOUSE,86,44,42,-0.5977162095519761,1.2322571938864673e-09,-0.46946183344261394,0.0013049817485626875,-0.7226022080875564,6.54695420910346e-08,1.8047904623140067,0.07110747745278573,0.45322216445773084
sp|Q6ZWQ7|SPCS3_MOUSE,86,44,42,0.12998408912154485,0.23292723230206983,-0.04103538670943138,0.7914153193666246,0.3463012387134408,0.024666973504258727,-1.7985478847398988,0.07209022752492943,0.4583514466091192
sp|O54774|AP3D1_MOUSE,86,44,42,0.21502111837899107,0.046793329318033136,0.025514230078402932,0.8694188567837511,0.4030398597455865,0.00813375102660188,-1.7961338416746395,0.07247323340470439,0.4596516650667828
sp|O35855|BCAT2_MOUSE,86,44,42,-0.14757206906836606,0.1751188420150004,-0.33501601550169624,0.026219522558220465,0.05111367153326916,0.7478558508216601,-1.7866234898115272,0.07399836254009509,0.46136993593400694
sp|P27870|VAV_MOUSE,86,44,42,0.22367281078001638,0.03843262774665533,0.0501779858208591,0.7463431445154725,0.4226049014808091,0.005302059630903507,-1.7911516409281292,0.07326896408569716,0.46136993593400694
sp|P09803|CADH1_MOUSE,86,44,42,-0.5298497540290209,1.5539365741638347e-07,-0.4508931437744429,0.002128744350083766,-0.7092327629018208,1.460966012637311e-07,1.7874799290989385,0.07385995323988215,0.46136993593400694
sp|Q62283|TSN7_MOUSE,86,44,42,-0.08254207848829088,0.449917057189107,0.08816583949314791,0.5692882981665337,-0.3022798948091899,0.051695204703572264,1.7901829474465674,0.07342450554132121,0.46136993593400694
sp|Q9JIF0|ANM1_MOUSE,86,44,42,-0.051995532949583076,0.6344643365454301,0.053509010303317256,0.7301185614125252,-0.33350244057831596,0.030902096388711494,1.7897438659555185,0.07349509700252456,0.46136993593400694
sp|Q8CBR6|TSK_MOUSE,86,44,42,-0.09890629931259864,0.3649243446835025,-0.3218336632945214,0.03313960745459566,0.06660266290698709,0.6751618064782093,-1.7900509643472347,0.07344571873157722,0.46136993593400694
sp|P41216|ACSL1_MOUSE,86,44,42,0.16929616511918621,0.1191655541781581,-0.014245445127108304,0.9268745384047025,0.36749670059326534,0.01665554588490271,-1.7872770720518223,0.07389271785837016,0.46136993593400694
sp|Q6Q477|AT2B4_MOUSE,86,44,42,-0.16620356454601268,0.12616207204651858,-0.006236811796942939,0.9679498627908377,-0.3834748180103638,0.012180947801149195,1.778863458743078,0.07526215021496364,0.46405325634626804
sp|Q5MJS3|FA20C_MOUSE,86,44,42,-0.264426835511162,0.013883185323645525,-0.11984600850716488,0.4384095771917596,-0.4763272452454413,0.0014288834998732727,1.7784510164008678,0.0753298101564039,0.46405325634626804
sp|Q80X73|PELO_MOUSE,86,44,42,0.16376553280581146,0.13189583242533334,-0.022608442763918154,0.8841829770274036,0.3591000368485656,0.019517240198831744,-1.781430980039208,0.07484207095065443,0.46405325634626804
sp|P47962|RL5_MOUSE,86,44,42,0.23771283792203116,0.02753175322559755,0.09362304981547298,0.5455266513102499,0.4556209094089973,0.0024284610466869328,-1.7787857619832377,0.0752748923434367,0.46405325634626804
sp|O55042|SYUA_MOUSE,86,44,42,0.07292276259504564,0.5046115876585302,-0.09504050704205091,0.5394333638747897,0.2940462730789503,0.05873758118502258,-1.780775478475441,0.07494913690265538,0.46405325634626804
sp|Q07968|F13B_MOUSE,86,44,42,-0.1796269688743579,0.09794345475404019,-0.025939467246376312,0.8672618072687239,-0.3996974984491526,0.008729260319304523,1.7764190911731943,0.07566386672450778,0.4649987036172018
sp|Q6P9S7|GLT10_MOUSE,86,44,42,-0.14141532743649607,0.19401963497614425,0.061375897910824824,0.6922711777616128,-0.3229862306456338,0.03695128722154024,1.7723379285988305,0.07633847875883965,0.4671155120980678
sp|Q9QZI9|SERC3_MOUSE,86,44,42,-0.00982801899941034,0.9284383790259807,-0.2289193420923374,0.13499457277529503,0.16190072035896738,0.3056700748823471,-1.7721412159707826,0.07637111867700448,0.4671155120980678
sp|Q01705|NOTC1_MOUSE,86,44,42,-0.20773548267286449,0.054951064764752804,-0.01693861385760639,0.9130984370350053,-0.39081170866107234,0.010497784925245023,1.769596302010191,0.07679441533998864,0.4685915154039591
sp|P62897|CYC_MOUSE,86,44,42,0.02159128498326055,0.8435752844535729,0.278034234993263,0.06764050076162571,-0.10915662868109634,0.4913724701593928,1.7665837879194506,0.07729795803397922,0.4705490353132305
sp|P12787|COX5A_MOUSE,86,44,42,-0.028554379525313825,0.7941073395312545,-0.19688480877167594,0.20020422674075777,0.19238957706302268,0.2222216907024905,-1.7628436805183605,0.07792685799817566,0.472145080812476
sp|O70559|SPR2H_MOUSE,86,44,42,-0.008091988616309864,0.9410540545777978,0.2003575789767919,0.19222323044383152,-0.1891287367738189,0.23030745368602648,1.7638782976701353,0.07775247143053289,0.472145080812476
sp|Q61789|LAMA3_MOUSE,86,44,42,-0.17387814694999237,0.10935339022010834,-0.008150379052823158,0.9581239826389132,-0.38070310376454064,0.012874075774140235,1.75579799274205,0.07912290726147182,0.47381740976346504
sp|P33622|APOC3_MOUSE,86,44,42,-0.3256337646464858,0.0022173425322672387,-0.4653512074855379,0.0014577257580594297,-0.11078704882569822,0.4848838408784621,-1.7564475426037387,0.07901202103388943,0.47381740976346504
sp|Q9WTX6|CUL1_MOUSE,86,44,42,-0.007219230172346784,0.9474020486270209,-0.17037835863466846,0.26884106409949554,0.21741652628266164,0.16663194651333568,-1.756996342584436,0.07891843260779718,0.47381740976346504
sp|Q3THE2|ML12B_MOUSE,86,44,42,0.1007182217343046,0.35616153262029643,-0.09681232857527335,0.5318632597376686,0.28776915552223303,0.06460498993874396,-1.7581124091647404,0.0787283847612047,0.47381740976346504
sp|Q8BM72|HSP13_MOUSE,86,44,42,0.2337285058952432,0.03031982903749602,0.03777523508830212,0.8076600557493606,0.40581157399140966,0.007666766934953544,-1.756077184835369,0.07907523020443218,0.47381740976346504
sp|P01647|KV5AE_MOUSE,86,44,42,0.24666809847747842,0.02204838597314109,0.4350884956980989,0.0031618434090497248,0.0736949905360053,0.6427792556274735,1.7539936056857783,0.07943160281529936,0.47456236020741493
sp|P28740|KIF2A_MOUSE,86,44,42,0.09065304011425213,0.40648731583715914,-0.10340350467886077,0.504165945476299,0.2803507438642945,0.07212871688537122,-1.7518011853700655,0.07980800032906663,0.4757074093688578
sp|Q6ZWY3|RS27L_MOUSE / sp|Q6ZWU9|RS27_MOUSE,86,44,42,0.030375788451845468,0.7812921723115165,-0.16123575952324073,0.2957513292496706,0.22418276988275945,0.1535036383076539,-1.7467669708294136,0.08067776807978498,0.4797811843081901
sp|P15535|B4GT1_MOUSE,86,44,42,-0.07779882607544807,0.4764651204285711,0.11637323830204892,0.45188776785655876,-0.2668997776713289,0.08751423738667753,1.7454911456314495,0.08089941239308589,0.4799907532539082
sp|Q9CWJ9|PUR9_MOUSE,86,44,42,0.1514520495420715,0.1639222710425281,-0.050461477266174684,0.7449579889505735,0.32714380201436866,0.03445311502100009,-1.7441724642761383,0.08112902126965671,0.4802465052169334
sp|Q9R059|FHL3_MOUSE,86,44,42,0.11357243577310867,0.2977878956978705,0.311769716985818,0.039382059418001616,-0.06114075542257076,0.7005043824524714,1.7155187280644992,0.08625016475770104,0.481110383668887
sp|Q8VC49|IF27B_MOUSE,86,44,42,-0.3452898026453065,0.0011299913735272552,-0.188592683996195,0.220196330242804,-0.5196964210918514,0.0004200649977953689,1.7214407759919323,0.08517087035674743,0.481110383668887
sp|P29533|VCAM1_MOUSE,86,44,42,0.38871902173729544,0.00021674298030134015,0.5918592649576191,2.3214788968197643e-05,0.2866278614210117,0.06572011655049798,1.724071136809629,0.08469500189231909,0.481110383668887
sp|Q91V08|CLC2D_MOUSE / sp|Q9D676|CLC2G_MOUSE,86,44,42,-0.052280128094353645,0.632608475415439,0.14373016277500317,0.35195880659864415,-0.2352696268660523,0.13365312929088466,1.7189674149385512,0.08562030540095115,0.481110383668887
sp|Q00993|UFO_MOUSE,86,44,42,0.12151264031220757,0.2650612207641161,0.31658907155618304,0.036282275851114286,-0.06105923441534067,0.7008851526555144,1.7390587580188948,0.08202442804219495,0.481110383668887
sp|Q9JHR7|IDE_MOUSE,86,44,42,-0.17620234063228538,0.10462211938288375,0.021049239814682416,0.8921215233877624,-0.350784894111096,0.022747372765173222,1.7319230702623747,0.0832872605215876,0.481110383668887
sp|P08071|TRFL_MOUSE,86,44,42,0.1542885144849515,0.15607857745458772,-0.007016413271560806,0.9639460786575368,0.3621163141160791,0.018445074987711745,-1.7272070733766844,0.08413048096727144,0.481110383668887
sp|P06800|PTPRC_MOUSE,86,44,42,0.27236704005026086,0.011179833740508209,0.42190614349092403,0.004336979550390123,0.06692874693590746,0.6736596317946534,1.7122021189930685,0.08685942709090094,0.481110383668887
sp|P12367|KAP2_MOUSE,86,44,42,0.26421813240499686,0.013961289737248844,0.08228339200284945,0.595422053691396,0.43947974997743866,0.003591475545070542,-1.7396356942433402,0.0819230074631465,0.481110383668887
sp|Q9QZJ6|MFAP5_MOUSE,86,44,42,-0.048599364221987615,0.6567825434228589,0.12587020172012112,0.41556609663256794,-0.25304120644221284,0.10591268114208272,1.722131644095414,0.08504567395256261,0.481110383668887
sp|Q6P5E4|UGGG1_MOUSE,86,44,42,-0.05937603370396652,0.5870934659858085,-0.25159865771758444,0.099456603596646,0.12741733430063748,0.42132544030020674,-1.7222734435202072,0.08501999603443654,0.481110383668887
sp|P31725|S10A9_MOUSE,86,44,42,0.1574759801063819,0.1476018197755531,-0.03295588051793712,0.8318192404464217,0.33806761698320126,0.02854362448819191,-1.7206843120701056,0.08530812465475665,0.481110383668887
sp|Q76LS9|MINY1_MOUSE,86,44,42,0.08418324382313451,0.4409269378688528,-0.08788234804783232,0.5705355591299189,0.2900517437246757,0.06241981475926096,-1.7289793530730473,0.08381279041866173,0.481110383668887
sp|Q8R0X2|CACL1_MOUSE,86,44,42,-0.20667299413238768,0.05623263053077953,-0.4053218939399621,0.006344244902533506,-0.04663001613561397,0.7693412490692301,-1.7137986661567486,0.08656570847097766,0.481110383668887
sp|Q499E4|DZI1L_MOUSE,86,44,42,-0.21614052594842198,0.045633497991022384,-0.044295538330560644,0.7752574238907474,-0.40336594377450685,0.00807757093894046,1.7138034688945982,0.08656482611725874,0.481110383668887
sp|P59511|ATS20_MOUSE,86,44,42,-0.09041587749360998,0.4077212293318876,0.07845625749108902,0.6127026502295527,-0.2977147184043046,0.05551073572634514,1.7240419258568525,0.08470027472073477,0.481110383668887
sp|Q8C102|GALT5_MOUSE,86,44,42,-0.36560989598192517,0.0005370268731516317,-0.22317864032469675,0.14533163306534005,-0.5484733366440748,0.0001695537120199792,1.7399947087352456,0.08185994706639974,0.481110383668887
sp|P37889|FBLN2_MOUSE,86,44,42,-0.0878924672099776,0.42098524986980684,0.05428861177793513,0.726337774677891,-0.3176873651756777,0.040348299727197716,1.7141471952262899,0.0865016959506958,0.481110383668887
sp|Q8BY89|CTL2_MOUSE,86,44,42,-0.16536875212135235,0.12810351738557382,0.04174411532272035,0.7878951234607386,-0.3328502725204752,0.031251791807009835,1.7337461615402399,0.08296313207891562,0.481110383668887
sp|Q8BP47|SYNC_MOUSE,86,44,42,-0.14129200287376215,0.19441269029607605,0.07023500557693696,0.6505239599070884,-0.3074972392719159,0.04759608783754334,1.7352265746850686,0.08270068122800078,0.481110383668887
sp|O35658|C1QBP_MOUSE,86,44,42,0.07139543531811024,0.513601593560411,-0.1051753262120832,0.4968476352069269,0.27048670198945307,0.08318248672479386,-1.7120897634391297,0.08688012753632328,0.481110383668887
sp|Q60769|TNAP3_MOUSE,86,44,42,-0.1738686604451667,0.10937303630301311,0.0043232445410627185,0.9777804348982165,-0.36570323843420327,0.01723501486135277,1.7336503115485524,0.08298014780947438,0.481110383668887
sp|Q6IFX2|K1C42_MOUSE,86,44,42,0.0963544295144892,0.37748775294808634,0.2910039686164512,0.05530962587020832,-0.08706443572174076,0.5835155290319703,1.7299440911576152,0.08364026467741094,0.481110383668887
sp|P97298|PEDF_MOUSE,86,44,42,-0.25749220048358573,0.016690725503857185,-0.43749817298328136,0.0029803310351205863,-0.08478184751929813,0.5934589349602879,-1.7174193034889353,0.0859025871493367,0.481110383668887
tr|A0A140T8P3|A0A140T8P3_MOUSE,86,44,42,0.008139421140438292,0.9407091566419437,0.1933411657052311,0.20858554461372647,-0.18953634180996937,0.2292858783849882,1.733135115974453,0.08307165614836749,0.481110383668887
sp|P54265|DMPK_MOUSE,86,44,42,0.20160720055547154,0.06268311772390944,0.011410530673952422,0.9413984834497877,0.3780944315331776,0.013556807390734543,-1.7275975478900114,0.08406040275132283,0.481110383668887
sp|Q9ET66|PI16_MOUSE,86,44,42,-0.5825567748405305,3.999561813521247e-09,-0.5706682794202789,5.2388801205946607e-05,-0.7748571737220468,1.7169750977947097e-09,1.7161233618976635,0.08613946620250192,0.481110383668887
sp|Q9WU60|ATRN_MOUSE,86,44,42,-0.1877474170051448,0.08344289915644447,-0.006945540410231909,0.9643100242957938,-0.37426294419336315,0.01461520070351629,1.7276078620703348,0.08405855231257298,0.481110383668887
sp|Q2MHN3|ZFHX2_MOUSE,86,44,42,-0.12642664981191273,0.24607425950854894,0.02452201001979837,0.8744555896240293,-0.3491544739664941,0.02343043273662309,1.7391504352131477,0.0820083051538641,0.481110383668887
sp|P20029|BIP_MOUSE,86,44,42,0.2698815757859312,0.011971876694016873,0.11984600850716488,0.4384095771917596,0.4671153714284406,0.0018164859822184332,-1.7254789371664714,0.08444119642903836,0.481110383668887
sp|P36369|K1B26_MOUSE,86,44,42,-0.11690219896692433,0.28375460565219457,-0.31836089308940546,0.03519428030842401,0.052825612685101137,0.7397008015719748,-1.7109376752384362,0.0870926187307975,0.4812521313987201
sp|A2BGH0|BPIB4_MOUSE,86,44,42,-0.0274444584607086,0.8019436694835139,0.16825217279480154,0.27494961889782366,-0.20901986253796193,0.18402878302592904,1.707882706038671,0.08765810871528805,0.4833396786763742
tr|Q91XL1|Q91XL1_MOUSE,86,44,42,0.08733276342526215,0.42396060692983556,0.27349837186821363,0.07243420444542122,-0.10075996493639662,0.5254860586828078,1.7066783489434745,0.0878818536090891,0.48353797658847103
sp|Q91XA2|GOLM1_MOUSE,86,44,42,-0.2825840057475243,0.008384256797215882,-0.09397741412211746,0.544000249293469,-0.4425775482521822,0.003336467854126933,1.7041386837720716,0.08835518113158865,0.4842971322569899
sp|Q3UF25|STIMA_MOUSE,86,44,42,-0.09573780670081963,0.3805623331924292,0.08178728197354718,0.5976500059928124,-0.29054086976805626,0.06195930263178916,1.7039202814712393,0.08839598142166417,0.4842971322569899
tr|A0A075B5R2|A0A075B5R2_MOUSE,86,44,42,-0.037310423479421685,0.7330596536639722,0.14748642442543472,0.33938122000592874,-0.22752513117919335,0.14730511860061138,1.6995418137043647,0.08921714308460503,0.48775826633303176
sp|Q8VDP3|MICA1_MOUSE,86,44,42,-0.1638224518347656,0.13175974755334782,0.0190647996974733,0.9022401170695176,-0.34556754964836994,0.024993582806772163,1.696504363432458,0.08979040452739712,0.4888166842664854
sp|Q60972|RBBP4_MOUSE,86,44,42,0.2886743418456145,0.007027784684044645,0.11977513564583597,0.4386823958408079,0.46197954797294466,0.0020706630017067163,-1.6965206500110077,0.08978732285427361,0.4888166842664854
sp|O35954|PITM1_MOUSE,86,44,42,0.22612981552986897,0.0362995527802846,0.042027606768035936,0.7864882091733562,0.39765947326840023,0.009110460726774617,-1.6935751152281644,0.09034605004997856,0.4908039638791029
sp|P82198|BGH3_MOUSE,86,44,42,0.3629631611355589,0.0005933231350997584,0.5330347900546346,0.00019516408043836414,0.21382960196453749,0.17391203072278325,1.6863351174168955,0.09173127072257926,0.49728004654871916
sp|D3Z6Q9|BIN2_MOUSE,86,44,42,0.22383408136205304,0.03828948128833314,0.06548652386790085,0.6727790568594034,0.415594094859021,0.0061984037249905866,-1.6844579934061006,0.09209319110374534,0.49819320817677365
sp|Q8BH43|WASF2_MOUSE,86,44,42,0.2297536603732809,0.033334942378701805,0.05896622062564233,0.7037905892622234,0.4099691453601445,0.007009665726518134,-1.683409205617866,0.0922959024112883,0.4982001491831131
sp|Q61703|ITIH2_MOUSE,86,44,42,-0.10846869617688978,0.3201669603634304,0.16421241969905442,0.2868056221804646,-0.2075524844078202,0.18719704943403262,1.6824509650943995,0.09248142575127304,0.4982001491831131
sp|Q9ERR7|SEP15_MOUSE,86,44,42,0.2538968151546509,0.018330072562234602,0.10694714774530562,0.48958427849706115,0.4488546658088995,0.002867897908153108,-1.6805832915288668,0.09284388347355206,0.49910855938287385
sp|Q64012|RALY_MOUSE,86,44,42,0.21399657585781703,0.047876116369201485,0.0549264675298952,0.7232491708528067,0.40434419586126796,0.007911030396219038,-1.6713834844379543,0.09464595595933527,0.5077361179068507
sp|Q0VE82|CPNE7_MOUSE / sp|P59108|CPNE2_MOUSE / sp|Q8JZW4|CPNE5_MOUSE / sp|Q1RLL3|CPNE9_MOUSE / sp|Q9Z140|CPNE6_MOUSE / sp|Q8BT60|CPNE3_MOUSE / sp|Q9DC53|CPNE8_MOUSE / sp|Q8BLR2|CPNE4_MOUSE,86,44,42,0.036968909305697004,0.7354126319650887,0.22736013914310166,0.13774635362180604,-0.14086830049360305,0.3735579351964538,1.66854781280985,0.09520702878260268,0.5096841977447025
sp|P06328|HVM49_MOUSE / sp|P01754|HVM10_MOUSE / sp|P01753|HVM09_MOUSE,86,44,42,0.0005027847557613397,0.9963342082194926,0.19277418281459993,0.2099489613435214,-0.1758408125953135,0.2653245400937741,1.6671577714305081,0.09548303713227667,0.5101012875842581
sp|Q60997|DMBT1_MOUSE,86,44,42,0.20489901772998448,0.05842677970564316,0.06343121088936284,0.6824996029478616,0.41045827140352503,0.006935655702526876,-1.666001506255614,0.09571311442620892,0.5102717798084637
sp|O09114|PTGDS_MOUSE,86,44,42,-0.06828386173528535,0.5321666170708924,-0.2555675379520027,0.09405703136788804,0.11029792278231766,0.4868257282369228,-1.6636015473050196,0.09619208249023152,0.5117657281246821
tr|A0A1L1SQU7|A0A1L1SQU7_MOUSE,86,44,42,-0.09487453476168224,0.3848920369343663,0.10630929199334554,0.4921927229154236,-0.25899223997000975,0.09768075527658797,1.6619540354449847,0.09652199098266898,0.5122519872366599
sp|Q05793|PGBM_MOUSE,86,44,42,0.0484760396592537,0.6575988208460994,0.2315416379615066,0.13045921757289256,-0.13491726696580614,0.3942798909528383,1.6611598545990887,0.09668134594058901,0.5122519872366599
sp|Q9QYJ0|DNJA2_MOUSE,86,44,42,0.21894853137682493,0.042828416072447535,0.05705265336976211,0.7129854074431791,0.4036920278034272,0.00802172521564205,-1.6583635280679456,0.09724411349018172,0.5141757540805296
sp|Q5FW60|MUP20_MOUSE,86,44,42,-0.09588010427320492,0.37985147726616825,-0.40234523376414844,0.006779176608596353,-0.056412537003225294,0.7227059652225466,-1.6540457624206644,0.09811821492233375,0.515621231479611
tr|E9Q8V6|E9Q8V6_MOUSE,86,44,42,-0.0037946019302742624,0.9723389947967807,-0.18731697249227486,0.22339033180337833,0.17853100583390663,0.25796536618070387,-1.6542627252511222,0.09807414305851403,0.515621231479611
sp|Q8BSL7|ARF2_MOUSE,86,44,42,0.24074851946625056,0.02555610156197791,0.07044762416092365,0.6495342738172875,0.41445280075779967,0.006356092361778976,-1.6560110575288047,0.0977195795666069,0.515621231479611
sp|Q8R4H2|ARHGC_MOUSE,86,44,42,-0.12289767001675767,0.2596121355972634,-0.3198492231773123,0.034301232099266846,0.03823335239091425,0.810027473557347,-1.652971122152135,0.09833674089971257,0.5157171238630547
sp|Q9QYI4|DJB12_MOUSE,86,44,42,0.2272302500896485,0.035376834666310336,0.06591176103587423,0.6707744082947069,0.40964306133122413,0.007059383764998834,-1.6504837692565382,0.09884403029759965,0.5164278488323479
sp|Q3U515|VWCE_MOUSE,86,44,42,0.25578462961496234,0.017452832072698883,0.5316173328280566,0.00020446242071563188,0.21961759347787418,0.16227518974313734,1.6503402189302496,0.09887337066964953,0.5164278488323479
sp|Q9CY27|TECR_MOUSE,86,44,42,0.22129169806876928,0.040598650330343995,0.4073063340571712,0.0060679191911983624,0.06456463772623472,0.6845784187185081,1.6439930781272922,0.10017763217365287,0.522180977423393
sp|Q9DCD0|6PGD_MOUSE,86,44,42,-0.10338392959032228,0.34350875980572015,0.061730262217469314,0.6905828439504776,-0.29608429825970267,0.056926892457769225,1.6408995484942985,0.10081826877543769,0.5225908266212572
sp|P70406|UCP2_MOUSE,86,44,42,-0.10658088171657834,0.3287113389485972,0.04273633538132491,0.7829738706386116,-0.3131221887707924,0.0434753382864117,1.6397131466583497,0.10106482415403498,0.5225908266212572
sp|Q6P069|SORCN_MOUSE,86,44,42,0.011763265983850213,0.9143959337682469,0.18724609963094596,0.2235687078940162,-0.1758408125953135,0.2653245400937741,1.641517366283064,0.10069006517254407,0.5225908266212572
sp|O54901|OX2G_MOUSE,86,44,42,-0.22652824873254776,0.035963165743480185,-0.08972504244238363,0.5624508915079511,-0.4274146409073847,0.004754287386158115,1.639697634045633,0.10106805112908197,0.5225908266212572
tr|A0A075B5Y3|A0A075B5Y3_MOUSE,86,44,42,-0.05848430225035207,0.5927308354473776,0.16017266660330728,0.29898937644446266,-0.2018460139017136,0.19988605565661438,1.6372743295600172,0.10157316216636629,0.5241500853274412
sp|P49586|PCY1A_MOUSE,86,44,42,-0.009742640455979168,0.9290584349509026,-0.1765442975702825,0.25163730493286807,0.18505268641231418,0.24069452283310958,-1.6346050495059479,0.10213186843893411,0.5259791224605107
sp|O35608|ANGP2_MOUSE,86,44,42,0.4451826984597764,1.7479676172285355e-05,0.5946233065494461,2.0787841776242687e-05,0.3089646174020576,0.046491836068701525,1.6335526697073322,0.10235281286810122,0.526064856557606
tr|A2AS37|A2AS37_MOUSE,86,44,42,-0.038116776389604964,0.7275138101765133,-0.2213359459301454,0.14877043681855343,0.13899331732731088,0.3800156438074176,-1.631637720018303,0.10275582714823313,0.5270841731209169
sp|P40224|SDF1_MOUSE,86,44,42,0.17315717258324026,0.1108543177182082,0.3397644972107324,0.024042186007687094,-0.009945562882071511,0.9501559457325842,1.6263300829669753,0.10387945550024719,0.5275928952921825
sp|Q6ZQ03|FNBP4_MOUSE,86,44,42,-0.11607687304708968,0.28719123994354945,0.03168016901401697,0.8382410059759925,-0.320540600428731,0.038488822616370405,1.6270816739593539,0.10371975264059513,0.5275928952921825
sp|Q9DCQ7|A1AT6_MOUSE,86,44,42,0.13778199608825847,0.20584126334240793,0.29943783911458993,0.04830972048520747,-0.0548636378658535,0.7300290563380195,1.6265472947994015,0.10383328087962715,0.5275928952921825
sp|P01795|HVM26_MOUSE,86,44,42,-0.172199035595846,0.11287363038557002,0.007087286132889703,0.963582140258782,-0.3423067093591662,0.026489064566095743,1.6264119678206976,0.10386204660443388,0.5275928952921825
sp|P57780|ACTN4_MOUSE,86,44,42,-0.013404431318693831,0.9025077445862123,-0.19979059608616073,0.1935106094874783,0.16051486323605577,0.3098840954589456,-1.6292691769325598,0.10325604821014016,0.5275928952921825
sp|P26618|PGFRA_MOUSE,86,44,42,-0.5439467001999898,6.206766914385461e-08,-0.4079441898091313,0.005981347420337573,-0.6614614526649856,1.8501932021534104e-06,1.619591817236653,0.10531998851987097,0.528738226441837
sp|Q00724|RET4_MOUSE,86,44,42,-0.22617724805399742,0.03625936912607028,-0.1619444881365297,0.293605249947819,-0.4820337157515479,0.0012273411649164794,1.6195127994157066,0.10533697482122811,0.528738226441837
sp|Q9R087|GPC6_MOUSE,86,44,42,-0.022805557600948316,0.8348991788187717,0.13005170053852605,0.4001168584829579,-0.2282588202442642,0.1459694622224884,1.6235228619830506,0.10447768021753798,0.528738226441837
sp|P28862|MMP3_MOUSE / sp|O55123|MMP10_MOUSE,86,44,42,0.22129169806876928,0.040598650330343995,0.3773979865763767,0.011554444390753522,0.03448338605832991,0.8283657658676512,1.6207540544301282,0.10507039576488271,0.528738226441837
sp|P62313|LSM6_MOUSE,86,44,42,0.11047034869510947,0.3112645744056024,-0.02834914453155881,0.8550569579517417,0.32241558359502315,0.03730546811855558,-1.6215248313480661,0.104905128965907,0.528738226441837
sp|B2RQC6|PYR1_MOUSE,86,44,42,0.1865710904067598,0.08543087695226266,0.013961953681792715,0.9283259542000157,0.3596706838991763,0.019310476544949946,-1.6208426223472134,0.10505139489610216,0.528738226441837
sp|Q8QZY9|SF3B4_MOUSE,86,44,42,0.20469980112864508,0.05867748407806033,0.3894463730022892,0.008975485265956545,0.04940173038143718,0.756038132911004,1.6170896256663319,0.10585893592057802,0.530324435788888
sp|P01786|HVM17_MOUSE,86,44,42,-0.05580910788950871,0.6097873150568998,0.13444581794091767,0.3842464226502519,-0.2219817026875469,0.15768844975924606,1.6139559221928035,0.10653698738548668,0.5326849369274334
sp|Q9Z2Q6|SEPT5_MOUSE,86,44,42,0.3590167751280736,0.00068732690046606,0.25110254768828216,0.10014796940373562,0.5490439836946854,0.0001663907923952252,-1.6113546516158357,0.10710244528783675,0.5334406124104055
sp|O55038|CXL13_MOUSE,86,44,42,-0.016525491406344413,0.8799608359114645,-0.17498509462104678,0.25591604062567463,0.1817103251158803,0.2494453114547492,-1.6119492096126775,0.10697299253583044,0.5334406124104055
sp|Q61292|LAMB2_MOUSE,86,44,42,-0.1788301024690003,0.09946681881979905,-0.028561763115545504,0.8539816196153794,-0.37026841483908857,0.015792400223710826,1.610201594107792,0.10735385352255285,0.5336605652906826
sp|P27773|PDIA3_MOUSE,86,44,42,-0.35230032971148817,0.0008790432417198553,-0.480447126948593,0.000964230370670437,-0.1630420144601887,0.3022272876858563,-1.6052419008354508,0.10844057958245601,0.5349319778253337
sp|P01673|KV3AL_MOUSE,86,44,42,-0.1706242757947822,0.11625419853279338,-0.0051028460156805865,0.9737749127555195,-0.3491544739664941,0.02343043273662309,1.606683279029286,0.10812386345432255,0.5349319778253337
sp|Q9QWL7|K1C17_MOUSE,86,44,42,0.04835271509651979,0.6584154994655094,0.2315416379615066,0.13045921757289256,-0.12301519991021237,0.4376751795921817,1.607048145206708,0.10804380711751768,0.5349319778253337
sp|Q9QYY7|ESM1_MOUSE,86,44,42,0.34228258061556416,0.0012563188183566682,0.5345939930038703,0.00018537930792540946,0.23298703866360965,0.13757504170505938,1.6059331431106232,0.10828860042171963,0.5349319778253337
sp|Q99LX0|PARK7_MOUSE,86,44,42,-0.222145483503081,0.03981058738842649,-0.061730262217469314,0.6905828439504776,-0.39717034722501965,0.009204046372190772,1.602652183629202,0.10901146584029502,0.5359958375308553
sp|P84099|RL19_MOUSE,86,44,42,0.2025843105525172,0.061394222533722696,0.03777523508830212,0.8076600557493606,0.3762194483668854,0.014066310231173764,-1.5998769667910102,0.10962587997813646,0.5359958375308553
tr|A0A075B5X2|A0A075B5X2_MOUSE,86,44,42,-0.20548718102917699,0.057691698458214646,-0.048122672842321086,0.7564089070421589,-0.3851867591621958,0.011768929808509666,1.6004168899894027,0.1095061306681286,0.5359958375308553
tr|S4R2V3|S4R2V3_MOUSE,86,44,42,-0.06238325573370887,0.5682645456894649,-0.35663223820700984,0.017489570546162767,-0.01516290734479755,0.9240712203328817,-1.5998893516408375,0.10962313198871917,0.5359958375308553
sp|Q8BGC1|CE022_MOUSE,86,44,42,-0.18296967102636535,0.09175174881006784,-0.013182352207174848,0.9323185188969522,-0.3548369335035933,0.021121524011924547,1.5995564680458703,0.1096970121859265,0.5359958375308553
sp|P48036|ANXA5_MOUSE,86,44,42,-0.2258452203850984,0.03654143816417121,-0.03451508346717285,0.8239851255589724,-0.3728770870704516,0.0150148925848092,1.5970901369817894,0.11024561640981155,0.537656178513759
sp|P97821|CATC_MOUSE,86,44,42,0.3805738372011473,0.00030072458136849034,0.25858064617171744,0.09011124044842776,0.5522233029766591,0.0001497251605039676,-1.5959985637036538,0.11048911401364307,0.5378250823915518
sp|P05367|SAA2_MOUSE,86,44,42,0.029142542824506335,0.7899629587673924,-0.10623841913201665,0.4924829928534705,0.24480758471197334,0.11816142828325829,-1.5939195428706046,0.11095405665361954,0.5390692375152271
sp|P31532|SAA4_MOUSE,86,44,42,-0.25420986981389854,0.018182031176248184,-0.4445854591161711,0.0024984422364050397,-0.1211402167439202,0.4447441060787041,-1.5924474240496627,0.1112842076111905,0.5396550557416488
sp|O88879|APAF_MOUSE,86,44,42,-0.014381541315739455,0.8954398171638221,-0.18717522676961706,0.22374718213888392,0.1647539556120207,0.29710982883357834,-1.5901415460673802,0.11180290295465767,0.5411512690004577
sp|P30681|HMGB2_MOUSE,86,44,42,0.2037037181219481,0.05994419655016265,0.037066506475013146,0.8112023768325899,0.3733662131138321,0.014872780457598897,-1.5882091889547962,0.11223904393867405,0.5422430359138568
sp|Q99KR7|PPIF_MOUSE,86,44,42,0.03894210230943962,0.721851955563706,0.21155549106675764,0.16802964272807328,-0.1388302753128507,0.3805802848123955,1.5850189590180312,0.1129620267549287,0.5425600171606355
tr|A0A075B5T5|A0A075B5T5_MOUSE,86,44,42,0.13483169308747023,0.2158118269351755,0.30702123527678193,0.04264488819804225,-0.037418142318613304,0.8140058911937249,1.5857213132495092,0.11280254216157098,0.5425600171606355
sp|P35492|HUTH_MOUSE,86,44,42,0.06573199193717591,0.5476372859120323,0.2291319606763241,0.13462252505824499,-0.12048804868607944,0.44721746431354026,1.5842032776895525,0.11314746765641215,0.5425600171606355
sp|Q9JJ28|FLII_MOUSE,86,44,42,0.16555848221786607,0.1276602892625518,-0.008150379052823158,0.9581239826389132,0.33350244057831596,0.030902096388711494,-1.586729397378316,0.11257394526421483,0.5425600171606355
sp|P04071|K1B16_MOUSE,86,44,42,-0.01657292393047284,0.879618867417362,-0.17094534152529964,0.26722740408917034,0.17942773691343766,0.2555428674153173,-1.582782712754835,0.11347099824155918,0.5431000380520723
tr|D3YXF5|D3YXF5_MOUSE,86,44,42,-0.038145235904082024,0.7273183284004253,-0.2833496995929303,0.06234675651417943,0.06211900750933189,0.6959408096623427,-1.5804933186743737,0.11399393578480728,0.5445906950758419
sp|Q8K212|PACS1_MOUSE,86,44,42,-0.02720729584006646,0.8036206674224482,-0.19993234180881853,0.19318819416794952,0.14934648524553285,0.34518231918428943,-1.57876976580546,0.11438887583772445,0.5454654727447045
sp|P52623|UCK1_MOUSE,86,44,42,-0.18043332178454116,0.09642064887004555,-0.037704362226973216,0.8080141181117433,-0.36994233081016814,0.01589194111396869,1.56759299683423,0.11697614753057169,0.5473606178051678
sp|P05064|ALDOA_MOUSE,86,44,42,0.1386737275418729,0.20289338163713772,-0.013040606484517053,0.9330446189778516,0.32551338186976675,0.0354157196875964,-1.5685271492244481,0.11675815907883624,0.5473606178051678
sp|Q9DCJ5|NDUA8_MOUSE,86,44,42,0.22319848553873212,0.03885623791780435,0.40397530957471306,0.0065379071303929125,0.07760799888304983,0.6251839175094283,1.5675573959092262,0.11698446147594246,0.5473606178051678
sp|Q9CYH2|PXL2A_MOUSE,86,44,42,-0.1352396127949747,0.21441327654691666,-0.3114862255405024,0.03957094452380647,0.03016277267513491,0.8496062014827875,-1.5753200888017793,0.11518257929887336,0.5473606178051678
sp|Q8K1B8|URP2_MOUSE,86,44,42,0.18024359168802745,0.09677727182311442,0.008859107666112129,0.9544862465393908,0.34573059166283016,0.02492069349323455,-1.572480339860054,0.1158391951380528,0.5473606178051678
tr|A0A075B5U5|A0A075B5U5_MOUSE,86,44,42,-0.022549421970654803,0.8367276900644071,0.1478407887320792,0.33820917936297373,-0.1992373416703506,0.20588350116873708,1.5686501300935138,0.11672948474889859,0.5473606178051678
sp|P47963|RL13_MOUSE,86,44,42,0.09500734582924183,0.3842240104972728,-0.06059629643620696,0.6959906938946057,0.2818181219944362,0.07058822792842286,-1.5662184319426025,0.1172974890627179,0.5473606178051678
sp|Q6PA06|ATLA2_MOUSE,86,44,42,0.15020931740990667,0.16744923885912177,0.33281895680050044,0.027281160206559386,-0.006277117556717265,0.9685291919696372,1.5749169054087993,0.11527562595492112,0.5473606178051678
sp|Q9CUN6|SMUF1_MOUSE,86,44,42,-0.006574147844200159,0.952096174894769,-0.16123575952324073,0.2957513292496706,0.18660158554968598,0.23671068385245236,-1.571325896842946,0.11610696885729191,0.5473606178051678
sp|O70456|1433S_MOUSE,86,44,42,-0.1544402985621625,0.15566687174078842,-0.30893480253266214,0.041304473976808254,0.03195623483419698,0.840775768808448,-1.5707246234080414,0.11624662709559108,0.5473606178051678
sp|Q9WVJ3|CBPQ_MOUSE,86,44,42,0.2160741204146422,0.04570163144947108,0.059037093486971226,0.7034508311816288,0.38795847340801903,0.011127059465829205,-1.5660491503075444,0.11733711107901071,0.5473606178051678
sp|Q8VEG4|EXD2_MOUSE,86,44,42,0.07428881928994437,0.4966404171132166,0.23792019548110732,0.1199039305222662,-0.10858598163048568,0.49365403778228323,1.5718407176507583,0.11598749584445094,0.5473606178051678
tr|A0A075B5V2|A0A075B5V2_MOUSE,86,44,42,-0.12179723545697814,0.26393527723772775,0.06024193212956248,0.6976837220011924,-0.28075834890044493,0.0716981714984337,1.5594832955803453,0.11888203520234542,0.552565416328591
sp|Q6NVE8|WDR44_MOUSE,86,44,42,0.0458957103466672,0.6747685976158332,-0.11502665393679988,0.4571740952875812,0.2293185933382554,0.14405595132981544,-1.5603240658974984,0.11868331904553832,0.552565416328591
sp|Q60767|LY75_MOUSE,86,44,42,0.22972520085880382,0.03335740684185033,0.3934152532367074,0.008242393257523468,0.06733635197205794,0.6717836730856704,1.557586804768982,0.11933122864560232,0.5536538986710378
sp|Q9EPU5|TNR21_MOUSE,86,44,42,0.16310147746801348,0.13349140160348683,0.3244559591636906,0.03165454939323939,-0.010190125903761794,0.9489318642913772,1.5504959572021075,0.1210225230953576,0.55569267078853
sp|P01648|KV5AF_MOUSE,86,44,42,0.18277648847648553,0.09210096110018143,0.3648534901211619,0.014888128058156373,0.03497251210171048,0.8259684848413167,1.5535214154382018,0.12029861709845376,0.55569267078853
sp|P01629|KV2A4_MOUSE / tr|A0A075B5J6|A0A075B5J6_MOUSE,86,44,42,0.13719383278906594,0.20780225878962377,0.29305928159498923,0.053532957495973706,-0.04442894894040142,0.7799524233599727,1.5485203039703248,0.12149707714716208,0.55569267078853
tr|E9PV38|E9PV38_MOUSE,86,44,42,-0.05187220838684917,0.6352692452717992,-0.20468082351785463,0.18260614259623245,0.13817810725500992,0.3828438014202538,-1.549919771562223,0.12116077347073499,0.55569267078853
tr|A0A140T8N7|A0A140T8N7_MOUSE,86,44,42,-0.14737285246702667,0.17570848750753282,0.021899714150629183,0.8877900653298131,-0.31369283582140306,0.04307401290751235,1.5492863784581896,0.1213128927693876,0.55569267078853
sp|Q8BJU0|SGTA_MOUSE,86,44,42,0.1363021013354515,0.21080070003303794,-0.03947618376019565,0.7991741042578132,0.29787776041876474,0.055370686999054175,-1.5499414840485655,0.12115556152277572,0.55569267078853
tr|Q8K4D0|Q8K4D0_MOUSE / tr|Q8K3N3|Q8K3N3_MOUSE / tr|Q8R269|Q8R269_MOUSE / tr|Q5NC97|Q5NC97_MOUSE / tr|Q8K3N2|Q8K3N2_MOUSE / tr|Q8R277|Q8R277_MOUSE / tr|A0A494B935|A0A494B935_MOUSE,86,44,42,-0.2838457108893405,0.008085729711515645,-0.1815762707246342,0.23815796498192296,-0.4863543291347429,0.0010919677453826782,1.5543047326562396,0.12011174516989281,0.55569267078853
sp|Q9EQK5|MVP_MOUSE,86,44,42,-0.05164453227103271,0.6367563425922779,-0.21814666717034506,0.1548630902653001,0.12431953602589388,0.43279457868795,-1.5498947414262203,0.12116678201760854,0.55569267078853
sp|P29621|SPA3C_MOUSE,86,44,42,-0.41322266370204147,7.677705045635734e-05,-0.5907252991763567,2.4283507949577685e-05,-0.3212742894938018,0.03802216847303218,-1.5455877256456703,0.12220416744229358,0.557827070515391
sp|Q9JLN9|MTOR_MOUSE,86,44,42,0.02420007381032411,0.8249595647802738,-0.1169402211926801,0.44967195257594483,0.22418276988275945,0.1535036383076539,-1.5447902446461876,0.1223970077053188,0.557827070515391
sp|Q8CGY8|OGT1_MOUSE,86,44,42,0.06914713367442274,0.5269827013421035,0.22877759636967962,0.13524302964001933,-0.11192834292691954,0.4803685146127864,1.5437390473734924,0.12265156275451201,0.5579996008707923
sp|Q61781|K1C14_MOUSE,86,44,42,0.056311892645270055,0.60656535372015,0.24061336421160542,0.11564603987250748,-0.09888498177010445,0.5332595511032264,1.540769552972105,0.1233728821095749,0.5594484811621535
sp|Q9CQW3|PROZ_MOUSE,86,44,42,-0.17992105052395416,0.09738590743530817,-0.33444903261106507,0.02649014357123712,-0.003342361296433868,0.9832398204694327,-1.5401107601818578,0.12353335736977991,0.5594484811621535
sp|P51655|GPC4_MOUSE,86,44,42,-0.35147500379165353,0.0009056904142940749,-0.3651369815664775,0.014804628816406765,-0.6213531171077792,1.1269987417778369e-05,1.5397478847710517,0.12362181972087974,0.5594484811621535
sp|Q923B1|DBR1_MOUSE,86,44,42,0.16941000317709443,0.11891383186585562,0.0095678362794011,0.9508494240061387,0.3396165161205731,0.02777812893368688,-1.5383401299529347,0.1239654725461064,0.5600194593091649
tr|E9Q8N6|E9Q8N6_MOUSE,86,44,42,-0.028895893699038507,0.7917002219190381,0.14897475451334155,0.3344755094355343,-0.19132980396903143,0.22482781615944453,1.5370795613869772,0.12427382735409709,0.5604292564567426
sp|Q5PR69|CRACD_MOUSE,86,44,42,0.06743956280579932,0.537261012120645,-0.09908026013779804,0.5222498538620098,0.23714461003234447,0.1304942986458469,-1.525204833949169,0.12720801527899805,0.5686816655267708
tr|A0A075B5R9|A0A075B5R9_MOUSE,86,44,42,0.19704419173431675,0.0689959902989426,0.4267963709226179,0.003862784244709734,0.11372180508598162,0.473317784596283,1.52790632040609,0.12653579873487358,0.5686816655267708
sp|Q8VDC1|FYCO1_MOUSE,86,44,42,-0.17788145198643174,0.10130448052514682,0.01644250382830411,0.9156343695279472,-0.3138558778358633,0.04295990326599456,1.525688109438085,0.1270875571695871,0.5686816655267708
sp|O89079|COPE_MOUSE,86,44,42,0.12514597166044517,0.2509298730754631,-0.06328946516670504,0.6831718824164459,0.2711388700472938,0.0824131651743437,-1.5266087759544889,0.12685832346165013,0.5686816655267708
sp|Q8VCP9|CLC14_MOUSE,86,44,42,0.015121488692142936,0.8900927938618229,0.2056021707151303,0.18060185093407186,-0.13198251070552275,0.40474033370240564,1.5260060382199827,0.12700836072486069,0.5686816655267708
sp|Q02105|C1QC_MOUSE,86,44,42,0.4892475133750863,1.752350302373846e-06,0.3714446662247493,0.013047000004527033,0.6235541843029917,1.0272938195493492e-05,-1.5231870880161795,0.1277119055361738,0.5699448124014689
sp|P01644|KV5AB_MOUSE / sp|P01645|KV5AC_MOUSE,86,44,42,0.19537456688499608,0.07143027408948019,0.3788863166642835,0.011204988924725087,0.058613604198437835,0.7123415005624338,1.5203987483165082,0.12841078888033422,0.5720722861018349
sp|Q9R0Q1|SYTL4_MOUSE,86,44,42,-0.13182447105772788,0.22632137807551592,-0.28731857982734854,0.058613749260582534,0.04369525987533057,0.7834983676858214,-1.5172085136370257,0.12921404749852092,0.5746566015694151
sp|P62500|T22D1_MOUSE,86,44,42,0.1320142011542416,0.22564790310100238,-0.033593736269897194,0.8286123833935026,0.2941277940861804,0.05866428121419781,-1.5052322407644083,0.1322643788884043,0.574668265319064
sp|Q9Z126|PLF4_MOUSE,86,44,42,-0.0959654828166361,0.3794253487507716,-0.26704894148728403,0.07970718330042001,0.061385318444261046,0.6993625064706243,-1.4983501777974857,0.1340422935933592,0.574668265319064
sp|Q9ES97|RTN3_MOUSE,86,44,42,0.06225993117097496,0.5690311012784584,-0.1171528397766668,0.44884255511992327,0.21611219016698013,0.16925330240061334,-1.5078345500845525,0.13159687707986636,0.574668265319064
sp|P10493|NID1_MOUSE,86,44,42,0.3991541770455497,0.0001406920119474687,0.26074125682901217,0.08736176925407232,0.5387723367836935,0.00023233113148360892,-1.5000249529798078,0.13360793895878292,0.574668265319064
sp|Q6PDM2|SRSF1_MOUSE,86,44,42,0.19017596224052033,0.07945513341754878,0.027144305888967563,0.8611553881480828,0.34850230590865333,0.023708409067297747,-1.5047924552981111,0.13237744408406601,0.574668265319064
sp|P16301|LCAT_MOUSE,86,44,42,-0.12014658361730883,0.2705109511147404,-0.26357617128216804,0.08385368879886088,0.06537984779853567,0.6808060147172669,-1.4995792309394018,0.13372343093182987,0.574668265319064
sp|Q7M6Z0|R4RL2_MOUSE,86,44,42,-0.07219230172346784,0.5089009653535976,0.11325483240357745,0.4641804863318422,-0.219454551463414,0.16259504815670905,1.5058600167123801,0.1321031125252682,0.574668265319064
tr|Q8R1E9|Q8R1E9_MOUSE,86,44,42,0.10903788646643092,0.31761900416483196,-0.034018973437870574,0.8264760037062673,0.29208976890542804,0.06051883014587865,-1.4971676930773483,0.13434962940663164,0.574668265319064
sp|Q60805|MERTK_MOUSE,86,44,42,-0.014817920537720995,0.8922858645034072,0.16159012382988522,0.2946770277686342,-0.17266149331333983,0.2741994000660953,1.5085507796613706,0.13141362056883674,0.574668265319064
sp|Q60605|MYL6_MOUSE,86,44,42,0.040810943760099694,0.7090870241124639,-0.11644411116337781,0.4516104660191023,0.21521545908744907,0.17107265848875136,-1.5004175768058214,0.13350626932204496,0.574668265319064
tr|A0A075B5W1|A0A075B5W1_MOUSE,86,44,42,-0.06910918765512,0.5272100327927375,0.13012257339985495,0.3998579099137464,-0.20160145088002332,0.20044304396435156,1.4988857196225025,0.13390328166074525,0.574668265319064
tr|A0A075B5Q4|A0A075B5Q4_MOUSE,86,44,42,0.1113715666535496,0.3073092521418549,0.27746725210263185,0.06822558080167007,-0.0533962597357118,0.7369886458605458,1.5128220935428662,0.13032485521901993,0.574668265319064
sp|Q8VCF0|MAVS_MOUSE,86,44,42,-0.0025803293125864985,0.9811885266733876,-0.17541033178902016,0.25474431213325865,0.158965964098684,0.3146373395679482,-1.5091827104367792,0.13125209731853668,0.574668265319064
sp|Q8VBT6|APOBR_MOUSE,86,44,42,-0.11971020439532729,0.27226762106355784,-0.2604577653836966,0.08771876027109635,0.07190152837694322,0.6509094343065503,-1.5139048110376372,0.13004998375092341,0.574668265319064
sp|O35453|HEPS_MOUSE,86,44,42,-0.43498470577216436,2.8488081831231755e-05,-0.6769066985522956,4.537021420180653e-07,-0.4517079010619528,0.0026747395978091336,-1.5045758632382578,0.13243315561343807,0.574668265319064
sp|P04117|FABP4_MOUSE,86,44,42,0.2643983759966849,0.013893813569292182,0.11736545836065349,0.4480139951145204,0.4253766157266323,0.004980067954438292,-1.5036407289275677,0.1326738981325535,0.574668265319064
sp|Q00493|CBPE_MOUSE,86,44,42,-0.2261108425202176,0.03631563667455125,-0.05655654334045983,0.7153758873430033,-0.3752411962801243,0.01433852770911743,1.5106285197316978,0.13088312346457803,0.574668265319064
tr|A0A286YCV9|A0A286YCV9_MOUSE,86,44,42,-0.10121151998524026,0.35379859761999577,-0.2693168730498087,0.07708715189297642,0.05877664621289803,0.7115757651751199,-1.4975703183031426,0.13424492325671594,0.574668265319064
sp|P97798|NEO1_MOUSE,86,44,42,-0.4144653958342063,7.268246283995795e-05,-0.2864681054914018,0.05939823192924009,-0.5605384457141288,0.00011303376388189235,1.5151493996340157,0.12973457391358736,0.574668265319064
sp|O54940|BNIP2_MOUSE,86,44,42,0.13570445153143332,0.212827417020503,-0.032318024765977046,0.8350287980306927,0.29396475207172024,0.058810954280379454,-1.498724758892719,0.13394505091383843,0.574668265319064
sp|Q148V7|RELCH_MOUSE,86,44,42,0.19186456009949238,0.07677318201236688,0.05060322298883248,0.7442657088175672,0.36839343167279637,0.016372036547521774,-1.501794740714068,0.13315012700392403,0.574668265319064
tr|A0A668KLU9|A0A668KLU9_MOUSE,86,44,42,0.16767397279399396,0.12279731216327354,0.3192113674253522,0.03468165498670435,-0.007581453672398775,0.9619941536121058,1.512675846189305,0.13036201783526086,0.574668265319064
sp|P47931|FST_MOUSE,86,44,42,-0.09540577903192064,0.38222411498153225,0.04443728405321844,0.7745569759760682,-0.28622025638486126,0.0661220540416085,1.5151820549469222,0.1297263062444619,0.574668265319064
sp|Q60865|CAPR1_MOUSE,86,44,42,0.2483282368219734,0.02114182616236559,0.08745711087985894,0.5724087995625918,0.3984746833407012,0.008956299666484592,-1.4939118052626486,0.13519867245896594,0.5754323662509707
sp|Q9WVL0|MAAI_MOUSE,86,44,42,0.22965879532502403,0.033409873390418114,0.09383566839945967,0.5446105643814438,0.40409963283957767,0.007952385797226824,-1.4951332658297825,0.13487966562448472,0.5754323662509707
sp|P83940|ELOC_MOUSE,86,44,42,0.0018403819361830173,0.9865823935002555,-0.14748642442543472,0.33938122000592874,0.18358530828217248,0.2445103638595663,-1.4943913161020477,0.1350733699712584,0.5754323662509707
sp|P09055|ITB1_MOUSE,86,44,42,-0.17463706733604722,0.10779056197069148,-0.002480550146511396,0.9872500036396665,-0.32363839870347455,0.0365498861902332,1.489763142504343,0.13628652548987957,0.5791052857036962
sp|P63073|IF4E_MOUSE,86,44,42,0.09598445582628747,0.3793306927508623,-0.03472770205115954,0.8229181276997501,0.2889919706306845,0.06342693189117782,-1.4852136453203648,0.1374872384934215,0.583244874992686
sp|Q9QYK5|H6ST1_MOUSE,86,44,42,-0.04961442023833598,0.6500792999263354,0.1216887029017162,0.43134936699649906,-0.2065742323210591,0.18933063332999095,1.4837708135882728,0.13786973254599122,0.583766854760995
sp|Q6PD24|AN13D_MOUSE / sp|Q80UP5|AN13A_MOUSE,86,44,42,0.08832884643195914,0.4186738530213875,-0.11892466130988921,0.44196354453497094,0.209101383545192,0.18385389512807765,-1.4830403336068578,0.13806369497065862,0.583766854760995
sp|Q8BJU2|TSN9_MOUSE,86,44,42,0.18837352632364007,0.08239988543611143,0.004252371679733822,0.9781446015167695,0.3234753566890144,0.03664989991340289,-1.4810275496110805,0.1385992323352104,0.5849461764211944
tr|A0A075B5P8|A0A075B5P8_MOUSE,86,44,42,0.1798166989708716,0.09758346093577663,0.3316849910192381,0.027842936497727556,0.013614008207425756,0.9318081564964579,1.480286001610116,0.13879693739547563,0.5849461764211944
sp|P01639|KV5A7_MOUSE,86,44,42,-0.05219474955092248,0.6331649959419204,0.10602580054802996,0.49335433313794946,-0.2192099884417237,0.1630756931648314,1.4719988874396244,0.14102117801243602,0.585692795777456
sp|P63037|DNJA1_MOUSE,86,44,42,0.2611445048414747,0.015156436817068993,0.11041991795042157,0.4755094978349294,0.41396367471441914,0.006424728667657982,-1.4731672183587095,0.14070595204633093,0.585692795777456
sp|Q61207|SAP_MOUSE,86,44,42,0.33196126336521814,0.001793304150108759,0.5629431375354291,6.952537277759705e-05,0.2973071133681541,0.055862099725217926,1.4778844010187984,0.13943872224585616,0.585692795777456
tr|A0A075B5T3|A0A075B5T3_MOUSE,86,44,42,-0.023754208083516883,0.8281346200248292,0.1499669745719461,0.33122964011357214,-0.17698210669653483,0.2621856579848454,1.4752190128094145,0.14015367146691102,0.585692795777456
sp|A2ASQ1|AGRIN_MOUSE,86,44,42,0.1878802280727044,0.083220780911266,0.03288500765660822,0.8321757255127616,0.3477686168435825,0.024024415992098067,-1.4753715624190191,0.140112676454627,0.585692795777456
sp|Q9QUI0|RHOA_MOUSE,86,44,42,-0.019115307223756595,0.8613231986203385,0.1481242801773948,0.3372733527802078,-0.17869404784836682,0.25752377645011415,1.4746972450285754,0.1402939570949163,0.585692795777456
sp|Q60870|REEP5_MOUSE,86,44,42,0.09588010427320492,0.37985147726616825,-0.05655654334045983,0.7153758873430033,0.26649217263517844,0.08801735379710285,-1.4740067231829064,0.14047978098431008,0.585692795777456
sp|Q68FD9|K1549_MOUSE,86,44,42,-0.33988249489466565,0.0013661823752942393,-0.3037610836556527,0.04501005520416549,-0.5668970842780762,9.07055218753841e-05,1.472128131266578,0.14098628020817344,0.585692795777456
sp|Q8R001|MARE2_MOUSE,86,44,42,-0.03700685532499974,0.735151069041185,-0.19986146894748963,0.1933493542582344,0.12709125027171708,0.4225245758063513,-1.476999929416021,0.13967565619763495,0.585692795777456
tr|A0A075B5U6|A0A075B5U6_MOUSE,86,44,42,0.11655119828837397,0.28521280625686063,0.26669457718063955,0.08012278958767977,-0.05535276390923406,0.7277139063750601,1.4695821681871932,0.14167495268887256,0.5874605526148903
sp|P49443|PPM1A_MOUSE,86,44,42,-0.04816298500000608,0.6596727096017939,0.11807418697394245,0.44525818582881554,-0.20673727433551928,0.18897384407276663,1.4681370522307806,0.1420669987417839,0.588139102508189
sp|P80315|TCPD_MOUSE,86,44,42,0.1070646934626883,0.3265078628026425,-0.07073111560623924,0.6482156193187043,0.2511662232759207,0.108612962511696,-1.464196244395677,0.1431403360857967,0.5916314051700265
sp|P06683|CO9_MOUSE,86,44,42,-0.1643442096001783,0.13051727754218126,-0.5103554744293876,0.00040121739425950725,-0.23168270254792814,0.139854109764176,-1.4630197394419304,0.14346197770920813,0.5920105650660431
sp|Q07113|MPRI_MOUSE,86,44,42,-0.18016769964942198,0.09692021073602147,-0.027356924472954253,0.860078604254061,-0.3398610791422633,0.02765883199336829,1.460016598863805,0.1442855120702246,0.5944563097293254
sp|Q99LC5|ETFA_MOUSE,86,44,42,0.03216873786390006,0.7687339323288331,-0.09716669288191783,0.5303554894640252,0.22401972786829927,0.15381080988821286,-1.4545925561945987,0.14578209300024658,0.5962278229377166
sp|Q9DBG6|RPN2_MOUSE,86,44,42,0.06735418426236815,0.5377775122776562,-0.0882367123544768,0.568976679082154,0.23241639161299898,0.13856872079958146,-1.4539247993074644,0.1459671564398441,0.5962278229377166
tr|A6ZI46|A6ZI46_MOUSE,86,44,42,0.1132214350945583,0.2992932696398584,-0.030404457510096825,0.84467317166307,0.28719850847162237,0.06516066098266536,-1.457121169331209,0.14508293580192214,0.5962278229377166
tr|E9Q616|E9Q616_MOUSE,86,44,42,-0.14413795432146786,0.18548760849516716,-0.0065203032422585265,0.9664938460670665,-0.31980691136366013,0.03896014789321232,1.4525947502878171,0.1463363045035483,0.5962278229377166
sp|Q62219|TGFI1_MOUSE,86,44,42,0.028592325544616565,0.7938397864558068,-0.11034904508909267,0.4757945829243997,0.21097636671148418,0.17986409759666647,-1.4529596318330391,0.14623496253375246,0.5962278229377166
sp|Q62261|SPTB2_MOUSE,86,44,42,-0.15880409078197788,0.1441736487522944,-0.31460463143897394,0.03753346937775914,-0.0001630420144601887,0.9991823725591032,-1.455156662446767,0.14562589550185445,0.5962278229377166
sp|Q8K4G1|LTBP4_MOUSE,86,44,42,-0.4345103805308801,2.9131667812954942e-05,-0.3516002650526582,0.01926383166248968,-0.5994239661628837,2.732531917815724e-05,1.4528961541448053,0.1462525889269843,0.5962278229377166
tr|A0A075B5R3|A0A075B5R3_MOUSE,86,44,42,0.024162127791021365,0.8252296735595818,0.17704040759958478,0.25028603352501894,-0.14421066179003691,0.3622096816235282,1.449183952236852,0.14728621788560506,0.598704418520038
sp|Q8C522|ENDD1_MOUSE,86,44,42,0.1792285356716791,0.09870283270343272,0.03430246488318616,0.8250524370464141,0.3437740874893079,0.02580714760448026,-1.448743721771046,0.14740916556959383,0.598704418520038
sp|Q62009|POSTN_MOUSE,86,44,42,-0.36140737434414644,0.0006288815840179329,-0.25719761376256733,0.09190613069089555,-0.5276039587931707,0.00033002045639852454,1.4472398236163881,0.14782976648921162,0.5988722699655016
sp|Q3UMR5|MCU_MOUSE,86,44,42,-0.15593916632462082,0.15164464556251872,-0.320061841761299,0.034175190630236475,-0.00807057971577934,0.9595441246106075,-1.4469331897652178,0.14791563638759572,0.5988722699655016
sp|O70309|ITB5_MOUSE,86,44,42,-0.12066834138272153,0.26842062102721537,0.03281413479527932,0.8325322438503739,-0.28116595393659544,0.07126965383056637,1.4385654454876782,0.15027368248946166,0.6000127789580617
sp|Q9R111|GUAD_MOUSE,86,44,42,0.2225439167057598,0.039447210311432904,0.09723756574324673,0.5300541866512561,0.3965181791671789,0.00933010979315879,-1.4394210511782162,0.15003126351617677,0.6000127789580617
sp|P01921|HB2D_MOUSE,86,44,42,0.1864193063295488,0.08569010608428494,0.3299131694860157,0.02873993068063582,0.020787856843674058,0.8960371294488396,1.4393092914662493,0.15006291147762837,0.6000127789580617
sp|A6X935|ITIH4_MOUSE,86,44,42,0.3930448679378081,0.0001815091676610499,0.29738252613605193,0.04994567317343305,0.5569515213960046,0.00012772320493877856,-1.438492150424879,0.15029446307881547,0.6000127789580617
sp|Q9D3D9|ATPD_MOUSE,86,44,42,0.00020870310616508442,0.9984783462304407,-0.15903870082204494,0.3024683301164258,0.16035182122159558,0.31038227717049666,-1.4402397164963887,0.14979959019902234,0.6000127789580617
sp|Q9D8N0|EF1G_MOUSE,86,44,42,0.28109462448989164,0.008749076223233834,0.14443889138829213,0.34956417035840953,0.43638195170269506,0.0038633685039252963,-1.4409047722006725,0.1496115876963994,0.6000127789580617
sp|Q99PT1|GDIR1_MOUSE,86,44,42,0.02742548545105723,0.8020777964611144,-0.14188746838045185,0.35823155996488687,0.17722666971822512,0.2615162643545769,-1.43944028386815,0.15002581774293378,0.6000127789580617
tr|E9PVG8|E9PVG8_MOUSE,86,44,42,-0.5688487753674146,1.102470824930462e-08,-0.46896572341331166,0.0013226280120029329,-0.6811895364146684,6.865365229628231e-07,1.4421994256913195,0.1492461225707426,0.6000127789580617
sp|Q5FWK3|RHG01_MOUSE,86,44,42,0.10458871570318436,0.3378839416899775,-0.04521688552783631,0.7707076868218661,0.2701606179605327,0.08356924004209716,-1.4408510460118036,0.1496267686963709,0.6000127789580617
sp|P28653|PGS1_MOUSE,86,44,42,0.2523315418584128,0.019085919700319906,0.08880369524510798,0.5664865579647529,0.3886106414658598,0.010980454667700165,-1.4356624385141403,0.1510984183338848,0.6022885870120022
sp|P49183|DNAS1_MOUSE,86,44,42,0.2412607907268376,0.025234881807086926,0.09582010851666878,0.5360961201125534,0.393991027943046,0.009832696946833093,-1.432427601962987,0.15202148386363984,0.6023340250690764
sp|Q8BQ47|CNPY4_MOUSE,86,44,42,0.42222535678161716,5.136630640266786e-05,0.2863972326300729,0.0594639826053917,0.5470059585139331,0.00017793808579616964,-1.428229718530995,0.1532257493553133,0.6023340250690764
sp|Q2PZL6|FAT4_MOUSE,86,44,42,-0.4570503159967092,9.704420194415794e-06,-0.31935311314801,0.034596817883491636,-0.5708916136323507,7.881076247459552e-05,1.4213279854066059,0.15522143138339023,0.6023340250690764
sp|Q3SXB8|COL11_MOUSE,86,44,42,-0.03510006785503693,0.7483313395532567,0.1428796884390564,0.3548455478452588,-0.17249845129887964,0.2746597171056557,1.4221626170538002,0.15497904833662782,0.6023340250690764
sp|P97361|BPIA1_MOUSE,86,44,42,-0.17748301878375294,0.10208417195784471,-0.02579772152371852,0.8679807187296825,-0.3305676843180326,0.03250153733014564,1.42018364439764,0.15555422394987797,0.6023340250690764
sp|P19536|COX5B_MOUSE,86,44,42,0.07525786282221995,0.4910261164726548,-0.07314337022260253,0.6370384015057198,0.24073153435046862,0.12460706054433145,-1.4253819064331799,0.15404683537443573,0.6023340250690764
sp|P20152|VIME_MOUSE,86,44,42,0.2720729584006646,0.011271100287855499,0.11282959523560407,0.46587054874652334,0.40621917902756016,0.007600080644678793,-1.4206341245207745,0.1554231525894837,0.6023340250690764
sp|Q99L47|F10A1_MOUSE,86,44,42,0.09793867582037871,0.3696576577167294,-0.04394117402391616,0.7770093137784405,0.27007909695330257,0.08366614686923314,-1.4347431714736294,0.15136029713258728,0.6023340250690764
sp|Q7TSJ2|MAP6_MOUSE,86,44,42,0.06285758097499315,0.5653207837624372,-0.10226953889759842,0.5088782546031363,0.21228070282716568,0.17712533894563928,-1.4225299246690213,0.15487247068086052,0.6023340250690764
sp|O54890|ITB3_MOUSE,86,44,42,0.059603709819782975,0.5856580547414215,0.18901792116416838,0.21913871458881273,-0.12635756120664624,0.4252296510910757,1.4232821662114645,0.15465437467997842,0.6023340250690764
sp|Q61361|PGCB_MOUSE,86,44,42,-0.02831721690467168,0.7957800841246913,0.11743633122198238,0.4477379946697621,-0.19817756857635938,0.20835551636099617,1.4253411486996999,0.15405861093806816,0.6023340250690764
sp|P08101|FCGR2_MOUSE,86,44,42,0.08981822768959179,0.4108403976546208,0.2335969509400446,0.12698488055412216,-0.08021667111441284,0.613566028124781,1.42339388829724,0.15462200320967995,0.6023340250690764
sp|Q9QYB5|ADDG_MOUSE,86,44,42,-0.0183848463521788,0.8665727510746939,0.12962646337055267,0.40167258901165076,-0.18684614857137624,0.23608578002699085,1.4280750780542772,0.1532702499222691,0.6023340250690764
sp|Q64471|GSTT1_MOUSE,86,44,42,0.13144501086470045,0.2276725502506531,-0.015237665185712861,0.9217964600895383,0.2950245251657115,0.057862793800337015,-1.4275057819855725,0.15343415976476707,0.6023340250690764
sp|Q6IRU5|CLCB_MOUSE,86,44,42,-0.11162770228384311,0.3061910983917048,-0.2620169683329323,0.08576927088671471,0.05086910851157887,0.7490231002209519,-1.426996515806483,0.1535808989209106,0.6023340250690764
sp|Q9EQH2|ERAP1_MOUSE,86,44,42,0.05399718546780275,0.6214599308592628,0.278034234993263,0.06764050076162571,-0.03472794908002019,0.8271669316960139,1.431942889230789,0.15216016645125044,0.6023340250690764
sp|P01748|HVM04_MOUSE,86,44,42,-0.04452965365176847,0.6839269511542493,0.1241692530482276,0.4219463542931157,-0.1932047871353236,0.22023119188900922,1.4327708457183108,0.15192333559936658,0.6023340250690764
sp|Q9Z0X4|PDE3A_MOUSE,86,44,42,0.22178499631970494,0.0401417563359102,0.06747096398510997,0.6634434235571105,0.3685564736872566,0.01632092996317134,-1.4269613394016973,0.1535910385331501,0.6023340250690764
sp|G5E8Q8|AGRF5_MOUSE,86,44,42,-0.5132863166033738,4.336919645328264e-07,-0.37023982758215807,0.013368259205189338,-0.6086358399798845,1.898789840182668e-05,1.4219212342893173,0.15504911807009739,0.6023340250690764
tr|F7BAB2|F7BAB2_MOUSE,86,44,42,0.0068966890082734714,0.9497488976913971,-0.13182352207174847,0.3936723305623475,0.18260705619541134,0.2470768300403548,-1.418446864495438,0.15606034148535264,0.602481828073138
sp|Q9EQG9|CERT_MOUSE,86,44,42,0.07487698258913689,0.49322880151874715,-0.09100075394630379,0.556885238287177,0.2223893077236974,0.1569072794976311,-1.4191086028426716,0.15586735623383163,0.602481828073138
sp|Q9Z0W1|TNR16_MOUSE,86,44,42,0.008234286188695148,0.9400193935915258,0.1695278842987217,0.27127361967417263,-0.14469978783341747,0.3605665733230637,1.4167908609873594,0.15654408246433388,0.6025410887938498
tr|Q6S9I3|Q6S9I3_MOUSE,86,44,42,0.2318691509494088,0.03170030617499143,0.4939129706010834,0.0006561650103563387,0.22051432455740522,0.16052412888826675,1.4173405761338593,0.15638337732336996,0.6025410887938498
sp|Q8BG07|PLD4_MOUSE,86,44,42,0.3111763312921409,0.0035423725043218887,0.1669055884295525,0.2788652339012871,0.45040356494627126,0.0027615740664583997,-1.4159925648924903,0.15677768135606968,0.6025410887938498
sp|P06909|CFAH_MOUSE,86,44,42,0.21220362644576243,0.049820717408231276,0.3678301502969756,0.014031024142653923,0.06978198218896077,0.6605695205551235,1.412824037672032,0.15770746861321372,0.6052112245589052
sp|Q06335|APLP2_MOUSE,86,44,42,-0.018024359168802746,0.8691655855178618,-0.1428796884390564,0.3548455478452588,0.1700528210819768,0.2816253771855754,-1.4108983986239207,0.15827457443216164,0.606483674349429
tr|Q3UQ05|Q3UQ05_MOUSE,86,44,42,-0.0855113544987305,0.43372632197175454,-0.24068423707293432,0.11553555808252802,0.06978198218896077,0.6605695205551235,-1.4100524069454625,0.1585242089124539,0.6065376492564172
sp|P18181|CD48_MOUSE,86,44,42,0.0855777600325103,0.43336805250440935,0.236077501086556,0.1228846852374426,-0.07336890650708491,0.6442544473686077,1.4043347786765255,0.16021918250279754,0.6069346133719508
sp|Q6PDN3|MYLK_MOUSE,86,44,42,0.05465175430077506,0.6172321158458551,-0.08426783212005856,0.586547004348378,0.2262207950635118,0.1497017728161711,-1.4068114939420404,0.1594832933884721,0.6069346133719508
tr|A0A3B2WD20|A0A3B2WD20_MOUSE,86,44,42,-0.00020870310616508442,0.9984783462304407,-0.16584249550961905,0.2819822042017655,0.14600412394909898,0.3562069970059159,-1.405794942986689,0.15978502414298512,0.6069346133719508
tr|B1AVM1|B1AVM1_MOUSE,86,44,42,0.056416244198352596,0.6058975823608298,-0.11041991795042157,0.4755094978349294,0.20119384584387287,0.20137377776298365,-1.4076049924522898,0.15924806831488436,0.6069346133719508
sp|Q8R411|MYCT1_MOUSE,86,44,42,0.01781565606263766,0.8706673337114595,-0.13543803799952223,0.3807148697200549,0.17657450166038435,0.2633038420760096,-1.4070313294831418,0.159418098931711,0.6069346133719508
sp|P11688|ITA5_MOUSE,86,44,42,0.1090473729712566,0.31757664911651295,0.2598199096317365,0.08852613553807263,-0.04834195728744595,0.7611166395637348,1.4051303796364172,0.15998251182798962,0.6069346133719508
tr|O35176|O35176_MOUSE,86,44,42,0.12238539875617065,0.2616186048862541,-0.03763348936564432,0.8083682183752766,0.26958997090992204,0.08424942694025425,-1.4041376015924794,0.16027787848268993,0.6069346133719508
tr|A2ARY0|A2ARY0_MOUSE,86,44,42,-0.028184405837112084,0.7967172243614229,0.1358632751674956,0.37920724830227737,-0.17518864453747277,0.26712931949660473,1.4025745052916285,0.16074375871134183,0.6078049613534585
sp|P01660|KV3A8_MOUSE,86,44,42,-0.08023685781564928,0.4627153424272098,0.08681925512789886,0.5752239263418374,-0.22263387074538768,0.1564399339601379,1.4014155631880172,0.16108984099185075,0.6082204406950377
sp|Q791V5|MTCH2_MOUSE,86,44,42,0.07839647587946626,0.47307435632443745,-0.08072418905361371,0.6024364367067477,0.2277696942008836,0.1468589050587686,-1.3981611360465234,0.16206468445222022,0.6085364930002441
sp|Q6P1C6|LRIG3_MOUSE,86,44,42,-0.2880956650512477,0.007147775365094608,-0.2221864202660922,0.14717593198005105,-0.4921423206480796,0.0009314740072072534,1.3990216541244633,0.16180648964784528,0.6085364930002441
sp|Q00558|HAP40_MOUSE,86,44,42,0.0581997071055815,0.5945351118973634,-0.08426783212005856,0.586547004348378,0.22434581189721967,0.15319691562041818,-1.3979807489726799,0.16211884823229805,0.6085364930002441
tr|F8VQ05|F8VQ05_MOUSE,86,44,42,-0.06900483610203746,0.5278354475321272,-0.21609135419180706,0.15888503886043037,0.09293394824230757,0.5582962715608387,-1.3982467946075396,0.16203896903621595,0.6085364930002441
sp|P07724|ALBU_MOUSE,86,44,42,0.2606512065905391,0.01535626546471693,0.43735642726062357,0.0029907489501846377,0.15554208179502002,0.3253071440962111,1.3955065157846154,0.1628631513042076,0.6086793571221345
sp|Q9DBC7|KAP0_MOUSE,86,44,42,0.04304027239413582,0.6939643478406307,-0.1551406934489556,0.31462430691932475,0.1544007876937987,0.3289134577708561,-1.3950905058649479,0.1629885488168179,0.6086793571221345
sp|Q8BWT1|THIM_MOUSE,86,44,42,0.06342677126453429,0.5617977987036505,0.2072322465256949,0.17709445851731445,-0.10181973803038784,0.521117151907615,1.3968886869216592,0.1624470471159455,0.6086793571221345
sp|Q68FD5|CLH1_MOUSE,86,44,42,0.09588959077803061,0.37980411539065106,-0.048122672842321086,0.7564089070421589,0.25785094586878843,0.09922010250660206,-1.3947129118673829,0.16310242967544575,0.6086793571221345
sp|Q8BMF4|ODP2_MOUSE,86,44,42,0.07160413842427533,0.5123683352986309,-0.07278642858477725,0.6386873643316331,0.2338022487359106,0.13616468068477083,-1.3909503611462937,0.16424047974053313,0.6093937108528427
sp|Q9Z222|B3GN2_MOUSE,86,44,42,-0.25145878341444966,0.01951886594869647,-0.3936278718206941,0.008204621910460234,-0.10442841026175086,0.5104401216936822,-1.3916305807048122,0.1640342935280894,0.6093937108528427
sp|P12246|SAMP_MOUSE,86,44,42,0.4718302905151275,4.519360486001042e-06,0.3439459960291373,0.022251945362426792,0.5850762688903871,4.7129015486932316e-05,-1.3930168633449158,0.16361469132244355,0.6093937108528427
sp|Q8BRK9|MA2A2_MOUSE,86,44,42,-0.3733888299389874,0.0003986512865858942,-0.2883107998859531,0.057709022408711674,-0.5427668661379682,0.00020430681339416942,1.3919497323905115,0.16393762042411553,0.6093937108528427
sp|P63276|RS17_MOUSE,86,44,42,0.05592294594741694,0.6090571605578133,-0.10212779317494063,0.5094688531398079,0.20437316512584655,0.19419409699096057,-1.384932845504264,0.16607300252459534,0.6135408629854132
sp|Q3THJ3|EIF1A_MOUSE,86,44,42,-0.2095853511138732,0.052776878149872995,-0.3574827125429566,0.0172037774933919,-0.06407551168285416,0.6868455067946537,-1.3851839153385666,0.16599623770815453,0.6135408629854132
sp|Q8VDN2|AT1A1_MOUSE,86,44,42,0.09902962387533255,0.36432376222298535,-0.07129809849687041,0.6455815013763422,0.23396529075037079,0.13588390148546334,-1.3850328095342441,0.16604243523858164,0.6135408629854132
sp|Q8BTI8|SRRM2_MOUSE,86,44,42,0.12206285759209733,0.2628873233102716,-0.012686242177872568,0.9348601028380031,0.2882582815656136,0.06413169989857874,-1.383034418933472,0.16665431250236162,0.6148063820824945
sp|P24452|CAPG_MOUSE,86,44,42,0.2060668298850369,0.05697466219912958,0.34267028452521714,0.02278587418851819,0.049238688366976986,0.75681878800471,1.3762560402366846,0.16874237758675004,0.6189624249086628
sp|Q91ZV7|PLDX1_MOUSE,86,44,42,-0.37151050198350166,0.00042868267965103126,-0.234022188108018,0.1262747987182033,-0.4977672701469561,0.0007959893041547363,1.37650942456249,0.1686639715168029,0.6189624249086628
sp|P46935|NEDD4_MOUSE,86,44,42,0.021505906439829383,0.8441860378562532,-0.12558671027480553,0.41662564197508184,0.17999838396404833,0.25400922142056603,-1.3780348586676845,0.16819252589464595,0.6189624249086628
sp|Q64695|EPCR_MOUSE,86,44,42,-0.1962852713482619,0.07009405449726235,-0.053721628887303946,0.7290868063211923,-0.34679036475682135,0.024451215513048307,1.3770647595146546,0.16849222687042875,0.6189624249086628
sp|P22892|AP1G1_MOUSE,86,44,42,0.39854704073670577,0.0001443310470942925,0.5271523425643361,0.00023643155122499704,0.2717095170979045,0.08174457013831299,1.37468368108955,0.1692295326524348,0.6198663535988899
sp|P01867|IGG2B_MOUSE,86,44,42,0.11055572723854064,0.31088845207620425,0.2676867972392441,0.0789633492925814,-0.031630150805276605,0.8423799021571644,1.3680955460389803,0.17128217069435003,0.6256205136475842
sp|A2ASS6|TITIN_MOUSE,86,44,42,0.2290326860065288,0.03390797512375334,0.13657200378078457,0.37670242616579924,0.416490825938552,0.006076892620990077,-1.3680820550813506,0.1712863930569114,0.6256205136475842
tr|A0A075B5K9|A0A075B5K9_MOUSE,86,44,42,-0.08190648266496996,0.4534259918523859,-0.19894012175021397,0.19545310017900736,0.10353167918221982,0.5140978974851689,-1.3659569176803827,0.1719524861307642,0.6271638127290621
sp|P62821|RAB1A_MOUSE,86,44,42,0.102909604349038,0.34573927424309836,-0.03430246488318616,0.8250524370464141,0.2641280634255057,0.09097979966966907,-1.3629350248544172,0.17290298906462753,0.629738609393799
sp|O35516|NOTC2_MOUSE,86,44,42,-0.05302007547075713,0.6277938796888446,0.10432485187613642,0.5003535988304307,-0.19711779548236813,0.2108481523943033,1.3610620238813116,0.17349408953532397,0.6301089993701823
sp|P06240|LCK_MOUSE,86,44,42,-0.1505887776029341,0.16636641636545157,-0.018710435390828815,0.9040486672805593,-0.3123884997057216,0.04399578634906516,1.3612387439733502,0.17343825399753743,0.6301089993701823
sp|O88947|FA10_MOUSE,86,44,42,-0.11592508896987871,0.28782625518040017,-0.22884846923100852,0.13511875868299253,0.07116783931187237,0.6542470334973323,-1.3602771499914732,0.17374223642348252,0.6301214912541796
sp|Q9ET26|RN114_MOUSE,86,44,42,0.055372728667527175,0.6125897712783968,-0.11190824803832841,0.46954362369184105,0.1890472157665888,0.23051214167637923,-1.3578876367301023,0.17449934096281128,0.6310896109258975
sp|Q6P1D5|SE6L1_MOUSE,86,44,42,-0.4143989903004265,7.289602480238705e-05,-0.28320795387027253,0.06248350267081543,-0.5334734713137375,0.0002748473017503256,1.3583066692077843,0.17436639494770456,0.6310896109258975
sp|Q80VH0|BANK1_MOUSE,86,44,42,-0.07901309869313583,0.46958966157974696,0.06038367785222027,0.6970063361583044,-0.23730765204680465,0.13022227386077448,1.3518456561601664,0.17642469520119597,0.6318408764159661
sp|Q9D1X0|NOL3_MOUSE,86,44,42,0.16057806718438108,0.1396885378985364,0.0406810224027869,0.7931769606179153,0.3306492053252627,0.03245620530301127,-1.3539786521752506,0.175743188552836,0.6318408764159661
sp|Q8VHY0|CSPG4_MOUSE,86,44,42,-0.4184781873754713,6.080424662682116e-05,-0.29242142584302916,0.05407935269123556,-0.5401581939066051,0.0002222382877136792,1.3553797339229658,0.17529660310622075,0.6318408764159661
sp|O54962|BAF_MOUSE,86,44,42,0.03818318192338476,0.727057713141606,0.1857577695430391,0.22733730094104918,-0.11461853616551265,0.46981307003997774,1.354920550291213,0.17544287144916815,0.6318408764159661
sp|O54988|SLK_MOUSE,86,44,42,0.09356539709573762,0.39151411498776834,-0.08178728197354718,0.5976500059928124,0.21725348426820146,0.16695800081986006,-1.353480689185208,0.17590211514361564,0.6318408764159661
sp|O08788|DCTN1_MOUSE,86,44,42,0.21260205964844123,0.04938305633537026,0.06158851649481152,0.6912580000073103,0.3489914319520339,0.02349967048246194,-1.3529718325630145,0.1760646291662783,0.6318408764159661
sp|Q9R098|HGFA_MOUSE,86,44,42,0.08904033429388557,0.41492104119209966,0.023671535683851608,0.8787767023864558,0.3149971719370846,0.04216799915098032,-1.3519845594052173,0.1763802547983051,0.6318408764159661
sp|P03980|HVM48_MOUSE,86,44,42,0.11351551674415455,0.2980316722787433,0.2543626993094114,0.0956716717883957,-0.041901797716268493,0.7921843256820139,1.3501547015664448,0.1769663649525195,0.6327229892159177
sp|O35887|CALU_MOUSE,86,44,42,0.06490666601734126,0.5526871282521246,-0.15358149049971986,0.319572140945582,0.14600412394909898,0.3562069970059159,-1.349543565418355,0.17716243698045697,0.6327229892159177
sp|Q8R050|ERF3A_MOUSE,86,44,42,0.031058816799294838,0.7765012803213175,-0.1215469571790584,0.43189019371969645,0.1775527537471455,0.2606255086036253,-1.3483993457199552,0.17752997431190298,0.6331574568603189
sp|P07146|TRY2_MOUSE,86,44,42,-0.2913305631968065,0.0064995015410741494,-0.17604818754098023,0.2529934715457692,-0.4454307835052355,0.0031157650093245025,1.3460677274356345,0.1782806754187818,0.6349553792577636
sp|P21981|TGM2_MOUSE,86,44,42,-0.44042995954210795,2.1990805928761117e-05,-0.3102813868979112,0.040381990365751616,-0.5522233029766591,0.0001497251605039676,1.3444301566514507,0.17880932752607503,0.6359585889221591
sp|Q9CQS6|GKN2_MOUSE,86,44,42,-0.006194687651172733,0.9548581985760193,-0.16392892825373884,0.28764992457388905,0.13190098969829267,0.40503316098428377,-1.332706846550814,0.18262802557896618,0.6369810114876311
sp|Q9D906|ATG7_MOUSE,86,44,42,0.02749189098483703,0.8016083771212678,-0.10942769789181701,0.47950889482726283,0.18415595533278314,0.24302160126412706,-1.324003734639666,0.1855018043933777,0.6369810114876311
tr|Q9Z1A1|Q9Z1A1_MOUSE,86,44,42,-0.0627627159267363,0.565908960005215,-0.2007119432834364,0.19142170671533143,0.0923633011916969,0.560725609322798,-1.323792622607105,0.1855719269421171,0.6369810114876311
tr|A0A075B5U0|A0A075B5U0_MOUSE,86,44,42,0.06529561271519436,0.550304524604431,0.2223990388500789,0.14677928069136775,-0.07124936031910246,0.6538758590938949,1.330263077437425,0.183431607859586,0.6369810114876311
tr|A0A075B5Q5|A0A075B5Q5_MOUSE,86,44,42,-0.021173878770930382,0.846562061388831,0.13657200378078457,0.37670242616579924,-0.1586398800697636,0.3156438654027935,1.3296954371172,0.18361863883075824,0.6369810114876311
sp|Q61599|GDIR2_MOUSE,86,44,42,0.10585990734982623,0.3320124726259628,0.23940852556901415,0.11753649927092166,-0.05437451182247293,0.7323465754869898,1.3348496556843035,0.18192555781594688,0.6369810114876311
tr|A0A075B5N7|A0A075B5N7_MOUSE,86,44,42,-0.01351826937660206,0.9016838953252587,0.14188746838045185,0.35823155996488687,-0.1557051238094802,0.3247939840804726,1.3404764548607675,0.18009049407984012,0.6369810114876311
sp|P70126|SIA8E_MOUSE,86,44,42,-0.3947050062823031,0.00016945254015378146,-0.28490890254216605,0.060858239382876995,-0.5319245721763657,0.00028853490860333825,1.3403664350864533,0.18012624242356945,0.6369810114876311
sp|P01632|KV1A1_MOUSE,86,44,42,-0.611661371645734,3.946940066479239e-10,-0.5258766310604159,0.0002463605848038785,-0.7069501746993783,1.6681407393855234e-07,1.3261641968682993,0.18478531566995304,0.6369810114876311
sp|P68404|KPCB_MOUSE / sp|P20444|KPCA_MOUSE,86,44,42,-0.197158029792225,0.06883248416860323,-0.3299840423473446,0.028703596169651225,-0.047445226207914915,0.7654215933607882,-1.3203407495108752,0.1867212761403576,0.6369810114876311
sp|Q00PI9|HNRL2_MOUSE,86,44,42,0.13800967220407492,0.20508572413478582,-0.03373548199255499,0.8279001202685341,0.25638356773864673,0.10122653984230844,-1.3232578358967355,0.18574964833850593,0.6369810114876311
tr|O88325|O88325_MOUSE,86,44,42,0.036807638723660344,0.7365246102063562,0.2313998922388488,0.1307014207434152,-0.06154836045872124,0.698601618839318,1.3291250269716985,0.18380672468513648,0.6369810114876311
sp|P01756|HVM12_MOUSE / sp|P01757|HVM13_MOUSE,86,44,42,-0.03757604561454088,0.7312312595891868,0.13317010643699753,0.3888152607007427,-0.1647539556120207,0.29710982883357834,1.3422730494098192,0.17950747851911641,0.6369810114876311
sp|Q9Z2K1|K1C16_MOUSE,86,44,42,0.059632169334260035,0.5854787408923694,0.198231393136925,0.19708233403187728,-0.09423828435798907,0.5527620579527701,1.3206993582097977,0.1866016281684617,0.6369810114876311
sp|Q8CFG8|CS1B_MOUSE,86,44,42,0.001925760479614188,0.9859599889158449,0.14918737309732824,0.3337783081059432,-0.14469978783341747,0.3605665733230637,1.3234806078348973,0.18567560103322356,0.6369810114876311
sp|Q8CBB9|RSAD2_MOUSE,86,44,42,-0.062240958161323585,0.5691490759414938,-0.18044230494337185,0.24115178635281928,0.1124989899775302,0.4781191470875833,-1.3207323561641229,0.18659062141507043,0.6369810114876311
sp|Q9WTP6|KAD2_MOUSE,86,44,42,-0.06299039204255276,0.5644978220505744,-0.20439733207253905,0.18322603273818963,0.09040679701817464,0.5690919322696588,-1.3321532925744553,0.1828098211787379,0.6369810114876311
sp|E9Q557|DESP_MOUSE,86,44,42,-0.040365078033292465,0.71212534297058,0.11573538255008885,0.45438765514143536,-0.17991686295681822,0.25422793560656076,1.3329644108650855,0.1825434832201942,0.6369810114876311
sp|O08749|DLDH_MOUSE,86,44,42,-0.27681621081350744,0.009875645218422551,-0.1406826297378606,0.3623693796209579,-0.4141267167288793,0.006401778996635019,1.3365720928967026,0.18136235346781282,0.6369810114876311
sp|Q00690|LYAM2_MOUSE,86,44,42,0.016819573055940666,0.8778409880636155,0.16619685981626353,0.28094069404945327,-0.12953688048861992,0.4135780195727521,1.3323771101881694,0.18273629990071227,0.6369810114876311
sp|P41317|MBL2_MOUSE,86,44,42,-0.12271742642506964,0.26031691893071446,0.08270862917082283,0.5935152925188995,-0.2092644255596522,0.18350447457407604,1.3202088251783848,0.18676530628083943,0.6369810114876311
sp|A2A870|FBF1_MOUSE,86,44,42,-0.04357151666437422,0.6903779685135671,0.10765587635859458,0.4866944406883674,-0.18692766957860635,0.23587772840642604,1.328821364033251,0.18390691205228038,0.6369810114876311
sp|Q8R0Y6|AL1L1_MOUSE,86,44,42,0.1294907908706092,0.23472046888516218,-0.009851327724716688,0.9493949671095145,0.2813289959510556,0.07109881315272298,-1.3366450106770331,0.18133853931769595,0.6369810114876311
sp|Q8VC30|TKFC_MOUSE,86,44,42,0.2904008857238893,0.006680268840149261,0.4072354611958423,0.006077605069634779,0.1314933846621422,0.4064991237535969,1.341370612458224,0.17980015404921135,0.6369810114876311
tr|Q8C5R8|Q8C5R8_MOUSE,86,44,42,0.14557990305497207,0.1810808561169943,0.0013465843652490435,0.9930783731527287,0.29086695379697663,0.06165379972838472,-1.3330243513149231,0.1825238126581804,0.6369810114876311
sp|P97399|DSPP_MOUSE,86,44,42,-0.13396842114833282,0.21879279386871697,0.03437333774451506,0.8246966318168908,-0.2553237946446555,0.10269485870550986,1.3210429866048534,0.18648703145213497,0.6369810114876311
tr|A0A075B5V7|A0A075B5V7_MOUSE,86,44,42,-0.1756521233523956,0.10572749167996598,-0.017080359580264184,0.912374040399609,-0.303258146895951,0.050905714851066444,1.3234361005828783,0.18569039308186386,0.6369810114876311
tr|E9PYC2|E9PYC2_MOUSE / tr|L7N1X9|L7N1X9_MOUSE,86,44,42,0.07410857569825634,0.4976883796622919,-0.058044873428366665,0.7082126094906577,0.2368185260034241,0.13103962000593758,-1.3390357117212262,0.18055904738020556,0.6369810114876311
sp|Q00896|A1AT3_MOUSE,86,44,42,-0.2536786255436601,0.01843386462540181,-0.46393375025895994,0.0015139622291582297,-0.20249818195955438,0.1984060713445364,-1.3277026422022282,0.1842763603490497,0.6369810114876311
sp|Q6ZQI3|MLEC_MOUSE,86,44,42,0.012342525013989422,0.9101976422115095,-0.1382729524526781,0.37073111965083916,0.15842099306008314,0.3163206450984006,-1.3364424957965886,0.18140468419282418,0.6369810114876311
sp|Q99KW3|TARA_MOUSE,86,44,42,0.0004743252412842828,0.996541704553146,0.21346905832263785,0.1641264090989386,-0.07874929298427115,0.6200898442234016,1.3220684588124139,0.18614535563249257,0.6369810114876311
sp|Q6PDI5|ECM29_MOUSE,86,44,42,0.09510221087749869,0.3837472755517897,-0.0310423132620569,0.8414558139904841,0.25801398788324864,0.09899906297743677,-1.3190102611102839,0.18716568204954964,0.6375021577745904
sp|Q61810|LTBP3_MOUSE,86,44,42,-0.07616714724543013,0.48578864876933686,-0.2003575789767919,0.19222323044383152,0.0908144020543251,0.567344228188674,-1.315158669468112,0.18845658228710915,0.6375850759557725
sp|Q65Z40|WAPL_MOUSE,86,44,42,-0.22884295591001508,0.03406014033571585,-0.37633489365644324,0.01180972348818878,-0.1009230069508568,0.5248127480892134,-1.316700140516931,0.18793915651138127,0.6375850759557725
sp|P01901|HA1B_MOUSE,86,44,42,0.49472122665950696,1.2869753190664193e-06,0.5928514850162236,2.2315200894171516e-05,0.3692901627523274,0.016092615257224368,1.3164115682433501,0.18803594175692862,0.6375850759557725
sp|Q03401|CRIS1_MOUSE,86,44,42,-0.16867954230551666,0.12053618264216921,-0.4824315670658021,0.0009119515947898925,-0.22736208916473313,0.14760314763690602,-1.317717068942553,0.18759837844268767,0.6375850759557725
tr|E9Q8B5|E9Q8B5_MOUSE,86,44,42,-0.0300911933070749,0.7832907969341447,0.08929980527441025,0.5643118436770574,-0.20168297188725343,0.2002572602488423,1.3145069485006318,0.18867566131196067,0.6375850759557725
tr|F6RWR5|F6RWR5_MOUSE / sp|P19157|GSTP1_MOUSE / sp|P46425|GSTP2_MOUSE,86,44,42,-0.05629291963561868,0.6066868013959376,0.0810076804989293,0.6011584285747705,-0.20983507261026285,0.182285229530005,1.3152214128253656,0.1884355007226296,0.6375850759557725
sp|Q91YI0|ARLY_MOUSE,86,44,42,-0.13195728212528748,0.22584979789478138,-0.267757670100573,0.07888103809032479,0.01891287367738189,0.9053696491093741,-1.3115441442707445,0.18967398977480598,0.6399093107879047
tr|A0A140T8N3|A0A140T8N3_MOUSE,86,44,42,0.20148387599273765,0.0628473440229188,0.34458385178109735,0.021988937124281183,0.06595049484914633,0.6781698880100984,1.3109919857599395,0.18986047123959582,0.6399093107879047
sp|Q99K41|EMIL1_MOUSE,86,44,42,0.061927903502075964,0.5710973119052748,-0.07597570734457762,0.6240157459928637,0.2133404759211569,0.17492220091248387,-1.3089915277879398,0.19053722060086786,0.6405135026726303
sp|Q9DBU3|RIOK3_MOUSE,86,44,42,-0.03139084446819383,0.7741753746169457,-0.2024837648166588,0.1874496258914076,0.08739051975066114,0.5821011622441145,-1.3096364494088268,0.190318851688572,0.6405135026726303
sp|Q9ES46|PARVB_MOUSE,86,44,42,0.1042946340535881,0.33925153893607146,-0.050886714434148064,0.7428817463680815,0.23690004701065417,0.13090313058797493,-1.30732422131294,0.1911026214411613,0.6415765974067671
tr|F6ZIS7|F6ZIS7_MOUSE,86,44,42,-0.14326519587750478,0.18819240429740455,-0.4187877375924525,0.004665244964999407,-0.15358557762149774,0.33150459544804894,-1.3028197985605363,0.1926362898435875,0.645043493299399
sp|B9EKR1|PTPRZ_MOUSE,86,44,42,-0.43525981441210926,2.8120908017724692e-05,-0.3059581423568485,0.043404745298957055,-0.5424407821090478,0.00020647441121923754,1.3033432698639151,0.19245759490024061,0.645043493299399
sp|P61110|ANRE_MOUSE,86,44,42,-0.02596456370790164,0.8124224890996089,0.04167324246139145,0.7882469564639959,-0.24431845866859278,0.11892134243607622,1.3012485295741427,0.19317339885793283,0.6451640753037315
sp|Q62422|OSTF1_MOUSE,86,44,42,-0.05513556604688503,0.6141151858893578,-0.17711128046091368,0.25009339418114296,0.11168377990522926,0.4813342247157811,-1.3016575505216956,0.19303347687315386,0.6451640753037315
sp|B2RXC1|TPC11_MOUSE,86,44,42,-0.029076137290726535,0.7904305830120005,-0.16562987692563236,0.2826083201619113,0.12293367890298228,0.4379812249903206,-1.2997711743214386,0.1936794079053945,0.6460161597880711
tr|A0A0B4J1J1|A0A0B4J1J1_MOUSE,86,44,42,0.22945957872368464,0.03356768917960538,0.3506789178553825,0.019604581879598612,0.07597757873844793,0.6324910888414795,1.2969315381522768,0.194654743848926,0.6461022715165777
sp|O09164|SODE_MOUSE,86,44,42,-0.3017752050098864,0.0047465891139956634,-0.43501762283677,0.0031673258286074786,-0.1743734344651718,0.2693966874414856,-1.2960455505449413,0.19495979222073045,0.6461022715165777
sp|P46412|GPX3_MOUSE,86,44,42,-0.20352347453026007,0.060175773296086144,-0.05216242593806821,0.7366638787083241,-0.32958943223127146,0.033049601657878645,1.2972194181769308,0.194555701248594,0.6461022715165777
sp|Q9Z0Z4|HEPH_MOUSE,86,44,42,-0.2563348468948521,0.017204057310878502,-0.10347437754018966,0.5038721646858619,-0.37467054922951365,0.01449937516553237,1.296510982003841,0.1947994989906886,0.6461022715165777
sp|Q64337|SQSTM_MOUSE,86,44,42,0.07315043871086209,0.5032784756584773,-0.06130502504949593,0.6926090217583263,0.22483493794060022,0.1522794379586075,-1.2970715299865634,0.19460657626545963,0.6461022715165777
sp|P04202|TGFB1_MOUSE,86,44,42,-0.0679138880470836,0.5343960321950636,-0.20184590906469874,0.18887276190440688,0.08355903241084671,0.5988162623578918,-1.2894075792249529,0.1972564278598713,0.6467789969630793
sp|Q8K209|AGRG1_MOUSE,86,44,42,-0.0785008274325488,0.4724836582721113,0.06357295661202063,0.681827566193534,-0.22149257664416636,0.15862959032997936,1.2915245181918293,0.19652185888322726,0.6467789969630793
tr|A0A075B5R7|A0A075B5R7_MOUSE,86,44,42,0.12406451011031701,0.25508098643701427,0.29915434766927435,0.04853275569387896,0.020298730800293492,0.8984704173352073,1.2888648901012736,0.19744506196358014,0.6467789969630793
sp|P62311|LSM3_MOUSE,86,44,42,0.09003641730058255,0.4097000442069537,-0.044933394082520714,0.7721068040421658,0.23869350916971627,0.12792712757831837,-1.2891458514064227,0.19734738573858834,0.6467789969630793
tr|B7ZWD6|B7ZWD6_MOUSE,86,44,42,-0.12890262757141668,0.23687107849411762,-0.27115956744436004,0.07500858374128438,0.009864041874841417,0.9505639981623213,-1.2874802994387264,0.19792693188617727,0.6467789969630793
sp|O35598|ADA10_MOUSE,86,44,42,0.041825999776448054,0.7021869924208475,-0.13437494507958878,0.3844994132921485,0.15211819949135605,0.33620053194616306,-1.2898111343870327,0.19711624107757963,0.6467789969630793
tr|A0A0G2JDU0|A0A0G2JDU0_MOUSE,86,44,42,0.2495899419637896,0.020474343540518265,0.37243688628335386,0.012787396033383733,0.10206430105207813,0.5201115037670672,1.2912767536605498,0.19660772846655505,0.6467789969630793
sp|Q99K48|NONO_MOUSE,86,44,42,-0.0959654828166361,0.3794253487507716,0.08129117194424489,0.5998816016286225,-0.20421012311138634,0.19455782922130663,1.2902234198421259,0.1969730969044543,0.6467789969630793
sp|Q3V2T4|KTDAP_MOUSE,86,44,42,-0.13936624239414797,0.20062499168271045,-0.25946554532509203,0.08897716469155571,0.02323348706057689,0.8838852310014366,-1.2910282921520047,0.19669386719936666,0.6467789969630793
sp|P54726|RD23A_MOUSE,86,44,42,-0.1419845177260372,0.19221295578156553,-0.2885942913312687,0.057452594127609904,-0.007826016694089057,0.9607690945608218,-1.2929642421579848,0.1960234266592713,0.6467789969630793
sp|Q9JM99|PRG4_MOUSE,86,44,42,0.3587416664881288,0.0006943615416958214,0.41595282313929666,0.0049822662085235335,0.6235541843029917,1.0272938195493492e-05,-1.2876232311458542,0.19787714852489446,0.6467789969630793
tr|A0A075B5M2|A0A075B5M2_MOUSE,86,44,42,0.2364226732657379,0.028409764172953482,0.38554836562919986,0.009749410479114162,0.11853154451255718,0.4546824951431593,1.2851992786036326,0.19872265566915126,0.6476810913094406
sp|Q8QZY6|TSN14_MOUSE,86,44,42,0.15985709281762897,0.14149847273460653,0.00453586312504941,0.9766879621147712,0.2836931051607283,0.0686577292088525,-1.2838081340315697,0.1992090968221658,0.6476810913094406
sp|O54916|REPS1_MOUSE,86,44,42,0.0339237412566519,0.7564988989443051,0.17817437338084713,0.24721577835851408,-0.10695556148588378,0.5002027375790509,1.285170884935713,0.1987325753868182,0.6476810913094406
sp|Q8VCS0|PGRP2_MOUSE,86,44,42,0.14114970530137688,0.19486692827834823,0.28760207127266413,0.05835410538073058,0.008722747773620096,0.9562779948063984,1.2841174481755444,0.1991008638738544,0.6476810913094406
sp|P06330|HVM51_MOUSE,86,44,42,-0.08492319119953799,0.4369068972852518,0.06825056545972784,0.6597894910385951,-0.21521545908744907,0.17107265848875136,1.2830596916386374,0.19947116418891342,0.6477153187723229
sp|Q9D0M0|EXOS7_MOUSE,86,44,42,0.0028459514477056965,0.9792524601424855,-0.11020729936643488,0.4763650239630591,0.17396582942902133,0.27053512108038996,-1.2804647309611432,0.200381741027174,0.6498526236082784
sp|P01631|KV2A7_MOUSE,86,44,42,-0.04272721773488819,0.6960809120375762,0.08625227223726768,0.5777315429692192,-0.19695475346790794,0.21123346840175278,1.2787632108577636,0.20098045266482134,0.6500759171700853
sp|E9PZ36|PKHD1_MOUSE,86,44,42,-0.12937695281270098,0.23513565249822554,0.013394970791161538,0.9312294707267832,-0.266084567599028,0.08852271064986324,1.2788147284066753,0.2009623061134025,0.6500759171700853
sp|P15327|PMGE_MOUSE,86,44,42,-0.06758186037818462,0.5364007228896873,-0.19816052027559608,0.1972457828058464,0.08486336852652822,0.5931025316481044,-1.2781176018337106,0.2012079634891487,0.6500759171700853
sp|Q9D2N8|GLT15_MOUSE,86,44,42,0.022615827504434603,0.8362535479959285,0.16825217279480154,0.27494961889782366,-0.11486309918720294,0.46885963896651445,1.2752318223135382,0.20222720095660718,0.6516942653215395
sp|Q80TY0|FNBP1_MOUSE,86,44,42,0.18655211739710842,0.08546324650822146,0.06371470233467844,0.6811557726123142,0.3355404657590684,0.029830059613552395,-1.275311802955491,0.20219890173839428,0.6516942653215395
sp|Q922J3|CLIP1_MOUSE,86,44,42,-0.05319083255761947,0.6266850152541691,-0.19178196275599535,0.21234987643349365,0.09065136003986492,0.5680430130118909,-1.2745512515773454,0.2024681212649443,0.6516942653215395
sp|Q8CDN6|TXNL1_MOUSE,86,44,42,0.1383511863777996,0.20395613079671993,-0.009355217695414407,0.9519403705065925,0.26795955076532013,0.08621657686764475,-1.2697778207494812,0.20416378327064633,0.6525274245817542
sp|Q9WV54|ASAH1_MOUSE,86,44,42,0.2953243817284201,0.0057711521269460195,0.18086754211134523,0.24002612504791832,0.4357297836448543,0.003922846887743529,-1.2699946960658755,0.204086519458061,0.6525274245817542
sp|P01750|HVM06_MOUSE / tr|A0A075B5Y1|A0A075B5Y1_MOUSE,86,44,42,-0.19071669301558442,0.07858828467266903,-0.06527390528391416,0.673782223341176,-0.3355404657590684,0.029830059613552395,1.268311897121314,0.20468659010837997,0.6525274245817542
sp|Q61805|LBP_MOUSE,86,44,42,0.23284626094645441,0.030968394194005693,0.14450976424962103,0.3493252562154177,0.405240926940799,0.007760974640736416,-1.2713676268358725,0.20359789394669348,0.6525274245817542
sp|P58774|TPM2_MOUSE,86,44,42,0.04699614490644674,0.6674252051474683,-0.08469306928803196,0.5846529258004857,0.19679171145344776,0.21161927387749088,-1.2709828112576391,0.2037347636817297,0.6525274245817542
sp|P01811|HVM41_MOUSE,86,44,42,-0.22183242884383336,0.04009805081547561,-0.33069277096063354,0.028342342934320485,-0.059102730241818405,0.710045134368192,-1.2716308184431266,0.20350432151338582,0.6525274245817542
sp|P18761|CAH6_MOUSE,86,44,42,0.31941061748083605,0.0027203197354739982,0.2413220928248944,0.11454481775495332,0.48529455604075167,0.001123881559739394,-1.2683900713699514,0.20465868550056387,0.6525274245817542
sp|P30412|PPIC_MOUSE,86,44,42,-0.05226115508470228,0.6327321290044343,-0.17207930730656198,0.2640193754150186,0.10940119170278662,0.4903963256719765,-1.2681224190737077,0.2047542365289543,0.6525274245817542
sp|O70165|FCN1_MOUSE,86,44,42,-0.00043637922198154017,0.9968183666862528,0.11998775422982268,0.43786422199502467,-0.16133007330835672,0.30740081153034704,1.266652302130887,0.20527964214726535,0.6533931749433971
sp|Q769J6|ATS13_MOUSE,86,44,42,-0.07912693675104406,0.4689478605355703,0.0787397489364046,0.6114153050869325,-0.2005416777860321,0.20286925079270535,1.2616420944413325,0.20707760193833846,0.6574905363640217
sp|Q9WUX5|IRAG1_MOUSE,86,44,42,0.1686415962862139,0.12062092314255479,0.32112493468123243,0.03355069141281327,0.050543024482658495,0.7505802931433188,1.2621553447935807,0.20689289356762353,0.6574905363640217
sp|Q8BWP8|B4GA1_MOUSE,86,44,42,-0.36040180483262374,0.0006528890712711632,-0.23097465507087542,0.13143004708531128,-0.4750229091297598,0.0014788746998807287,1.257700390812535,0.20850013087711705,0.6579507806477652
tr|Q99N75|Q99N75_MOUSE,86,44,42,0.029427137969276904,0.787959697968427,-0.10588405482537216,0.49393566838473774,0.17363974540010096,0.27144814869502626,-1.2594050599445044,0.20788406275198157,0.6579507806477652
sp|Q99KB8|GLO2_MOUSE,86,44,42,0.19598170319383995,0.07053720450478855,0.34026060724003465,0.023823686975568366,0.07247217542755388,0.6483181659547967,1.2597993598774797,0.20774175077645562,0.6579507806477652
sp|Q921I2|KLDC4_MOUSE,86,44,42,0.14617755285899026,0.1792769231820846,0.0019135672558802197,0.9901641251605522,0.2759486094738694,0.07690947727996802,-1.257966651666908,0.20840381698671995,0.6579507806477652
sp|Q9JHI0|MMP19_MOUSE,86,44,42,-0.25134494535654145,0.01957595355753442,-0.362727304281295,0.015527209395253766,-0.0982328137122637,0.5359764199660155,-1.2583885781847395,0.20825126058624666,0.6579507806477652
sp|Q9CW03|SMC3_MOUSE,86,44,42,-0.2608978557160069,0.015256068278009094,-0.3746339449845497,0.012228192113647588,-0.11217290594860983,0.4794038212444648,-1.2569740695737528,0.20876302532151902,0.6579740394160484
sp|P51437|CAMP_MOUSE,86,44,42,-0.11164667529349448,0.30610837766571913,-0.24890548898708637,0.10325420328828691,0.026412806342550568,0.8681273710448544,-1.2547780573015686,0.20955934030146406,0.6582220912829729
sp|Q91YH5|ATLA3_MOUSE,86,44,42,0.18085158111262054,0.09563812194043075,0.31892787598003663,0.03485184285724056,0.04989085642481774,0.7536976074233328,1.254135133797645,0.20979289206358898,0.6582220912829729
sp|Q9DC69|NDUA9_MOUSE,86,44,42,-0.047290226556042994,0.6654679955854118,-0.17739477190622926,0.24932383501064875,0.10084148594362671,0.5251493502625001,-1.2539389164598012,0.20986420852167798,0.6582220912829729
sp|Q8R4K8|PAPP1_MOUSE,86,44,42,-0.16554899571304038,0.12768242281352818,-0.009993073447374481,0.94866779930194,-0.28263333206673713,0.06974368505673571,1.2542580455800947,0.20974822792159709,0.6582220912829729
sp|Q8BGE6|ATG4B_MOUSE,86,44,42,0.11874258090310735,0.2761901436569446,-0.028420017392887707,0.8546984829124235,0.24643800485657522,0.11565482813020114,-1.2520061358156374,0.21056762817050845,0.658703147660073
tr|A0A140T8M3|A0A140T8M3_MOUSE,86,44,42,-0.13852194346466196,0.20339300442926808,0.012190132148570289,0.9374023268081664,-0.2613563491796825,0.09455056440194244,1.2507085928136557,0.21104081429885835,0.658703147660073
sp|Q9JME2|CHSTB_MOUSE,86,44,42,0.22633851863603405,0.03612302309105713,0.10361612326284746,0.5032848644332696,0.36602932246312364,0.017128409880797325,-1.2510960829210038,0.210899424495265,0.658703147660073
sp|Q8BG79|C19L2_MOUSE,86,44,42,-0.08422118984243725,0.44072027690666266,-0.2173670656957272,0.15637979087888765,0.0591842512490485,0.7096626521544801,-1.2524524263487162,0.21040505312311564,0.658703147660073
tr|A0A075B5M1|A0A075B5M1_MOUSE,86,44,42,0.11536538518516326,0.29017590695965645,0.25726848662389623,0.09181348461160621,-0.01614115943155868,0.9191882469654946,1.2487828596826729,0.21174450475432016,0.6600993943612281
sp|P14733|LMNB1_MOUSE,86,44,42,0.08780708866654643,0.42143833838059924,-0.05513908611388189,0.7222205981394703,0.21978063549233437,0.16195578827721804,-1.245640059193386,0.2128965685532015,0.6628883482762924
sp|Q01063|PDE4D_MOUSE,86,44,42,0.10249219813670782,0.3477096064935603,-0.023033679931891534,0.8820198294159839,0.24929124010962853,0.11136531536678598,-1.241500296168714,0.21442098882774097,0.6635686108976406
sp|Q9QUN9|DKK3_MOUSE,86,44,42,-0.25572771058600824,0.017478743289272028,-0.13005170053852605,0.4001168584829579,-0.38746934736463845,0.011238107323073614,1.2429834415496346,0.2138739353102994,0.6635686108976406
sp|Q9QUM4|SLAF1_MOUSE,86,44,42,-0.07892772014970466,0.470071325098308,-0.20581478929911698,0.1801415668724821,0.0692928561455802,0.6628065910633333,-1.243764404434566,0.21358628460039342,0.6635686108976406
sp|O35963|RB33B_MOUSE,86,44,42,0.10187557532303826,0.35063312783922285,-0.044082919746573954,0.776308426132464,0.22899250930933504,0.1446427429853823,-1.2394561520206966,0.21517661751438055,0.6635686108976406
sp|Q6PGG2|GMIP_MOUSE,86,44,42,-0.041674215699237085,0.7032172576334824,-0.19001014122277293,0.21668462974682487,0.08478184751929813,0.5934589349602879,-1.2398857151387697,0.21501766820739032,0.6635686108976406
sp|Q06194|FA8_MOUSE,86,44,42,0.15897484786884022,0.14373726905352172,0.2882399270246242,0.05777327251620788,0.01932047871353236,0.9033397270959808,1.2398374621861257,0.21503551881037808,0.6635686108976406
sp|Q0P678|ZCH18_MOUSE,86,44,42,0.0028886543458242213,0.9789412181781425,0.1289177347572637,0.40427323286218075,-0.1472269390575504,0.3521490617386508,1.2426143254513828,0.214009988422719,0.6635686108976406
sp|P70302|STIM1_MOUSE,86,44,42,-0.00017075708686234181,0.9987550103071818,-0.12707504036271236,0.41108017595639207,0.1484497541660018,0.3481194035513405,-1.2398279456060293,0.21503903948150038,0.6635686108976406
sp|Q8VHQ4|RB40C_MOUSE,86,44,42,0.07479160404570571,0.49372326998232435,0.2314707651001777,0.13058027717535242,-0.040597461600586984,0.7985170722383718,1.2355453875320008,0.21662759547499943,0.6672440889331621
sp|E9Q414|APOB_MOUSE,86,44,42,-0.092256259429793,0.3982036341675827,-0.20893319519758843,0.17348699054264488,0.06383094866116387,0.6879800692196059,-1.2338049906500161,0.21727557931745345,0.6683604548322061
sp|Q9DC29|ABCB6_MOUSE,86,44,42,0.05744078671952665,0.5993585213100493,0.1936246571505467,0.2079061604385665,-0.07956450305657209,0.6164619087372201,1.2331785669988025,0.21750914996092763,0.6683604548322061
tr|A0A0B4J1I7|A0A0B4J1I7_MOUSE,86,44,42,-0.17872575091591775,0.09966767403020602,-0.03196366045933256,0.8368130340118695,-0.29820384444768516,0.055091439188156295,1.2320121423050234,0.2179445483960175,0.6689001336349762
sp|P54729|NUB1_MOUSE,86,44,42,0.009865965018713082,0.928162812288444,-0.14160397693513627,0.3592025777972224,0.13165642667660238,0.405912373483559,-1.2293954113461865,0.2189235898581008,0.6693471877967303
sp|P97350|PKP1_MOUSE,86,44,42,0.008281718712823577,0.9396745286035405,0.16137750524589853,0.2953213058116001,-0.11168377990522926,0.4813342247157811,1.2292399861359415,0.21898184091861395,0.6693471877967303
sp|O09117|SYPL1_MOUSE,86,44,42,0.20625558792005752,0.056742742617992385,0.07108547991288372,0.6465687957931074,0.3321981044626345,0.03160474628666052,-1.2253909855319847,0.22042794173215996,0.6693471877967303
sp|Q8BXA1|GOLI4_MOUSE,86,44,42,-0.21240284304710183,0.04960148929050496,-0.07845625749108902,0.6127026502295527,-0.3386382640338119,0.028259591789776994,1.2246951276131,0.22069011062157973,0.6693471877967303
sp|A2AJ76|HMCN2_MOUSE,86,44,42,-0.5123281796159795,4.5946269481212724e-07,-0.43948261310049047,0.0028377934515183313,-0.631624764018771,7.269746771398108e-06,1.2183895676405547,0.2230759676210181,0.6693471877967303
tr|E9QAN8|E9QAN8_MOUSE,86,44,42,-0.02234071886448972,0.8382182293168919,0.11864116986457363,0.44306026129305953,-0.15228124150581623,0.335676737816219,1.2190700748858325,0.22281759677588053,0.6693471877967303
tr|F6YNI8|F6YNI8_MOUSE,86,44,42,-0.06156741631869991,0.5733445888922725,-0.195467351545098,0.20352784701107807,0.07459172161553633,0.6387294734871211,-1.219375918292444,0.22270154580260082,0.6693471877967303
sp|P35441|TSP1_MOUSE,86,44,42,-0.06954556687710155,0.5245986911946092,-0.1934829114278889,0.20824565895610225,0.07703735183243916,0.6277374460908365,-1.2211522594125408,0.2220283760936983,0.6693471877967303
sp|P61164|ACTZ_MOUSE,86,44,42,0.18466430293679698,0.08873299714880549,0.05223329879939711,0.7363189242135354,0.313611314814173,0.043131160046377764,-1.2172244816847266,0.22351881794556827,0.6693471877967303
sp|P58771|TPM1_MOUSE,86,44,42,0.04343870559681462,0.6912739273197859,-0.058044873428366665,0.7082126094906577,0.2121991818199356,0.17729563081721306,-1.2231192936492865,0.2212846424071262,0.6693471877967303
sp|Q52KR3|PRUN2_MOUSE,86,44,42,0.20266020259112266,0.06129502277138452,0.06513215956125637,0.6744513118868107,0.32535033985530654,0.03551318206178986,-1.217805802759031,0.22329777868813738,0.6693471877967303
sp|Q9DBP5|KCY_MOUSE,86,44,42,0.07978150558401637,0.4652667690270618,0.18930141260948397,0.21843559349229802,-0.08046123413610312,0.6124815632749695,1.217149823980022,0.22354721683655565,0.6693471877967303
sp|Q9DA17|TSG13_MOUSE,86,44,42,0.08158394150089664,0.45521242915223253,-0.04365768257860057,0.7784116134813743,0.22540558499121088,0.15121413945273948,-1.2206423048510997,0.22222148130805075,0.6693471877967303
sp|P16294|FA9_MOUSE,86,44,42,-0.05527786361927032,0.613199739803776,-0.2024128919553299,0.18760737426306967,0.0678254780154385,0.6695351165887161,-1.2213029565439781,0.22197133441059425,0.6693471877967303
sp|P14430|HA18_MOUSE,86,44,42,0.42975764161321156,3.637364022220092e-05,0.5399094576035376,0.00015526787415860323,0.31980691136366013,0.03896014789321232,1.2187044202558237,0.2229563996622408,0.6693471877967303
sp|P11247|PERM_MOUSE,86,44,42,0.24321501072092885,0.02404081534845001,0.1765442975702825,0.25163730493286807,0.42244185946634893,0.005321550815658163,-1.2171452319035734,0.22354896369133515,0.6693471877967303
sp|Q8CG48|SMC2_MOUSE,86,44,42,0.00788328551014478,0.942571733612873,-0.1359341480288245,0.37895632267253593,0.13687377113932842,0.3873945707788543,-1.2273029500903765,0.21970874723023726,0.6693471877967303
sp|Q9R0P3|ESTD_MOUSE,86,44,42,0.038515209592283765,0.7247786552660267,-0.09489876131939312,0.5400412109711699,0.1758408125953135,0.2653245400937741,-1.2199424806503114,0.22248668045911846,0.6693471877967303
sp|Q9JKW0|AR6P1_MOUSE,86,44,42,-0.02952200301753376,0.7872922496300754,-0.17966270346875396,0.24322479032458483,0.09203721716277652,0.5621160092623837,-1.2246806844764,0.22069555453263534,0.6693471877967303
sp|P62880|GBB2_MOUSE,86,44,42,0.06423312417471758,0.5568248166196883,-0.09560748993268209,0.537005283126622,0.17657450166038435,0.2633038420760096,-1.22652527346945,0.22000107051360884,0.6693471877967303
sp|Q60598|SRC8_MOUSE,86,44,42,0.05705184002167353,0.6018372459628005,-0.07292817430743505,0.6380323350885246,0.19662866943898757,0.21200556900460663,-1.2172974248240875,0.2234910737469905,0.6693471877967303
sp|P57716|NICA_MOUSE,86,44,42,0.23177428590115193,0.03177213497424881,0.14245445127108303,0.35629430433645787,0.3925236498129043,0.01013503261109309,-1.2131342544678794,0.22507849542211011,0.6696578047008561
sp|Q8VDQ8|SIR2_MOUSE,86,44,42,-0.37056185150093307,0.00044462565838443105,-0.28023129369445887,0.06541079218916197,-0.5073867490001073,0.0006045431498559063,1.212782281559744,0.22521307140619085,0.6696578047008561
sp|P57776|EF1D_MOUSE,86,44,42,0.2997830389964924,0.005044230633427924,0.195467351545098,0.20352784701107807,0.43793085084006683,0.0037252544176396207,-1.2144863966902315,0.22456204134377244,0.6696578047008561
tr|A0A075B5W5|A0A075B5W5_MOUSE,86,44,42,0.300067634141263,0.005000720630339019,0.4428136375829486,0.002611982011071666,0.20160145088002332,0.20044304396435156,1.2130186905720088,0.2251226746610514,0.6696578047008561
sp|Q6PHZ2|KCC2D_MOUSE,86,44,42,0.01766387198542669,0.8717598022371243,0.12551583741347663,0.4168907680821854,-0.14453674581895729,0.3611137754348106,1.2148664443484367,0.2244170337795487,0.6696578047008561
sp|E9Q3L2|PI4KA_MOUSE,86,44,42,0.20854183558304776,0.053994492430520014,0.08724449229587224,0.5733464742143651,0.34458929756160883,0.02543465619944056,-1.2152541481712018,0.2242691739698185,0.6696578047008561
sp|Q149F3|ERF3B_MOUSE,86,44,42,0.07970561354541088,0.46569275216332645,-0.06399819377999402,0.6798129168019428,0.20388403908246597,0.19528673551450462,-1.2109777214284583,0.22590394321316065,0.67076824930063
tr|Q8JZX1|Q8JZX1_MOUSE,86,44,42,-0.012692943456767407,0.9076591043237191,-0.1166567297473645,0.4507791173101113,0.15236276251304634,0.33541503037387,-1.2104467534908951,0.22610751083221237,0.67076824930063
tr|A0A0B4J1H7|A0A0B4J1H7_MOUSE,86,44,42,0.04542138510538292,0.6779433073839276,0.1860412609883547,0.22661613045995516,-0.08201013327347492,0.6056323108109506,1.2090131594087652,0.22665778977452933,0.6712574559865327
sp|Q8BPB5|FBLN3_MOUSE,86,44,42,-0.39666871278122,0.00015614772478586705,-0.31403764854834276,0.03789738081291299,-0.5336365133281976,0.00027344108542377165,1.2079812782049602,0.22705446375311455,0.6712574559865327
sp|P14106|C1QB_MOUSE,86,44,42,0.5209893585218305,2.709089791792479e-07,0.4284973195945114,0.0037088313973910286,0.6220052851656199,1.0965685991675009e-05,-1.2080585261553343,0.22702475109992237,0.6712574559865327
sp|Q64514|TPP2_MOUSE,86,44,42,-0.1632153155259217,0.1332168387761644,-0.3017766435384436,0.046501165023156314,-0.0418202767090384,0.792579740731451,-1.2054380922909438,0.22803422362107306,0.6733808782388339
sp|B2RPV6|MMRN1_MOUSE,86,44,42,-0.04396046336222733,0.6877565429651711,-0.1764734247089536,0.2518307432426849,0.09065136003986492,0.5680430130118909,-1.203707388017137,0.2287026957206555,0.674581261719001
sp|Q99KF1|TMED9_MOUSE,86,44,42,0.059708061372865516,0.5850006930743301,0.18065492352735854,0.24058850874024654,-0.08584162061328936,0.5888330712301987,1.2013456153218323,0.22961716284288736,0.676503654828873
sp|Q8BIS8|CC126_MOUSE,86,44,42,-0.25229359583911,0.019104570567296586,-0.07420388581135519,0.6321493731287803,-0.32983399525296175,0.0329118774409509,1.1995055050090027,0.2303314454899631,0.6778325395847485
sp|P06728|APOA4_MOUSE,86,44,42,-0.16110931145461949,0.13836613761930386,-0.27881383646788094,0.06684251843033795,-0.018505268641231417,0.907400166070522,-1.1976574896949748,0.23105038515965348,0.6791720796645065
sp|Q8C6G8|WDR26_MOUSE,86,44,42,0.1535580536133737,0.15807126312445946,0.03550730352577741,0.8190085152563736,0.2941277940861804,0.05866428121419781,-1.196176283031723,0.2316277740452849,0.6800929511591889
sp|O70251|EF1B_MOUSE,86,44,42,0.2924499707662374,0.006287586228994164,0.16300758105646318,0.2904050571531302,0.4068713470854009,0.007494422587520947,-1.1953918552944192,0.23193396634751107,0.6802163591626891
sp|P09411|PGK1_MOUSE,86,44,42,-0.30918416527874687,0.003771932019318785,-0.16846479137878823,0.274334687519811,-0.4110289184541357,0.006850164612034257,1.192625254868906,0.23301617050894285,0.6826127861894515
sp|Q8QZR3|EST2A_MOUSE,86,44,42,0.08113807577408941,0.45768831124069853,0.18930141260948397,0.21843559349229802,-0.07442867960107614,0.6394650314817606,1.1900170328214807,0.234039697516915,0.6847924944188146
sp|Q91VI7|RINI_MOUSE,86,44,42,-0.12772630097303167,0.24121323645802922,-0.24451137158469474,0.10968749663383003,0.016467243460479057,0.9175612315538315,-1.1893750568094779,0.23429211168270903,0.6847924944188146
sp|P0CW02|LY6C1_MOUSE / sp|P0CW03|LY6C2_MOUSE,86,44,42,-0.01690495159937184,0.8772257087738683,0.09688320143660224,0.5315615383185349,-0.16679198079277305,0.291090720801141,1.1872182187504867,0.23514155638464096,0.684942882002772
sp|P05202|AATM_MOUSE,86,44,42,0.08272232207997891,0.44892474411153244,-0.04918576576225454,0.7511973866216444,0.21309591289946664,0.17542886259181092,-1.1875970183549138,0.23499221310585539,0.684942882002772
sp|P52479|UBP10_MOUSE,86,44,42,0.06973529697361526,0.5234653580509745,0.1957508429904136,0.2028600459925007,-0.06733635197205794,0.6717836730856704,1.1880925785685166,0.23479693789794043,0.684942882002772
sp|P97372|PSME2_MOUSE,86,44,42,-0.004003305036439347,0.970818288469037,-0.12239743151500516,0.42865091646988357,0.14062373747191276,0.3743965191738252,-1.182850217652606,0.23686851426403654,0.6860927156691723
sp|O35744|CHIL3_MOUSE,86,44,42,0.28461411778022105,0.007908533859670176,0.1478407887320792,0.33820917936297373,0.39162691873337324,0.010323683901944835,-1.1837977536393383,0.23649313167182084,0.6860927156691723
sp|Q8BWY3|ERF1_MOUSE,86,44,42,0.263791239687841,0.014122235835000616,0.14380103563633206,0.35171889354216224,0.38795847340801903,0.011127059465829205,-1.1829118038185185,0.2368441030609303,0.6860927156691723
sp|Q3TYS2|CYBC1_MOUSE,86,44,42,-0.0024095722257241564,0.9824331990365843,-0.14181659551912296,0.3584741650957635,0.12154782178007068,0.4432020770216388,-1.1844359483785334,0.23624053708840098,0.6860927156691723
tr|D3YZZ5|D3YZZ5_MOUSE,86,44,42,-0.08343380994190534,0.4450196511573331,-0.20588566216044588,0.17998832567041745,0.05600493196707482,0.7246307576375791,-1.1844534702887575,0.23623360468805665,0.6860927156691723
sp|Q00612|G6PD1_MOUSE,86,44,42,-0.07759960947410867,0.47759827359601126,-0.2213359459301454,0.14877043681855343,0.03880399944152491,0.8072453816262796,-1.1797559715246477,0.23809728541232322,0.6865769157408651
sp|Q6P9Q6|FKB15_MOUSE,86,44,42,0.17463706733604722,0.10779056197069148,0.026081212969034106,0.8665430016031562,0.2824702900522769,0.06991195221106594,-1.1815150626856514,0.23739817327488788,0.6865769157408651
sp|P08680|HEM0_MOUSE,86,44,42,0.08939133497243594,0.4130768700888404,-0.03508206635780403,0.8211404998926638,0.22459037491890993,0.15273767261748,-1.178404281408023,0.23863547168468902,0.6865769157408651
sp|P01649|KV5AG_MOUSE,86,44,42,0.011886590546584126,0.9135019147128143,0.12948471764789488,0.402191942216313,-0.1327977207778237,0.4018187655062641,1.1793917843875739,0.2382422050304711,0.6865769157408651
sp|Q9QY73|TMM59_MOUSE,86,44,42,-0.058683518851691464,0.5914693106487453,-0.19603433443572918,0.2021937846101618,0.06521680578407547,0.6815598848744443,-1.179892823898595,0.23804284435358725,0.6865769157408651
sp|Q3V3G7|GRM2A_MOUSE,86,44,42,-0.2560407652452558,0.017336640452826572,-0.10078120880969157,0.5150967396480308,-0.3494805579954145,0.023292468008866227,1.1790562053632672,0.23837579584493385,0.6865769157408651
sp|Q91YQ5|RPN1_MOUSE,86,44,42,-0.06515331514280909,0.5511756324549999,0.09312693978617069,0.5476670484416538,-0.16817783791568464,0.2870431083396351,1.1766466007880008,0.23933658954479786,0.6878255782118912
sp|Q9Z1Q2|ABHGA_MOUSE,86,44,42,-0.00535038872168671,0.9610055639735047,-0.13898168106596706,0.3682598871430377,0.12252607386683181,0.4395132266861194,-1.1759465516170446,0.23961623495665396,0.6878615440505952
sp|Q9ERN0|SCAM2_MOUSE,86,44,42,-0.011473981711902777,0.9164934631065094,-0.1575503707341381,0.3070736751195016,0.1034543497496425,0.5144139380848894,-1.1744608504949865,0.24021048423319014,0.6880333669638093
sp|Q9QUM9|PSA6_MOUSE,86,44,42,0.10598323191256015,0.33144631864244933,0.24068423707293432,0.11553555808252802,-0.017200932525549908,0.9139016708387534,1.1744760076205778,0.24020441646196233,0.6880333669638093
sp|Q9CQ22|LTOR1_MOUSE,86,44,42,0.07621457976955856,0.4855162550225825,-0.012473623593885878,0.93594955047634,0.24488910571920344,0.11803513291819492,-1.1733131750840122,0.24067024077964705,0.6885843000084346
sp|P16014|SCG1_MOUSE,86,44,42,0.13261185095825978,0.22353564477978263,0.03295588051793712,0.8318192404464217,0.2866278614210117,0.06572011655049798,-1.170978335097612,0.24160748560654033,0.6885861962179937
sp|Q02257|PLAK_MOUSE,86,44,42,0.043448192101640304,0.6912099161629572,0.16378718253108104,0.2880726811446723,-0.09627630953874143,0.5441670307430656,1.1706684138503536,0.24173208617714514,0.6885861962179937
sp|Q61809|LRRN1_MOUSE,86,44,42,-0.3501753526305346,0.0009491450997105534,-0.5267979782576916,0.0002391526852813671,-0.3126330627274118,0.043821744543675,-1.1724141780445947,0.2410308099455558,0.6885861962179937
sp|Q8R0T6|AGRG3_MOUSE,86,44,42,0.3191639683553682,0.002742212485104009,0.2104923981468242,0.17022690963397671,0.44265906925941234,0.00332997696464052,-1.1706473607539631,0.2417405519926471,0.6885861962179937
sp|P22272|IL6RA_MOUSE,86,44,42,-0.04380867928501636,0.6887791019937588,0.09475701559673533,0.5406493881873702,-0.16483547661925077,0.29686753887666234,1.1686301977013411,0.24255265618422694,0.6892696527585237
tr|Q66VB7|Q66VB7_MOUSE,86,44,42,-0.06531458572484573,0.5501884272113285,-0.2241708603833013,0.14350444678213248,0.0332605709498785,0.8343656550356221,-1.1682763570333374,0.24269530900335157,0.6892696527585237
sp|P05977|MYL1_MOUSE,86,44,42,-0.14214578830807387,0.1917032787080339,0.012190132148570289,0.9374023268081664,-0.2439108536324423,0.11955741400644257,1.167394226004718,0.24305120182708329,0.6892696527585237
sp|Q5U5Q9|UIMC1_MOUSE,86,44,42,-0.4540620669766182,1.1277682314009774e-05,-0.3671214216836866,0.014231193648487607,-0.5691796724805187,8.372313108607426e-05,1.1678307144492812,0.24287505619429317,0.6892696527585237
sp|Q9CQM9|GLRX3_MOUSE,86,44,42,0.06749648183475344,0.5369168147372434,-0.07788927460045783,0.6152807960778301,0.18048751000742888,0.2526995819332072,-1.1647789931543266,0.24410846419662802,0.6907464783585903
sp|O35375|NRP2_MOUSE,86,44,42,0.20242303997048053,0.06160545547819906,0.44167967180168627,0.0026870100902900112,0.21048724066810362,0.18089889522776242,1.1652287213447525,0.24392642263244113,0.6907464783585903
sp|Q9ESB3|HRG_MOUSE,86,44,42,-0.15619530195491432,0.1509651511741328,-0.03082969467807021,0.8425279857454981,-0.28263333206673713,0.06974368505673571,1.1610607612923594,0.24561719048811193,0.6928724901365928
sp|P57759|ERP29_MOUSE,86,44,42,-0.11465389732323683,0.29318100322025753,-0.2522365134695445,0.0985731036070559,0.0018749831662921701,0.9905974921963132,-1.1609382242718604,0.24566702271639196,0.6928724901365928
sp|Q9D0K2|SCOT1_MOUSE,86,44,42,-0.08591927420623498,0.43152818095289536,0.04209847962936483,0.786136585363247,-0.21423720700068796,0.17307342966900396,1.1611918526985752,0.2455638872898407,0.6928724901365928
sp|P29391|FRIL1_MOUSE,86,44,42,0.37552329352476665,0.0003668747488573726,0.2716556774736623,0.07445657374252355,0.49140863158300874,0.0009505811479771313,-1.1591067303682623,0.24641268282306583,0.6934564571250214
sp|Q9D3G5|STX11_MOUSE,86,44,42,-0.14797998877587054,0.17391599936939706,-0.2917126972297402,0.05469170919808631,-0.041086587643967554,0.7961407742925353,-1.1593854072202014,0.24629912231583462,0.6934564571250214
sp|P84104|SRSF3_MOUSE,86,44,42,0.012806781514675635,0.9068346247923615,-0.10574230910271437,0.4945173566972512,0.15130298941905512,0.3388270848857369,-1.1561900162212804,0.2476034426106739,0.6936833773298224
sp|Q9QZL0|RIPK3_MOUSE,86,44,42,-0.022150988767976006,0.8395737600008121,0.10588405482537216,0.49393566838473774,-0.15113994740459494,0.3393539113540968,1.1560849227293826,0.24764642248969182,0.6936833773298224
sp|Q62448|IF4G2_MOUSE,86,44,42,0.16266509824603193,0.1345478770226141,0.052658535967370496,0.7342502749533036,0.301546205744119,0.05229376457967744,-1.1557408571331238,0.24778717085748436,0.6936833773298224
sp|Q9CPP6|NDUA5_MOUSE,86,44,42,-0.02611634778511261,0.8113461852716244,0.11403443387819533,0.4610906004833848,-0.1429063256743554,0.3666133129234049,1.1553454497686515,0.24794899095285317,0.6936833773298224
sp|Q8CG19|LTBP1_MOUSE,86,44,42,-0.06524818019106594,0.5505948199040183,-0.19433338576383566,0.2062144701827211,0.06171140247318142,0.69784102240395,-1.1562520117870694,0.247578090854778,0.6936833773298224
sp|P97371|PSME1_MOUSE,86,44,42,0.14709774382708177,0.17652514863178195,0.06740009112378108,0.6637759837178093,0.31442652488647393,0.04256245328355683,-1.153216201200457,0.24882165530859057,0.6936833773298224
sp|P07361|A1AG2_MOUSE,86,44,42,-0.056700839343123165,0.6040780323342555,-0.07321166575275063,0.6367230937431212,0.18244401418095116,0.24750633212592688,-1.1527914058863944,0.24899601270644567,0.6936833773298224
tr|A0A075B696|A0A075B696_MOUSE,86,44,42,-0.09495991330511341,0.3844625113543998,0.04925663862358343,0.7508503376528803,-0.20559598023429795,0.19148140033006536,1.1528473630146712,0.24897304019809574,0.6936833773298224
tr|A0A075B5V0|A0A075B5V0_MOUSE,86,44,42,-0.10063284319087344,0.35657149170876123,0.039972293789497924,0.7967032882161463,-0.21423720700068796,0.17307342966900396,1.1516701952982458,0.24945662423588955,0.6936833773298224
tr|J3QNT6|J3QNT6_MOUSE,86,44,42,-0.06687985902108387,0.5406514085087955,-0.2146030241039002,0.16184467598678504,0.03970073052105595,0.8028782702919202,-1.1521684658854232,0.24925185311829434,0.6936833773298224
sp|P70274|SEPP1_MOUSE,86,44,42,-0.05529683662892169,0.6130777250358852,0.1241692530482276,0.4219463542931157,-0.13230859473444312,0.40357024305736466,1.153013312750855,0.24890492029629974,0.6936833773298224
sp|P20060|HEXB_MOUSE,86,44,42,0.022217394301755806,0.8390992708914699,-0.09447352415141974,0.5418667316859629,0.1612485523011266,0.30764856802957596,-1.150877186794695,0.24978276433629054,0.6938410120452515
sp|Q3U487|HECD3_MOUSE,86,44,42,-0.00716231114339267,0.9478161664705405,-0.12466536307752987,0.4200797528344067,0.13084121660430142,0.4088509888689872,-1.148590327725717,0.2507249472490858,0.6957076930672369
sp|Q91Y47|FA11_MOUSE,86,44,42,0.19160842446919887,0.07717526803951293,0.0501779858208591,0.7463431445154725,0.2973886343753842,0.05579168476758123,-1.1464415406941788,0.2516125027797981,0.696669026513957
sp|Q922L6|NELFD_MOUSE,86,44,42,-0.022720179057517144,0.8355085856908011,-0.1477699158707503,0.33844338685675973,0.10720012450757407,0.4992176152113599,-1.1466255102160634,0.25153642857922986,0.696669026513957
sp|P11672|NGAL_MOUSE,86,44,42,0.46633760422105547,6.0286767614006325e-06,0.371657284808736,0.012990995691390549,0.5690166304660585,8.420518638579422e-05,-1.1432697030565708,0.25292662995014004,0.6988047984137452
sp|P35235|PTN11_MOUSE,86,44,42,-0.017474141888912977,0.8731257255523829,0.1166567297473645,0.4507791173101113,-0.13777050221885945,0.384262519766499,1.1438048599687398,0.2527045738859046,0.6988047984137452
sp|P35279|RAB6A_MOUSE,86,44,42,0.10061387018122206,0.35666263336926673,-0.026364704414349696,0.8651057099107703,0.22450885391167985,0.15289064153077198,-1.139010355920143,0.2546988348660334,0.7014433152727657
sp|P24668|MPRD_MOUSE,86,44,42,0.062136606608241045,0.5697981415302317,-0.0858979079306232,0.5793013169317549,0.16719958582892352,0.2898964335660169,-1.139566248155355,0.2544670535815956,0.7014433152727657
sp|Q8R5C5|ACTY_MOUSE,86,44,42,0.17553828529448737,0.10595732110198365,0.042807208242653806,0.7826226701622995,0.2892365336523748,0.06319338181049547,-1.1395889789841125,0.25445757900392596,0.7014433152727657
sp|Q08189|TGM3_MOUSE,86,44,42,-0.10626782705733072,0.330142150433338,-0.2145321512425713,0.16198660460167633,0.036602932246312364,0.8179889295061812,-1.1379666757849072,0.2551343976486514,0.7018921730184589
sp|Q60790|RASA3_MOUSE,86,44,42,0.028753596126653222,0.7927029520045712,-0.08660663654391217,0.5761637013888397,0.16589524971324202,0.29372933914690236,-1.1367608262636553,0.2556382836771117,0.7025278340112728
sp|O70570|PIGR_MOUSE,86,44,42,0.5294418343215165,1.5947708160697785e-07,0.6170191307293775,8.17201304820241e-06,0.435485220623164,0.003945356563866418,1.133472989484798,0.2570156778237115,0.7036678702399695
sp|Q61982|NOTC3_MOUSE,86,44,42,-0.2038175561798563,0.0597983118470837,-0.08029895188564033,0.604355656841855,-0.32119276848657174,0.038073789297531586,1.1288806490160133,0.2589481849614088,0.7036678702399695
sp|O88786|I13R2_MOUSE,86,44,42,0.06312320311011235,0.5636754269419884,0.176898661876927,0.2506716117387579,-0.07459172161553633,0.6387294734871211,1.1333762396329734,0.2570562877192505,0.7036678702399695
sp|Q60597|ODO1_MOUSE,86,44,42,0.014428973839867883,0.8950969166961577,0.15223490613447083,0.3238845250014553,-0.09855889774118406,0.5346171478958642,1.1280006562302998,0.25931964199923385,0.7036678702399695
sp|Q61081|CDC37_MOUSE,86,44,42,0.21689944633447683,0.04486078175132435,0.06243899083075828,0.6872106304648575,0.30480704603332276,0.04967557758885212,-1.1279233574849619,0.2593522884853565,0.7036678702399695
sp|Q9Z2F2|OASL2_MOUSE,86,44,42,-0.07999969519500713,0.46404325320955464,-0.17044923149599736,0.26863900477193786,0.08103188118671378,0.6099543214897116,-1.1326134164928126,0.2573766319770354,0.7036678702399695
sp|P05480|SRC_MOUSE,86,44,42,-0.07699247316526478,0.4810606037150556,-0.22792712203373286,0.13674092549871195,0.020869377850904154,0.8956316723069977,-1.130534857880672,0.2582509189284027,0.7036678702399695
sp|P08226|APOE_MOUSE,86,44,42,-0.14885274721983363,0.17136285117914796,-0.26095387541299886,0.08709476814658627,-0.014918344323107267,0.9252924008291966,-1.1275749865835374,0.2594994553787686,0.7036678702399695
sp|Q8VDP4|CCAR2_MOUSE,86,44,42,0.29710784463564904,0.005469940277103363,0.21403604121326902,0.1629826406183982,0.43760476681114646,0.0037539669182699935,-1.12603156181834,0.26015216018192266,0.7036678702399695
sp|Q9CQ48|NUDC2_MOUSE,86,44,42,0.2732777445135267,0.01090127784841612,0.40156563228953057,0.006897266026096276,0.17168324122657871,0.27696891310284083,1.1271341698499406,0.2596857582512436,0.7036678702399695
tr|Q8HWB2|Q8HWB2_MOUSE,86,44,42,0.4141143951556559,7.381790741184715e-05,0.5095050000934408,0.0004118086050100374,0.29942665955613657,0.054054300999852554,1.13186264301509,0.25769218639687075,0.7036678702399695
sp|P33587|PROC_MOUSE,86,44,42,-0.054063591001582555,0.621030459238145,-0.2172961928343983,0.1565182092159023,0.031059503754665947,0.8451886464133269,-1.1261165669672364,0.26011618248998103,0.7036678702399695
sp|P62245|RS15A_MOUSE,86,44,42,0.16959024676878245,0.11851610887535678,0.2942641202375805,0.05251300193460678,0.05029846146096822,0.7517488299979354,1.130592954922611,0.2582264541119209,0.7036678702399695
sp|Q9D7M1|GID8_MOUSE,86,44,42,-0.16205796193718805,0.1360282992835879,-0.09667058285261555,0.5324669533484507,-0.33635567583136927,0.029409944642459905,1.1311154448884897,0.2580065044260962,0.7036678702399695
sp|P61924|COPZ1_MOUSE,86,44,42,0.14155762500888136,0.19356682178766046,0.04741394422903211,0.759889211924369,0.2918452058837378,0.0607444814361022,-1.131689397827567,0.25776504043978654,0.7036678702399695
sp|O35955|PSB10_MOUSE,86,44,42,0.2370962151083616,0.027948480477712825,0.3795950452775725,0.011041785884970711,0.1473899810720106,0.351610139158539,1.1226695714786692,0.26157785578196346,0.7060408581116938
sp|Q9WUU7|CATZ_MOUSE,86,44,42,0.124728565448115,0.2525265364913217,0.00644943038092963,0.9668578403378476,0.25206295435545173,0.1073150610293013,-1.1228929204297387,0.26148297462433057,0.7060408581116938
sp|P32883|RASK_MOUSE,86,44,42,0.032529225047276115,0.766216059426162,-0.09341043123148629,0.5464434744098102,0.15546056078778991,0.3255639142442772,-1.1195398043294853,0.262909919623605,0.7088932387756889
sp|O55135|IF6_MOUSE,86,44,42,0.12411194263444543,0.25489794276734445,0.004464990263720513,0.9770521151241031,0.24912819809516834,0.11160712939468229,-1.1177654053348798,0.26366720025897195,0.7101914651326912
sp|P61622|ITA11_MOUSE,86,44,42,-0.25167697302544045,0.019409847123573323,-0.12757115039201466,0.40924111746135944,-0.360322851957017,0.019076432382088795,1.1131549706942097,0.2656418781321528,0.7131070882995744
sp|P01027|CO3_MOUSE,86,44,42,0.028658731078396366,0.7933716259128545,0.13692636808742906,0.3754537127467202,-0.11070552781846812,0.4852072081939514,1.1130036992518784,0.2657068407308061,0.7131070882995744
sp|Q99L27|GMPR2_MOUSE / sp|Q9DCZ1|GMPR1_MOUSE,86,44,42,0.16449599367738926,0.13015751310097293,0.29029524000316226,0.055933136964030974,0.04997237743204784,0.7533077307567286,1.1126532061041112,0.2658573999097442,0.7131070882995744
sp|Q99LG2|TNPO2_MOUSE,86,44,42,0.008367097256254749,0.9390537996628504,-0.12537409169081884,0.41742130787403425,0.12236303185237161,0.44012685490071746,-1.113287763190152,0.26558486021978056,0.7131070882995744
sp|P10852|4F2_MOUSE,86,44,42,0.191513559420942,0.07732461572736635,0.31658907155618304,0.036282275851114286,0.08054275514333321,0.6121202562077993,1.1048716440543107,0.2692152108777114,0.7149665336747846
sp|P15208|INSR_MOUSE,86,44,42,0.2926491873675768,0.006250519424089704,0.1766151704316114,0.2514439665253401,0.4012463975865244,0.008448791093701603,-1.1026937777509218,0.2701601698118701,0.7149665336747846
tr|Q8C084|Q8C084_MOUSE,86,44,42,-0.05463278129112369,0.6173544869611695,0.027782161640927637,0.8579257904188448,-0.21700892124651117,0.16744794662678655,1.1101038461043429,0.26695428008306754,0.7149665336747846
sp|Q9WTP7|KAD3_MOUSE,86,44,42,0.025765468647811447,0.8138348035011945,-0.1073015120519501,0.48813824796761573,0.13923788034900114,0.37916961160215734,-1.1081372629738298,0.26780254021364247,0.7149665336747846
sp|Q61699|HS105_MOUSE,86,44,42,-0.06619683067363451,0.5448030199374696,0.04004316665082682,0.796350474147904,-0.20494381217645719,0.1929248152751402,1.1085298330160853,0.26763306240514595,0.7149665336747846
sp|P04939|MUP3_MOUSE / tr|Q80YX8|Q80YX8_MOUSE,86,44,42,-0.25420986981389854,0.018182031176248184,-0.4513183809424163,0.0021056573620774283,-0.6249400414259033,9.687398698398727e-06,1.103000381324438,0.270026999555925,0.7149665336747846
sp|O70458|OSMR_MOUSE,86,44,42,-0.08020839830117221,0.4628745817522225,0.056981780508433215,0.7133267389066367,-0.18798744267259757,0.2331844080498136,1.1055851002880783,0.26890614177985317,0.7149665336747846
sp|P70704|AT8A1_MOUSE,86,44,42,0.0648782065028642,0.5528616600159034,0.2053186792698147,0.18121687156074257,-0.03864095742706472,0.8080400273252002,1.1040007553419915,0.2695928100315502,0.7149665336747846
sp|P32037|GTR3_MOUSE,86,44,42,-0.08611849080757439,0.4304569791687379,-0.1766860432929403,0.25125072801116033,0.06896677211665982,0.6642995818721328,-1.1071170253615599,0.26824333549113977,0.7149665336747846
sp|Q8BGW1|FTO_MOUSE,86,44,42,0.17255952277922207,0.11211057444895428,0.30262711787439034,0.0458572849887952,0.0648907217551551,0.6830685424501036,1.106181447145831,0.2686479914169797,0.7149665336747846
sp|O35367|KERA_MOUSE,86,44,42,0.26568854065297814,0.01341902851722027,0.13338272502098422,0.3880515825273932,0.36439890231852173,0.01766704878551282,-1.1077003300936112,0.26799125677431435,0.7149665336747846
sp|P26645|MARCS_MOUSE,86,44,42,-0.061927903502075964,0.5710973119052748,0.04847703714896557,0.7546705340071367,-0.1962210644028371,0.2129734502415176,1.1056775046393514,0.2688661300591737,0.7149665336747846
sp|Q80U22|RUSC2_MOUSE,86,44,42,-0.25281535360452273,0.018849487890971316,-0.36045937271877027,0.016234383855638395,-0.1299444855247704,0.41209749014408203,-1.1030669864924967,0.269998076207686,0.7149665336747846
sp|Q9CX56|PSMD8_MOUSE,86,44,42,-0.10388671434608361,0.34115429276221054,-0.22721839342044386,0.13799856661934667,0.014918344323107267,0.9252924008291966,-1.1005791452149587,0.2710798661745877,0.7159288773328855
sp|Q9CZR2|NALD2_MOUSE,86,44,42,0.1359700736665525,0.2119249547181987,0.24415700727805026,0.11021931841478834,0.0029347562602833966,0.9852835063433899,1.1009422477612365,0.27092179318527143,0.7159288773328855
sp|Q61990|PCBP2_MOUSE,86,44,42,0.29169105038018256,0.006430579101842842,0.20191678192602763,0.18871425763728444,0.42236033845911886,0.005331319720632359,-1.099047661928961,0.27174727708860935,0.7169561869909519
sp|Q7TSI3|PP6R1_MOUSE,86,44,42,0.08060683150385102,0.4606479637437318,-0.051453697324779245,0.7401162268060437,0.19092219893288098,0.22583574206644694,-1.09440656725256,0.27377670494155215,0.721571151713917
sp|Q9WTI7|MYO1C_MOUSE,86,44,42,-0.024038803228287452,0.8261076672697982,-0.13423319935693098,0.38500568905792554,0.10915662868109634,0.4913724701593928,-1.0937283362510113,0.27407414264319085,0.721616479863207
sp|P11438|LAMP1_MOUSE,86,44,42,0.07093059658165164,0.5163538388829383,-0.04464990263720513,0.7735066357781708,0.19719931648959824,0.21065567788375475,-1.0930797429428605,0.27435878922027446,0.7216280717489343
sp|O08663|MAP2_MOUSE,86,44,42,0.16867005580069097,0.12055736347607074,0.038554836562919984,0.8037678904938604,0.27537796242325874,0.07754697494616075,-1.0913066318581695,0.2751379805701303,0.7222021406402502
sp|O88307|SORL_MOUSE,86,44,42,-0.14485892868821995,0.183274595268183,-0.02905787314484778,0.8514735166140004,-0.2666552146496386,0.08781583871611394,1.0917250675848287,0.27495396350077805,0.7222021406402502
sp|Q9JI39|ABCBA_MOUSE,86,44,42,0.046607198208593624,0.6700171869993827,-0.0620137536627849,0.6892332438025898,0.17926469489897748,0.25598218655759103,-1.0878034703174535,0.2766818771948846,0.7235138459383549
sp|Q8VD58|EVI2B_MOUSE,86,44,42,-0.10245425211740508,0.3478890746680626,-0.08270862917082283,0.5935152925188995,-0.3150786929443147,0.04211189218514957,1.0876229224518856,0.27676160708709885,0.7235138459383549
tr|A0A075B5V3|A0A075B5V3_MOUSE,86,44,42,0.011829671517630013,0.9139145256042498,0.12296441440563635,0.42649898696275435,-0.11934675458485813,0.4515638899082203,1.0886611444883334,0.27630334234257803,0.7235138459383549
sp|Q8CG16|C1RA_MOUSE,86,44,42,0.22123477903981517,0.04065164633146824,0.37243688628335386,0.012787396033383733,0.14690085502863,0.35322841491184415,1.087632333620133,0.2767574507307441,0.7235138459383549
sp|Q99N57|RAF1_MOUSE / sp|P04627|ARAF_MOUSE,86,44,42,-0.0027700594091002117,0.979805610252111,0.10843547783321246,0.48352591057333233,-0.133042283799514,0.40094467458256017,1.0850445524856585,0.27790192330252683,0.725758065419885
sp|O70370|CATS_MOUSE,86,44,42,0.41317523117791305,7.69374951132993e-05,0.3534429594472095,0.018597277707278728,0.5454570593765613,0.000187193183832877,-1.0842368276949763,0.2782598067378632,0.7259564360182349
sp|Q99JW4|LIMS1_MOUSE,86,44,42,0.04268927171558545,0.6963376236902615,-0.09007940674902812,0.5609022831144054,0.14967256927445322,0.3441180682315298,-1.0780278886704735,0.28102131047165946,0.7265709024152105
sp|P62806|H4_MOUSE,86,44,42,0.30742916188599506,0.003985065409044947,0.22112332734615872,0.14917104160854275,0.43475153155809315,0.004013563682572559,-1.0770182825040906,0.28147209806200946,0.7265709024152105
sp|Q9D1G1|RAB1B_MOUSE,86,44,42,0.07045627134036736,0.5191699719654482,-0.05797400056703777,0.708553160127473,0.18146576209419002,0.25009390080217986,-1.0798488150482664,0.2802095093908047,0.7265709024152105
sp|Q8BMP6|GCP60_MOUSE,86,44,42,-0.2035614205495628,0.06012695986456723,-0.12530321882948994,0.41768672151627706,-0.3522522722412377,0.022146923240040778,1.0821310116998453,0.2791943176413705,0.7265709024152105
sp|P54751|SIA4A_MOUSE,86,44,42,0.25484546563721944,0.0178846223555962,0.39462009187929864,0.008030322414762337,0.17347670338564078,0.2719054228965173,1.0819701781136999,0.2792657793745803,0.7265709024152105
sp|P19221|THRB_MOUSE,86,44,42,-0.09895373183672708,0.36469327959308917,-0.1857577695430391,0.22733730094104918,0.05249952865618076,0.7412520063650299,-1.07515687123947,0.28230450102745464,0.7265709024152105
sp|Q8C341|SUCO_MOUSE,86,44,42,-0.09422945243353562,0.3881466443021398,0.046917834199729835,0.7623282207375319,-0.1919819720268722,0.22322157280935873,1.0789969388684655,0.2805890922709874,0.7265709024152105
sp|Q9ER41|TOR1B_MOUSE,86,44,42,0.027700594091002114,0.80013351773609,0.1410369940445051,0.3611493899804151,-0.09880346076287436,0.5335987930482191,1.0779411447414413,0.2810600222449171,0.7265709024152105
sp|Q9ESX5|DKC1_MOUSE,86,44,42,0.06295244602325001,0.5647328961871898,0.17937921202343837,0.24398159345485118,-0.05902120923458831,0.7104276868618656,1.0749043853306544,0.2824175384189741,0.7265709024152105
sp|P19783|COX41_MOUSE,86,44,42,0.09753075611287422,0.3716642509040686,-0.0033310244824581604,0.982879140445562,0.2338022487359106,0.13616468068477083,-1.079856997025429,0.2802058653203038,0.7265709024152105
sp|Q9R0Q7|TEBP_MOUSE,86,44,42,0.024560560993700162,0.8223945506498976,-0.09376479553813077,0.5449158448258082,0.1456780399201786,0.3572938825550072,-1.0763880607429785,0.28175373972077844,0.7265709024152105
sp|Q9WV55|VAPA_MOUSE,86,44,42,-0.012000428604492354,0.9126767617198408,-0.1146014167688265,0.45885038838349085,0.12497170408373463,0.43036568840963885,-1.076265762140493,0.2818084162454906,0.7265709024152105
sp|P62700|YPEL5_MOUSE,86,44,42,-0.06152947029939716,0.5735813836941599,-0.1501795931559328,0.3305366596405424,0.08885789788080284,0.5757556602431724,-1.0748416699712915,0.2824456207058741,0.7265709024152105
sp|P35564|CALX_MOUSE,86,44,42,0.02170512304116878,0.8427610903127885,-0.08766972946384563,0.5714718274657501,0.1526888465419667,0.33436946498324255,-1.0809694908594198,0.2797106851193343,0.7265709024152105
sp|Q8C3K6|SC5A1_MOUSE,86,44,42,-0.25129751283241303,0.019599782294684027,-0.13338272502098422,0.3880515825273932,-0.3578772217401142,0.01996657373941104,1.0741704190362877,0.2827463077697908,0.726618505496219
sp|P35282|RAB21_MOUSE,86,44,42,-0.023289369347058286,0.831447722154641,-0.13912342678862488,0.36776682925904364,0.09839585572672388,0.5352965747454731,-1.067374666760478,0.2858026833459869,0.7315525940516067
sp|Q6ZPJ3|UBE2O_MOUSE,86,44,42,-0.05755462477743487,0.5986339010022961,-0.20085368900609418,0.19110176167502463,0.03546163814509104,0.8235727635113721,-1.0689467330166869,0.285093672275034,0.7315525940516067
tr|Q3UTA4|Q3UTA4_MOUSE / tr|Q3TQZ4|Q3TQZ4_MOUSE / tr|A0A1Y7VJE9|A0A1Y7VJE9_MOUSE / tr|J3QP87|J3QP87_MOUSE / tr|A0A1Y7VK80|A0A1Y7VK80_MOUSE / tr|Q8BX20|Q8BX20_MOUSE,86,44,42,-0.0818116176167131,0.4539510109064648,-0.21630397277579375,0.15846547749924414,0.01907591569184208,0.9045576082015546,-1.0678520111163738,0.28558727237888226,0.7315525940516067
sp|Q6ZQK0|CNDD3_MOUSE,86,44,42,-0.008888855021667459,0.9352612598964343,-0.10595492768670106,0.49364495661132085,0.13173794768383246,0.4056191809022253,-1.0678903665768862,0.2855699684926619,0.7315525940516067
sp|P54775|PRS6B_MOUSE,86,44,42,-0.0675913468830103,0.5363433944862186,-0.1979479016916094,0.19773670281044967,0.03766270534030359,0.8128118763837162,-1.0652713589128726,0.2867531497718797,0.7324017384915852
sp|P83510|TNIK_MOUSE,86,44,42,-0.020301120326967303,0.8528140923388217,-0.16095226807792515,0.2966125875322924,0.07565149470952756,0.6339567033521791,-1.0647530192775359,0.28698771034485804,0.7324017384915852
sp|Q9CWI3|BCCIP_MOUSE,86,44,42,0.12792551757437107,0.24047402630223388,0.0019844401172091166,0.9897998522856629,0.23575875290943285,0.132823654595503,-1.0653501811658515,0.2867174922369069,0.7324017384915852
sp|Q99JX4|EIF3M_MOUSE,86,44,42,0.15295091730452984,0.1597418699798147,0.03245977048863484,0.8343153322001041,0.26331285335320476,0.0920190199399213,-1.0604303437055007,0.2889488637320127,0.7352206759979572
sp|P48962|ADT1_MOUSE,86,44,42,0.056254973616315936,0.6069297287567565,-0.05280028169002829,0.7335611372477159,0.18236249317372105,0.24772127159852647,-1.060793505180987,0.2887837544793209,0.7352206759979572
sp|O09061|PSB1_MOUSE,86,44,42,0.14473560412548606,0.18365176863770058,0.2599616553543943,0.08834622189927059,0.028695394544993213,0.8568446758721222,1.0611923365836253,0.28860250137209187,0.7352206759979572
sp|Q9D9K3|AVEN_MOUSE,86,44,42,-0.01737927684065612,0.8738088267700945,-0.10319088609487408,0.5050478100823227,0.13239011574167323,0.40327802515212313,-1.0583638519294807,0.2898895928367692,0.7368861811990924
tr|A0A075B674|A0A075B674_MOUSE,86,44,42,0.18067048440518332,0.09597632302091959,0.2790973279131965,0.06655420187720296,0.05037998246819831,0.7513592567337265,1.0563469478371277,0.29080973431020707,0.7377685377820524
tr|A0A140T8N4|A0A140T8N4_MOUSE,86,44,42,0.23462972385368333,0.029669185636356565,0.279451692219841,0.06619519511800437,0.05070606649711869,0.7498015740671641,1.0566036643160823,0.2906925074665102,0.7377685377820524
sp|Q9Z2I9|SUCB1_MOUSE,86,44,42,0.13379766406147048,0.21938585960052323,0.013961953681792715,0.9283259542000157,0.24464454269751315,0.11841432483234883,-1.0539566241756195,0.2919027765001527,0.7391872063532321
sp|P17563|SBP1_MOUSE / sp|Q63836|SBP2_MOUSE,86,44,42,0.2110462728570288,0.05111016363326084,0.32530643349963734,0.03118488684628622,0.10149365400146747,0.5224595123278127,1.0538686371415686,0.2919430636354319,0.7391872063532321
sp|Q64237|DOPO_MOUSE,86,44,42,-0.47551105438749347,3.715321269519289e-06,-0.4130470358248119,0.005326530610521003,-0.5880925461579006,4.211658371137143e-05,1.0527051372026717,0.29247615346748856,0.7398095237512604
sp|Q9Z1X4|ILF3_MOUSE,86,44,42,-0.072609707935798,0.5064475973217816,-0.17129970583194412,0.2662221327739715,0.06195596549487171,0.6967006751985835,-1.0508057750616535,0.2933478028746901,0.7400737870394399
sp|Q9CQA3|SDHB_MOUSE,86,44,42,0.07477263103605433,0.4938331872370156,0.205106060685828,0.18167911920096522,-0.026901932385931134,0.865707396311658,1.0504692643759024,0.2935024149056551,0.7400737870394399
sp|P26039|TLN1_MOUSE,86,44,42,0.08695330323223471,0.42598464935672636,-0.024805501465113962,0.8730160138679318,0.20738944239336002,0.18755145557520644,-1.051752344761741,0.29291318837605695,0.7400737870394399
sp|Q9D7G0|PRPS1_MOUSE / tr|G3UXL2|G3UXL2_MOUSE,86,44,42,0.07406114317412792,0.4979643512833083,-0.03451508346717285,0.8239851255589724,0.1976884425329788,0.2095033982690675,-1.049973587491274,0.2937302564482748,0.7400737870394399
sp|Q91YW3|DNJC3_MOUSE,86,44,42,-0.058275599144186986,0.5940537305607607,0.04805179998099218,0.7567567245767698,-0.18448203936170351,0.24217363734845268,1.0493159726486865,0.29403271703626777,0.7401116777794619
sp|Q91ZX7|LRP1_MOUSE,86,44,42,-0.30101628462383156,0.0048580840012123865,-0.3851940013225554,0.009822526372973508,-0.1705419471253574,0.28022310610335416,-1.0457931317944105,0.29565655287604764,0.7402235087951367
sp|Q62093|SRSF2_MOUSE,86,44,42,0.09072893215285761,0.4060929262534965,-0.01360758937514823,0.9301405466370203,0.21692740023928106,0.16761149252362872,-1.0463223651322038,0.29541222290092606,0.7402235087951367
sp|Q8R1U2|CGRE1_MOUSE,86,44,42,-0.39800630996164166,0.00014764513395709315,-0.5229708437459312,0.000270397250118179,-0.3332578775566257,0.031032851661367312,-1.0458469068255267,0.2956317205035458,0.7402235087951367
sp|Q8BJ48|NAGPA_MOUSE,86,44,42,0.10753901870397259,0.3243567635351904,0.23671535683851608,0.12184663926971993,0.007581453672398775,0.9619941536121058,1.0448562698390522,0.2960894035180547,0.7402235087951367
sp|P15105|GLNA_MOUSE,86,44,42,0.05954679079082886,0.5860167575285105,0.19312854712124441,0.2090960992836411,-0.03831487339814434,0.8096298896075306,1.0457885512542089,0.2956586681542558,0.7402235087951367
tr|A0A0B4J1J7|A0A0B4J1J7_MOUSE,86,44,42,0.03792704629309125,0.7288174665031082,0.16818129993347264,0.2751547974029704,-0.06383094866116387,0.6879800692196059,1.044866437305838,0.2960847036515015,0.7402235087951367
sp|Q99PI5|LPIN2_MOUSE / sp|Q91ZP3|LPIN1_MOUSE,86,44,42,-0.009562396864291141,0.9303675803626057,-0.10347437754018966,0.5038721646858619,0.12945535948138984,0.4138744884927788,-1.0462955917427503,0.29542458006363725,0.7402235087951367
sp|P09813|APOA2_MOUSE,86,44,42,-0.19917865532009602,0.06598192564796611,-0.317297800169472,0.03584380879760089,-0.09505349443029001,0.549316372233046,-1.043015144910307,0.29694127853094354,0.7416331641291752
sp|P41105|RL28_MOUSE,86,44,42,0.08693433022258334,0.42608599660141777,-0.013536716513819333,0.930503507426156,0.21594914815251995,0.16958305177168778,-1.0414169946043927,0.29768205851912466,0.7427628882623508
sp|Q3TBD2|HMHA1_MOUSE,86,44,42,0.15962941670181252,0.14207369160605726,0.04911489290092564,0.751544484102772,0.2743181893292675,0.07874187561375726,-1.0388789216069465,0.29886105060934254,0.7433959593406063
sp|P49710|HCLS1_MOUSE,86,44,42,0.20290685171659048,0.060973523380044005,0.0930560669248418,0.5479731458229068,0.31442652488647393,0.04256245328355683,-1.037765449193681,0.2993792659558092,0.7433959593406063
sp|Q91WS0|CISD1_MOUSE,86,44,42,0.009723667446327798,0.9291962309136489,-0.1026947760655718,0.5071085360024435,0.12880319142354907,0.4162505913174816,-1.0398076482008303,0.2984292750942149,0.7433959593406063
sp|P13020|GELS_MOUSE,86,44,42,-0.3822492254461778,0.0002813297980618601,-0.28476715681950826,0.06099237551008256,-0.4817891527298576,0.0012354311215598194,1.0392201595278598,0.29870235679921786,0.7433959593406063
tr|A0A075B5L3|A0A075B5L3_MOUSE,86,44,42,0.0533710761493075,0.6255154454465371,0.1670473341522103,0.27845135125320986,-0.06342334362501341,0.6898725076898489,1.0378205225549908,0.2993536204679287,0.7433959593406063
tr|A0A075B5S3|A0A075B5S3_MOUSE,86,44,42,0.3234423820317524,0.0023840099093457036,0.4749899166262679,0.0011220508017848818,0.2772529455895509,0.07546776787136758,1.0362754342258425,0.3000736633428852,0.7439874053000886
sp|E9Q394|AKP13_MOUSE,86,44,42,0.028084930019089023,0.7974193333750712,-0.06803794687574115,0.6607852471440318,0.16214528338065767,0.30493023724938534,-1.0360146532119243,0.30019530644923964,0.7439874053000886
sp|Q9JL99|CLC1B_MOUSE,86,44,42,-0.040735051721494206,0.7096038655061392,-0.15450283769699552,0.31664252280398414,0.07556997370229747,0.634323323171366,-1.0348170085559811,0.30075437818883555,0.7446562729194727
sp|P55066|NCAN_MOUSE,86,44,42,-0.41266295991732604,7.869024381352115e-05,-0.5140408632184902,0.00035809800266735684,-0.3249427348191561,0.03575780112740102,-1.0329325193501613,0.3016354791595649,0.7448536910369098
sp|Q9Z0X1|AIFM1_MOUSE,86,44,42,0.0765181479239805,0.4837748591569764,0.21892626864496292,0.15335718421996913,-0.007826016694089057,0.9607690945608218,1.0298534179109975,0.3030788204387881,0.7448536910369098
sp|Q80TL0|PPM1E_MOUSE,86,44,42,0.2328557474512801,0.030961358672352602,0.12261005009899185,0.4278432305978456,0.3390458690699624,0.028058148543550702,-1.027304186985538,0.30427725144020434,0.7448536910369098
sp|P22777|PAI1_MOUSE,86,44,42,0.4420521518673002,2.034118520936275e-05,0.3456469447010308,0.02155638206121933,0.5305387150534541,0.0003012988009947812,-1.0300716893287583,0.3029763538747844,0.7448536910369098
sp|Q8BMD8|SCMC1_MOUSE,86,44,42,0.1532355124493004,0.1589571477093171,0.04188586104537814,0.7871915826397531,0.2655139205484173,0.08923398561195926,-1.028810236098353,0.303568855725316,0.7448536910369098
sp|Q8CGU1|CACO1_MOUSE,86,44,42,-0.036342799987201746,0.739732749780923,-0.15903870082204494,0.3024683301164258,0.07035262923957142,0.6579632888982825,-1.032156383416924,0.3019988639507035,0.7448536910369098
sp|Q06770|CBG_MOUSE,86,44,42,0.11359140878276004,0.29770666592114214,0.1907897426973908,0.21476983924015453,0.3999420614708429,0.008684450895418283,-1.0301624293367373,0.30293376315297793,0.7448536910369098
sp|Q01730|RSU1_MOUSE,86,44,42,0.06769569843609284,0.5357129819562775,-0.03408984629919947,0.8261200603168414,0.19418303922208474,0.21785887613331184,-1.0317727923126943,0.3021785678234916,0.7448536910369098
sp|Q6S5C2|GNPTG_MOUSE,86,44,42,-0.011298427247391616,0.917766644829181,0.1144596710461687,0.4594098895767518,-0.11567830925950388,0.46568898647208246,1.0334645915819258,0.30138653259463455,0.7448536910369098
sp|Q8CBE3|WDR37_MOUSE,86,44,42,-0.027302160888323317,0.8029497612541623,-0.14720293298011913,0.34032065787746235,0.08135796521563417,0.6085121869881532,-1.0274578702738608,0.30420491365035063,0.7448536910369098
sp|Q60963|PAFA_MOUSE,86,44,42,0.13086633407033363,0.22974393951347485,0.24862199754177078,0.10366032511794195,0.024293260154568116,0.8786273935373943,1.0266846425186948,0.3045689830868451,0.7448536910369098
tr|E9Q6R7|E9Q6R7_MOUSE,86,44,42,-0.0990011643608555,0.3644623042963407,-0.002409677285182499,0.9876142606327772,-0.22858490427318456,0.14537870755015495,1.029549137741391,0.3032217018757699,0.7448536910369098
sp|Q64727|VINC_MOUSE,86,44,42,0.21047708256748765,0.0517543123129,0.13777684242337582,0.37246687107481063,0.35249683526292797,0.02204814893349658,-1.0266303897671958,0.3045945385094625,0.7448536910369098
sp|P07758|A1AT1_MOUSE,86,44,42,-0.2500358076905968,0.020242822071701073,-0.443238874750922,0.0025843258721160766,-0.2421173914733802,0.12238661720639685,-1.0248374302175873,0.3054399018641347,0.7462122839659838
sp|O88312|AGR2_MOUSE,86,44,42,0.03878083172740296,0.7229571304567256,0.17533945892769126,0.2549393500660045,-0.05135823455495944,0.7466891572085769,1.0218931098133401,0.30683149391827247,0.7487402556890285
sp|Q61753|SERA_MOUSE,86,44,42,-0.06844513231732201,0.5311962704156897,0.04131887815474697,0.7900067447622755,-0.18497116540508407,0.24090544929002322,1.0214185126973685,0.3070561980612093,0.7487402556890285
sp|Q922Q8|LRC59_MOUSE,86,44,42,0.06939411014681175,0.5255042873417289,-0.03802462996552932,0.8064144462062014,0.1874167956219869,0.23463203889914772,-1.01799400868348,0.30868080334748327,0.7505694698959108
sp|Q8K021|SCAM1_MOUSE,86,44,42,-0.1232676437049594,0.2581695431212016,-0.2072322465256949,0.17709445851731445,0.017690058568930474,0.9114629341766314,-1.0191922176261352,0.30811172059554004,0.7505694698959108
sp|P22599|A1AT2_MOUSE,86,44,42,-0.20096211822732493,0.06354601699303891,-0.3460013090076753,0.021413792768589596,-0.13230859473444312,0.40357024305736466,-1.0184574723023603,0.30846060147933096,0.7505694698959108
sp|O09043|NAPSA_MOUSE,86,44,42,0.39770274180721976,0.0001495363677584248,0.4444437133935133,0.0025073625844455605,0.607413024871433,1.9940981532534004e-05,-1.0151115536557112,0.31005265479863087,0.7517755048083564
sp|O88186|GPIX_MOUSE,86,44,42,0.13379766406147048,0.21938585960052323,0.03005009320345234,0.8464616757025271,0.2516553493193013,0.10790354360153101,-1.015394756825806,0.30991769138677183,0.7517755048083564
sp|Q6P4T2|U520_MOUSE,86,44,42,0.15261888963563083,0.16066101119335005,0.03508206635780403,0.8211404998926638,0.25638356773864673,0.10122653984230844,-1.015470946436416,0.30988138906067664,0.7517755048083564
sp|P67778|PHB1_MOUSE,86,44,42,-0.11098261995569648,0.30901225957775325,-0.2171544471117405,0.1567953144833237,0.0059510335277968875,0.9701632857920951,-1.0131537146991105,0.3109867447327782,0.7528545000128607
sp|Q9WTM5|RUVB2_MOUSE,86,44,42,0.15163229313375953,0.16341532526262117,0.01878130825215771,0.9036869185608801,0.24040545032154825,0.12513388196891664,-1.012268439355921,0.31140972076003637,0.7528545000128607
sp|O08759|UBE3A_MOUSE,86,44,42,0.15675500573962978,0.14948826324441303,0.26683632290329734,0.07995634393068345,0.04711914217899454,0.7669887683855806,1.0117300478528877,0.31166714447134347,0.7528545000128607
sp|Q9CPQ1|COX6C_MOUSE,86,44,42,0.30552237441603225,0.004228743153658695,0.19886924888888508,0.19561559398692,0.4036920278034272,0.00802172521564205,-1.0126088139474174,0.31124704818931503,0.7528545000128607
sp|Q9CWK8|SNX2_MOUSE,86,44,42,0.33031061152554886,0.0018962132957058148,0.23225036657479556,0.12925323313516254,0.43230590134119035,0.004248410969806851,-1.0111123584573456,0.3119626560317311,0.7528620799266238
sp|D7PDD4|G6B_MOUSE,86,44,42,-0.02707448477250686,0.8045601747040025,-0.14351754419101648,0.35267914475965545,0.08103188118671378,0.6099543214897116,-1.0091582748948518,0.31289873380874456,0.7537083625421116
sp|O88322|NID2_MOUSE,86,44,42,0.027785972634433286,0.7995303675123205,0.17300065450383764,0.26143177705146603,-0.05095062951880897,0.7486339554825399,1.0092827318372004,0.31283905926976574,0.7537083625421116
sp|Q8R422|CD109_MOUSE,86,44,42,-0.47209591265024664,4.456255539977007e-06,-0.38795804291438235,0.009264506049711433,-0.5614351767936598,0.00010960932061459228,1.0082966666437445,0.3133120627711482,0.7538879345768816
sp|Q5XPI3|RN123_MOUSE,86,44,42,-0.21694687885860525,0.04481284899553051,-0.33473252405638065,0.02635454385822976,-0.12211846883068134,0.4410481829805548,-1.0077826302060993,0.3135588263812972,0.7538879345768816
sp|Q3U308|CTU2_MOUSE,86,44,42,0.010681804433722047,0.922240227085204,0.15053395746257728,0.3293837032254761,-0.073450427514315,0.6438855227748184,1.007121731192334,0.31387627937296925,0.7539472195759289
sp|Q8VIK5|PEAR1_MOUSE,86,44,42,-0.002039598537522416,0.9851301292542586,0.1312565391811173,0.39572795746178446,-0.09114048608324549,0.5659478480240676,0.9988179459778779,0.31788289089315147,0.7553955238240722
sp|Q5SSH7|ZZEF1_MOUSE,86,44,42,0.01120356219913476,0.9184547253894318,-0.09255995689553952,0.5501181062288621,0.13035209056092087,0.41061998866944266,-1.0011040815979177,0.316776491975889,0.7553955238240722
sp|Q9CWH6|PSMA8_MOUSE,86,44,42,0.08375635110597865,0.4432556284396525,0.2073739922483527,0.17679179555649202,-0.013614008207425756,0.9318081564964579,1.0016269371116915,0.31652380603751185,0.7553955238240722
tr|A0A075B693|A0A075B693_MOUSE,86,44,42,-0.19669772573723862,0.06949554984915304,-0.0939750966692813,0.5440102249221841,-0.30811782438191154,0.04712651655637228,1.002389813914011,0.3161553597988741,0.7553955238240722
sp|Q8VIB3|SIA10_MOUSE,86,44,42,-0.09922884047667196,0.36335487308180486,0.0262229586916919,0.8658243022961839,-0.19507977030161577,0.21569982860272144,1.0007366993741766,0.3169541198240533,0.7553955238240722
sp|Q9QXA5|LSM4_MOUSE,86,44,42,0.19799284221688532,0.06764297064044222,0.10234041175892732,0.5085830850583551,0.31613846603830587,0.04138801437298056,-1.0043556617463194,0.31520721320896683,0.7553955238240722
sp|P10639|THIO_MOUSE,86,44,42,0.2574068219401546,0.016728137796279605,0.16066877663260956,0.2974754610519013,0.36741517958603526,0.01668152377728334,-0.998577274022859,0.31799951371856083,0.7553955238240722
sp|Q9QUG9|GRP2_MOUSE,86,44,42,0.11870463488380462,0.2763447352672262,-0.0031184058984714694,0.9839718147497446,0.21733500527543154,0.16679491606603633,-1.0013367219909368,0.31666404504503476,0.7553955238240722
tr|A0A075B5R0|A0A075B5R0_MOUSE,86,44,42,0.036504070569238406,0.738619214701283,0.14472238283360772,0.3486091134831391,-0.07777104089751001,0.6244551302443169,0.9999881775034091,0.3173162292928663,0.7553955238240722
sp|Q61166|MARE1_MOUSE,86,44,42,0.14989626275065904,0.16834647417350873,0.048335291426307776,0.7553657400382751,0.2658400045773377,0.08882700267057268,-1.0014861763312242,0.31659181998105823,0.7553955238240722
sp|Q00897|A1AT4_MOUSE,86,44,42,-0.23373799240006887,0.030312917976931558,-0.3531594680018939,0.01869854063045432,-0.14347697272496607,0.3646827877637396,-1.004016073720459,0.31537086602577513,0.7553955238240722
sp|Q8C8T8|TSR2_MOUSE,86,44,42,0.08176418509258467,0.45421364662665153,0.1817888893086209,0.23759945146276518,-0.03953768850659576,0.8036718543956167,0.9987200215005686,0.3179303389440753,0.7553955238240722
tr|A0A140T8N8|A0A140T8N8_MOUSE,86,44,42,-0.07919334228482386,0.46857369678866834,0.01835607108418433,0.9058576973730351,-0.20160145088002332,0.20044304396435156,0.9958990628117466,0.31929919072442003,0.7577837936547296
sp|Q6ZWZ2|UB2R2_MOUSE,86,44,42,-0.08114756227891509,0.45763555573650094,-0.18632475243367028,0.22589653421698813,0.033505133971568776,0.8331649234818801,-0.9927037121633665,0.32085436536573086,0.7607734722069586
sp|O54984|GET3_MOUSE,86,44,42,0.09250290855526083,0.39693814678194117,-0.022537569902589254,0.8845435829756996,0.19662866943898757,0.21200556900460663,-0.9914514172103159,0.3214652039910244,0.7608206804015514
sp|Q8K2C7|OS9_MOUSE,86,44,42,0.1403338658863679,0.19748598708433296,0.05081584157281917,0.74322766209619,0.266084567599028,0.08852271064986324,-0.9915455626395603,0.3214192557886856,0.7608206804015514
sp|Q9EPK6|SIL1_MOUSE,86,44,42,0.11587765644575028,0.288024888033081,0.035861667832421895,0.8172328453233568,0.25181839133376144,0.10766785640806675,-0.9901626411703005,0.3220946295563093,0.7611716602453844
sp|Q68FF6|GIT1_MOUSE,86,44,42,-0.0926546926324718,0.3961605710161087,-0.21772143000237168,0.15568904112817528,0.0001630420144601887,0.9991823725591032,-0.9899374303967021,0.3222047027834831,0.7611716602453844
sp|Q8CIZ8|VWF_MOUSE,86,44,42,0.04581981830806172,0.6752761711494422,0.15131355893719517,0.3268560508390256,-0.06823308305158897,0.6676634927771123,0.9872452804116119,0.3235224087649201,0.7630162767387332
sp|P19253|RL13A_MOUSE,86,44,42,0.12421629418752797,0.25449556249955924,0.013961953681792715,0.9283259542000157,0.2305414084467068,0.14187111314382783,-0.9871315254861509,0.3235781647373579,0.7630162767387332
sp|Q8CG14|CS1A_MOUSE,86,44,42,-0.021752555565297208,0.842421891411899,0.08774060232517453,0.5711596597653413,-0.13108577962599172,0.40796812793139176,0.9827185793319351,0.3257459639652507,0.7630920332428256
sp|P06745|G6PI_MOUSE,86,44,42,-0.013309566270436975,0.9031943644385606,0.09121337253029048,0.5559601504405552,-0.12741733430063748,0.42132544030020674,0.981690424482147,0.32625238422163005,0.7630920332428256
sp|Q8BHN3|GANAB_MOUSE,86,44,42,0.12329610321943647,0.2580588009898522,0.006165938935614041,0.9683138832452934,0.2222262657092372,0.15721940826671263,-0.9828059463552752,0.32570295469331534,0.7630920332428256
sp|Q9Z1K5|ARI1_MOUSE,86,44,42,0.24981761807960606,0.02035583803194386,0.17937921202343837,0.24398159345485118,0.38143679282961146,0.012687412911601234,-0.985345410586656,0.32445443413796393,0.7630920332428256
sp|O35326|SRSF5_MOUSE,86,44,42,0.45460279775168233,1.0976351059469075e-05,0.38264257831471504,0.010362992409686647,0.55295699204173,0.00014610055317592076,-0.9812322797845704,0.326478209257519,0.7630920332428256
sp|Q8VE88|F1142_MOUSE,86,44,42,-0.022625314009260288,0.8361858181795634,-0.14472238283360772,0.3486091134831391,0.07426563758661596,0.6402009306328178,-0.9842253303691912,0.32500473388109374,0.7630920332428256
sp|Q921V5|MGAT2_MOUSE,86,44,42,-0.2878110699064771,0.007207446885548596,-0.17066185007998405,0.2680334299665221,-0.3728770870704516,0.0150148925848092,0.9809352780090824,0.3266246592575477,0.7630920332428256
sp|Q99J56|DERL1_MOUSE,86,44,42,0.036134096881036665,0.7411745905314369,-0.06491954097726968,0.6754554099109213,0.15179211546243568,0.33724963690826715,-0.9745551302982577,0.3297809798503696,0.7630920332428256
sp|P97449|AMPN_MOUSE,86,44,42,0.16696248493206753,0.1244167228943499,0.07080198846756813,0.6478861215810955,0.2814920379655158,0.07092829553781982,-0.9763248097579038,0.3289035291372454,0.7630920332428256
sp|Q8R4Y4|STAB1_MOUSE,86,44,42,-0.182008081585605,0.09350038512739726,-0.05202068021541042,0.7373539410959766,-0.26478023148334645,0.0901549782147127,0.9798714351272283,0.32714958471479105,0.7630920332428256
sp|O55022|PGRC1_MOUSE,86,44,42,0.0031210600876505805,0.9772473750339626,-0.10141906456165165,0.5124270254033484,0.11616743530288445,0.46379211000798015,-0.9766918405986832,0.3287217358473369,0.7630920332428256
sp|Q9D6N5|NC2A_MOUSE,86,44,42,0.20910726902407356,0.05333189610801173,0.09610359996198437,0.5348850656586506,0.30676355020684504,0.04815611258338235,-0.9861004677953092,0.32408381412656695,0.7630920332428256
sp|Q922B2|SYDC_MOUSE,86,44,42,0.21580849827952298,0.04597500746089431,0.12813813328264584,0.4071451244494446,0.3335839615855461,0.030858612506695512,-0.9746617567468022,0.32972806894705853,0.7630920332428256
sp|Q91V41|RAB14_MOUSE,86,44,42,0.021847420613554065,0.8417435798020878,-0.08540179790132092,0.5815022360416249,0.133042283799514,0.40094467458256017,-0.9810857206320022,0.3265504714649885,0.7630920332428256
sp|Q91WP0|MASP2_MOUSE,86,44,42,-0.11729114566477744,0.28214456185589903,-0.2170835742504116,0.15693400146526248,-0.0026086722313630193,0.9869185225508046,-0.9745526410145953,0.32978221516536277,0.7630920332428256
sp|P63254|CRIP1_MOUSE,86,44,42,0.015690678981684074,0.885983024262123,0.10652191057733224,0.4913224440389669,-0.11127617486907879,0.48294599767614826,0.9776005850584338,0.3282719078788383,0.7630920332428256
sp|Q6PEB6|PHOCN_MOUSE,86,44,42,0.1016478992072218,0.3517164393617773,0.1979479016916094,0.19773670281044967,-0.017363974540010096,0.913088670862895,0.9744491688429506,0.32983356621330673,0.7630920332428256
sp|P16056|MET_MOUSE,86,44,42,-0.024636453032305647,0.8218547841510956,0.16874828282410384,0.27351618849700204,-0.04989085642481774,0.7536976074233328,0.984949626116594,0.3246488152304209,0.7630920332428256
tr|A8R0W3|A8R0W3_MOUSE,86,44,42,-0.12039323274277666,0.26952143327730177,-0.2577645966531985,0.09116698543274968,-0.04516263800547227,0.7764108773012358,-0.976941427859397,0.3285981505140605,0.7630920332428256
sp|Q9D6W8|BORC6_MOUSE,86,44,42,-0.08793041322928034,0.42078396735327506,-0.2289193420923374,0.13499457277529503,-0.014266176265266512,0.928549702635077,-0.9781152716565319,0.3280173155002353,0.7630920332428256
sp|P80317|TCPZ_MOUSE,86,44,42,0.08489473168506094,0.43706112990371054,-0.013536716513819333,0.930503507426156,0.20266122397401456,0.19803728273999427,-0.9792872623485984,0.32743806235791295,0.7630920332428256
sp|Q64324|STXB2_MOUSE,86,44,42,0.03846777706815534,0.7251040889269863,-0.07221944569414607,0.6413101952552391,0.14388457776111652,0.36330758955014525,-0.9712027373266855,0.3314473310457464,0.7648815401912046
sp|Q8BU04|UBR7_MOUSE,86,44,42,0.14592141722869675,0.18004842391252918,0.05074496871149027,0.7435736277890411,0.261763954215833,0.09401878146677017,-0.9711006215908787,0.3314981743119939,0.7648815401912046
sp|O35292|RNS2B_MOUSE,86,44,42,0.2444862023675707,0.023290199701153955,0.1649920211736723,0.28449211340662395,0.3661108434703537,0.017101845732432792,-0.9719850624649764,0.33105797986105134,0.7648815401912046
sp|Q922U2|K2C5_MOUSE,86,44,42,0.029768652143001586,0.7855576029847064,0.13416232649560209,0.385258974150524,-0.08160252823732445,0.6074315458259428,0.9690793170968457,0.33250561632224573,0.7653289530765517
sp|Q9WV69|DEMA_MOUSE,86,44,42,-0.21383530527578037,0.04804842388535794,-0.1311147934584595,0.39624283889972295,-0.33513286072291787,0.030041970582083872,0.9689227621692452,0.33258372756996557,0.7653289530765517
sp|O70423|AOC3_MOUSE,86,44,42,0.18933166331103432,0.0808238822606903,0.1122626123449729,0.46812907971135215,0.31825801222628836,0.039970658243279014,-0.9700150435656267,0.3320389936366773,0.7653289530765517
sp|P12388|PAI2_MOUSE,86,44,42,-0.15597711234392356,0.1515438356471039,-0.04649259703175645,0.7644206128031493,-0.2569542147892574,0.10044259730557684,0.9671030223695718,0.3334925347618195,0.7667350687604333
sp|Q8K274|KT3K_MOUSE,86,44,42,0.04612338646248366,0.6732467493502832,-0.07966109613368026,0.6072394340846483,0.13499878797303624,0.3939915886058481,-0.9641514610284408,0.33496999555849527,0.7668064569606814
sp|Q60847|COCA1_MOUSE,86,44,42,-0.34381939439732523,0.0011902437533296672,-0.24904723470974416,0.1030516000608965,-0.43793085084006683,0.0037252544176396207,0.9624202664745385,0.3358385373932521,0.7668064569606814
tr|A2AGD7|A2AGD7_MOUSE,86,44,42,-0.28210968050624,0.008498963804720164,-0.1428796884390564,0.3548455478452588,-0.34385560849653796,0.025769695484172815,0.9593960604673364,0.3373592589778235,0.7668064569606814
sp|P62196|PRS8_MOUSE,86,44,42,-0.06040057622514057,0.580646760360749,-0.1834189651191855,0.23334713518257227,0.029510604617294156,0.8528218321892371,-0.9613767075855183,0.33636279147380266,0.7668064569606814
tr|G3UW60|G3UW60_MOUSE,86,44,42,-0.22491554291218122,0.03734101452191838,-0.12268092296032075,0.4275741918609414,-0.3256764238842269,0.035318476918150155,0.9597870318194507,0.337162410365454,0.7668064569606814
tr|Q6P9N8|Q6P9N8_MOUSE,86,44,42,0.07666044549636579,0.4829597268465546,-0.012615369316543671,0.9352232390856409,0.19964494670650107,0.20493820574077953,-0.9611138105954276,0.33649494637200916,0.7668064569606814
sp|Q99KI0|ACON_MOUSE,86,44,42,0.11093518743156806,0.30922036169151157,0.04273633538132491,0.7829738706386116,0.2524705593916022,0.10672902678355077,-0.9624937669156597,0.3358016327158937,0.7668064569606814
sp|Q8R429|AT2A1_MOUSE,86,44,42,-0.11668400935593357,0.28466047056614147,-0.2103506524241664,0.1705214390036485,0.001385857122911604,0.9930502501178408,-0.9608692148757001,0.3366179314495763,0.7668064569606814
sp|P01663|KV3AB_MOUSE / sp|P01662|KV3AA_MOUSE,86,44,42,0.009306261233997628,0.9322282623929301,0.11729458549932459,0.4482900886887491,-0.09774368766888313,0.5380184613499135,0.9652044047632202,0.3344424411708955,0.7668064569606814
sp|A2AKG8|FOCAD_MOUSE,86,44,42,-0.13310514920919544,0.2218026864321587,-0.21899714150629182,0.15322081773710897,-0.007418411657938586,0.9628109077747875,-0.9620310574260442,0.3360340033311664,0.7668064569606814
sp|Q8K558|TRML1_MOUSE,86,44,42,-0.04855193169785919,0.6570964487463449,-0.13274486926902412,0.39034525974876627,0.0808688391722536,0.6106759358931458,-0.9593254046717843,0.3373948410626998,0.7668064569606814
sp|P62814|VATB2_MOUSE,86,44,42,-0.03185568320465243,0.7709224524146383,0.07937760468836468,0.6085230103299601,-0.1343466199151955,0.39630144313542565,0.9599064493520905,0.33710230003020414,0.7668064569606814
sp|Q0VGB7|PP4R2_MOUSE,86,44,42,0.2947646779437047,0.005868662465028021,0.427434226674578,0.0038044087244352414,0.2365739629817338,0.13144972515425868,0.9639416575698555,0.3350751770074435,0.7668064569606814
sp|Q3UHQ6|DOP2_MOUSE,86,44,42,-0.07851980044220017,0.4723763014977619,-0.16414154683772553,0.2870165464408101,0.048668041316366324,0.7595529563632306,-0.9582870435632297,0.337918035332588,0.7673182901070671
sp|Q9JLN5|ERMAP_MOUSE,86,44,42,0.06621580368328588,0.5446874877705108,0.15811735362476928,0.3053140090852773,-0.054619074844163215,0.7311875209413614,0.9573132178314439,0.3384091857678869,0.7677565227773646
sp|Q9QX15|CA3A1_MOUSE,86,44,42,0.10176173726513003,0.3511745236444633,0.17448898459174447,0.2572876114023701,-0.03733662131138321,0.8144039886718729,0.9551593301145229,0.3394971292218739,0.7688699276572782
sp|Q61495|DSG1A_MOUSE / sp|Q7TSF0|DSG1C_MOUSE / sp|Q7TSF1|DSG1B_MOUSE,86,44,42,-0.05490788993106858,0.6155811282868684,0.04911489290092564,0.751544484102772,-0.16312353546741878,0.30198232777647716,0.9556131085574036,0.33926773631125395,0.7688699276572782
sp|Q8CI75|DI3L2_MOUSE,86,44,42,0.004031764550916404,0.9706109273754212,0.09993073447374481,0.5186671561263323,-0.1125805109847603,0.4777982616420321,0.9537209993585193,0.3402248876390678,0.7698410243151138
sp|Q99JY0|ECHB_MOUSE,86,44,42,0.07773242054166826,0.47684267735930946,0.1812927792793186,0.2389040382286868,-0.02828778950884274,0.8588574465874025,0.9460726568883576,0.3441115289598188,0.7716198782313178
sp|Q9D952|EVPL_MOUSE,86,44,42,-0.19817308580857335,0.06738833641655302,-0.0883075852158057,0.5686651385490245,-0.2909484748042067,0.06157761170154546,0.9436115648959656,0.3453681802337065,0.7716198782313178
sp|P61222|ABCE1_MOUSE,86,44,42,0.26080299066775003,0.015294538566195883,0.15039221173991948,0.3298445841007558,0.34850230590865333,0.023708409067297747,-0.9486740938961749,0.34278639381554155,0.7716198782313178
sp|F6ZDS4|TPR_MOUSE,86,44,42,0.16570077979025136,0.12732863755783927,0.04557124983448079,0.7689598014183726,0.25157382831207115,0.10802153441742879,-0.9455138847690637,0.3443965856070287,0.7716198782313178
sp|B2RXR6|ANR44_MOUSE,86,44,42,0.009382153272603113,0.9316769108283847,-0.06973889554763468,0.6528355360077057,0.1412759055297535,0.3721627828402242,-0.948151976697667,0.3430520909543886,0.7716198782313178
sp|P97447|FHL1_MOUSE,86,44,42,-0.09004590380540825,0.40965050558824095,-0.1905771241134041,0.21529088507847166,0.019646562742452738,0.9017162263499033,-0.9504121789346298,0.34190285803942777,0.7716198782313178
tr|A0A075B5M8|A0A075B5M8_MOUSE,86,44,42,-0.10931299510637581,0.31639218399827823,-0.02508899291042955,0.8715768432364,-0.23168270254792814,0.139854109764176,0.9427563000962564,0.3458055687296857,0.7716198782313178
sp|B9EJV3|GRB1L_MOUSE,86,44,42,-0.03995715832578798,0.7149090196248432,0.11956251706184928,0.43950141569251444,-0.09048831802540473,0.5687421936640031,0.9427610720715327,0.34580312732881846,0.7716198782313178
sp|Q9JHI7|EXOS9_MOUSE,86,44,42,0.0553537556578758,0.6127117439152078,-0.03968880234418234,0.7981149442865306,0.16988977906751662,0.2820938167506926,-0.9445007848215387,0.34491380098296065,0.7716198782313178
sp|Q8CGC7|SYEP_MOUSE,86,44,42,0.25371657156296284,0.018415777631949598,0.35627787390036536,0.017609829143246714,0.15929204812760436,0.31363284571140365,0.9475992476441514,0.3433335093409017,0.7716198782313178
tr|A0A075B666|A0A075B666_MOUSE,86,44,42,0.08555878702285893,0.43347039805423954,0.17966270346875396,0.24322479032458483,-0.031141024761896043,0.8447872804797615,0.9513069953521663,0.3414485569167037,0.7716198782313178
sp|O08585|CLCA_MOUSE,86,44,42,0.15563559817019887,0.15245293116572145,0.04351593685594277,0.7791130244916464,0.25010645018192945,0.1101622065761543,-0.9477201640663678,0.3432719329353938,0.7716198782313178
sp|Q8BK64|AHSA1_MOUSE,86,44,42,0.2104296500433592,0.05180829111439265,0.117011094054009,0.4493953937514475,0.3174428021539874,0.04051103434204069,-0.9444489002174457,0.34494030282877197,0.7716198782313178
sp|Q61316|HSP74_MOUSE,86,44,42,-0.06084644195194779,0.5778514536628122,-0.16378718253108104,0.2880726811446723,0.046140890092233405,0.7716957739826206,-0.9453353208253921,0.34448771146196955,0.7716198782313178
sp|Q9D051|ODPB_MOUSE,86,44,42,-0.07749525792102611,0.47819240725227596,-0.1621571067205164,0.2929633945646891,0.04728218419345472,0.7662050658434456,-0.9429624217406959,0.3457001243864527,0.7716198782313178
sp|P50446|K2C6A_MOUSE,86,44,42,0.060448008749269,0.5803490919249873,0.17144145155460191,0.2658207275241155,-0.03782574735476378,0.8120160988193762,0.9433042616263433,0.3455252966976331,0.7716198782313178
sp|O08539|BIN1_MOUSE,86,44,42,0.21825601652454987,0.04350655356182159,0.13671374950344237,0.37620264481524096,0.3345622136723072,0.030340735061587305,-0.9405607497536018,0.34693000405490204,0.7724302133494401
sp|P55937|GOGA3_MOUSE,86,44,42,0.05627394662596731,0.6068082597423671,0.13706811381008685,0.374954918169959,-0.07173848636248303,0.6516505443559928,0.9379530568757689,0.3482685350286213,0.7724302133494401
sp|O88844|IDHC_MOUSE,86,44,42,0.24290195606168122,0.024228797833111746,0.1526601433024442,0.32251879078779644,0.34850230590865333,0.023708409067297747,-0.9382964890713827,0.3480920635442952,0.7724302133494401
sp|P11983|TCPA_MOUSE,86,44,42,0.16127058203665615,0.13796657481959437,0.05031973154351689,0.7456504676845324,0.25467162658681475,0.10360650478920216,-0.9390332683083706,0.34771366383384483,0.7724302133494401
tr|A0A075B5K7|A0A075B5K7_MOUSE,86,44,42,-0.10241630609810234,0.3480686006721792,0.0034018973437870575,0.9825149224588211,-0.2035579550535456,0.1960175656941616,0.9381550548725958,0.3481647321480066,0.7724302133494401
sp|Q9WV91|FPRP_MOUSE,86,44,42,-0.1467562296533571,0.1775427953485791,-0.06265160941474497,0.6862001312843794,-0.26641065162794836,0.0881182457401465,0.9400285102608731,0.34720293674618896,0.7724302133494401
sp|P10854|H2B1M_MOUSE / sp|Q6ZWY9|H2B1C_MOUSE / sp|Q64525|H2B2B_MOUSE / sp|Q64475|H2B1B_MOUSE / sp|Q64478|H2B1H_MOUSE / sp|P10853|H2B1F_MOUSE / sp|Q8CGP2|H2B1P_MOUSE / sp|Q8CGP1|H2B1K_MOUSE,86,44,42,0.3113565748838289,0.003522231685377467,0.21283120257067778,0.16542010177165167,0.4020616076588253,0.008304313737059426,-0.9387236901216699,0.3478726270658702,0.7724302133494401
sp|P21550|ENOB_MOUSE,86,44,42,0.3111668447873152,0.0035434353917855707,0.40801506267046017,0.005971794848204034,0.22002519851402466,0.16147754224266544,0.9368205332394618,0.34885088137473597,0.7730559548536533
tr|J3QPU5|J3QPU5_MOUSE,86,44,42,-0.15325448545895176,0.15890493493355407,-0.04266546251999601,0.7833251137446556,-0.2456227947842743,0.11690305399640377,0.9301720574322428,0.3522820069736876,0.7742357669505185
sp|O35664|INAR2_MOUSE,86,44,42,-0.025936104193424583,0.8126243348800638,0.13210701351706405,0.392646858368629,-0.07524388967337708,0.6357906649988966,0.9311209126309211,0.351791022057763,0.7742357669505185
sp|Q91W90|TXND5_MOUSE,86,44,42,0.5064655196337058,6.516064101665954e-07,0.5974582210026019,1.8542253494746762e-05,0.4471427246570675,0.0029895787825481345,0.9301899766357159,0.3522727306692144,0.7742357669505185
sp|Q8R0Z5|MFRN2_MOUSE,86,44,42,-0.14161454403783547,0.19338591006357891,-0.04642172417042755,0.7647695064756439,-0.2501879711891596,0.11004244107776205,0.935091603764749,0.3497410932050916,0.7742357669505185
sp|Q8K1M6|DNM1L_MOUSE,86,44,42,-0.014229757238528484,0.8965372272779666,-0.1382020795913492,0.37097878737675016,0.06945589816004039,0.6620605781745397,-0.9328646385805897,0.35088986206255757,0.7742357669505185
sp|O55029|COPB2_MOUSE,86,44,42,0.23741875627243492,0.027729838891882488,0.14266706985506972,0.3555694774993729,0.3381491379904314,0.028502904198317105,-0.9314971553330562,0.3515964554019533,0.7742357669505185
sp|P01132|EGF_MOUSE,86,44,42,-0.16079625679537185,0.13914425803699706,-0.26541886567671935,0.08163303649329012,-0.06383094866116387,0.6879800692196059,-0.9299634156919667,0.3523900267440807,0.7742357669505185
sp|Q8BMJ3|IF1AX_MOUSE,86,44,42,-0.07495287462774236,0.4927894927670042,-0.202342019094001,0.18776521704977353,0.003016277267513491,0.9848747613237131,-0.9307613727128502,0.3519770148924577,0.7742357669505185
sp|Q9DCX2|ATP5H_MOUSE,86,44,42,0.12779270650681146,0.2409666587112114,0.040610149541457995,0.7935294112704409,0.24423693766136267,0.11904835219826218,-0.9327855682107044,0.35093069403956323,0.7742357669505185
sp|Q62356|FSTL1_MOUSE,86,44,42,-0.1810878906175135,0.09519821990769327,-0.25641801228794947,0.09293002104969851,-0.054129948800782646,0.7335062176160682,-0.9303052971808708,0.35221303592891207,0.7742357669505185
sp|Q9R1T4|SEPT6_MOUSE,86,44,42,-0.03284227970652374,0.7640314500515408,0.03848396370159109,0.804121531501364,-0.1677702328795342,0.288229769780103,0.9293520612558135,0.35270666303653986,0.7742708076036574
sp|Q60631|GRB2_MOUSE,86,44,42,-0.007314095220603641,0.9467118832843425,0.0931978126474996,0.5473610325683512,-0.11355876307152143,0.47395648828004283,0.9277665713194521,0.35352866778984904,0.7747543145181798
sp|Q9DCL8|IPP2_MOUSE,86,44,42,0.12993665659741643,0.23309924303683122,0.026152085830363003,0.8661836386196547,0.2295631563599457,0.14361701095228063,-0.9279921189068217,0.35341165774615413,0.7747543145181798
sp|Q922D8|C1TC_MOUSE,86,44,42,0.2681170858883537,0.012563408821562753,0.17484334889838898,0.2563074174207637,0.36594780145589356,0.017155008832431467,-0.9257908406158614,0.3545546881040016,0.775024042332601
sp|P56480|ATPB_MOUSE,86,44,42,0.05606524351980222,0.608145005047753,-0.0404684038188002,0.7942344344461305,0.16516156064817114,0.29589965046371197,-0.9262427307971921,0.35431985048529135,0.775024042332601
sp|Q5BLK4|TUT7_MOUSE,86,44,42,0.18169502692635736,0.09407530097436939,0.12693329464005457,0.41160648843997166,0.3227416676239435,0.03710274032253306,-0.9258132889863103,0.35454301984859193,0.775024042332601
sp|P67984|RL22_MOUSE,86,44,42,0.06552328883101083,0.5489121383021797,0.19199458133998204,0.21183379263841137,-0.012065109070053964,0.9395512958276747,0.9230865619388562,0.3559620970131234,0.777191951696472
sp|P50516|VATA_MOUSE,86,44,42,0.10203684590507492,0.3498670406201456,0.22714752055911497,0.13812480167054073,0.024782386197948682,0.8762024211131447,0.9227258362379426,0.3561500982531406,0.777191951696472
sp|Q91V98|CD248_MOUSE,86,44,42,-0.4707393424601736,4.787462954421461e-06,-0.4459320434814201,0.002415083997874052,-0.5951033527796887,3.228816623581354e-05,0.9206142024329708,0.3572518845513236,0.7773059529082065
sp|P40240|CD9_MOUSE,86,44,42,0.06994400007978034,0.5222201180102097,-0.04883140145561005,0.7529333578810289,0.1557051238094802,0.3247939840804726,-0.9203118752619417,0.35740980514303555,0.7773059529082065
sp|P59997|KDM2A_MOUSE,86,44,42,-0.1499436952747875,0.16821030211116636,-0.2520947677468867,0.09876891312740615,-0.05160279757664973,0.7455230217884482,-0.9209712141342162,0.35706545608655593,0.7773059529082065
sp|P27601|GNA13_MOUSE,86,44,42,0.07408960268860497,0.49779875871535306,0.18958490405479955,0.21773403608018985,-0.014103134250806323,0.9293642101375166,0.9210195994952786,0.35704019437964685,0.7773059529082065
sp|Q9D3H2|OBP1A_MOUSE,86,44,42,0.12719505670279327,0.24319213934531575,0.03621603213906638,0.8154580789376578,0.23730765204680465,0.13022227386077448,-0.9195739716854682,0.3577954335823873,0.7774879674891538
sp|O35350|CAN1_MOUSE,86,44,42,0.12341942778217038,0.2575792922363678,0.04500426694384961,0.7717569575887038,0.2452151897481238,0.11753096982835898,-0.9177566525403209,0.35874628075229564,0.777713422774718
tr|E9Q6D8|E9Q6D8_MOUSE,86,44,42,0.051340964116610766,0.6387413755913222,-0.0476974356743477,0.7584965233746902,0.15627577086009087,0.3230019177014431,-0.9178452140685854,0.35869990731070744,0.777713422774718
sp|P47955|RLA1_MOUSE,86,44,42,0.1551517864240889,0.1537477850724751,0.05917883920962902,0.7027714862530383,0.25850311392662917,0.09833821220441512,-0.9176440262106408,0.3588052606820835,0.777713422774718
sp|Q6ZQ38|CAND1_MOUSE,86,44,42,-0.12073474691650134,0.2681553627294106,-0.23033679931891535,0.13252867021847034,-0.031222545769126135,0.8443859533011242,-0.90895655477099,0.3633730590842885,0.7817122161675045
sp|Q8BRN9|C2D1B_MOUSE,86,44,42,0.19540302639947313,0.07138820915638626,0.09652883712995776,0.5330709810609016,0.29200824789819796,0.06059397288050854,-0.9117175275186904,0.3619174347691485,0.7817122161675045
sp|P62309|RUXG_MOUSE,86,44,42,0.17299590200120363,0.1111922273656432,0.2778924892706052,0.06778639650845239,0.08143948622286426,0.6081518817500317,0.9110313101744948,0.3622788766961593,0.7817122161675045
sp|Q8K297|GT251_MOUSE,86,44,42,0.17421017461889138,0.10866750189552209,0.27321488042289804,0.0727424858699102,0.07687430981797898,0.6284678156190007,0.9089389753383686,0.36338233893301086,0.7817122161675045
sp|Q3UU35|OVOS_MOUSE,86,44,42,0.25893414921708996,0.01606968532174822,0.20595653502177477,0.17983517784109004,0.3912193136972228,0.010410423008204345,-0.913344160142172,0.36106156378937837,0.7817122161675045
sp|Q60872|IF1A_MOUSE,86,44,42,-0.04735663208982279,0.6650263540476494,-0.17215018016789088,0.26381972722555286,0.029918209653444626,0.8508117838651358,-0.911175838225656,0.3622027326112006,0.7817122161675045
sp|Q9EQH3|VPS35_MOUSE,86,44,42,-0.009334720748474684,0.9320215017999764,-0.14663595008948796,0.34220434584171117,0.05576036894538454,0.7257864380967339,-0.909880086631597,0.36288575267662426,0.7817122161675045
sp|Q8K135|K319L_MOUSE,86,44,42,-0.081602914510548,0.4551072369992021,0.03905094659222226,0.8012934910299035,-0.16344961949633918,0.30100375949756447,0.9120296200227656,0.36175312531412707,0.7817122161675045
sp|P83882|RL36A_MOUSE / tr|A0A2I3BPG9|A0A2I3BPG9_MOUSE,86,44,42,0.1366246424995248,0.20971262989966377,0.22275340315672337,0.14611994706593961,0.022988924038886607,0.8850992854550283,0.9100564519214983,0.3627927391549871,0.7817122161675045
sp|Q9CRC6|BORC7_MOUSE,86,44,42,0.06343625776935997,0.5617391706939067,-0.05563519614318417,0.7198224790445411,0.14641172898524946,0.35485121298915584,-0.9082943028042115,0.36372275174527113,0.7817913904374568
sp|Q80U95|UBE3C_MOUSE,86,44,42,-0.026960646714598635,0.8053656873863824,-0.12672067605606788,0.4123966792249507,0.07532541068060718,0.635423700307314,-0.9069963050076685,0.3644087512020239,0.7826126224730705
sp|Q3U7U3|FBX7_MOUSE,86,44,42,-0.19242426388420783,0.07590038537143272,-0.286326359768744,0.05952979146097015,-0.09171113313385615,0.5635080093513067,-0.9057285325349325,0.3650795564808129,0.7833780030848547
sp|P58252|EF2_MOUSE,86,44,42,0.5026614311986058,8.145869082716666e-07,0.40191999659617506,0.006843370122045836,0.5569515213960046,0.00012772320493877856,-0.9051732987619199,0.36537358512812057,0.7833780030848547
sp|Q78IK2|ATPMK_MOUSE,86,44,42,-0.020500336928306703,0.8513861837228319,-0.11290046809693297,0.46558864313588677,0.08853181385188247,0.5771630530761924,-0.9037511185498173,0.366127386591636,0.784341115202548
sp|Q8CIE4|PAR10_MOUSE,86,44,42,0.10505355443964295,0.3357293597901679,0.2316125108228355,0.13033824190642965,0.033994260014949346,0.8307645857182908,0.9025765394274519,0.36675068248449494,0.7850232812947419
sp|Q0VGU4|VGF_MOUSE,86,44,42,-0.11616225159052085,0.2868344522519493,-0.002126185839866911,0.9890713127569584,-0.2006231987932622,0.2026818923413713,0.8997611638827295,0.3682473658895835,0.7854438612444754
sp|P54822|PUR8_MOUSE,86,44,42,0.058085869047673266,0.5952575119258535,-0.03238889762730594,0.8346720487206357,0.16719958582892352,0.2898964335660169,-0.8994434266623472,0.36841651678551623,0.7854438612444754
tr|A0A075B5Y6|A0A075B5Y6_MOUSE,86,44,42,0.132213417755581,0.22494226787827187,0.24266867719014343,0.11247442866247548,0.046548495128383875,0.7697335284614526,0.8987331657255686,0.3687948068169201,0.7854438612444754
sp|P60335|PCBP1_MOUSE,86,44,42,0.22315105301460367,0.038898812338995656,0.1313982849037751,0.3952134657692807,0.3212742894938018,0.03802216847303218,-0.8981935750807416,0.36908235809934575,0.7854438612444754
sp|Q8BJ66|KAZD1_MOUSE,86,44,42,-0.18377257148318252,0.09031154356768774,-0.2995795848372477,0.048198514401785214,-0.10768925055095464,0.4972503488110294,-0.8983913184367384,0.36897696322597484,0.7854438612444754
sp|Q61282|PGCA_MOUSE,86,44,42,-0.4189525126167556,5.952628172947279e-05,-0.325589924944953,0.031029619015416628,-0.4922238416553097,0.0009293722532491224,0.8990823508707175,0.3686087981347773,0.7854438612444754
sp|O88685|PRS6A_MOUSE,86,44,42,-0.08950517303034417,0.4124797860681531,-0.2004993246994497,0.19190233608817772,-0.0017934621590620758,0.991006279849441,-0.9006716709437957,0.3677629152747316,0.7854438612444754
sp|Q9QUT0|RHAG_MOUSE,86,44,42,-0.2855722547676153,0.00769237643618562,-0.40588887683059327,0.006264203039036368,-0.22605775304905162,0.15000335462135267,-0.8970462163341728,0.36969425618124474,0.7860963746215568
sp|P97855|G3BP1_MOUSE,86,44,42,0.1964275689206472,0.06988710166216314,0.09872589583115356,0.5237462538611878,0.2898887017102155,0.06257392244097333,-0.8914482574825001,0.3726887384934908,0.7866176242792942
sp|P00920|CAH2_MOUSE,86,44,42,0.05266907479220676,0.6300758033510458,-0.06853405690504343,0.6584627195282355,0.13027056955369076,0.41091524655446654,-0.8926130157676878,0.37206444651610104,0.7866176242792942
sp|P70315|WASP_MOUSE,86,44,42,0.22468786679636477,0.03753904277927965,0.1379185881460336,0.3719704475797925,0.32600250791314733,0.035124648756986156,-0.8921163833119808,0.3723305543170853,0.7866176242792942
sp|Q9JKC8|AP3M1_MOUSE,86,44,42,0.1545541366200707,0.15535862400960768,0.04578386841846748,0.7679116125548128,0.24122066039384918,0.1238199503928744,-0.8952826927425954,0.37063598973633227,0.7866176242792942
sp|P06151|LDHA_MOUSE,86,44,42,0.19023288126947446,0.0793635282312888,0.08689012798922775,0.5749108232475736,0.27920944976307316,0.0733450835577623,-0.8928720565659444,0.3719256929296806,0.7866176242792942
sp|P59383|LRRN4_MOUSE,86,44,42,-0.6715307036006362,1.4759656154794227e-12,-0.6394858277706379,2.9705565500614117e-06,-0.74306398090231,1.74542923650025e-08,0.894071564430177,0.37128360238074354,0.7866176242792942
sp|Q9DBR3|ARMC8_MOUSE,86,44,42,-0.03958718463758624,0.717436975266741,0.08129117194424489,0.5998816016286225,-0.118368502498097,0.4553076137484667,0.8959223916936476,0.37029421414230823,0.7866176242792942
sp|P60766|CDC42_MOUSE,86,44,42,0.3255294130934033,0.0022250348531336517,0.24685017600854836,0.10622636101510359,0.4230940275241897,0.005243957608044912,-0.8914602009604565,0.3726823336872883,0.7866176242792942
sp|Q9DBH5|LMAN2_MOUSE,86,44,42,0.15579686875223553,0.15202312945864005,0.16045615804862287,0.29812367620628794,0.34695340677128156,0.024379646624584268,-0.8946893999194782,0.3709531466697622,0.7866176242792942
sp|P63242|IF5A1_MOUSE,86,44,42,-0.05444305119460998,0.6185787714608582,-0.152801889025102,0.32206435181650445,0.04410286491148104,0.781527859631617,-0.8858300628454423,0.3757091073613351,0.7877180183170095
sp|P03987|IGHG3_MOUSE / tr|A0A1Y7VJN6|A0A1Y7VJN6_MOUSE,86,44,42,-0.33679938082631783,0.001520057244295685,-0.234022188108018,0.1262747987182033,-0.41013218737460466,0.006984920302628296,0.8822091621036126,0.3776637082214369,0.7877180183170095
sp|Q64692|SIA8D_MOUSE,86,44,42,0.07806444821056727,0.4749565022662954,0.2413220928248944,0.11454481775495332,0.047363705200684815,0.7658133007991046,0.8886858080372745,0.37417196040105294,0.7877180183170095
sp|Q8CHP8|PGP_MOUSE,86,44,42,0.4082043026492538,9.558804257798146e-05,0.33055102523797575,0.02841429002354082,0.49401730381437176,0.0008841897345995217,-0.8848216444361455,0.3762528337485924,0.7877180183170095
sp|P00329|ADH1_MOUSE,86,44,42,0.32342340902210104,0.0023855008088264924,0.27271877039359577,0.07328446747441794,0.4445340524257045,0.0031837073388121407,-0.8855132348704043,0.3758798846791307,0.7877180183170095
tr|A0A075B5J7|A0A075B5J7_MOUSE,86,44,42,-0.030072220297423527,0.7834240886769467,0.06619525248118982,0.6694392285008325,-0.13035209056092087,0.41061998866944266,0.8824799170586107,0.37751733540706,0.7877180183170095
sp|P29699|FETUA_MOUSE,86,44,42,-0.023289369347058286,0.831447722154641,-0.07696792740318217,0.619480052949613,0.11999892264269889,0.4490774095557926,-0.883866697201388,0.376768176605248,0.7877180183170095
sp|Q8VI78|PLA1A_MOUSE,86,44,42,-0.22614878853952033,0.036283474848320965,-0.09220559258889503,0.5516526568954283,-0.28206268501612647,0.07033402234519713,0.8827624380982052,0.377364639012708,0.7877180183170095
sp|P62307|RUXF_MOUSE,86,44,42,0.3169725857406348,0.0029437703376683187,0.24387351583273467,0.11064618743747502,0.41934406119160533,0.005703888578715748,-0.885239241785392,0.376027611678844,0.7877180183170095
sp|Q9D8W5|PSD12_MOUSE,86,44,42,-0.1185813103210707,0.2768475580699771,-0.2242417332446302,0.14337458629704888,-0.02926604159560387,0.8540283034671479,-0.8889776226171466,0.3740151062596846,0.7877180183170095
sp|Q5DTK1|CHSS3_MOUSE,86,44,42,0.03499571630195438,0.7490547761503383,0.13416232649560209,0.385258974150524,-0.06301573858886293,0.6917668136511157,0.8855434144465181,0.3758636151521382,0.7877180183170095
sp|Q9JI18|LRP1B_MOUSE,86,44,42,-0.31330130837309444,0.0033113414685886472,-0.2411094742409077,0.11487434603645998,-0.41640930493132194,0.006087853165975371,0.8824722019547672,0.3775215057847098,0.7877180183170095
sp|Q7TT41|MOXD2_MOUSE,86,44,42,-0.15465848817315325,0.1550764635316641,-0.13451669080224657,0.38399353018979687,-0.3218449365444125,0.03766242333100903,0.886846529228659,0.3751615329234669,0.7877180183170095
sp|Q8VCH0|THIKB_MOUSE / sp|Q921H8|THIKA_MOUSE,86,44,42,0.013764918502069887,0.8998992464303914,-0.11084515511839495,0.47380088525409697,0.08576009960605925,0.5891883377952717,-0.8819594447778056,0.37779873888213855,0.7877180183170095
sp|Q9WVA4|TAGL2_MOUSE,86,44,42,-0.08040761490251162,0.4617605368135705,0.04110625957076028,0.7910631139834472,-0.15488991373717928,0.3273648538872319,0.8819699712145472,0.37779304627891497,0.7877180183170095
sp|Q5PT54|NTCP5_MOUSE,86,44,42,0.07826366481190666,0.47382673064511877,-0.01311147934584595,0.932681562188971,0.17934621590620758,0.2557624639394909,-0.8691979038555456,0.38473889374576575,0.7884584265177446
sp|Q71LX4|TLN2_MOUSE,86,44,42,0.08493267770436368,0.43685549325340617,-0.0006378557519600733,0.996721303909899,0.193530871164244,0.21943844783981187,-0.8791290976433563,0.3793312824720333,0.7884584265177446
sp|Q9QUM0|ITA2B_MOUSE,86,44,42,0.038904156290136875,0.7221119455243351,0.09822978580185128,0.525844767947667,-0.09586870450259095,0.5458809098526594,0.8705046263776277,0.38402469205106526,0.7884584265177446
sp|P14847|CRP_MOUSE,86,44,42,0.16094804087258283,0.13876657534474898,0.27746725210263185,0.06822558080167007,0.08877637687357275,0.5761073622595736,0.8759305544336947,0.38106778788559637,0.7884584265177446
sp|Q78HU7|GLPC_MOUSE,86,44,42,-0.1782324526649821,0.10062147536255951,-0.09376479553813077,0.5449158448258082,-0.28238876904504684,0.06999620588288624,0.877314856069681,0.3803156452336516,0.7884584265177446
sp|Q8BZZ3|WWP1_MOUSE,86,44,42,0.05640675769352691,0.6059582754946642,-0.01693861385760639,0.9130984370350053,0.17551472856639314,0.26622591733132567,-0.8686255078956474,0.3850519978877469,0.7884584265177446
sp|Q61937|NPM_MOUSE,86,44,42,0.4284295309376156,3.8678929571024327e-05,0.5073079413922449,0.0004403430949040128,0.3489914319520339,0.02349967048246194,0.8709142536956426,0.38380097346562003,0.7884584265177446
sp|Q9EPL0|XYLT2_MOUSE,86,44,42,-0.09923832698149765,0.36330877503037123,-0.25882768957313196,0.08979351077491324,-0.06880373010219963,0.6650465585387237,-0.8759915335613238,0.38103463643720825,0.7884584265177446
sp|Q8BFY9|TNPO1_MOUSE,86,44,42,0.05033539460508809,0.6453349112873937,-0.041814988184049245,0.7875433321639577,0.15203667848412597,0.33646261861394766,-0.8720802259782663,0.3831646127856264,0.7884584265177446
sp|Q99JR1|SFXN1_MOUSE,86,44,42,-0.08355713450463925,0.44434470814199456,-0.17222105302921978,0.26362017942107824,0.02135850389428472,0.8931994836673461,-0.873208764055655,0.3825492987499237,0.7884584265177446
sp|Q3UFY7|5NT3B_MOUSE,86,44,42,0.10275782027182702,0.3464549487710712,0.0065203032422585265,0.9664938460670665,0.19891125764143022,0.20664192806478698,-0.8721440445540422,0.3831298007505193,0.7884584265177446
sp|Q9R1V7|ADA23_MOUSE,86,44,42,0.2602432868830346,0.015523224634251055,0.2025546376779877,0.18729197191416466,0.38070310376454064,0.012874075774140235,-0.8739694786013575,0.3821348754775864,0.7884584265177446
sp|Q6P9Q4|FHOD1_MOUSE,86,44,42,0.015557867914124475,0.8869417052651057,0.10049771736437599,0.5162855099203177,-0.09578718349536086,0.5462239943660389,0.8803772277102202,0.37865498868163927,0.7884584265177446
sp|Q99J83|ATG5_MOUSE,86,44,42,0.12740375980895835,0.2424133811067874,0.24720454031519284,0.10570930981874439,0.05796143614059708,0.715407226138198,0.869141573245998,0.38476970003003785,0.7884584265177446
sp|P01741|HVM00_MOUSE,86,44,42,0.08489473168506094,0.43706112990371054,0.19497124151579573,0.20470020697542943,0.0023641092096727363,0.9881448197519539,0.8724001119117128,0.3829901394955535,0.7884584265177446
sp|Q8K0D2|HABP2_MOUSE,86,44,42,-0.2635256175527218,0.014223189425912046,-0.33288982966182934,0.027246364423666174,-0.1499171322961435,0.3433212036956555,-0.8718792035066666,0.38327428006359954,0.7884584265177446
sp|P59862|CAD26_MOUSE,86,44,42,-0.06827437523045966,0.5322237237260541,-0.20595653502177477,0.17983517784109004,-0.014836823315877172,0.9256994987653965,-0.8678022720601867,0.3855025860139186,0.7884584265177446
sp|Q9JLF6|TGM1_MOUSE,86,44,42,0.03353479455879879,0.7592054001455949,0.1265080574720812,0.4131877359922407,-0.06953741916727048,0.6616876926327979,0.8800171141750299,0.37885003839639353,0.7884584265177446
sp|Q9CXY6|ILF2_MOUSE,86,44,42,-0.07785574510440217,0.4761416282515084,-0.14699031439613244,0.3410262890895908,0.04834195728744595,0.7611166395637348,-0.8782432245690476,0.3798117394259606,0.7884584265177446
sp|O54833|CSK22_MOUSE,86,44,42,-0.04666411723754774,0.669637630579453,-0.1428088155777275,0.35508675802563083,0.05168431858387982,0.7451344344400938,-0.8741281911785244,0.38204844651456227,0.7884584265177446
tr|A8R0V1|A8R0V1_MOUSE,86,44,42,-0.011260481228088873,0.918041869823797,-0.1216887029017162,0.43134936699649906,0.07385803255046548,0.6420421671436469,-0.8775501597203283,0.3801878867603182,0.7884584265177446
tr|A0A075B677|A0A075B677_MOUSE,86,44,42,0.052991615956280075,0.627978770773526,0.17633167898629581,0.25221791960476725,-0.018097663605080947,0.9094312653171643,0.8775779261093465,0.38017281269733416,0.7884584265177446
sp|O09172|GSH0_MOUSE,86,44,42,-0.08932492943865614,0.4134254011530745,-0.18022968635938513,0.2417159581809226,0.011902067055593775,0.9403666953388521,-0.8678717927025729,0.38546452228578665,0.7884584265177446
sp|Q9R0E2|PLOD1_MOUSE,86,44,42,0.3402999011069958,0.0013464718511352657,0.37243688628335386,0.012787396033383733,0.5268702697280998,0.0003375752339855258,-0.869797270716424,0.3844112032728335,0.7884584265177446
sp|P63163|RSMN_MOUSE / sp|P27048|RSMB_MOUSE,86,44,42,0.33773854480406074,0.0014716019335499968,0.438419520180557,0.002913388717003754,0.2698345339316123,0.08395739251983213,0.865477760494106,0.38677661724401413,0.7898095078535579
sp|Q9D7S9|CHMP5_MOUSE,86,44,42,0.05803843652354484,0.5955586279977284,-0.05379250174863284,0.7287429929092618,0.13891179632008077,0.3802979023705145,-0.8658043499828239,0.3865974633062019,0.7898095078535579
tr|A0A075B5V4|A0A075B5V4_MOUSE,86,44,42,0.14855866557023736,0.17222005432165877,0.24238518574482784,0.11290791962737876,0.054619074844163215,0.7311875209413614,0.86121233522343,0.3891211075065769,0.7899603260189202
sp|O55023|IMPA1_MOUSE,86,44,42,0.16915386754680092,0.11948078350090244,0.07618832592856431,0.6230426471861393,0.262660685295364,0.09285698067733313,-0.8611887484892269,0.3891340959488311,0.7899603260189202
sp|Q91YE6|IPO9_MOUSE,86,44,42,-0.24929586031419335,0.020628287229960074,-0.3339529225817628,0.026728840473298557,-0.152933409563657,0.33358661880676804,-0.8634250093288834,0.3879038338682961,0.7899603260189202
sp|Q8BGC0|HTSF1_MOUSE,86,44,42,0.13628312832580014,0.21086482880476112,0.2434482786647613,0.11128884844225327,0.05584188995261463,0.725401144394701,0.8607795753161973,0.3893594562036754,0.7899603260189202
sp|Q9ERL9|GCYA1_MOUSE,86,44,42,0.016895465094546154,0.8772940695491211,-0.07448737725667078,0.630845073644062,0.11812393947640672,0.4562461636708696,-0.8642097390648066,0.3874726831230455,0.7899603260189202
sp|Q60854|SPB6_MOUSE,86,44,42,0.12848522135908652,0.23840559056171062,0.058044873428366665,0.7082126094906577,0.2456227947842743,0.11690305399640377,-0.8612385744287927,0.38910665874530836,0.7899603260189202
sp|Q7TSK7|ATL2_MOUSE,86,44,42,0.2627287511473642,0.014529810510921904,0.3575535854042855,0.017180140620347936,0.17967229993512795,0.2548848342931895,0.8603221239920646,0.3896115005996228,0.7899603260189202
sp|O54734|OST48_MOUSE,86,44,42,0.08003764121430988,0.46383064757203146,-0.008008633330165365,0.9588516330730806,0.18277009820987153,0.24664783034416896,-0.8622079328312398,0.3885731051282738,0.7899603260189202
sp|Q9WVE8|PACN2_MOUSE,86,44,42,-0.08471448809337291,0.4380386511120162,-0.1888053025801817,0.21966708215778466,0.0017119411518319813,0.9914150697737182,-0.8620028611904149,0.3886859433554044,0.7899603260189202
sp|Q6IME9|K2C72_MOUSE,86,44,42,0.017018789657280067,0.8764054497503991,0.10999468078244819,0.47722136220691985,-0.08127644420840406,0.6088725836508764,0.8579241768306308,0.3909343331549574,0.791890418075674
sp|Q9CQC6|5MP2_MOUSE,86,44,42,0.21958412720014586,0.04221376132174857,0.12027124567513826,0.4367746406995595,0.30285054185980054,0.0512334804008903,-0.8574821239141652,0.3911784900164106,0.791890418075674
sp|Q9Z1R3|APOM_MOUSE,86,44,42,-0.21021146043236844,0.05205718968819598,-0.3138250299643561,0.038034590968274974,-0.13247163674890333,0.40298592920320075,-0.8562710368197852,0.39184787781048236,0.7923470673664059
sp|P62849|RS24_MOUSE,86,44,42,0.18592600807861318,0.08653691434966809,0.07796014746178673,0.6149582765187624,0.2632313323459747,0.09212344433981415,-0.8559607665016852,0.3920194810970101,0.7923470673664059
sp|Q03958|PFD6_MOUSE,86,44,42,0.06636758776049685,0.5437636609524472,0.1737802559784555,0.25925551126018875,-0.01182054604836368,0.9407744176976515,0.8377408460095989,0.40217626776267135,0.794501233518445
sp|Q04207|TF65_MOUSE,86,44,42,0.09378358670672839,0.3904057444463205,-0.008929980527441025,0.954122521973292,0.1791016528845173,0.2564220101204278,-0.8493715558763268,0.39567457549503837,0.794501233518445
sp|Q8R2Y2|MUC18_MOUSE,86,44,42,0.055211458085490515,0.613626874365395,0.2453618459206415,0.10841910047560795,0.0606516293791902,0.7027900864803984,0.8483017988754993,0.3962699160369886,0.794501233518445
sp|Q07076|ANXA7_MOUSE,86,44,42,0.1665166192052603,0.12543986014215092,0.09121337253029048,0.5559601504405552,0.27195408011959477,0.08145932827767488,-0.8382864607613679,0.40186983806861243,0.794501233518445
sp|Q07235|GDN_MOUSE,86,44,42,0.08350021547568515,0.44465614899004735,-0.011339657812623525,0.9417618424012729,0.17527016554470284,0.26690327908879175,-0.8424608908026712,0.39953002203419097,0.794501233518445
sp|Q08943|SSRP1_MOUSE,86,44,42,0.2449036085799009,0.02304812712452943,0.18405682087114558,0.2316974306717473,0.3584478687907249,0.019755815770988613,-0.8446353823152112,0.3983144476478361,0.794501233518445
sp|O89051|ITM2B_MOUSE,86,44,42,0.5451325133032006,5.734555157484182e-08,0.498307088003475,0.0005767234232484694,0.6268965455994255,8.912809620880241e-06,-0.8460220244815493,0.3975404578348247,0.794501233518445
sp|Q66GT5|PTPM1_MOUSE,86,44,42,0.016734194512509497,0.8784563398300433,-0.06803794687574115,0.6607852471440318,0.11861306551978729,0.4543701103606338,-0.8374465744595804,0.4023415955371077,0.794501233518445
sp|P15949|K1KB9_MOUSE,86,44,42,-0.22375818932344757,0.038356788785684555,-0.15875520937672935,0.30334210661827804,-0.3372524069109003,0.028953484073513096,0.8533727356377453,0.39345263600974334,0.794501233518445
sp|P14115|RL27A_MOUSE,86,44,42,0.20732756296536,0.05544023715190363,0.12842162472796143,0.4060994461962082,0.3068450712140751,0.04809362591454723,-0.8401596338617155,0.4008188877917006,0.794501233518445
sp|P63017|HSP7C_MOUSE,86,44,42,0.2124218160567532,0.049580651925822276,0.13253225068503743,0.39111157973299904,0.3111656845972701,0.04487443295944491,-0.8428192842517487,0.3993295211032286,0.794501233518445
sp|Q9D0I9|SYRC_MOUSE,86,44,42,0.17007405851489243,0.11745360123027612,0.07491261442464416,0.628890701767695,0.2580955088904787,0.09888868506837413,-0.8450307554687494,0.3980936675442426,0.794501233518445
sp|P31428|DPEP1_MOUSE,86,44,42,-0.3542355766959281,0.0008193362747057431,-0.31056487834322677,0.04018994460611579,-0.47119142178994533,0.00163480174539257,0.8513635729632989,0.39456742029663683,0.794501233518445
sp|Q8C7G5|APOA5_MOUSE,86,44,42,-0.005151172120347311,0.9624564113451212,-0.11786156838995576,0.44608394919349365,0.06953741916727048,0.6616876926327979,-0.8407748125184058,0.4004741001175247,0.794501233518445
sp|Q64685|SIAT1_MOUSE,86,44,42,-0.1945777004796385,0.07261621299095018,-0.2644975184794437,0.08273754405167648,-0.0808688391722536,0.6106759358931458,-0.8489586370039327,0.395904308802565,0.794501233518445
tr|A0A075B5V8|A0A075B5V8_MOUSE,86,44,42,-0.0822100508193919,0.45174819414649187,0.03678301502969756,0.8126203532728241,-0.15277036754919682,0.33410838977844537,0.8529068763235048,0.3937109481161065,0.794501233518445
tr|A0A075B5T8|A0A075B5T8_MOUSE,86,44,42,0.22014383098486132,0.041678583385982,0.1239566344642409,0.4227477586146151,0.3035027099176413,0.05070986764196175,-0.8439670793780583,0.39868780198237785,0.794501233518445
tr|A0A075B5T4|A0A075B5T4_MOUSE,86,44,42,-0.19190250611879514,0.07671375659516308,-0.09851327724716687,0.5246451099237722,-0.28067682789321485,0.07178411816230532,0.8475750513209398,0.3966746734993394,0.794501233518445
tr|B2RX70|B2RX70_MOUSE,86,44,42,-0.15004804682787,0.1679110094311039,-0.016655122412290804,0.9145474385106902,-0.2022536189378641,0.19896015953020707,0.8423966898282045,0.3995659452549112,0.794501233518445
sp|Q60770|STXB3_MOUSE,86,44,42,-0.06424261067954326,0.5567664365543643,0.06399819377999402,0.6798129168019428,-0.12448257804035408,0.4321866417575612,0.8459414423357482,0.39758541199058084,0.794501233518445
sp|Q61133|GSTT2_MOUSE,86,44,42,-0.0693571454800517,0.5257254271092511,0.01856868966817102,0.904772222234008,-0.16720636039126616,0.2898766108702576,0.8376469302311598,0.40222902714015407,0.794501233518445
sp|P47964|RL36_MOUSE,86,44,42,0.07405165666930223,0.49801955520194197,0.0031892787598003665,0.9836075866641741,0.19010698886058003,0.227860890674412,-0.8461268935358448,0.3974819593927862,0.794501233518445
tr|A0A140T8P5|A0A140T8P5_MOUSE,86,44,42,0.07246741036341273,0.5072832860460282,0.15648727781420463,0.31039045833706,-0.029673646631754345,0.8520177017966428,0.838111893453774,0.40196786380896776,0.794501233518445
sp|Q80UJ7|RB3GP_MOUSE,86,44,42,-0.05315288653831673,0.6269313580987198,-0.1362176394741401,0.37795360528128696,0.051032150526039065,0.7482448723196864,-0.8411523276391734,0.4002626034154332,0.794501233518445
sp|Q8BH64|EHD2_MOUSE,86,44,42,-0.09366026214399448,0.3910319844845826,-0.18986839550011514,0.21703404138278756,-0.0039130083470445285,0.9803788408780694,-0.8417846143619838,0.3999085254907091,0.794501233518445
sp|Q61112|CAB45_MOUSE,86,44,42,-0.040393537547769524,0.7119312729800279,-0.15322712619307538,0.32070345268621103,0.034809470087250285,0.8267674062470691,-0.8461633460545789,0.3974616265302231,0.794501233518445
sp|Q9CX97|WDR55_MOUSE,86,44,42,0.06675653445834996,0.541399854551279,0.15542418489427118,0.31372994414648175,-0.03374969699325906,0.8319645661694463,0.8514819257737323,0.3945016993050833,0.794501233518445
sp|Q8K4Z5|SF3A1_MOUSE,86,44,42,0.30749556741977485,0.003976809457336054,0.2194223786742652,0.152404484763925,0.39007801959600147,0.01065661729357688,-0.8442670003351554,0.3985202219870363,0.794501233518445
tr|Q8BSD7|Q8BSD7_MOUSE,86,44,42,-0.017720791014380805,0.871350098274033,0.12664980319473898,0.4126602686210596,-0.060488587364730007,0.703552563759878,0.8400341834797912,0.40088922054208675,0.794501233518445
sp|P41245|MMP9_MOUSE,86,44,42,-0.04745149713807965,0.6643956355727731,0.0714398442195282,0.6449236391999289,-0.11698264537518539,0.46063986955037783,0.8453381588040061,0.3979220615798684,0.794501233518445
sp|Q923D2|BLVRB_MOUSE,86,44,42,0.11530846615620914,0.2904155627327245,0.019986146894748962,0.8975401966734831,0.20233513994509417,0.19877534272957592,-0.8278795477378171,0.4077387186835931,0.7967468143995615
tr|A0A0A6YYE7|A0A0A6YYE7_MOUSE,86,44,42,0.0413991070592922,0.7050859769582856,-0.05202068021541042,0.7373539410959766,0.13312380480674407,0.4006535552441506,-0.831496324540923,0.4056933037198859,0.7967468143995615
sp|Q9JIF7|COPB_MOUSE,86,44,42,0.31834812894035924,0.0028157574256010474,0.2311872736548621,0.13106535553703197,0.39765947326840023,0.009110460726774617,-0.8289744076837202,0.4071188890016405,0.7967468143995615
sp|Q9JHH6|CBPB2_MOUSE,86,44,42,0.14211732879359681,0.19179315071527606,0.0382004722562755,0.8055364812708998,0.2209219295935557,0.15973274896183517,-0.8333727195399762,0.4046345554129632,0.7967468143995615
sp|Q9JI90|RNF14_MOUSE,86,44,42,-0.04017534793677875,0.7134196103370871,0.05747789053773549,0.7109385838031663,-0.12652060322110642,0.4246276840165254,0.8259401189001199,0.40883806107797227,0.7967468143995615
tr|G5E8Z3|G5E8Z3_MOUSE,86,44,42,0.05797203098976504,0.5959803050836842,0.15138443179852407,0.326626867970245,-0.03285296591372802,0.8363676988156777,0.8289724552263926,0.4071199938398633,0.7967468143995615
sp|P04186|CFAB_MOUSE,86,44,42,0.09888732630294728,0.36501679585987695,0.21594960846914926,0.15916519618093106,0.03497251210171048,0.8259684848413167,0.824479604424155,0.4096670999087454,0.7967468143995615
sp|P47754|CAZA2_MOUSE,86,44,42,0.24705704517533153,0.021833066215244366,0.16137750524589853,0.2953213058116001,0.33513286072291787,0.030041970582083872,-0.8306574145679836,0.4061671901313081,0.7967468143995615
sp|Q8BKC5|IPO5_MOUSE,86,44,42,-0.006669012892457016,0.9514057559807375,-0.09043377105567262,0.559355666934003,0.09464588939413954,0.5510379408619247,-0.829820620009884,0.4066402106726996,0.7967468143995615
sp|Q60692|PSB6_MOUSE,86,44,42,-0.12848522135908652,0.23840559056171062,-0.043232445410627186,0.7805163662101621,-0.22418276988275945,0.1535036383076539,0.8261767466854782,0.4087038369821403,0.7967468143995615
sp|P60843|IF4A1_MOUSE,86,44,42,0.32817614793976957,0.0020371715553790313,0.24373177011007688,0.11086009318681865,0.4083387252155426,0.007261312950955702,-0.826541723832798,0.4084968597920723,0.7967468143995615
tr|A0A075B6A7|A0A075B6A7_MOUSE,86,44,42,0.2684586000620784,0.012446975039051594,0.35634874676169426,0.017585721714,0.18578637547738502,0.2388018153089638,0.825870310989866,0.40887766373711276,0.7967468143995615
sp|Q99PG2|OGFR_MOUSE,86,44,42,0.23777924345581095,0.02748719046256648,0.318006528782761,0.035409705472863505,0.14274328365989522,0.36716601530547954,0.8302294278339503,0.40640908004170373,0.7967468143995615
sp|P46737|BRCC3_MOUSE,86,44,42,0.20846594354444228,0.05408393695770754,0.31070662406588456,0.040094202006228236,0.135650956030877,0.39168959195321745,0.826349065547264,0.40860610781423445,0.7967468143995615
sp|P42932|TCPQ_MOUSE,86,44,42,0.20044036046191221,0.06425097807768892,0.10850635069454136,0.48323839842757244,0.2856496093342506,0.06668803649253506,-0.8265844405248592,0.4084726393947782,0.7967468143995615
sp|Q9DBS5|KLC4_MOUSE / sp|O88448|KLC2_MOUSE,86,44,42,-0.0053124427023839675,0.9612819062215084,0.07555047017660424,0.6259638401077239,-0.11021640177508756,0.4871497686171195,0.833169819041392,0.40474896144976924,0.7967468143995615
sp|O35295|PURB_MOUSE,86,44,42,0.19362904999706992,0.07404862567103478,0.10290739464955849,0.5062248467881624,0.2815735589727459,0.07084315775644158,-0.8320818575095359,0.40536274160397223,0.7967468143995615
sp|P28063|PSB8_MOUSE,86,44,42,0.1675885942505628,0.12299078334569424,0.2859011226007706,0.059925868293940206,0.10915662868109634,0.4913724701593928,0.824866818677011,0.40944720629462383,0.7967468143995615
sp|P46471|PRS7_MOUSE,86,44,42,-0.04267978521075976,0.696401806942531,-0.1359341480288245,0.37895632267253593,0.0476082682223751,0.7646383516666044,-0.8245163784905523,0.4096462134079015,0.7967468143995615
sp|O35379|MRP1_MOUSE,86,44,42,-0.17396352549342356,0.10917669874519755,-0.08696100085055665,0.5745977978558419,-0.266981298678559,0.0874138824291609,0.833477019655969,0.4045757530162384,0.7967468143995615
tr|S4R299|S4R299_MOUSE,86,44,42,-0.06564661339374474,0.5481586426144421,-0.15606204064623125,0.31172352875961673,0.026331285335320476,0.8685308163593577,-0.821208615587119,0.4115274498761594,0.7991577552270818
sp|P12399|CTL2A_MOUSE,86,44,42,-0.012531672874730752,0.9088272840480592,-0.0954657442100243,0.5376118065258477,0.08771660377958151,0.580688337980229,-0.8212744900127928,0.4114899349047204,0.7991577552270818
sp|P58404|STRN4_MOUSE,86,44,42,0.04850449917373076,0.6574104134937575,0.14826602590005258,0.33680604162449534,-0.03374969699325906,0.8319645661694463,0.8187242256847912,0.41294377165566576,0.8007004608534181
sp|Q640N3|RHG30_MOUSE,86,44,42,0.047555848691162195,0.6637021147200667,-0.03536555780311962,0.8197190343197486,0.14673781301416983,0.3537688452773777,-0.8189727603990437,0.4128019550447951,0.8007004608534181
sp|P06339|HA15_MOUSE,86,44,42,0.359851587552734,0.0006663766707255126,0.5177971248689217,0.0003184889621350361,0.37181731397646034,0.015326752197430201,0.8172280373234787,0.4137981227281461,0.8007874705296276
sp|P28798|GRN_MOUSE,86,44,42,0.33969276479815197,0.0013752277892914442,0.27335662614555584,0.07258821606088212,0.4323874223484204,0.004240393802107109,-0.8152007945402856,0.41495738315501673,0.8007874705296276
sp|Q6P8X1|SNX6_MOUSE,86,44,42,-0.08821500837405091,0.4192761179317248,-0.007229031855547497,0.9628542854717238,-0.18717223260029664,0.23525432227765813,0.8144610418543603,0.4153808816029363,0.8007874705296276
sp|Q9DBZ5|EIF3K_MOUSE,86,44,42,0.1689072184213331,0.12002870026241191,0.05868272918032674,0.7051501909733637,0.236737004996194,0.13117621554524794,-0.8161972460199226,0.4143873316962141,0.8007874705296276
tr|Q9ER05|Q9ER05_MOUSE,86,44,42,-0.23743772928208629,0.027717022853834376,-0.15811735362476928,0.3053140090852773,-0.3288557431662006,0.033465623520969594,0.8140745735119184,0.41560223102989247,0.8007874705296276
sp|P18337|LYAM1_MOUSE,86,44,42,0.3122862523567461,0.003419963389844292,0.432962309858232,0.0033299900848874275,0.2735845002641966,0.07957752016581707,0.8172618310094593,0.4137788143715615,0.8007874705296276
sp|Q61171|PRDX2_MOUSE,86,44,42,-0.16057806718438108,0.1396885378985364,-0.2221864202660922,0.14717593198005105,-0.04418438591871114,0.7811339194379903,-0.8125196830705081,0.41649349698209626,0.8007874705296276
sp|Q923T9|KCC2G_MOUSE / sp|P28652|KCC2B_MOUSE,86,44,42,0.11063161927714611,0.31055436844142587,0.2122642196800466,0.16657624523940864,0.0332605709498785,0.8343656550356221,0.8148741370141804,0.4151443587147774,0.8007874705296276
sp|Q91X79|CELA1_MOUSE,86,44,42,-0.1554268950640338,0.15301049241439507,-0.2520238948855578,0.09886693003319147,-0.07565149470952756,0.6339567033521791,-0.8126750890181341,0.4164043673276364,0.8007874705296276
sp|Q61704|ITIH3_MOUSE,86,44,42,0.31362384953716776,0.003277477931805869,0.20914581378157512,0.17303980598014804,0.3755672803090447,0.014247296301015407,-0.8164061129006446,0.4142679015624746,0.8007874705296276
sp|Q80X72|LRC15_MOUSE,86,44,42,-0.40583267644283233,0.00010589099103649345,-0.3314014995739225,0.027984872282675502,-0.4823597997804683,0.001216627739896106,0.812124022641027,0.4167204701008548,0.8007874705296276
sp|O88783|FA5_MOUSE,86,44,42,-0.061453578260791675,0.5740551098139302,-0.11899553417121811,0.44168959952970355,0.062282049523792085,0.6951812376473498,-0.8133380646052005,0.4160242587426889,0.8007874705296276
sp|P56379|ATP68_MOUSE,86,44,42,-0.035166473388816726,0.7478710840250263,0.060312804990891374,0.6973450000189002,-0.12032500667161926,0.4478369773610812,0.8105309467636049,0.41763508619505696,0.8019465674513584
sp|Q02819|NUCB1_MOUSE,86,44,42,-0.009069098613355487,0.9339514406809747,-0.1003559716417182,0.5168804087083851,0.07956450305657209,0.6164619087372201,-0.806646200180523,0.4198703481817906,0.8050380838183997
sp|Q9CPY7|AMPL_MOUSE,86,44,42,0.17331844316527692,0.11051720481391628,0.09227646545022393,0.5513455846623435,0.26649217263517844,0.08801735379710285,-0.8071662473263466,0.4195707089204356,0.8050380838183997
sp|Q9R1P4|PSA1_MOUSE,86,44,42,0.05585654041363714,0.6094830375984543,0.1671182070135392,0.2782445610774509,-0.010597730939912266,0.9468919875427018,0.8015976513659635,0.42278573664611163,0.8061691187350849
sp|Q8BJL1|FBX30_MOUSE,86,44,42,0.12199645205831754,0.26314904694764635,0.026789941582323076,0.8629505799098593,0.2022536189378641,0.19896015953020707,-0.7970647872265297,0.4254134056404172,0.8061691187350849
sp|P35285|RB22A_MOUSE / sp|Q921E2|RAB31_MOUSE,86,44,42,0.08844268448986736,0.4180720883904507,0.18632475243367028,0.22589653421698813,0.00953795784592104,0.952196331556046,0.8002119345299207,0.4235880162904966,0.8061691187350849
sp|Q60766|IRGM1_MOUSE,86,44,42,0.15920509499269933,0.14315043490498516,0.2209176923587179,0.14955924251785735,0.04508294358672364,0.7767953504204849,0.8025295054379336,0.42224672786091777,0.8061691187350849
sp|Q9ER39|TOR1A_MOUSE,86,44,42,-0.011393292295648472,0.9170786247491965,-0.12856337045061922,0.4055771871792704,0.05029846146096822,0.7517488299979354,-0.8030328491895644,0.4219557482573716,0.8061691187350849
sp|O08677|KNG1_MOUSE,86,44,42,0.11099210646052217,0.3089706500666475,0.24727541317652174,0.10560613083957937,0.07410259557215576,0.6409371703423695,0.7969985260228976,0.42545188736638617,0.8061691187350849
sp|P54116|STOM_MOUSE,86,44,42,-0.37501102226417965,0.0003742815460526479,-0.4413961803563707,0.0027060609934696175,-0.28719850847162237,0.06516066098266536,-0.7978178341000663,0.42497621043411893,0.8061691187350849
sp|P61255|RL26_MOUSE,86,44,42,0.23402258754483943,0.030106203305564995,0.13763509670071802,0.3729636900226084,0.30700811322853533,0.047968849135990754,-0.7990309448029538,0.42427246897665416,0.8061691187350849
sp|Q99JI4|PSMD6_MOUSE,86,44,42,-0.1268440560242429,0.24450575964241877,-0.2122642196800466,0.16657624523940864,-0.03578772217401142,0.8219764927452767,-0.803562416837173,0.4216497357380251,0.8061691187350849
sp|Q05909|PTPRG_MOUSE,86,44,42,-0.4376599001330077,2.5099881352671022e-05,-0.3431663945545194,0.02257697454122852,-0.49116406856131845,0.0009570273156238614,0.8043581247569049,0.4211901779195386,0.8061691187350849
sp|Q03402|CRIS3_MOUSE,86,44,42,-0.19154201893541908,0.07727978716157129,-0.29461848454422496,0.052216012959359605,-0.12358584696082303,0.43553617884199225,-0.8020297967499916,0.42253572235285275,0.8061691187350849
sp|P70326|TBX5_MOUSE,86,44,42,-0.10044311309435973,0.3574835568745773,-0.019419164004117785,0.9004320557041815,-0.19581345936668662,0.21394439576324606,0.8000553266376488,0.4236787425570653,0.8061691187350849
tr|J3QK03|J3QK03_MOUSE,86,44,42,0.1261894871912706,0.24696853183274844,0.24777152320582402,0.10488603246329167,0.07475476362999652,0.6379942572459004,0.7964293495931987,0.4257825248464915,0.8061691187350849
sp|P01635|KV5A3_MOUSE,86,44,42,-0.13787686113651532,0.20552621436885823,-0.055776941865841964,0.7191377887876486,-0.230704450461167,0.14158166141612566,0.8007025021606116,0.42330389366775967,0.8061691187350849
sp|Q3UI43|BABA1_MOUSE,86,44,42,0.19558326999116116,0.07112226067384302,0.11183737517699952,0.4698268054999136,0.2829594160956575,0.06940811013244146,-0.7984245162962322,0.4246241809176141,0.8061691187350849
sp|Q8C166|CPNE1_MOUSE,86,44,42,0.004676846879063028,0.9659112925420769,0.08781147518650342,0.570847570305215,-0.09146657011216586,0.5645530571500754,0.8036650737563152,0.42159043014210884,0.8061691187350849
sp|Q9CZX0|ELP3_MOUSE,86,44,42,0.10167635872169886,0.351580911695885,0.2124059654027044,0.16628666207562645,0.037418142318613304,0.8140058911937249,0.7969270831332848,0.425493380674966,0.8061691187350849
sp|P70303|PYRG2_MOUSE,86,44,42,0.07022859522455091,0.5205244764197579,-0.009709582002058893,0.9501221755383706,0.16646589676385268,0.292048438650299,-0.7946267997486745,0.4268306241971441,0.8063748036006207
sp|P01654|KV3A1_MOUSE / sp|P01656|KV3A3_MOUSE,86,44,42,0.0990675698946353,0.36413908975132836,0.1905771241134041,0.21529088507847166,0.01516290734479755,0.9240712203328817,0.7947716519053528,0.42674634383967125,0.8063748036006207
tr|A0A338P6S8|A0A338P6S8_MOUSE,86,44,42,-0.43440602897779756,2.9275065869578238e-05,-0.3455760718397019,0.021584995283287417,-0.49165319460469903,0.0009441736745630616,0.7950185222036051,0.42660272790198484,0.8063748036006207
sp|P61965|WDR5_MOUSE,86,44,42,-0.13441428687514007,0.21724956726849157,-0.045925614141125275,0.7672130470497767,-0.21961759347787418,0.16227518974313734,0.7926455408304979,0.427984367683674,0.8076004400509136
sp|Q8BHB9|CLIC6_MOUSE,86,44,42,-0.36529684132267753,0.000543420780311712,-0.42757597239723577,0.0037915417695492987,-0.2726062481774355,0.08070248051564477,-0.7924357500338887,0.42810664103669793,0.8076004400509136
sp|Q9CQ10|CHMP3_MOUSE,86,44,42,0.10209376493402902,0.34959690611487015,0.009426090556743304,0.9515767119303578,0.18399291331832296,0.24344633514018796,-0.7899169625142739,0.4295762644372134,0.8091871842910202
sp|Q8BV13|CSN7B_MOUSE,86,44,42,0.00978058647528191,0.9287828492959088,-0.0814329176669027,0.599243632066571,0.09480893140859974,0.5503490071805471,-0.7900160272591066,0.4295184083460615,0.8091871842910202
sp|O55102|BL1S1_MOUSE,86,44,42,-0.010729236957850477,0.9218960177960698,0.0834882306454407,0.5900265811208598,-0.09122200709047558,0.5655990011544758,0.7830915341525003,0.43357336221971976,0.8094814600918492
sp|P61161|ARP2_MOUSE,86,44,42,0.2128961412980375,0.049062056589693905,0.14670682295081686,0.3419685340546754,0.31247002071295166,0.0439377101643787,-0.784646801543881,0.4326606816613684,0.8094814600918492
sp|P49717|MCM4_MOUSE,86,44,42,0.022397637893443834,0.8378116618404612,0.12112172001108502,0.43351494372075433,-0.05396690678632246,0.7342796376375142,0.7856816432588156,0.43205402016812433,0.8094814600918492
sp|P35951|LDLR_MOUSE,86,44,42,-0.06903329561651451,0.5276648430520188,0.010630929199334555,0.945396062466274,-0.16377570352525955,0.3000272254323102,0.7863820600180188,0.4316436904070131,0.8094814600918492
sp|Q8K426|RETNG_MOUSE,86,44,42,-0.31356693050821366,0.003283431246138983,-0.3914308131194983,0.008602215330225173,-0.2351881058588222,0.13379174900817536,-0.7770782646906792,0.43711259663420576,0.8094814600918492
sp|O54781|SRPK2_MOUSE / sp|O70551|SRPK1_MOUSE / sp|Q9Z0G2|SRPK3_MOUSE,86,44,42,0.28518330806976216,0.007779488481690572,0.19993234180881853,0.19318819416794952,0.35999676792809665,0.01919315459673044,-0.7788925004471435,0.436043042062478,0.8094814600918492
sp|Q91XU3|PI42C_MOUSE,86,44,42,-0.06193739000690165,0.5710382286808118,-0.0011339657812623526,0.9941712411081383,-0.17363974540010096,0.27144814869502626,0.7791744200612575,0.43587697626935895,0.8094814600918492
sp|O88543|CSN3_MOUSE,86,44,42,0.005597037847154537,0.9592094529575708,-0.0834882306454407,0.5900265811208598,0.092444822198927,0.5603782598206595,-0.7886049175076423,0.4303429559167562,0.8094814600918492
tr|Q9EPV7|Q9EPV7_MOUSE,86,44,42,-0.021657690517040352,0.8431003178640165,-0.15110094035320848,0.32754420324201683,0.022010671952125475,0.8899580715845353,-0.7791653307743174,0.43588232977850294,0.8094814600918492
sp|P62334|PRS10_MOUSE,86,44,42,-0.07204051764625687,0.5097946130240208,-0.16130663238456963,0.2955362670558838,0.012146630077284058,0.9391436188801789,-0.7818211160015023,0.43431970952531784,0.8094814600918492
tr|E9Q2E4|E9Q2E4_MOUSE,86,44,42,-0.06007803506106726,0.5826727652779679,-0.15244752471845752,0.3232012046841833,0.019891125764143022,0.9004988598760862,-0.7758474053828609,0.4378390898784158,0.8094814600918492
sp|Q6PZE0|MUC19_MOUSE,86,44,42,0.017531060917867092,0.8727159093708161,-0.08207077341886276,0.5963764432155362,0.09179265414108624,0.5631598595299311,-0.7792834856210076,0.43581274058202646,0.8094814600918492
sp|P62983|RS27A_MOUSE,86,44,42,0.20050676599569203,0.06416090519369948,0.2962485603547896,0.050867250824288605,0.12921079645969955,0.41476462079300935,0.7844582946360497,0.43277124426939306,0.8094814600918492
tr|D3Z2H9|D3Z2H9_MOUSE,86,44,42,-0.11847695876798815,0.2772735014799387,-0.19943623177951625,0.1943183134026951,-0.02771714245823208,0.8616768059134956,-0.7797911668497831,0.43551380647542304,0.8094814600918492
sp|P97351|RS3A_MOUSE,86,44,42,0.13944213443275344,0.20037751057997777,0.2315416379615066,0.13045921757289256,0.0606516293791902,0.7027900864803984,0.7827889634964792,0.43375104960665256,0.8094814600918492
sp|B2RWS6|EP300_MOUSE,86,44,42,-0.24980813157478038,0.0203607640052159,-0.14699031439613244,0.3410262890895908,-0.3132037097780225,0.04341782079679762,0.7869874253552255,0.4312892272758232,0.8094814600918492
sp|Q05144|RAC2_MOUSE,86,44,42,0.3029799911227485,0.004574257634852336,0.23770757689712063,0.12024505177817574,0.3938279859285858,0.009865903564450891,-0.7778177130746681,0.43667648404949844,0.8094814600918492
sp|P23927|CRYAB_MOUSE,86,44,42,0.2037606371509022,0.05987121801120802,0.28958651138987324,0.056562276774555234,0.12358584696082303,0.43553617884199225,0.7774345273637882,0.4369024483919314,0.8094814600918492
sp|P97390|VPS45_MOUSE,86,44,42,-0.10258280383766903,0.3472813148325684,-0.19317079025358838,0.20899459272315773,-0.020950898858134247,0.8952262413881767,-0.7809253718134476,0.4348463886170628,0.8094814600918492
sp|Q6NVF9|CPSF6_MOUSE,86,44,42,0.1197007178905016,0.27230589449384984,0.18738784535360375,0.2232120538528092,0.016222680438788776,0.9187814623393181,0.7752459795971948,0.4381943234250225,0.8094814600918492
sp|Q9D7X3|DUS3_MOUSE,86,44,42,0.12915937247420944,0.23593061879321237,0.22556082919906256,0.14097343364890663,0.05510820088754378,0.7288711840321067,0.7794431229180252,0.43571872980591175,0.8094814600918492
sp|P63056|NOE3_MOUSE,86,44,42,-0.05907246554954458,0.5890098321894567,0.02976660175813675,0.8478930284656516,-0.14331393071050585,0.3652337418616581,0.7782784869733361,0.43640485517974514,0.8094814600918492
sp|Q8K386|RAB15_MOUSE,86,44,42,0.09958932766004801,0.3616056742115138,0.021757968427971387,0.8885117542113984,0.19271566109194305,0.2214240094405565,-0.7752020881262739,0.4382202545118593,0.8094814600918492
sp|Q9WVK4|EHD1_MOUSE,86,44,42,0.40377410489565857,0.00011565839935647146,0.3120532084311336,0.03919391253933767,0.4608382538717234,0.0021312320841204444,-0.7848672798128445,0.4325313880368742,0.8094814600918492
sp|Q9WVJ9|FBLN4_MOUSE,86,44,42,-0.09056766157082095,0.40693127234516846,-0.01956090972677558,0.8997089700415173,-0.19287870310640323,0.22102590984066747,0.7857858190836088,0.43199297585813845,0.8094814600918492
sp|P55284|CADH5_MOUSE,86,44,42,0.14657598606166908,0.17808161308282888,0.23033679931891535,0.13252867021847034,0.06105923441534067,0.7008851526555144,0.7752699119522668,0.4381801845581884,0.8094814600918492
sp|Q6PIU9|YJ005_MOUSE,86,44,42,-0.1341730139250078,0.21808370185026493,-0.22381649607665682,0.14415505360335684,-0.05347778074294189,0.7366014512787586,-0.7785407588068471,0.436250287914692,0.8094814600918492
sp|Q7TT37|ELP1_MOUSE,86,44,42,0.251145728755202,0.019676201504811107,0.15322712619307538,0.32070345268621103,0.3164645500672263,0.04116733294426299,-0.7746437965021261,0.43855017025851106,0.8095101709072874
sp|Q6NXH9|K2C73_MOUSE,86,44,42,0.00622314716564979,0.954651027926144,0.1047500890441098,0.49859903801062844,-0.06701026794313755,0.6732842833740157,0.7700694403490188,0.4412587024999347,0.8105107243203448
sp|Q91WG4|ELP2_MOUSE,86,44,42,0.18119309689734853,0.09500288583562624,0.097733675772549,0.5279474166117583,0.26209003824475335,0.09359501836182792,-0.7613874353577521,0.44642568994603504,0.8105107243203448
sp|O70172|PI42A_MOUSE,86,44,42,-0.20551564054365404,0.057656322381378924,-0.2885234184699398,0.05751661544436194,-0.1252162671054249,0.42945682070798763,-0.7648446401968679,0.44436406226255454,0.8105107243203448
sp|Q9JKF1|IQGA1_MOUSE,86,44,42,0.09250290855526083,0.39693814678194117,0.17831611910350492,0.24683379164495797,0.009700999860381228,0.9513801403296471,0.7624471224971437,0.4457931909395746,0.8105107243203448
sp|Q9JHX3|IL21R_MOUSE,86,44,42,0.16858467725725979,0.12074811973646746,0.282215733811668,0.06344743143855745,0.11869458652701738,0.45405784197680177,0.7637414350424413,0.4450213433102651,0.8105107243203448
sp|Q9D0M3|CY1_MOUSE,86,44,42,-0.06821745620150554,0.5325664276395907,0.029837474619465648,0.8475351447585199,-0.13956396437792154,0.3780433042409229,0.761488250691913,0.4463654939811571,0.8105107243203448
sp|P07214|SPRC_MOUSE,86,44,42,0.20907307985328616,0.05337176993672459,0.30659599810880855,0.04294751989140231,0.1455965189129485,0.3575659174734264,0.7606749568992486,0.446851236382408,0.8105107243203448
sp|Q62376|RU17_MOUSE,86,44,42,0.44089479827856654,2.150575998968703e-05,0.3695310989688691,0.013560363496883318,0.508120438065178,0.0005917928796452809,-0.7703655301614281,0.4410830945440254,0.8105107243203448
sp|Q922Q1|MARC2_MOUSE,86,44,42,-0.0710918671636883,0.5153981283893438,0.016796868134948597,0.9138229032640663,-0.15219972049858616,0.3359385716769403,0.7608749382708359,0.4467317689733815,0.8105107243203448
sp|P53995|APC1_MOUSE,86,44,42,0.1132878406283381,0.2990080874137458,0.19277418281459993,0.2099489613435214,0.02364109209672736,0.8818623910248773,0.767050522705164,0.44305147739532746,0.8105107243203448
sp|Q9D7S7|RL22L_MOUSE,86,44,42,0.12957616941404038,0.2344094159390244,0.053721628887303946,0.7290868063211923,0.2222262657092372,0.15721940826671263,-0.7699658056332312,0.4413201766919974,0.8105107243203448
sp|Q07417|ACADS_MOUSE,86,44,42,-0.011260481228088873,0.918041869823797,-0.09341043123148629,0.5464434744098102,0.07736343586135953,0.6262777594069465,-0.7653987935490859,0.44403411115692126,0.8105107243203448
sp|Q03350|TSP2_MOUSE,86,44,42,-0.08991309273784864,0.4103443645310087,-0.1737802559784555,0.25925551126018875,-0.004320613383195001,0.9783354305883639,-0.7655753663030478,0.44392900651882317,0.8105107243203448
sp|P97430|SLPI_MOUSE,86,44,42,0.22280005233605332,0.03921507401380196,0.2884525456086109,0.057580693907194835,0.1241564940114337,0.4334029914085217,0.7693118135274051,0.44170822582857416,0.8105107243203448
sp|Q05186|RCN1_MOUSE,86,44,42,-0.49620112141231393,1.1828431482781986e-06,-0.4266546251999601,0.003875862533754037,-0.5568700003887745,0.00012807628173557142,0.7711357663736268,0.44062646264519345,0.8105107243203448
sp|Q99P58|RB27B_MOUSE,86,44,42,-0.08361405353359337,0.4440333895830979,0.01764734247089536,0.9094771613111146,-0.1514660314335153,0.338300763599039,0.761320780817136,0.44646549133375046,0.8105107243203448
sp|D3YZP9|CCDC6_MOUSE,86,44,42,0.07716323025212712,0.4800854689936834,-0.015166792324383964,0.9221590804783489,0.15383014064318803,0.33072592480032487,-0.7610493735124875,0.4466275774777442,0.8105107243203448
sp|P01029|CO4B_MOUSE,86,44,42,-0.04227186550325528,0.6991637009650117,-0.18923053974815507,0.21861122713331518,-0.0187498316629217,0.9061817852089535,-0.7724853629292104,0.4398270127805889,0.8105107243203448
sp|P00405|COX2_MOUSE,86,44,42,0.02611634778511261,0.8113461852716244,-0.03848396370159109,0.804121531501364,0.13108577962599172,0.40796812793139176,-0.7615787743814453,0.4463114470058722,0.8105107243203448
sp|Q91XQ5|CHSTF_MOUSE,86,44,42,-0.16049268864094993,0.13990195441144387,-0.06045455071354917,0.6966677304782124,-0.22662840009966229,0.1489497652083684,0.7604908211573383,0.4469612537999571,0.8105107243203448
sp|Q7TML3|S35F2_MOUSE,86,44,42,-0.12950976388026056,0.2346513212140226,-0.21800492144768727,0.15513805009602671,-0.05135823455495944,0.7466891572085769,-0.7607276644134311,0.44681974753493137,0.8105107243203448
sp|Q9QZQ8|H2AY_MOUSE / sp|Q8CCK0|H2AW_MOUSE,86,44,42,-0.097748945723865,0.37059013299999755,0.01878130825215771,0.9036869185608801,-0.15056930035398428,0.341201781050772,0.7622895121487235,0.44588723202437486,0.8105107243203448
sp|Q99L45|IF2B_MOUSE,86,44,42,0.07389987259209126,0.4989032526191243,-0.0262938315530208,0.8654649927031066,0.14380305675388644,0.3635823791778227,-0.7649731865355488,0.4442875114087321,0.8105107243203448
tr|A0A140T8M5|A0A140T8M5_MOUSE,86,44,42,-0.05671032584794885,0.6040174221881629,0.03238889762730594,0.8346720487206357,-0.13866723329839048,0.38114542124748463,0.7688178848479329,0.4420014300610313,0.8105107243203448
sp|Q3UM45|PP1R7_MOUSE,86,44,42,0.009742640455979168,0.9290584349509026,-0.06640787106517651,0.6684385038169375,0.10336863716775964,0.5147643535915625,-0.761120523243272,0.44658508317394485,0.8105107243203448
sp|Q8BSY0|ASPH_MOUSE,86,44,42,-0.16912540803232387,0.11954390628166975,-0.07044762416092365,0.6495342738172875,-0.23567723190220277,0.132961633487657,0.7583607399856822,0.44823505423054655,0.8111676552849614
sp|Q78ZA7|NP1L4_MOUSE,86,44,42,-0.0063844177476864465,0.9534771181460918,-0.10085208167102047,0.5147997613167223,0.06831460405881906,0.6672894060483973,-0.7583144759991329,0.44826274321091997,0.8111676552849614
sp|Q7TNP2|2AAB_MOUSE,86,44,42,-0.13838913239710235,0.2038308954218967,-0.035790794971093,0.8175879072979213,-0.20257970296678446,0.19822161670781152,0.7583047368343226,0.4482685722215535,0.8111676552849614
sp|Q9Z2U0|PSA7_MOUSE,86,44,42,0.10993910442487106,0.3136115105153651,0.20085368900609418,0.19110176167502463,0.03456490706556001,0.8279661116029656,0.7557482914328904,0.4498001244325158,0.8132982690745971
sp|P46460|NSF_MOUSE,86,44,42,0.04829579606756567,0.6587925631443959,-0.00836299763680985,0.9570325702207497,0.15921052712037426,0.3138837786625461,-0.755285523451132,0.4500776828859421,0.8132982690745971
sp|Q8VHN7|AGRV1_MOUSE,86,44,42,0.15592019331496942,0.15169506932428312,0.23919590698502746,0.11787252201768976,0.07565149470952756,0.6339567033521791,0.7516416679279827,0.45226657830979233,0.8140013243857022
tr|A0A140T8P4|A0A140T8P4_MOUSE,86,44,42,0.2821286535158914,0.008494349203197258,0.3508206635780403,0.01955183095901478,0.19573193835945654,0.2141389528283087,0.7514806289171148,0.4523634544450251,0.8140013243857022
sp|P01667|KV3AF_MOUSE,86,44,42,-0.09446661505417776,0.38694818840483935,-0.0335228634085683,0.828968565927085,-0.1991558206631205,0.20607292527368906,0.7525053788479968,0.4517471963992259,0.8140013243857022
sp|P04104|K2C1_MOUSE,86,44,42,0.015396597332087819,0.8881060362242607,0.09702494715926004,0.5309583464486701,-0.07084175528295199,0.6557325529022757,0.7523883935859399,0.4518175242893603,0.8140013243857022
sp|O08573|LEG9_MOUSE,86,44,42,0.1659853749350219,0.12666730948990454,0.2696003644951243,0.07676446052745331,0.10777077155818474,0.49692285772490496,0.7521653700494138,0.45195161623201074,0.8140013243857022
sp|O08852|PKD1_MOUSE,86,44,42,-0.37191842169100614,0.00042198973437418635,-0.28930301994455765,0.05681551642855464,-0.43499609457978344,0.003990714489849348,0.7521432621564594,0.4519649097331778,0.8140013243857022
sp|Q6X893|CTL1_MOUSE,86,44,42,-0.239287597723095,0.026491312995651693,-0.31616383438820966,0.03654746388314755,-0.15823227503361315,0.31690487972786824,-0.7502169784742752,0.4531240347061183,0.8148005512348147
sp|Q8BYC6|TAOK3_MOUSE,86,44,42,0.1437869536429175,0.1865719928018939,0.2315416379615066,0.13045921757289256,0.06864068808773945,0.665793855209706,0.746921886594148,0.45511071371134726,0.8166620820952747
sp|Q9QXY6|EHD3_MOUSE,86,44,42,0.18143889129606386,0.09454775388830919,0.10446659759879422,0.49976839479147683,0.2655139205484173,0.08923398561195926,-0.7474275735858872,0.4548055063287524,0.8166620820952747
sp|Q3UW53|NIBA1_MOUSE,86,44,42,-0.3066228089758118,0.004086542541941266,-0.2834914453155881,0.06221024901568343,-0.42896354004475645,0.004588703427723064,0.7472893757130098,0.4548889042031148,0.8166620820952747
sp|Q8R5H1|UBP15_MOUSE,86,44,42,-0.12400759108136289,0.2553007572843632,-0.221619437375461,0.14823752922516495,-0.05836904117674756,0.7134906267121758,-0.7462694297691137,0.4555046743764599,0.8167998165176772
sp|Q8CG03|PDE5A_MOUSE,86,44,42,0.3175892085543044,0.0028857540192173442,0.40199086945750395,0.006832634801782984,0.25393793752174393,0.1046394871837852,0.7439466950280238,0.45690872420336914,0.8187473659176587
sp|Q61074|PPM1G_MOUSE,86,44,42,0.4166283189344626,6.603598064884033e-05,0.34075671726933693,0.023606850130588688,0.47860983344788394,0.0013449932892561584,-0.7431756607092789,0.45737533705774147,0.8190135555797526
sp|Q9CR29|CCD43_MOUSE,86,44,42,-0.11250994723263187,0.3023599746416278,-0.1977352831076227,0.19822848373506227,-0.03456490706556001,0.8279661116029656,-0.7412300620914914,0.4585539587933515,0.8194146036730604
sp|P08730|K1C13_MOUSE,86,44,42,0.07116775920229379,0.5149486945298123,0.15436109197433773,0.31709212438949697,-0.010353167918221983,0.9481158742306433,0.7419568540571182,0.45811347727389595,0.8194146036730604
sp|Q91X72|HEMO_MOUSE,86,44,42,0.4494705986409864,1.4167461781184677e-05,0.5294911469881897,0.00021916275602016855,0.3999420614708429,0.008684450895418283,0.7415069913863864,0.4583860942742376,0.8194146036730604
sp|P49290|PERE_MOUSE,86,44,42,0.06241171524818593,0.5680877171434667,-0.015308538047041758,0.9214338553683128,0.14910192222384258,0.345981830652059,-0.7400482081863929,0.45927074315706773,0.8201263270661923
sp|Q99LD4|CSN1_MOUSE,86,44,42,-0.009069098613355487,0.9339514406809747,-0.09808804007919349,0.52644510338858,0.06668418391421718,0.6747861458169301,-0.7385111266800858,0.46020390827548563,0.8212231904430877
sp|P81117|NUCB2_MOUSE,86,44,42,0.09876400174021337,0.3656180786264505,0.031184058984714692,0.8407411900919401,0.1934493501570139,0.21963644887102327,-0.736437795274592,0.4614643105854416,0.8229020773943989
sp|P35762|CD81_MOUSE,86,44,42,0.06136819971736051,0.5745882691074348,-0.006024193212956248,0.969041943171193,0.15709098093239182,0.3204526030329015,-0.7351097661330609,0.46227264702640414,0.8237730561197167
sp|P16092|FGFR1_MOUSE,86,44,42,-0.5922424962675554,1.8983484109096955e-09,-0.5398385847422087,0.00015563829791917126,-0.6456463772623473,3.892259662191762e-06,0.7326145645905272,0.4637935453965911,0.8248257077963249
sp|P28667|MRP_MOUSE,86,44,42,0.02561356302935127,0.8149127717703054,-0.037066506475013146,0.8112023768325899,0.12529778811265502,0.429154103395914,-0.7289236248173524,0.4660483825502426,0.8248257077963249
sp|Q64516|GLPK_MOUSE,86,44,42,-0.09727462048258072,0.37292758854998864,-0.023458917099864918,0.8798575295897575,-0.18374835029663267,0.2440843761803398,0.7260302357027424,0.4678202351401264,0.8248257077963249
sp|P57784|RU2A_MOUSE,86,44,42,-0.06576045145165296,0.5474635538699895,-0.11587712827274664,0.453831476358211,0.046140890092233405,0.7716957739826206,-0.7268243187905129,0.46733358355275467,0.8248257077963249
sp|Q7M747|S2B24_MOUSE,86,44,42,-0.00275108639944884,0.9799438992796577,-0.07718054598716886,0.6185099245796484,0.08486336852652822,0.5931025316481044,-0.7260582675114255,0.46780305114543363,0.8248257077963249
sp|P61202|CSN2_MOUSE,86,44,42,-0.02661913254087395,0.8077834395830105,-0.10106470025500716,0.5139093410793554,0.06089619240088048,0.7016469098743274,-0.725969884773595,0.4678572325144891,0.8248257077963249
tr|A0A075B5Y4|A0A075B5Y4_MOUSE,86,44,42,0.06383469097203878,0.5592794208611364,0.17420549314642889,0.2580735691622975,0.012228151084514152,0.9387359572746484,0.732180705146481,0.4640582795468692,0.8248257077963249
tr|A0A075B5R5|A0A075B5R5_MOUSE,86,44,42,-0.17827988518911053,0.10052945443700122,-0.23969201701432977,0.11708959656485599,-0.08192861226624482,0.6059919741314086,-0.7257557976933808,0.4679884889671576,0.8248257077963249
sp|Q9ESW4|AGK_MOUSE,86,44,42,0.14607320130590773,0.17959094640283993,0.21091763531479757,0.16934552621685883,0.05111367153326916,0.7478558508216601,0.7286107586652966,0.46623979553265793,0.8248257077963249
sp|Q8K124|PKHO2_MOUSE,86,44,42,0.07787471811405355,0.47603382380054926,-0.013324097929832641,0.9315924730933947,0.14877583819492218,0.3470496096436335,-0.7296835654574622,0.46558362907963435,0.8248257077963249
sp|Q60737|CSK21_MOUSE,86,44,42,0.027937756711644255,0.798458390566851,-0.06789620115308335,0.6614494063271219,0.09472741040136963,0.5506934230223308,-0.7287889211223368,0.4661307895538189,0.8248257077963249
sp|P51881|ADT2_MOUSE,86,44,42,0.06264887786882807,0.5666151521185048,0.0030475330371425723,0.9843360460552874,0.1647539556120207,0.29710982883357834,-0.7297221957148274,0.46556001102752953,0.8248257077963249
sp|Q6DFX2|ANTR2_MOUSE,86,44,42,-0.3486764848680763,0.0010016097702158383,-0.26839552585253307,0.07814326063854098,-0.41208869154812694,0.006693808946118598,0.7286881778312432,0.4661924260594803,0.8248257077963249
sp|P14869|RLA0_MOUSE,86,44,42,0.1618872048503257,0.13644688500888916,0.08036982474696923,0.6040356031890796,0.23844894614802598,0.12832993919228614,-0.7268765918247496,0.4673015580196088,0.8248257077963249
sp|P17426|AP2A1_MOUSE,86,44,42,0.3220952983465051,0.0024919699731037028,0.24727541317652174,0.10560613083957937,0.3926866918273645,0.010101051432778223,-0.7263336533305768,0.4676342533616995,0.8248257077963249
sp|A6H6E2|MMRN2_MOUSE,86,44,42,0.09249342205043515,0.39698677527069737,0.17236279875187757,0.26322138494044967,0.010597730939912266,0.9468919875427018,0.7309776012676202,0.46479283438455277,0.8248257077963249
sp|Q80SW1|SAHH2_MOUSE,86,44,42,0.11226329810716405,0.30342787375651037,0.033806354853883884,0.8275440398142402,0.1933678291497838,0.21983457320914304,-0.7243231755758244,0.46886735209407393,0.8258094607676063
sp|Q64455|PTPRJ_MOUSE,86,44,42,0.014865353061849423,0.891943143457458,0.12431099877088539,0.42141256198474664,-0.03684749526800265,0.8167935385322962,0.7234616625326731,0.4693962993445576,0.8261759882516992
sp|P51150|RAB7A_MOUSE,86,44,42,0.1537572702147131,0.15752593654903535,0.05995844068424689,0.6990391899700722,0.21594914815251995,0.16958305177168778,-0.7125137718717307,0.4761466864403294,0.827124854929387
sp|Q9D1D4|TMEDA_MOUSE,86,44,42,-0.04664514422789637,0.6697641401859834,-0.1312565391811173,0.39572795746178446,0.026575848357010757,0.8673205796118607,-0.7090604657978842,0.4782869549475174,0.827124854929387
sp|P31230|AIMP1_MOUSE,86,44,42,0.12445345680817012,0.2535826763779493,0.039192692314880054,0.8005868713479541,0.19679171145344776,0.21161927387749088,-0.7161229704151565,0.4739154213015133,0.827124854929387
sp|Q9DCW4|ETFB_MOUSE,86,44,42,0.02349807245322337,0.8299598393881882,-0.0547847218072374,0.7239351539023638,0.10499905731236152,0.5081192812896362,-0.7163335275814275,0.4737854291099036,0.827124854929387
sp|Q62165|DAG1_MOUSE,86,44,42,-0.10373493026887265,0.3418640036383005,-0.20659439077373484,0.17846104552217013,-0.049157167359746894,0.7572092051332685,-0.7171710079495852,0.47326858590546705,0.827124854929387
sp|Q9DAU7|WFDC2_MOUSE,86,44,42,0.09662005164960841,0.37616796488449805,0.00014174572265779407,0.9992713989902066,0.1574985859685423,0.319182703365716,-0.7094116674592834,0.4780690494790014,0.827124854929387
sp|Q6P5G6|UBXN7_MOUSE,86,44,42,0.07057959590310128,0.5184370289645198,-0.029695728896807855,0.8482509424011337,0.1284771073946287,0.4174415406103751,-0.7103804096203358,0.47746826820951516,0.827124854929387
sp|Q8CH18|CCAR1_MOUSE,86,44,42,0.11104902548947629,0.3087210693815916,0.016655122412290804,0.9145474385106902,0.17363974540010096,0.27144814869502626,-0.7097765083607092,0.47784273893787954,0.827124854929387
sp|Q8VE97|SRSF4_MOUSE,86,44,42,0.5073477645824945,6.18489233555921e-07,0.4511057623584296,0.002117173055223326,0.5695872775166693,8.252893987792802e-05,-0.719002118043157,0.4721396146607394,0.827124854929387
sp|P08607|C4BPA_MOUSE,86,44,42,0.10761491074257808,0.32401343052699316,0.17704040759958478,0.25028603352501894,0.01907591569184208,0.9045576082015546,0.7146360464094828,0.47483396503835373,0.827124854929387
sp|Q3V1L4|5NTC_MOUSE,86,44,42,0.1933729143667764,0.0744392407172408,0.11977513564583597,0.4386823958408079,0.2726877691846656,0.08060826202097714,-0.7126907994439804,0.47603711101435486,0.827124854929387
sp|Q9Z1D1|EIF3G_MOUSE,86,44,42,0.2692459799626103,0.012182100280462738,0.18228499933792316,0.23629972275617972,0.33203506244817427,0.031693496745570496,-0.718754032738849,0.4722924847480999,0.827124854929387
sp|Q8VED9|LEGL_MOUSE,86,44,42,-0.30267642296832653,0.004617147021969578,-0.23784932261977842,0.12001755635807151,-0.3812737508151513,0.012728693231411205,0.7110976721818907,0.4770237123955393,0.827124854929387
sp|O70439|STX7_MOUSE,86,44,42,-0.17886804848830304,0.09939385923582725,-0.25344135211213575,0.09692076124778075,-0.10010779687855587,0.5281835444247076,-0.7092501618126402,0.47816925001915334,0.827124854929387
sp|Q7TNB8|SBNO2_MOUSE,86,44,42,0.1808127819775686,0.09571050098122491,0.2627965698075502,0.08480726415308877,0.10964575472447691,0.48942118514432176,0.7109445443673706,0.47711860123545435,0.827124854929387
sp|P53810|PIPNA_MOUSE,86,44,42,-0.043941490352575954,0.687884332229448,-0.1336662164662998,0.3870347162420261,0.026494327349780664,0.8677239587625631,-0.7196611916995911,0.4717336261250299,0.827124854929387
sp|P27808|MGAT1_MOUSE,86,44,42,0.37253504450467567,0.00041205420552759437,0.3073047267220975,0.042444100776223945,0.4435558003389434,0.003259303695461127,-0.7112164418728381,0.4769501213970695,0.827124854929387
sp|P20918|PLMN_MOUSE,86,44,42,0.19579197309732624,0.07081531736600637,0.12820900614397474,0.40688355990725705,0.28075834890044493,0.0716981714984337,-0.7134700245363104,0.4755549554775662,0.827124854929387
sp|P59325|IF5_MOUSE,86,44,42,-0.10101230338390087,0.35475168614730596,-0.18731697249227486,0.22339033180337833,-0.029755167638984437,0.8516156920334439,-0.7143844748129484,0.4749894694056763,0.827124854929387
sp|P01727|LV1E_MOUSE / sp|P01723|LV1A_MOUSE / sp|P01728|LV2A_MOUSE / sp|P01726|LV1D_MOUSE / tr|A0A075B663|A0A075B663_MOUSE / sp|P01729|LV2B_MOUSE,86,44,42,-0.24386009304907547,0.023657370944663237,-0.17817437338084713,0.24721577835851408,-0.327469886043289,0.0342631978139516,0.7148487726044535,0.47470249405614906,0.827124854929387
sp|O35593|PSDE_MOUSE,86,44,42,-0.0712910837650277,0.5142187911637458,-0.16251147102716088,0.29189565434681974,-0.004728218419345473,0.9762921570455627,-0.7119067831171338,0.47652250150187436,0.827124854929387
sp|Q8R242|DIAC_MOUSE,86,44,42,0.09370813670952925,0.3907888071467189,0.25174040344024223,0.09925974606798185,0.09554262047367058,0.5472538642408713,0.7217343638481287,0.47045781035832035,0.827124854929387
sp|Q8K284|TF3C1_MOUSE,86,44,42,0.03706377435395386,0.7347587812109679,0.1409661211831762,0.3613931890830723,-0.018097663605080947,0.9094312653171643,0.7153663408929293,0.474382705278539,0.827124854929387
sp|O88573|AFF1_MOUSE,86,44,42,-0.09840351455683731,0.3673791528073445,0.03508206635780403,0.8211404998926638,-0.12293367890298228,0.4379812249903206,0.7093054657203415,0.47813493734796164,0.827124854929387
sp|P56399|UBP5_MOUSE,86,44,42,-0.17938980625371576,0.09839491127260486,-0.28901952849924206,0.057069664368726354,-0.13589551905256728,0.3908283716172449,-0.71869185502188,0.4723308029105703,0.827124854929387
sp|Q8BGD9|IF4B_MOUSE,86,44,42,-0.12974692650090272,0.23378817056810797,-0.21353993118396675,0.16398312020836772,-0.05755383110444661,0.7173255527956592,-0.7120096947475475,0.4764587726723515,0.827124854929387
sp|Q8QZT1|THIL_MOUSE,86,44,42,0.001043515530825422,0.9923918398477819,0.06520303242258527,0.6741167365625594,-0.09277090622784737,0.5589898655744489,0.7078703195106136,0.4790257928285153,0.8278465882774677
tr|A0A075B5X6|A0A075B5X6_MOUSE,86,44,42,0.13842707841640509,0.20370571501531465,0.20900406805891733,0.17333783664635352,0.05404842779355255,0.7338928951582976,0.7065042551299869,0.4798746074800325,0.828757286560083
sp|Q60932|VDAC1_MOUSE,86,44,42,0.009941857057318567,0.9276117042263377,-0.09865502296982466,0.5240457879528473,0.05853208319120774,0.7127244729548646,-0.704481191205128,0.4811331593207445,0.8303739177284967
sp|P18052|PTPRA_MOUSE,86,44,42,0.10998653694899949,0.3134014989398229,0.03742087078165763,0.8094307458986827,0.1922265350485625,0.22262127268766244,-0.7028436708817501,0.48215317834891447,0.8315769820820194
sp|Q5RJI4|PKDCC_MOUSE,86,44,42,-0.354026873589763,0.0008255926612554597,-0.27824685357724976,0.067422124017316,-0.4157571368734812,0.006176155613730767,0.7008807420227977,0.48337744371277125,0.8321939091491822
sp|Q91VH2|SNX9_MOUSE,86,44,42,0.0764517423902007,0.48415550492304743,0.010205692031361173,0.947577125029185,0.16540612366986143,0.29517506912534136,-0.7007157538110158,0.48348042255812684,0.8321939091491822
sp|Q9EP64|TNMD_MOUSE,86,44,42,-0.4233827103703508,4.873908688396939e-05,-0.4009986493988994,0.006984263684270619,-0.5238539924605863,0.00037029489289538514,0.7010042626309589,0.48330035503172153,0.8321939091491822
tr|A0A1L1SSC7|A0A1L1SSC7_MOUSE,86,44,42,-0.009353693758126056,0.9318836639063147,-0.10701802060663451,0.4892948947278625,0.04687457915730425,0.7681647519640389,-0.6900064058040916,0.4901901589823314,0.8324764856952582
tr|B3F5L4|B3F5L4_MOUSE,86,44,42,0.011668400935593357,0.9150837131744582,0.09688320143660224,0.5315615383185349,-0.0577168731189068,0.71655801554823,0.6928264436100054,0.488418475119228,0.8324764856952582
sp|Q8BGZ7|K2C75_MOUSE,86,44,42,0.017303384802050636,0.8743553742844608,0.09255995689553952,0.5501181062288621,-0.061874444487641615,0.6970807178299011,0.6919774708928199,0.488951477263445,0.8324764856952582
sp|P22437|PGH1_MOUSE,86,44,42,0.04124732298208123,0.7061177438579254,-0.03508206635780403,0.8211404998926638,0.12016196465715907,0.4484569592084473,-0.6967280310207514,0.4859730129942651,0.8324764856952582
sp|D3YXK2|SAFB1_MOUSE,86,44,42,0.18477814099470521,0.08853306195847185,0.12268092296032075,0.4275741918609414,0.27032365997499286,0.08337568868202512,-0.6880955631426772,0.49139260432225684,0.8324764856952582
sp|P38647|GRP75_MOUSE,86,44,42,0.22542781417276825,0.03689864175279089,0.3093600397006355,0.041011323725195385,0.16565068669155172,0.294451632027726,0.6824415255949738,0.49495980566968556,0.8324764856952582
sp|Q9Z0Y1|DCTN3_MOUSE,86,44,42,0.11293683994978773,0.30051749715390974,0.03430246488318616,0.8250524370464141,0.18668310655691606,0.23650225773359754,-0.691097250929878,0.4895044277734575,0.8324764856952582
sp|Q9Z0F8|ADA17_MOUSE,86,44,42,0.1172531996454747,0.28230137093547875,0.19256156423061324,0.21046184188074463,0.04092354562950736,0.7969326727140505,0.6887154483034492,0.4910023526653675,0.8324764856952582
sp|Q8VDM4|PSMD2_MOUSE,86,44,42,-0.0876268450748584,0.4223957805223855,-0.16527551261898787,0.28365386348392996,-0.012472714106204435,0.9375130655339307,-0.6899788443039667,0.4902074914868394,0.8324764856952582
sp|Q8K1H7|T11L2_MOUSE,86,44,42,0.06416671864093777,0.5572335590785702,0.12494885452284546,0.4190152263365642,-0.0273910584293117,0.8632886321882505,0.6840371110743166,0.4939517319028991,0.8324764856952582
sp|P01942|HBA_MOUSE,86,44,42,0.02956943554166219,0.7869585829555149,-0.04146062387740476,0.7893027050512694,0.11306963702814087,0.47587533035414514,-0.6931415859892688,0.48822070214912494,0.8324764856952582
sp|P70399|TP53B_MOUSE,86,44,42,-0.024702858566085447,0.8213825563773172,-0.08766972946384563,0.5714718274657501,0.0677439570082084,0.6699096788311274,-0.6962873175794759,0.4862489139772984,0.8324764856952582
sp|P80313|TCPH_MOUSE,86,44,42,0.08407889227005197,0.4414955366370542,0.007016413271560806,0.9639460786575368,0.15904748510591407,0.3143860255950295,-0.6857789618492747,0.4928525048179976,0.8324764856952582
sp|Q8VC57|KCTD5_MOUSE,86,44,42,0.004183548628127374,0.9695050348294239,-0.05747789053773549,0.7109385838031663,0.09709151961104237,0.5407470129775559,-0.6926946386561098,0.4885012043728352,0.8324764856952582
sp|P62743|AP2S1_MOUSE,86,44,42,0.15040853401124607,0.16688011060170868,0.07668443595786659,0.620774551258732,0.2279327362153438,0.14656198225874037,-0.6937358255360397,0.4878478945241531,0.8324764856952582
sp|Q9ERG2|STRN3_MOUSE,86,44,42,0.05550553973508677,0.6117362580813528,-0.04578386841846748,0.7679116125548128,0.10744468752926435,0.4982334851841523,-0.6870493391774205,0.4920516371996899,0.8324764856952582
sp|Q9ER38|TOR3A_MOUSE,86,44,42,-0.1138854904323563,0.2964494638179666,-0.15322712619307538,0.32070345268621103,0.0006521680578407548,0.9967294984955966,-0.6933920894372838,0.48806352525632524,0.8324764856952582
sp|P28656|NP1L1_MOUSE,86,44,42,-0.026287104871974953,0.8101357619636049,-0.09496963418072202,0.5397372461378319,0.0577168731189068,0.71655801554823,-0.6841919289118642,0.49385397815960075,0.8324764856952582
sp|Q9CR27|WASC3_MOUSE,86,44,42,0.1945682139748128,0.07263042605649239,0.12310616012829415,0.42596195486403204,0.2725247271702054,0.08079678500261663,-0.6967882959905821,0.485935291741045,0.8324764856952582
sp|Q8BHK9|ERC6L_MOUSE,86,44,42,0.1464906075182379,0.1783372592938778,0.05613130617248645,0.717427014334803,0.2060851062776785,0.19040386587384311,-0.683526549902599,0.494274179393524,0.8324764856952582
sp|Q9CZE3|RAB32_MOUSE,86,44,42,0.013138809183574632,0.9044304590214317,-0.0665496167878343,0.6677716692308956,0.08584162061328936,0.5888330712301987,-0.6826885715392365,0.4948036528014965,0.8324764856952582
sp|Q03734|SPA3M_MOUSE,86,44,42,-0.12832395077704986,0.23900031159439117,-0.12204306720836068,0.42999895707098856,0.032526881884807644,0.8379700689092536,-0.6938264886573048,0.4877910287771845,0.8324764856952582
sp|Q99MK8|ARBK1_MOUSE,86,44,42,-0.11417008557712686,0.2952361425958866,-0.19234894564662655,0.21097559544182673,-0.04141267167288793,0.7945575838942605,-0.6855378571988591,0.4930045801482923,0.8324764856952582
sp|Q8BHD7|PTBP3_MOUSE,86,44,42,-0.3353574320928136,0.0015972661258556228,-0.2637887898661547,0.08359508010547083,-0.39953445643469243,0.008759243520405422,0.6836591432240422,0.49419042858980367,0.8324764856952582
sp|Q9Z1T2|TSP4_MOUSE,86,44,42,-0.5966726940211506,1.338911323579127e-09,-0.616664766422733,8.298295672603172e-06,-0.7030371663523337,2.087917234729817e-07,0.6870426651665444,0.4920558427853161,0.8324764856952582
sp|B1ATG9|TIKI2_MOUSE,86,44,42,-0.20545872151469993,0.057727092251674064,-0.2193515058129363,0.15254031825742861,-0.06692874693590746,0.6736596317946534,-0.697192764484276,0.4856821664498686,0.8324764856952582
sp|P70349|HINT1_MOUSE,86,44,42,-0.18262470439927456,0.09237607300203524,-0.11183737517699952,0.4698268054999136,-0.26217155925198343,0.09348930819631454,0.6980237024970507,0.48516237108375915,0.8324764856952582
sp|Q9QXB9|DRG2_MOUSE,86,44,42,0.1624279356253898,0.13512470440161942,0.24642493884057498,0.10684937060246598,0.09529805745198029,0.5482846573906166,0.6975017594132865,0.48548883870487836,0.8324764856952582
sp|Q8CGK3|LONM_MOUSE,86,44,42,0.11195972995274212,0.3047455861122241,0.04705957992238763,0.7616311277729124,0.2007047198004923,0.20249465517548196,-0.6990999695356152,0.48448955757268897,0.8324764856952582
sp|Q8R367|RERG_MOUSE,86,44,42,-0.20457269832685196,0.058837894637233074,-0.11499526956024478,0.4572976996897088,-0.2636389373821251,0.09160223669903761,0.6907689729667386,0.489710736776676,0.8324764856952582
sp|Q8R409|HEXI1_MOUSE,86,44,42,0.13878756559978114,0.2025192410694568,0.21651659135978044,0.1580467250706874,0.0663580998852968,0.6762892553037901,0.686449209567823,0.49242988215073513,0.8324764856952582
sp|Q07797|LG3BP_MOUSE,86,44,42,0.23865200189977404,0.02690716400114667,0.2999339491438922,0.04792140563453884,0.15399318265764822,0.3302074439859836,0.6894726020403054,0.4905259089158419,0.8324764856952582
sp|P01822|HVM46_MOUSE,86,44,42,0.009363180262951742,0.9318147457114914,-0.07725141884849776,0.6181866906995991,0.07532541068060718,0.635423700307314,-0.6834596561566845,0.4943164348171323,0.8324764856952582
sp|Q3UL36|ARGL1_MOUSE,86,44,42,-0.06633912824601979,0.5439368201545757,0.03005009320345234,0.8464616757025271,-0.12480866206927445,0.4309721963493315,0.695298087686251,0.4868685124469174,0.8324764856952582
sp|Q8QZY1|EIF3L_MOUSE,86,44,42,0.14353081801262396,0.1873661980109905,0.06796707401441225,0.6611172945944132,0.21863934139111305,0.16420120419597317,-0.6891851715119699,0.4907067471104376,0.8324764856952582
sp|P42859|HD_MOUSE,86,44,42,0.06267733738330512,0.5664385651884262,0.13019344626118384,0.3995990584941353,-0.021440024901514813,0.8927942122031608,0.6812508075820811,0.4957128042140081,0.8331987407644066
sp|O88746|TOM1_MOUSE,86,44,42,-0.0025139237788066988,0.9816725607457755,0.0669748539558077,0.6657726833684019,-0.08461880550483794,0.594172024402248,0.6790913172307195,0.4970800036650307,0.8333838528546785
sp|Q3TTY5|K22E_MOUSE,86,44,42,0.014144378695097312,0.8971546060348196,0.1071597663292923,0.48871639361870567,-0.04459199095486161,0.779165030652877,0.6804212182413878,0.496237789692312,0.8333838528546785
sp|Q03311|CHLE_MOUSE,86,44,42,-0.062478120781965726,0.5676752177590498,-0.042594589658667116,0.7836763994146388,0.10883054465217595,0.4926755556646417,-0.6790321146933346,0.4971175137804995,0.8333838528546785
sp|Q62087|PON3_MOUSE,86,44,42,-0.009818532494584654,0.9285072720284919,0.08178728197354718,0.5976500059928124,-0.07002654521065105,0.6594520769358108,0.6800517065586538,0.4964717216232193,0.8333838528546785
sp|Q9JJK2|LANC2_MOUSE,86,44,42,-0.05551502623991246,0.6116753126393594,0.04606735986378307,0.7665146638051498,-0.10508057831959162,0.5077881679281031,0.6776294064200218,0.4980066962087376,0.8333889738593794
sp|P25911|LYN_MOUSE,86,44,42,-0.13000306213119622,0.23285845277066894,0.0034018973437870575,0.9825149224588211,-0.1470638970430902,0.3526884870274932,0.6774956847213408,0.4980915070949844,0.8333889738593794
tr|A0A5F8MPH8|A0A5F8MPH8_MOUSE,86,44,42,-0.4790684936971256,3.067778703474031e-06,-0.42991477682108936,0.0035846697396867138,-0.5451309753476409,0.00018919618428816907,0.6779207861311822,0.49782191982252255,0.8333889738593794
sp|A2AN08|UBR4_MOUSE,86,44,42,-0.10083205979221284,0.3556153746294117,-0.1836315837031722,0.23279634430024848,-0.03448338605832991,0.8283657658676512,-0.6761605540070377,0.49893871399174117,0.8342644081355413
tr|A0A075B5V5|A0A075B5V5_MOUSE,86,44,42,-0.1900810971922635,0.07960799630968352,-0.12856337045061922,0.4055771871792704,-0.27317689522804617,0.08004475416893662,0.6751481289467505,0.49958165823772394,0.8347973847904862
sp|Q71M36|CSPG5_MOUSE,86,44,42,-0.5039231363404221,7.56677986003542e-07,-0.45138925380374517,0.002101831114229308,-0.5630655969382616,0.00010362314901311772,0.674486648217732,0.5000019714741595,0.8349578965927111
sp|Q8VHI7|DRC2_MOUSE,86,44,42,-0.10419028250050556,0.339737652375834,-0.009638709140729996,0.9504857948037924,-0.15790619100469275,0.31791597644084046,0.6688206676894775,0.5036098811224425,0.8349698352465718
sp|Q8R4G6|MGT5A_MOUSE,86,44,42,-0.12095293652749212,0.26728504524368174,0.024663755742456165,0.8737357513880432,-0.12529778811265502,0.429154103395914,0.6734205838672425,0.5006797569648302,0.8349698352465718
sp|P01810|HVM40_MOUSE,86,44,42,-0.1929175621351435,0.07513774835703978,-0.24897636184841526,0.10315286356128862,-0.10442841026175086,0.5104401216936822,-0.6684232310899114,0.5038634705193886,0.8349698352465718
sp|Q5XJY5|COPD_MOUSE,86,44,42,0.25595538670182466,0.017375296757044204,0.18908879402549728,0.2189627876665497,0.329181827195121,0.03328019610523139,-0.6729282058345738,0.5009929668543738,0.8349698352465718
sp|Q571I9|A16A1_MOUSE,86,44,42,0.00833863774177769,0.9392607052876593,-0.05357988316464615,0.729774590634517,0.09611326752428125,0.5448522734629695,-0.67079903673067,0.5023485612038785,0.8349698352465718
sp|Q9ESJ0|XPO4_MOUSE,86,44,42,-0.05606524351980222,0.608145005047753,-0.13883993534330927,0.3687533413696364,0.009945562882071511,0.9501559457325842,-0.6692176731839522,0.5033566340864706,0.8349698352465718
sp|Q9Z0M6|AGRE5_MOUSE,86,44,42,-0.34730094166835185,0.0010520630721288747,-0.41864599186979473,0.004680667616269406,-0.28817676055838354,0.06421038979120809,-0.6682519160199657,0.5039728010260881,0.8349698352465718
sp|P61027|RAB10_MOUSE,86,44,42,0.07220178822829353,0.5088451391525348,-0.009851327724716688,0.9493949671095145,0.13891179632008077,0.3802979023705145,-0.6691239208575845,0.5034164319748223,0.8349698352465718
sp|P61957|SUMO2_MOUSE / sp|Q9Z172|SUMO3_MOUSE,86,44,42,0.30985770712137056,0.0036928753093371396,0.23487266244396476,0.12486358060863559,0.37108362491138946,0.015545852578796003,-0.6721252190959282,0.5015039827732912,0.8349698352465718
sp|P24369|PPIB_MOUSE,86,44,42,-0.1998616836675454,0.06504024536537799,-0.2812943866143923,0.06435307439883037,-0.1387487543056206,0.38086279111182153,-0.6680963068853933,0.504072119107249,0.8349698352465718
sp|P50580|PA2G4_MOUSE,86,44,42,-0.028924353213515563,0.7914997164499584,0.049611002930227924,0.7491158227142192,-0.09994475486409568,0.5288589745234795,0.6703036329319951,0.5026642516966409,0.8349698352465718
sp|Q99JY3|GIMA4_MOUSE,86,44,42,0.0944476420445264,0.387043983220472,0.009496963418072202,0.9512130630725992,0.15782466999746267,0.3181690679736138,-0.6690806596341683,0.5034440264729756,0.8349698352465718
sp|P24270|CATA_MOUSE,86,44,42,0.09162066360647206,0.40147567917148314,0.19624695301971587,0.20169509826807702,0.04940173038143718,0.756038132911004,0.6678575878462507,0.5042245024498715,0.8349698352465718
sp|Q3UV17|K22O_MOUSE,86,44,42,0.018745333535554857,0.8639813258128807,0.09092988108497489,0.5571937614531419,-0.0576353521116767,0.7169417497982195,0.6656081511366293,0.5056615949915011,0.8368114441536731
sp|P06329|HVM50_MOUSE,86,44,42,0.1438438726718716,0.18639583494446918,0.22728926628177276,0.13787241727929497,0.08355903241084671,0.5988162623578918,0.65976863836089,0.5094023118287423,0.8396210907803177
sp|O88545|CSN6_MOUSE,86,44,42,0.04004253686921915,0.7143260799596137,-0.05280028169002829,0.7335611372477159,0.09415676335075898,0.5531071865337334,-0.658476843344241,0.5102317721136957,0.8396210907803177
sp|Q7TQ48|SRCA_MOUSE,86,44,42,-0.252625623508009,0.018941904739377128,-0.31857351167339215,0.03506554341290276,-0.18089511504357936,0.25161167889235303,-0.6578725202288817,0.5106200497716418,0.8396210907803177
sp|Q99LJ1|FUCO_MOUSE,86,44,42,-0.2782961055663144,0.009472384580940945,-0.3493323334901335,0.020111716657131008,-0.21407416498622778,0.17340852047848082,-0.6582972781841679,0.5103471266184206,0.8396210907803177
sp|Q80W65|PCSK9_MOUSE,86,44,42,0.2934175942584573,0.006109350529122281,0.22367475035399903,0.1444159055673423,0.3584478687907249,0.019755815770988613,-0.6598037842695103,0.5093797545467846,0.8396210907803177
sp|Q78IK4|MIC27_MOUSE,86,44,42,0.16192515086962847,0.13635378169787726,0.08518917931733423,0.5824466392156283,0.22874794628764475,0.14508399145313494,-0.6593074578065751,0.509698354335576,0.8396210907803177
tr|E9Q3A7|E9Q3A7_MOUSE,86,44,42,-0.5121289630146402,4.6500002711716513e-07,-0.44742037356932696,0.0023258131288147067,-0.5571960844176949,0.0001266692587376268,0.658482516331757,0.5102281279504359,0.8396210907803177
sp|O35226|PSMD4_MOUSE,86,44,42,-0.08309229576818065,0.4468917171173655,-0.17052010435732626,0.2684370459777613,-0.025026949219638966,0.8749903525899979,-0.6579590704259897,0.5105644317872455,0.8396210907803177
sp|P26339|CMGA_MOUSE,86,44,42,-0.30390966859566565,0.004445104582092451,-0.2819322423663524,0.06372500335559689,-0.4114365234902862,0.006789658370707571,0.659699098665771,0.5094469452083558,0.8396210907803177
sp|P01807|HVM37_MOUSE / sp|P01806|HVM36_MOUSE / sp|P01808|HVM38_MOUSE,86,44,42,-0.17797631703468858,0.10111952797508357,-0.24146383854755218,0.11432553081876322,-0.0981512927050336,0.5363164993248678,-0.661041960066478,0.5085854047850293,0.8396210907803177
sp|Q99M28|RNPS1_MOUSE,86,44,42,-0.008073015606658494,0.9411920167953737,-0.08362997636809849,0.5893932495317157,0.06309725959609302,0.6913878035522176,-0.6572296444973806,0.5110332669732388,0.8397643027798914
tr|E9Q0F0|E9Q0F0_MOUSE,86,44,42,0.04296438035553034,0.6944772398450655,0.11098690084105275,0.4732320714933303,-0.03538011713786095,0.8239719412028642,0.6564872430448451,0.5115106729650416,0.8397733216502827
tr|A0A075B5V9|A0A075B5V9_MOUSE,86,44,42,-0.00738050075438344,0.9462287908790719,-0.0476974356743477,0.7584965233746902,0.09872193975564426,0.5339381398659031,-0.6562069053143201,0.5116910064735121,0.8397733216502827
sp|Q9DBG3|AP2B1_MOUSE,86,44,42,0.15526562448199713,0.1534423774394745,0.07193595424883048,0.6426232331583974,0.21521545908744907,0.17107265848875136,-0.6552908779246253,0.5122804928377449,0.8402052669154096
sp|P14685|PSMD3_MOUSE,86,44,42,-0.13730767084697418,0.2074216766641126,-0.22027285301021196,0.15078139692384648,-0.07777104089751001,0.6244551302443169,-0.6527923803949545,0.5138901365137591,0.8408712835248771
sp|P16330|CN37_MOUSE,86,44,42,0.034227309411073846,0.7543885421089235,-0.042381971074680426,0.7847305111499421,0.10345015817498973,0.5144310715663448,-0.6537513941645361,0.513271985999068,0.8408712835248771
sp|Q9EQG7|ENPP5_MOUSE,86,44,42,-0.07502876666634785,0.4923503900370083,0.039334438037537854,0.7998804089121644,-0.10622187242081294,0.5031640455045799,0.6526331998777737,0.5139927768031676,0.8408712835248771
sp|Q9CZ04|CSN7A_MOUSE,86,44,42,0.10661882773588108,0.3285381759301608,0.0143163179884372,0.9265117209137657,0.15912900611314418,0.3141348386251473,-0.6535130632480164,0.5134255705466995,0.8408712835248771
sp|P49722|PSA2_MOUSE,86,44,42,0.09463737214104011,0.3860866743699323,0.17044923149599736,0.26863900477193786,0.026331285335320476,0.8685308163593577,0.6517975374195866,0.5145317904883244,0.8412186415920225
sp|Q810B6|ANFY1_MOUSE,86,44,42,0.25032988934019307,0.020091347096335737,0.17994619491406955,0.242469578792049,0.316219987045536,0.041332753891224434,-0.6505568956102494,0.5153325629505938,0.8419932421305706
sp|Q9WUZ9|ENTP5_MOUSE,86,44,42,-0.10677061181309205,0.32784610485314325,-0.20170416334204094,0.18919005419612334,-0.061792923480411516,0.6974608335927056,-0.6376909091639995,0.5236749044348553,0.8423021130414527
sp|Q9WTX5|SKP1_MOUSE,86,44,42,0.12230002021273947,0.2619540369498798,0.03430246488318616,0.8250524370464141,0.17372126640733107,0.2712197017035284,-0.6312023490914762,0.5279082262082497,0.8423021130414527
sp|P47738|ALDH2_MOUSE,86,44,42,-0.05195758693028034,0.6347119556175224,0.03791698081095991,0.8069520449975386,-0.10214582205930822,0.519776501751787,0.6278637015524836,0.5300932314959181,0.8423021130414527
tr|Q3ULL6|Q3ULL6_MOUSE,86,44,42,0.016876492084894782,0.8774307937952918,-0.054075993193948436,0.7273682656645479,0.08453728449760785,0.5945287103978266,-0.6208439540539277,0.5347023000699018,0.8423021130414527
sp|Q8K4L6|MEPE_MOUSE,86,44,42,-0.1505887776029341,0.16636641636545157,-0.07179420852617269,0.6432801562338939,-0.20812313145843087,0.18596037436968796,0.6227324879817526,0.5334603297467757,0.8423021130414527
sp|B1AVZ0|UPP_MOUSE,86,44,42,0.11082134937365982,0.3097201777598727,0.16385805539240994,0.2878612524096387,0.02152154590874491,0.8923889676673217,0.6429984379761821,0.5202251134415091,0.8423021130414527
tr|Q9DCE9|Q9DCE9_MOUSE,86,44,42,0.06208917408411262,0.5700932859238506,0.0190647996974733,0.9022401170695176,0.158965964098684,0.3146373395679482,-0.6315300536923305,0.527694004906722,0.8423021130414527
sp|P70398|USP9X_MOUSE,86,44,42,-0.08064477752315376,0.4604362120867501,-0.1525892704411153,0.32274616136571505,-0.014836823315877172,0.9256994987653965,-0.6212200383766276,0.5344548567230197,0.8423021130414527
sp|P70451|FER_MOUSE,86,44,42,0.06873921396691826,0.5294290863415397,0.010418310615347863,0.9464865454291975,0.14877583819492218,0.3470496096436335,-0.6235322619759355,0.5329348083885264,0.8423021130414527
tr|A0A0B4J1I1|A0A0B4J1I1_MOUSE,86,44,42,0.1138854904323563,0.2964494638179666,0.1886635568575239,0.2200198163546054,0.050624545489888595,0.7501909029962134,0.6271693624193831,0.530548223862369,0.8423021130414527
sp|Q3U9N9|MOT10_MOUSE,86,44,42,-0.21371198071304645,0.04818053343092344,-0.2933427730403048,0.05329154541634702,-0.1614931153228169,0.3069056798253408,-0.6227758176268473,0.5334318516765633,0.8423021130414527
sp|Q3UH66|WNK2_MOUSE / sp|Q80XP9|WNK3_MOUSE,86,44,42,0.1439861702442569,0.18595596839927908,0.08944155099706805,0.5636912089790259,0.22882946729487486,0.14493679857895317,-0.6405347228114578,0.5218250224645196,0.8423021130414527
sp|O35685|NUDC_MOUSE,86,44,42,0.10646704365867012,0.32923117657537376,0.16648035126157912,0.2801093004912415,0.02624976432809038,0.8689342946066719,0.6339001108439284,0.5261460132448079,0.8423021130414527
sp|Q60590|A1AG1_MOUSE,86,44,42,-0.0728089245371374,0.5052788285700919,-0.018710435390828815,0.9040486672805593,0.1213032587583804,0.44412694148813225,-0.6286580289088074,0.5295729612200177,0.8423021130414527
sp|Q8VBV7|CSN8_MOUSE,86,44,42,0.027292674383497632,0.8030168454626079,-0.0668331082331499,0.6664387585599588,0.07336890650708491,0.6442544473686077,-0.6278430409569046,0.5301067672821527,0.8423021130414527
sp|Q8CIE6|COPA_MOUSE,86,44,42,0.24877410254878063,0.020903852591520503,0.18377332942583,0.23242964456119466,0.31613846603830587,0.04138801437298056,-0.6324565750776352,0.527088575494556,0.8423021130414527
sp|Q64521|GPDM_MOUSE,86,44,42,-0.13165371397086553,0.2269287086246548,-0.1836315837031722,0.23279634430024848,-0.04369525987533057,0.7834983676858214,-0.63491335973684,0.5254849233414068,0.8423021130414527
sp|Q8C6C9|LEG1H_MOUSE,86,44,42,-0.04320154297617248,0.6928749095049686,-0.046138232725111965,0.7661655406921144,-0.18358530828217248,0.2445103638595663,0.623755279444398,0.5327883131433171,0.8423021130414527
sp|Q6PDJ6|FBX42_MOUSE,86,44,42,-0.16134647407526162,0.13777884772661142,-0.20439733207253905,0.18322603273818963,-0.0678254780154385,0.6695351165887161,-0.6231653275288273,0.5331758838488441,0.8423021130414527
sp|Q9DCJ9|NPL_MOUSE,86,44,42,-0.21496419935003697,0.046852948627550066,-0.27101782172170225,0.07516689095400035,-0.1358139980453372,0.39111532204843175,-0.6317313610497967,0.5275624317722334,0.8423021130414527
sp|Q62313|TGON1_MOUSE,86,44,42,-0.34789859147237007,0.0010298649402653813,-0.2932719001789759,0.053351816127972775,-0.4171429939963928,0.005989821872048764,0.6352284804435702,0.5252794108393166,0.8423021130414527
sp|P53657|KPYR_MOUSE,86,44,42,-0.03910337289147627,0.7207473505284223,0.020127892617406756,0.896817435332736,-0.12024348566438917,0.4481469097034997,0.6301894002970079,0.5285706734588791,0.8423021130414527
sp|Q922H4|GMPPA_MOUSE,86,44,42,-0.023574075695806863,0.8294181467232921,-0.08554354362397872,0.5808730175858573,0.05356147185619789,0.7362040164119567,-0.623068474440463,0.533239525400722,0.8423021130414527
sp|P56135|ATPK_MOUSE,86,44,42,0.02524358934114953,0.8175396532858888,0.11516839965945767,0.45661606849711955,-0.024619344183488493,0.8770106221606861,0.6272713904104149,0.5304813536812683,0.8423021130414527
sp|Q8BL97|SRSF7_MOUSE,86,44,42,0.5261310441373521,1.9659962716838022e-07,0.583708885904796,3.1962219405844014e-05,0.4842347829467604,0.0011566217343448083,0.6239742187065318,0.5326445166034235,0.8423021130414527
sp|O55201|SPT5H_MOUSE,86,44,42,0.03846777706815534,0.7251040889269863,-0.03054620323275462,0.8439579855363805,0.11054248580400794,0.4858542796556116,-0.6328409870191898,0.5268374880795057,0.8423021130414527
sp|Q9CQQ8|LSM7_MOUSE,86,44,42,0.18198910857595363,0.09353514953451443,0.25712674090123844,0.09199884913486518,0.11771633444025624,0.4578127362950324,0.6472048640660991,0.5174993637014247,0.8423021130414527
sp|P54731|FAF1_MOUSE,86,44,42,-0.1593922540811704,0.14267475139031635,-0.24259780432881453,0.11258268266837121,-0.1083414186087954,0.4946335196095946,-0.6203784085757055,0.5350086840989949,0.8423021130414527
sp|Q8BM88|CATO_MOUSE,86,44,42,-0.13589418162794703,0.21218252352978148,-0.1718666887225753,0.26461892235933876,-0.033097528935418306,0.8351663493550602,-0.6280489139879376,0.5299718974380621,0.8423021130414527
sp|Q8BSM7|LAT3_MOUSE,86,44,42,-0.23008568804217988,0.03307379485408283,-0.31644732583352525,0.036370495702883386,-0.1834222662677123,0.24493685326097991,-0.6356151646801372,0.525027282905858,0.8423021130414527
tr|B2RXM6|B2RXM6_MOUSE,86,44,42,0.08461962304511605,0.43855363150190535,0.023317171377207124,0.8805782010536749,0.16516156064817114,0.29589965046371197,-0.640956362162788,0.5215510352209958,0.8423021130414527
sp|Q05D44|IF2P_MOUSE,86,44,42,0.17953210382610105,0.0981238419568352,0.10609667340935885,0.49306379799818145,0.24162826542999966,0.1231668811888541,-0.6259263294077407,0.5313632638330639,0.8423021130414527
sp|O88544|CSN4_MOUSE,86,44,42,0.03428422844002796,0.7539930500876507,-0.0525876631060416,0.7345949212203952,0.08722747773620096,0.5828081530827399,-0.6262875650312448,0.5311263410847598,0.8423021130414527
sp|Q05020|APOC2_MOUSE,86,44,42,-0.10031030202680012,0.3581228598734762,-0.03990142092816903,0.7970561423308391,-0.18154728310142013,0.24987757858848955,0.6422645811025771,0.5207014073031664,0.8423021130414527
sp|Q8BH04|PCKGM_MOUSE,86,44,42,0.17542444723657916,0.10618753942465989,0.14167484979646516,0.358959674022924,0.2741551473148073,0.0789269783604234,-0.6201666722487521,0.5351480609459482,0.8423021130414527
sp|Q80XI4|PI42B_MOUSE,86,44,42,-0.16868902881034234,0.12051500466870423,-0.2262970462231682,0.13964631813234016,-0.08592314162051945,0.5884778998261855,-0.6444463795093524,0.5192860176194485,0.8423021130414527
sp|Q80YQ8|RMD5A_MOUSE,86,44,42,-0.07209743667521099,0.5094594006623306,-0.14706118725746134,0.34079097843338413,-0.0049727814410357556,0.9750662639210431,-0.6400420639416661,0.5221452529535999,0.8423021130414527
sp|P80314|TCPB_MOUSE,86,44,42,0.15564508467502455,0.15242762359993037,0.08766972946384563,0.5714718274657501,0.22304147578153816,0.15566328262380758,-0.6212500198076654,0.5344351330342048,0.8423021130414527
sp|Q60675|LAMA2_MOUSE,86,44,42,-0.046853847334061456,0.6683730412562864,-0.0011339657812623526,0.9941712411081383,-0.14037917445022247,0.3752362219275874,0.626700862530547,0.5308553383766059,0.8423021130414527
sp|P01668|KV3AG_MOUSE / sp|P01665|KV3AD_MOUSE / sp|P01664|KV3AC_MOUSE / sp|P01666|KV3AE_MOUSE,86,44,42,-0.0875604395410786,0.4227488376178135,-0.01311147934584595,0.932681562188971,-0.15546056078778991,0.3255639142442772,0.6420838416603442,0.520818746778966,0.8423021130414527
sp|Q9DB20|ATPO_MOUSE,86,44,42,0.002428545235375528,0.9822948999791086,-0.07455825011799967,0.6305191716693477,0.07035262923957142,0.6579632888982825,-0.6489987899665807,0.51633915832371,0.8423021130414527
sp|P16546|SPTN1_MOUSE,86,44,42,-0.19191199262362083,0.07669890599603113,-0.26300918839153686,0.08454636389200225,-0.1240749730042036,0.4337073761051936,-0.6465620561467209,0.51791542203933,0.8423021130414527
sp|O88199|CHST3_MOUSE,86,44,42,-0.13727921133249713,0.2075167756069839,-0.04358680971727167,0.7787622972778271,-0.18546029144846465,0.23964176771977988,0.6438630713628927,0.5196642302619423,0.8423021130414527
sp|Q6PB93|GALT2_MOUSE,86,44,42,-0.008395556770731805,0.9388468980783508,-0.0523750445220549,0.7356291689334435,0.08649378867113011,0.5859943700596599,-0.6220293097925192,0.5339225955108132,0.8423021130414527
sp|Q9D2G2|ODO2_MOUSE,86,44,42,0.08884111769254617,0.4159698553151009,0.0334519905472394,0.8293247823499726,0.1717647622338088,0.2767374225945554,-0.6259929043532713,0.5313195954544007,0.8423021130414527
sp|Q9EQF2|KELL_MOUSE,86,44,42,-0.19878022211741722,0.06653631471664373,-0.16414154683772553,0.2870165464408101,-0.30048643265012775,0.05316817820264466,0.6456383532345671,0.5185135928715083,0.8423021130414527
sp|P62962|PROF1_MOUSE,86,44,42,0.09476069670377402,0.38546518567598564,0.02955398317415006,0.8489668606789124,0.17249845129887964,0.2746597171056557,-0.6468174967792703,0.5177500670130153,0.8423021130414527
sp|Q9CZU3|MTREX_MOUSE,86,44,42,0.06168125437660813,0.5726344777528893,0.15046308460124838,0.3296140933775133,0.009945562882071511,0.9501559457325842,0.6333619809900073,0.5264972864855113,0.8423021130414527
sp|Q9ES82|POPD2_MOUSE,86,44,42,-0.12825754524327007,0.2392454952093857,-0.04805179998099218,0.7567567245767698,-0.18855808972320823,0.2317428816363648,0.6382105993746873,0.523336598390115,0.8423021130414527
sp|P08103|HCK_MOUSE,86,44,42,-0.08442040644377664,0.4396362018529435,-0.025018120049100652,0.8719365976666139,-0.16801479590122445,0.2875173916730741,0.6464676040553218,0.5179765708658031,0.8423021130414527
sp|Q61475|DAF1_MOUSE,86,44,42,-0.06980170250739505,0.5230689830970624,-0.1047500890441098,0.49859903801062844,0.033994260014949346,0.8307645857182908,-0.6220724672821276,0.5338942181700213,0.8423021130414527
sp|P36552|HEM6_MOUSE,86,44,42,-0.1076718297715322,0.32375608337893935,-0.021332731259998006,0.890677353044414,-0.15912900611314418,0.3141348386251473,0.6221344181295388,0.5338534849658365,0.8423021130414527
sp|Q3V1G4|OLM2B_MOUSE,86,44,42,-0.446311592534033,1.654363188339018e-05,-0.5311920956600832,0.00020732904993142883,-0.4195886242132956,0.005672861228946784,-0.6465212135608273,0.5179418633057966,0.8423021130414527
tr|A0A075B5M3|A0A075B5M3_MOUSE,86,44,42,-0.02541434642801187,0.816326994500275,0.04443728405321844,0.7745569759760682,-0.09611326752428125,0.5448522734629695,0.6298261712203096,0.5288083207108134,0.8423021130414527
sp|Q0GNC1|INF2_MOUSE,86,44,42,0.14810331333860446,0.17355354518712887,0.0884493309384635,0.5680422933135125,0.22532406398398078,0.1513659896578845,-0.6284822618042027,0.5296880631728766,0.8423021130414527
sp|P36536|SAR1A_MOUSE / sp|Q9CQC9|SAR1B_MOUSE,86,44,42,0.4501915730077385,1.3671923350451305e-05,0.3852648741838843,0.009807865650575013,0.5003759423783192,0.0007393515256757497,-0.641908351058173,0.5209326916387551,0.8423021130414527
sp|Q9Z1Z2|STRAP_MOUSE,86,44,42,0.10091743833564401,0.3552060967890138,0.17611906040230912,0.2527994336364929,0.03872247843429482,0.8076426806096376,0.622473479493066,0.5336305770736929,0.8423021130414527
sp|A2AVA0|SVEP1_MOUSE,86,44,42,-0.04408378792496124,0.6869261263304057,-0.10113557311633606,0.5136127060413281,0.04010833555720642,0.8008951669206955,-0.6331119066548453,0.5266605674371254,0.8423021130414527
sp|O89020|AFAM_MOUSE,86,44,42,0.02474080458538819,0.8211127404598307,0.08681925512789886,0.5752239263418374,-0.05600493196707482,0.7246307576375791,0.6397714846256569,0.522321173698574,0.8423021130414527
sp|Q9Z1Q9|SYVC_MOUSE,86,44,42,0.16720913405753537,0.12385348490983998,0.09815891294052238,0.5261448934976507,0.23624787895281343,0.13199801965678346,-0.6362773926117854,0.5245956374245919,0.8423021130414527
sp|Q80SZ7|GBG5_MOUSE,86,44,42,-0.0646789899015248,0.5540841250138695,0.029908347480794545,0.8471772913492777,-0.10744468752926435,0.4982334851841523,0.6159707320671071,0.5379138367288681,0.8433858678383064
sp|P56371|RAB4A_MOUSE / sp|Q91ZR1|RAB4B_MOUSE,86,44,42,-0.09086174322041721,0.40540328463743025,-0.15195141468915524,0.3247970285329647,-0.015570512380948021,0.92203630333146,-0.6150197725467937,0.5385416626405823,0.8433858678383064
sp|Q9CR62|M2OM_MOUSE,86,44,42,0.08211082985314137,0.4522962011408359,0.02764041591826984,0.8586432826797942,0.16402026654694984,0.29929615986062064,-0.6163711798879972,0.5376495700361792,0.8433858678383064
sp|Q9Z0N1|IF2G_MOUSE,86,44,42,0.09436226350109522,0.38747523565222547,0.008433870498138747,0.9566687832351659,0.14543347689848832,0.35811036343985037,-0.6171316157498509,0.5371479167277722,0.8433858678383064
sp|P35486|ODPA_MOUSE,86,44,42,-0.018830712078986026,0.8633677765328669,-0.06569914245188754,0.6717764513366349,0.07149392334079274,0.6527628301893537,-0.6143242453500125,0.5390010840582145,0.8433858678383064
sp|Q8BTM8|FLNA_MOUSE,86,44,42,0.029427137969276904,0.787959697968427,-0.03160929615268807,0.838598079389005,0.10556970436297218,0.5058037778736372,-0.615103689105116,0.5384862459328088,0.8433858678383064
sp|Q8C165|P20D1_MOUSE,86,44,42,-0.16820521706423236,0.12159873286686279,-0.0858270350692943,0.5796155031097946,-0.21986215649956448,0.16179625881217058,0.6146037609778926,0.5388164300506799,0.8433858678383064
sp|Q64442|DHSO_MOUSE,86,44,42,0.07443111686232966,0.4958138950261354,0.016513376689633007,0.915272042198618,0.15260732553473663,0.33463066665474916,-0.6138054073363957,0.539343923609375,0.8433858678383064
sp|O35344|IMA4_MOUSE,86,44,42,-0.09041587749360998,0.4077212293318876,-0.14847864448403927,0.3361058277192044,-0.011494462019443303,0.9424054554301285,-0.6173618039120957,0.5369961098811632,0.8433858678383064
sp|Q8R3I9|B3GN8_MOUSE,86,44,42,-0.11870463488380462,0.2763447352672262,-0.2073031193870238,0.17694308057236904,-0.07304282247816454,0.6457309881227488,-0.6132894684495621,0.5396849557521795,0.8433858678383064
sp|Q9QXK3|COPG2_MOUSE,86,44,42,0.12986076455881093,0.23337464418759823,0.0572652719537488,0.7119617455889614,0.19206349303410228,0.22302134912300364,-0.613165437582641,0.5397669554165161,0.8433858678383064
sp|Q8CBY8|DCTN4_MOUSE,86,44,42,0.24249403635417674,0.02447562092892776,0.3095726582846222,0.04086538686786552,0.18048751000742888,0.2526995819332072,0.6151115866417444,0.5384810307150913,0.8433858678383064
sp|Q8BYH7|TBC17_MOUSE,86,44,42,-0.11773701139158467,0.2803064003829122,-0.17328414594915323,0.26063900393909895,-0.039782251528286044,0.8024815514983912,-0.6046550278305541,0.5454082354927801,0.8491089518705615
sp|Q5FW85|ECM2_MOUSE,86,44,42,-0.4264753109435243,4.2319587709279496e-05,-0.3776814780216923,0.011487172200524785,-0.48749562323596424,0.0010585024848082884,0.6054155681801139,0.544902909403076,0.8491089518705615
sp|Q6VN19|RBP10_MOUSE,86,44,42,0.04577238578393329,0.6755934782821343,-0.011764894980596907,0.939581866473715,0.12309672091744248,0.43736925258977216,-0.6057386498192779,0.5446883145446055,0.8491089518705615
sp|P62855|RS26_MOUSE,86,44,42,0.07779882607544807,0.4764651204285711,0.012331877871228083,0.9366759132439936,0.14690085502863,0.35322841491184415,-0.6064062279418143,0.5442450338657676,0.8491089518705615
sp|P01896|HA1Z_MOUSE,86,44,42,0.18261521789444887,0.09239328899060781,0.07469999584065747,0.6298675755589105,0.20714487937166975,0.18808395766416164,-0.6051008350675925,0.5451119994315121,0.8491089518705615
sp|P62874|GBB1_MOUSE,86,44,42,0.03206438631081752,0.7694632388907654,-0.04883140145561005,0.7529333578810289,0.0866568306855903,0.5852856503380496,-0.6068803430923222,0.5439303241019898,0.8491089518705615
tr|A0A0A6YYE5|A0A0A6YYE5_MOUSE,86,44,42,0.033439929510541935,0.7598659634064143,-0.046350851309098655,0.7651184461653031,0.08820572982296208,0.5785720028968796,-0.602743338267395,0.5466794460458351,0.8493685282502733
sp|Q9CZU6|CISY_MOUSE,86,44,42,0.08381327013493277,0.4429447381790055,0.02530161149441624,0.8704977338448411,0.158965964098684,0.3146373395679482,-0.6036330824273065,0.546087612999699,0.8493685282502733
sp|P30355|AL5AP_MOUSE,86,44,42,-0.1031752264841572,0.3444890718327227,-0.19908186747287177,0.1951283987180988,-0.06692874693590746,0.6736596317946534,-0.6024203361325907,0.5468943766364867,0.8493685282502733
sp|Q9DBS1|TMM43_MOUSE,86,44,42,0.09972213872760761,0.3609625414249942,0.020694875508037933,0.8939272208037651,0.1544007876937987,0.3289134577708561,-0.6033161170390999,0.546298413129175,0.8493685282502733
sp|Q3UQN2|FCHO2_MOUSE,86,44,42,-0.014372054810913769,0.8955083995615665,0.05152457018610814,0.739770763584004,-0.08233621730239529,0.6041945780170449,0.5994959286773268,0.5488422242246966,0.8518798838930645
sp|Q9D1H9|MFAP4_MOUSE,86,44,42,-0.11626660314360339,0.2863987776742036,-0.19702655449433373,0.19987397773300666,-0.0663580998852968,0.6762892553037901,-0.5954190117504397,0.5515634203490509,0.8520725004104258
tr|A0A140T8P9|A0A140T8P9_MOUSE / sp|P01638|KV5A6_MOUSE,86,44,42,-0.04150345861237474,0.70437694595193,0.045429504111823,0.7696588203092418,-0.08787964579404171,0.5799825055931979,0.5971463180536455,0.5504096960807912,0.8520725004104258
sp|P49813|TMOD1_MOUSE,86,44,42,-0.1907261795204101,0.07857314452897285,-0.12558671027480553,0.41662564197508184,-0.25393793752174393,0.1046394871837852,0.5962374831945686,0.5510165884246176,0.8520725004104258
sp|Q9EQU5|SET_MOUSE,86,44,42,0.20280250016350795,0.06110937454376627,0.13898168106596706,0.3682598871430377,0.266981298678559,0.0874138824291609,-0.5978429947575503,0.549944699447261,0.8520725004104258
sp|Q4VC33|MAEA_MOUSE,86,44,42,0.13115092921510418,0.22872358429315467,0.04861878287162336,0.7539755194816117,0.18024294698573862,0.2533538348275056,-0.5971861709485855,0.5503830910604117,0.8520725004104258
sp|Q9R0Q6|ARC1A_MOUSE,86,44,42,0.02194228566181092,0.8410653835163303,-0.06768358256909666,0.6624461266667706,0.06546136880576577,0.68042919457949,-0.5961386776184148,0.5510825876216283,0.8520725004104258
sp|Q9Z0M9|I18BP_MOUSE,86,44,42,0.20744140102326825,0.05530336682501711,0.30900567539399104,0.04125549718552741,0.18415595533278314,0.24302160126412706,0.5953440193031879,0.5516135371589048,0.8520725004104258
sp|Q3UPI1|GAK1B_MOUSE,86,44,42,-0.13632107434510288,0.21073658511620097,-0.20616915360576146,0.17937629437003486,-0.07532541068060718,0.635423700307314,-0.5977321230288475,0.5500186877936866,0.8520725004104258
sp|Q9DCL9|PUR6_MOUSE,86,44,42,0.2917764289236137,0.006414350247826857,0.23947939843034305,0.11742465284017337,0.3596706838991763,0.019310476544949946,-0.5914153466203035,0.5542421601609829,0.8535334392038677
sp|P47911|RL6_MOUSE,86,44,42,0.1023783600787996,0.3482481845026614,0.04805179998099218,0.7567567245767698,0.17804187979052608,0.2592931645969634,-0.5895602704810284,0.5554854940209931,0.8535334392038677
sp|O70469|DOK2_MOUSE,86,44,42,-0.31059765449777405,0.003607732374845766,-0.36825538746494896,0.013912075612222786,-0.24847603003732757,0.11257837175501084,-0.5928886074461456,0.5532557028230507,0.8535334392038677
sp|Q62167|DDX3X_MOUSE,86,44,42,0.23350082977942674,0.03048609372434749,0.31899874884136553,0.034809231602923936,0.19695475346790794,0.21123346840175278,0.585530826712941,0.5581908450171547,0.8535334392038677
sp|O35864|CSN5_MOUSE,86,44,42,-0.06251606680126848,0.5674395670626629,-0.141107866905834,0.3609056903134568,-0.011086856983292832,0.9444445785775306,-0.58552569311509,0.5581942957744905,0.8535334392038677
sp|O35161|CELR1_MOUSE,86,44,42,-0.09109890584105935,0.4041734925948348,-0.01934829114278889,0.9007936284395403,-0.1501616953178338,0.34252547409955,0.5899369342719271,0.5552329312224931,0.8535334392038677
sp|P62270|RS18_MOUSE / tr|F6YVP7|F6YVP7_MOUSE / tr|A0A1Y7VKY1|A0A1Y7VKY1_MOUSE,86,44,42,0.11100159296534785,0.3089290441927588,0.035436430664448515,0.8193637569210722,0.16508003964094106,0.2961414318556223,-0.5863521863273751,0.5576388682604718,0.8535334392038677
sp|P63168|DYL1_MOUSE / tr|Q80ZS7|Q80ZS7_MOUSE / sp|Q9D0M5|DYL2_MOUSE,86,44,42,0.16504621095727903,0.1288597002956405,0.138343825314007,0.3704835508812822,0.2640465424182756,0.09108331137965574,-0.5866349253239915,0.5574489211821327,0.8535334392038677
sp|O08808|DIAP1_MOUSE,86,44,42,0.18758614642310817,0.08371324777274233,0.12679154891739677,0.41213318604912874,0.25344881147836335,0.10533249953698713,-0.5884266271778249,0.5562459694927315,0.8535334392038677
sp|Q922D4|PP6R3_MOUSE,86,44,42,-0.052830345374243415,0.6290269197703595,-0.12246830437633406,0.42838159292541667,0.00880426878085019,0.9558697771431816,-0.5896485665856579,0.5554262841686108,0.8535334392038677
sp|Q9Z1R2|BAG6_MOUSE,86,44,42,0.13661515599469912,0.20974457485687983,0.1958217158517425,0.20269333635081652,0.0663580998852968,0.6762892553037901,0.5898163275966286,0.555313795006537,0.8535334392038677
sp|Q9Z1T1|AP3B1_MOUSE,86,44,42,0.11605790003743831,0.2872705660262375,0.04351593685594277,0.7791130244916464,0.17372126640733107,0.2712197017035284,-0.5899485792907091,0.5552251238308192,0.8535334392038677
sp|Q80YC5|FA12_MOUSE,86,44,42,-0.10889558889404564,0.31825476619467286,-0.041389751016075865,0.7896547042189606,-0.17135715719765832,0.2778961440891286,0.588577745837551,0.5561445660959743,0.8535334392038677
sp|P01803|HVM34_MOUSE,86,44,42,0.040346105023641096,0.7122547331382707,0.14054088401520282,0.36285807120420804,0.010190125903761794,0.9489318642913772,0.5869490782906573,0.5572379068111162,0.8535334392038677
sp|Q93092|TALDO_MOUSE,86,44,42,0.07306506016743092,0.5037781784805114,0.13168177634909067,0.39418565218048235,0.0007336890650708491,0.9963206884401538,0.5888732509070116,0.5559463028285452,0.8535334392038677
sp|P22907|HEM3_MOUSE,86,44,42,-0.21627476921150926,0.04549601828612297,-0.14869126306802596,0.3354065173740267,-0.27373618843311676,0.0794041868610542,0.5860975267919803,0.5578099782138519,0.8535334392038677
sp|Q8K2B3|SDHA_MOUSE,86,44,42,0.10976834733800872,0.3143683050008031,0.18278110936722544,0.23500484810715472,0.05225496563449048,0.7424160745434311,0.5926223361548546,0.5534339274674702,0.8535334392038677
sp|P18760|COF1_MOUSE,86,44,42,-0.05433869964152743,0.6192525716320969,0.013324097929832641,0.9315924730933947,-0.11665656134626502,0.46189938072507547,0.5834983715499223,0.5595578529733662,0.8551106655230968
sp|Q9D8V0|HM13_MOUSE,86,44,42,-0.04445376161316298,0.6844371049634727,0.018710435390828815,0.9040486672805593,-0.11062400681123803,0.4855306878015975,0.5802626037351037,0.5617375418594394,0.8576700400304196
sp|Q9D832|DNJB4_MOUSE / sp|Q9QYJ3|DNJB1_MOUSE,86,44,42,-0.1439007917008257,0.18621979781174422,-0.19376640287320449,0.20756704892533787,-0.07173848636248303,0.6516505443559928,-0.5560955489850655,0.5781455377206508,0.8576700400304196
sp|Q8CBW3|ABI1_MOUSE,86,44,42,0.0678569690181295,0.5347394295449959,0.12183044862437399,0.43080891889495987,-0.0038314873398144346,0.9807875382110806,0.5645207502681665,0.5723997824172925,0.8576700400304196
sp|P07091|S10A4_MOUSE,86,44,42,-0.025234102836323845,0.8176070358219257,0.06321859230537615,0.6835081130250479,-0.06505376376961529,0.6823140610012968,0.5742608709644338,0.5657912834841063,0.8576700400304196
sp|P08032|SPTA1_MOUSE,86,44,42,-0.2839880084617258,0.008052654757445129,-0.3669796759610288,0.014271517493219053,-0.2554868366591157,0.10246790903302334,-0.5528252834746488,0.5803830537601082,0.8576700400304196
sp|Q8CI19|PDGFC_MOUSE,86,44,42,0.06406236708785523,0.5578761584095269,-0.005811574628969556,0.9701340795068886,0.11747177141856596,0.45875407178336036,-0.5536038442665129,0.5798499945375837,0.8576700400304196
sp|Q8VHX6|FLNC_MOUSE,86,44,42,0.01940938887335285,0.859211426576522,-0.03309762624059491,0.8311063704025262,0.09162961212662606,0.5638562589362216,-0.5588291834671794,0.5762783034735764,0.8576700400304196
sp|P47879|IBP4_MOUSE,86,44,42,0.17870677790626638,0.09970422726842347,0.18965577691612845,0.21755889093939507,0.30961678545989835,0.046007760940561006,-0.5728867840054698,0.566721353516042,0.8576700400304196
sp|Q8K019|BCLF1_MOUSE,86,44,42,0.0481679554710098,0.6596397616658723,0.0013820694954852224,0.99289597934106,0.12594995617049576,0.42673666424540846,-0.5599165717701654,0.5755363447201962,0.8576700400304196
sp|Q91WR6|GINM1_MOUSE,86,44,42,0.29597895056139245,0.005658936617776418,0.3506789178553825,0.019604581879598612,0.23690004701065417,0.13090313058797493,0.5576369082862529,0.5770923481237509,0.8576700400304196
sp|Q60931|VDAC3_MOUSE,86,44,42,-0.002362139701595728,0.9827789489395964,0.06513215956125637,0.6744513118868107,-0.06171140247318142,0.69784102240395,0.5678482021268516,0.5701380463113762,0.8576700400304196
sp|Q8R146|APEH_MOUSE,86,44,42,-0.23902197558797578,0.026664433542963512,-0.29936696625326104,0.0483654013566039,-0.18073207302911917,0.2520464624141051,-0.5636918160049859,0.5729638880544953,0.8576700400304196
sp|Q05895|TSP3_MOUSE,86,44,42,-0.3818413057386733,0.00028594299220949135,-0.4319700897996274,0.003411108031665234,-0.3229862306456338,0.03695128722154024,-0.5692976303459453,0.5691541746790736,0.8576700400304196
sp|Q8R3Q2|PP6R2_MOUSE,86,44,42,0.1762402866515881,0.10454622024295034,0.22580093619386593,0.14053959063904825,0.10434688925452076,0.5107721049800251,0.5589864599292981,0.5761709609547807,0.8576700400304196
sp|P13504|IL1R1_MOUSE,86,44,42,-0.23866148840459972,0.026900916822046733,-0.1815762707246342,0.23815796498192296,-0.3001603486212074,0.053439579305952424,0.5636867702684623,0.5729673225823733,0.8576700400304196
sp|P62137|PP1A_MOUSE,86,44,42,-0.031741845146744205,0.7717187231022226,-0.07540872445394643,0.6266137652369206,0.05298865469956133,0.7389255805284363,-0.5748943836343027,0.5653627285586387,0.8576700400304196
sp|Q91YN9|BAG2_MOUSE,86,44,42,-0.19194045213809788,0.07665436800729218,-0.273923609036187,0.07197371599044956,-0.15603120783840058,0.32376918536715565,-0.5534083476088953,0.5799838241484088,0.8576700400304196
sp|P17710|HXK1_MOUSE,86,44,42,-0.008091988616309864,0.9410540545777978,0.07455825011799967,0.6305191716693477,-0.05258104966341086,0.7408641100493703,0.5692432492238738,0.5691910739319415,0.8576700400304196
sp|Q9D0J8|PTMS_MOUSE,86,44,42,0.05902503302541615,0.5893095203059604,0.02168709556664249,0.8888726320920806,0.14771606510093097,0.3505338025718676,-0.568294521054932,0.5698349987117478,0.8576700400304196
sp|Q9ER00|STX12_MOUSE,86,44,42,-0.13832272686332256,0.20405009340583896,-0.06789620115308335,0.6614494063271219,-0.19312326612809352,0.22042968627207707,0.5703704897250592,0.568426440482394,0.8576700400304196
tr|D4AFX7|D4AFX7_MOUSE,86,44,42,-0.07263816745027507,0.5062805449285653,-0.11821593269660025,0.4447081438312634,0.00505430244826585,0.9746576453317426,-0.5535919815092595,0.5798581149193834,0.8576700400304196
sp|P62192|PRS4_MOUSE,86,44,42,-0.05747873273882939,0.5991169378540933,-0.13005170053852605,0.4001168584829579,-0.005135823455495944,0.974249033140382,-0.5617776316401699,0.574267534076427,0.8576700400304196
tr|E9PYQ4|E9PYQ4_MOUSE,86,44,42,0.053769509351986294,0.6229333658730816,0.12792551469865915,0.4079303977182708,0.0013043361156815096,0.9934590498494917,0.5692409518040175,0.569192632826657,0.8576700400304196
sp|P60882|MEGF8_MOUSE,86,44,42,-0.2274389531958136,0.035204072569392626,-0.2877438169953219,0.058224629139825373,-0.1687484849662953,0.2853871193500617,-0.5620901828357787,0.5740545766929275,0.8576700400304196
sp|P01675|KV6A1_MOUSE / sp|P01676|KV6A2_MOUSE / sp|P01678|KV6A4_MOUSE / sp|P01677|KV6A3_MOUSE,86,44,42,-0.22069404826475109,0.04115798618653355,-0.26676545004196844,0.08003953287922429,-0.144292182797267,0.36193551737184076,-0.5725760306729711,0.5669317928615106,0.8576700400304196
sp|P61028|RAB8B_MOUSE,86,44,42,0.1470787708174304,0.17658157231772614,0.09390654126078857,0.5443053658570091,0.21651979520313058,0.1684309532341935,-0.562498316907618,0.5737765500467202,0.8576700400304196
sp|P19137|LAMA1_MOUSE,86,44,42,-0.050534611206427486,0.6440264470871605,0.04791005425833439,0.757452502062751,-0.08005362909995266,0.6142894570274848,0.5730237320457482,0.5666286254333062,0.8576700400304196
sp|Q9JMA1|UBP14_MOUSE,86,44,42,-0.1083928041382843,0.3205076766773828,-0.05414686605527733,0.7270247157620019,-0.1789386108700571,0.2568623381929598,0.5663803782702891,0.5711352304949031,0.8576700400304196
sp|O08999|LTBP2_MOUSE,86,44,42,0.4706634504215681,4.8066593204516565e-06,0.5261601225057315,0.0002441221406638371,0.4295341870953671,0.00452897739024758,0.5610552858235832,0.5747598489048248,0.8576700400304196
sp|Q9CXW4|RL11_MOUSE,86,44,42,0.2627856701763184,0.01450772076507711,0.2095710509495485,0.17214792932895973,0.3246166507902357,0.03595448999730034,-0.5547127007242166,0.5790911875389191,0.8576700400304196
sp|P83741|WNK1_MOUSE,86,44,42,0.030869086702781122,0.7778312548312125,-0.029270491728834475,0.8503990569130997,0.0951350154375201,0.548972364973161,-0.5575120123513154,0.5771776541310506,0.8576700400304196
sp|Q3TXS7|PSMD1_MOUSE,86,44,42,-0.12827651825292144,0.23917542497778888,-0.1866082438789859,0.22517851133859326,-0.06472767974069492,0.6838233285723058,-0.554382345793659,0.5793172055723539,0.8576700400304196
tr|A0A0B4J1M0|A0A0B4J1M0_MOUSE,86,44,42,0.04467195122415375,0.6829707946647232,0.10467921618278091,0.49889124570757953,-0.021032419865364343,0.8948208367931948,0.5637583918492873,0.5729185721771475,0.8576700400304196
sp|Q8CG47|SMC4_MOUSE,86,44,42,0.013281106755959919,0.9034003642824608,-0.03302675337926601,0.8314627887201008,0.09497197342305992,0.5496604817268715,-0.5735860397952703,0.5662479608268458,0.8576700400304196
sp|Q9QYB8|ADDB_MOUSE,86,44,42,-0.21395862983851427,0.047916613367700756,-0.15457371055832442,0.3164178732484841,-0.2739921053003471,0.0791124213782294,0.5604165596747995,0.5751953389982892,0.8576700400304196
tr|A2AEN9|A2AEN9_MOUSE,86,44,42,0.10862996675892644,0.3194437106693641,0.06066716929753586,0.6956522631085446,0.18228097216649097,0.24793633670891166,-0.5525800276027376,0.5805510212710763,0.8576700400304196
sp|Q9D554|SF3A3_MOUSE,86,44,42,0.23897454306384736,0.02669544867567074,0.30142227923179904,0.04677160359434112,0.18423747634001322,0.2428094223276642,0.5575803790257764,0.5771309578158714,0.8576700400304196
sp|Q6ZQ73|CAND2_MOUSE,86,44,42,-0.05527786361927032,0.613199739803776,0.016159012382988523,0.9170838470660333,-0.11143921688353897,0.4823009503436898,0.5725424673143624,0.5669545239052276,0.8576700400304196
sp|Q80Z71|TENN_MOUSE,86,44,42,-0.1510346433297413,0.1651007169651663,-0.2122642196800466,0.16657624523940864,-0.08608618363497963,0.5877678427660304,-0.577804540365488,0.5633960895479745,0.8576700400304196
sp|Q80V70|MEGF6_MOUSE,86,44,42,-0.3604302643471008,0.0006521982648276366,-0.29057873144847784,0.05568305900186022,-0.40409963283957767,0.007952385797226824,0.5782487627005376,0.5630961813477277,0.8576700400304196
sp|Q99LD9|EI2BB_MOUSE,86,44,42,0.050193097032702805,0.6462701894356292,0.1240275073255698,0.4224805284223845,-0.0020380251807523586,0.9897799241163895,0.566475767970091,0.5710704011165555,0.8576700400304196
sp|Q18PI6|SLAF5_MOUSE,86,44,42,0.08944825400139005,0.4127782652571264,0.04557124983448079,0.7689598014183726,0.1701343420892069,0.28139134788999676,-0.56421686671221,0.5726065503687771,0.8576700400304196
sp|Q8CG85|MAMC2_MOUSE,86,44,42,-0.07657506695293462,0.4834487183043219,-0.16548813120297456,0.2830262349671445,-0.039374646492135575,0.8044656332235647,-0.5705964748984778,0.5682732086012832,0.8576700400304196
sp|Q9R182|ANGL3_MOUSE,86,44,42,-0.19229145281664825,0.0761067668446629,-0.24160558427020998,0.11410656245542643,-0.11983588062823869,0.44969832810213345,-0.5635992075239733,0.5730269262764873,0.8576700400304196
tr|Q9QUK9|Q9QUK9_MOUSE / tr|Q9R0T7|Q9R0T7_MOUSE,86,44,42,-0.3066607549951145,0.004081716001044812,-0.3507497907167114,0.019578191466580967,-0.23363920672145042,0.1364458904533733,-0.573430803955118,0.5663530383298372,0.8576700400304196
sp|Q60787|LCP2_MOUSE,86,44,42,0.14690801373056805,0.17708997956093192,0.07434563153401298,0.6314970851731229,0.1990742996558904,0.20626247110853327,-0.5690597203169461,0.5693156123349358,0.8576700400304196
sp|O35103|OMD_MOUSE,86,44,42,0.07074086648513793,0.5174793581365411,-0.028420017392887707,0.8546984829124235,0.0979882506905734,0.5369969712581091,-0.5665827336301548,0.5709977085740694,0.8576700400304196
sp|P27659|RL3_MOUSE,86,44,42,0.17343228122318516,0.11027972187011958,0.10588405482537216,0.49393566838473774,0.22988924038886607,0.14303329293136677,-0.5713159989649722,0.567785458544826,0.8576700400304196
sp|Q8BK62|OLFL3_MOUSE,86,44,42,-0.11158975626454037,0.30635658348940004,-0.20638177218974815,0.17891825046233117,-0.08160252823732445,0.6074315458259428,-0.5704876387321084,0.5683470037665663,0.8576700400304196
sp|Q80XR2|AT2C1_MOUSE,86,44,42,-0.3584570713433582,0.0007017078409789346,-0.3096435311459511,0.04081683558902324,-0.4168169099674724,0.006033221180255795,0.5529513094438925,0.5802967516625226,0.8576700400304196
sp|Q99MR6|SRRT_MOUSE,86,44,42,0.07392833210656831,0.4987374970432344,0.14153310407380737,0.3594455810972694,0.018423747634001324,0.9078063397423877,0.5546569515749421,0.579129326378317,0.8576700400304196
sp|P40142|TKT_MOUSE,86,44,42,0.1769707475231659,0.1030935146896162,0.24692104886987726,0.10612279649401922,0.1252162671054249,0.42945682070798763,0.5644501884154641,0.5724477908363779,0.8576700400304196
sp|Q61247|A2AP_MOUSE,86,44,42,-0.1940369697045744,0.07342993325388185,-0.2025546376779877,0.18729197191416466,-0.0808688391722536,0.6106759358931458,-0.5559328800815069,0.578256739859033,0.8576700400304196
sp|Q9JLJ2|AL9A1_MOUSE,86,44,42,-0.012465267340950952,0.9093083556514009,-0.07703880026451107,0.6191566057551542,0.04980933541758765,0.7540875445011175,-0.5679730497141822,0.5700532678854322,0.8576700400304196
sp|O88738|BIRC6_MOUSE,86,44,42,0.1474772040201092,0.17539944448598316,0.1786704834101494,0.24588056887733364,0.055923410959844724,0.725015917546122,0.5571754611945475,0.5774075537529709,0.8576700400304196
sp|Q08890|IDS_MOUSE,86,44,42,0.028288757390194624,0.7959808755878061,-0.05294202741268608,0.732872206393993,0.07434715859384605,0.6398329384500855,-0.5699125959415191,0.5687369812519205,0.8576700400304196
sp|Q8R2U2|NEPRO_MOUSE,86,44,42,0.1089240484085227,0.318127548343897,0.15918044654470273,0.30203204756455077,0.03277144490649793,0.8367682303752197,0.5711928654422452,0.5678689139275981,0.8576700400304196
sp|P36423|THAS_MOUSE,86,44,42,0.007048473085484442,0.9486444435815713,-0.03834221797893329,0.8048289293725847,0.0852709735626787,0.5913219318534767,-0.5536543230167671,0.5798154410486652,0.8576700400304196
sp|O88207|CO5A1_MOUSE,86,44,42,-0.2793680806116169,0.009189356752659276,-0.317297800169472,0.03584380879760089,-0.20233513994509417,0.19877534272957592,-0.5520169975540434,0.5809367077520028,0.8577477193012656
sp|Q52KI8|SRRM1_MOUSE,86,44,42,0.09271204900407264,0.3958669749446161,0.1428796884390564,0.3548455478452588,0.02054412619141837,0.8972495163602064,0.5513181755261566,0.5814155811082053,0.8579628202599591
sp|P01725|LV1C_MOUSE,86,44,42,-0.18159067537327483,0.09426755690641302,-0.14054088401520282,0.36285807120420804,-0.25736181982540784,0.09988549415181851,0.5445525084272975,0.5860613254735669,0.8589117319831728
sp|E9Q735|UBE4A_MOUSE,86,44,42,0.1853093852649436,0.08760474134934654,0.1311147934584595,0.39624283889972295,0.24888363507347805,0.1119705972957996,-0.5469876711951708,0.5843872022529928,0.8589117319831728
sp|P26516|PSMD7_MOUSE,86,44,42,-0.01078615598680459,0.92148298561718,-0.07760578315514224,0.6165715903929282,0.04451046994763152,0.7795586998102408,-0.5467804266974625,0.5845295918311515,0.8589117319831728
sp|O70325|GPX4_MOUSE,86,44,42,0.10565120424366115,0.33297197644937204,0.044508156914547334,0.7742068182883691,0.16516156064817114,0.29589965046371197,-0.5461043614661288,0.5849942019298437,0.8589117319831728
sp|P62264|RS14_MOUSE,86,44,42,0.06338882524523155,0.5620323397838753,0.13678462236477126,0.37595290211731996,0.015244428352027644,0.9236641982781479,0.547226407356762,0.5842231959917772,0.8589117319831728
sp|Q9CYR6|AGM1_MOUSE,86,44,42,0.15969582223559234,0.14190573756795405,0.20574391643778808,0.18029490146919425,0.08567857859882916,0.5895436994551533,0.549158133357937,0.5828969331941896,0.8589117319831728
tr|Q6PDB7|Q6PDB7_MOUSE,86,44,42,-0.02004498469667379,0.8546506704367731,-0.08256688344816504,0.5941505801875903,0.0390485624632152,0.806053772019662,-0.5446419120676087,0.5859998230250606,0.8589117319831728
sp|O08717|INHBE_MOUSE,86,44,42,0.005075758972107275,0.9630056595726083,0.05302037372161312,0.7324915064968981,-0.06958099882688722,0.661488387848972,0.5488446273715936,0.5831120811249888,0.8589117319831728
sp|O08601|MTP_MOUSE,86,44,42,-0.13904370123007465,0.20167923029328164,-0.20297987484596108,0.186348029175183,-0.08298838536023605,0.6013235451052132,-0.5483755445985776,0.5834340649685164,0.8589117319831728
sp|Q80WM9|TNR14_MOUSE,86,44,42,-0.020718526539297472,0.8498228327841572,0.04089364098677359,0.7921198531991969,-0.0807873181650235,0.611036879638403,0.5448945730835252,0.5858260289435674,0.8589117319831728
sp|Q3TL44|NLRX1_MOUSE,86,44,42,-0.03575463668800924,0.7437984039351995,-0.11254610379028848,0.46699908438082194,0.009945562882071511,0.9501559457325842,-0.549770396195859,0.5824768659467712,0.8589117319831728
tr|E9Q1Z0|E9Q1Z0_MOUSE,86,44,42,0.05609370303427928,0.607962645718574,0.11573538255008885,0.45438765514143536,-0.005869512520566793,0.9705718283346035,0.5459929332529275,0.5850707948495251,0.8589117319831728
sp|Q64339|ISG15_MOUSE,86,44,42,0.21286768178356041,0.04909304573346184,0.17427636600775778,0.2578769294763857,0.2888289286162243,0.0635830126479036,-0.5419183530194059,0.587874752934148,0.860802916861529
sp|P57080|UBP25_MOUSE,86,44,42,-0.1460257687817793,0.1797338168849788,-0.21098850817612647,0.16919895025007053,-0.09277090622784737,0.5589898655744489,-0.5417070640316716,0.5880203226250211,0.860802916861529
tr|A0A075B5T0|A0A075B5T0_MOUSE,86,44,42,0.19750903047077534,0.06833030755684642,0.15634553209154683,0.3108344115630239,0.2714649540762142,0.08203059073811524,-0.5400928816293545,0.589132979522214,0.8619417171986938
sp|Q60716|P4HA2_MOUSE,86,44,42,-0.18104994459821075,0.09526875087249359,-0.23097465507087542,0.13143004708531128,-0.11421093112936219,0.47140440940863776,-0.5387568403627956,0.5900546476826876,0.8627999533122773
sp|P70698|PYRG1_MOUSE,86,44,42,-0.10242579260292803,0.3480237137498014,-0.04698870706105873,0.7619796509890944,-0.16491699762648088,0.2966253760616254,0.53386721398865,0.5934334068671927,0.8657779212204879
sp|P35123|UBP4_MOUSE,86,44,42,-0.15608146389700608,0.15126686684686202,-0.2386289240943963,0.11877213350134878,-0.12325976293190266,0.4367577539121658,-0.5339402609349986,0.5933828658927767,0.8657779212204879
sp|P62301|RS13_MOUSE,86,44,42,0.14527633490055014,0.1820021909729579,0.08852020379979239,0.5677309886995268,0.20551445922706785,0.19166140807423973,-0.5352857134366237,0.5924523038614757,0.8657779212204879
tr|Q3UW77|Q3UW77_MOUSE,86,44,42,-0.03362965960705565,0.7585450093740485,-0.10467921618278091,0.49889124570757953,0.014347697272496606,0.928142475834202,-0.5338632804520772,0.5934361285258878,0.8657779212204879
sp|Q9CR00|PSMD9_MOUSE,86,44,42,0.03653253008371546,0.7384227643116313,-0.033381117685910504,0.8296810325935713,0.08559705759159907,0.5898991561435288,-0.5329144906437226,0.5940927738659504,0.8662451261069208
sp|P26011|ITB7_MOUSE,86,44,42,-0.43121856335636716,3.3986103276608046e-05,-0.40028992078561043,0.00709434475152482,-0.495077076908363,0.0008584209175075315,0.5309873568388707,0.5954275404960518,0.8677000094948124
sp|Q61647|HYAS1_MOUSE,86,44,42,-0.07015270318594542,0.5209763749455345,-0.12494885452284546,0.4190152263365642,-0.0070108066217881146,0.964852955626964,-0.5302042261210048,0.5959703412456784,0.8679997899929988
sp|Q8BHG1|NRDC_MOUSE,86,44,42,0.1004620861040111,0.3573922855078957,0.02402589999049609,0.8769758084202672,0.14094982150083313,0.37327865591270065,-0.5269390572154423,0.5982359099944503,0.8708069351247651
sp|P16045|LEG1_MOUSE,86,44,42,-0.08037915538803456,0.46191959601688853,-0.014245445127108304,0.9268745384047025,-0.13108577962599172,0.40796812793139176,0.5257500711074986,0.5990618693099512,0.8711685692279361
sp|Q8CAQ8|MIC60_MOUSE,86,44,42,0.0682554022208083,0.5323379461778036,0.12431099877088539,0.42141256198474664,0.0074999326651686805,0.9624025259492107,0.525120677285744,0.5994993027852049,0.8711685692279361
sp|Q60930|VDAC2_MOUSE,86,44,42,-0.05642573070317828,0.605836891899009,-0.10092295453234937,0.5145028687537035,0.016222680438788776,0.9187814623393181,-0.5252751494125621,0.5993919300923085,0.8711685692279361
sp|Q80WT0|JPH4_MOUSE,86,44,42,-0.11061264626749474,0.31063786752726147,-0.04422466546923175,0.7756077139872846,-0.1600257371926752,0.3113801653235636,0.5237898020625629,0.6004247471457792,0.8715686749064736
sp|Q8BH27|MEGF9_MOUSE,86,44,42,-0.4220166536754521,5.185386772061606e-05,-0.3834221797893329,0.010195208707208058,-0.47860983344788394,0.0013449932892561584,0.523585981078853,0.6005665341866833,0.8715686749064736
sp|O08538|ANGP1_MOUSE,86,44,42,-0.033885795237349164,0.7567628193466763,-0.09255995689553952,0.5501181062288621,0.024211739147338023,0.8790316627323288,-0.5232647072078314,0.6007900574598022,0.8715686749064736
sp|Q8BTW3|EXOS6_MOUSE,86,44,42,0.09326182894131568,0.3930593119145205,0.16378718253108104,0.2880726811446723,0.049157167359746894,0.7572092051332685,0.5189588012163259,0.6037894714144845,0.8718945188906209
sp|Q61147|CERU_MOUSE,86,44,42,0.3214786755328355,0.0025428377984343187,0.4438058576415532,0.002547852422225484,0.3456490706556,0.024957115991022048,0.5206900972254672,0.6025826739907789,0.8718945188906209
sp|O35490|BHMT1_MOUSE,86,44,42,0.25701787524230146,0.016899487849953192,0.20701962794170822,0.17754915015072048,0.31467108790816417,0.042393035608626846,-0.517112159197759,0.6050778661194328,0.8718945188906209
sp|Q8BP67|RL24_MOUSE,86,44,42,0.21982128982078802,0.041986298043243324,0.16640947840025022,0.28031699768089396,0.2767638195461703,0.07600590174816824,-0.5195106564288329,0.6034046836189249,0.8718945188906209
sp|Q8VED5|K2C79_MOUSE,86,44,42,0.026998592733901376,0.8050971605750294,0.08632314509859658,0.5774178198809179,-0.02959212562452425,0.8524197485480424,0.5192283801175956,0.6036014904539784,0.8718945188906209
sp|P35918|VGFR2_MOUSE,86,44,42,-0.03854366910676082,0.724583418499617,0.03848396370159109,0.804121531501364,-0.07801560391920029,0.6233626117933522,0.5216342983936803,0.6019249779717322,0.8718945188906209
sp|Q61711|SIAL_MOUSE,86,44,42,-0.0035669258144578066,0.9739980596004878,0.058257492012353355,0.7071912951584846,-0.0577168731189068,0.71655801554823,0.5190733814822335,0.6037095698538356,0.8718945188906209
sp|Q9R001|ATS5_MOUSE,86,44,42,-0.25083027679275427,0.019835840793810438,-0.1883091925508794,0.22090336473869487,-0.29719223865363,0.05596144525995657,0.5179501108495209,0.6044930778833486,0.8718945188906209
sp|P39876|TIMP3_MOUSE,86,44,42,-0.1958868381455831,0.07067615076141537,-0.24890548898708637,0.10325420328828691,-0.13768898121162937,0.3845466342492498,-0.5171595458215765,0.6050447892611197,0.8718945188906209
sp|Q9D131|CK001_MOUSE,86,44,42,-0.22568394980306175,0.03667910415856042,-0.19397902145719118,0.20705910699034286,-0.3026874998453403,0.05136506148107209,0.5186371555106724,0.6040137936612755,0.8718945188906209
sp|Q9CQW1|YKT6_MOUSE,86,44,42,0.0395492386182835,0.7176964252253467,-0.027994780224914327,0.8568497642608598,0.08771660377958151,0.580688337980229,-0.518358464769181,0.6042081885052724,0.8718945188906209
sp|Q99MS7|EH1L1_MOUSE,86,44,42,-0.039397454541072525,0.7187345445912381,0.016867740996277494,0.9134606614863305,-0.09921106579902482,0.5319036331648697,0.5204290158968091,0.6027645907985034,0.8718945188906209
sp|Q91VD9|NDUS1_MOUSE,86,44,42,-0.030385274956671156,0.781225575836336,-0.07916498610437799,0.6094864560486036,0.03586924318124152,0.8215775355351748,-0.5150989048587938,0.6064839079582127,0.8719687677232819
sp|Q8K0G5|EIPR1_MOUSE,86,44,42,0.045041924912355494,0.6804871276732067,-0.010134819170032274,0.9479406726979234,0.10491753630513143,0.5084505035695691,-0.5161030532861609,0.6057824355564291,0.8719687677232819
sp|Q8BUV3|GEPH_MOUSE,86,44,42,-0.07356784492319227,0.5008391900060508,0.0004961100293022792,0.9974499003084398,-0.11429245213659228,0.47108591297519214,0.515432112404108,0.606251097432867,0.8719687677232819
sp|Q61555|FBN2_MOUSE,86,44,42,-0.457600533276599,9.43818249273484e-06,-0.42828470101052474,0.0037277768314550085,-0.517576874903869,0.0004476810574701307,0.5151637067624154,0.6064386280459644,0.8719687677232819
sp|Q64518|AT2A3_MOUSE,86,44,42,-0.06615888465433176,0.545034120123462,-0.11821593269660025,0.4447081438312634,-0.0039130083470445285,0.9803788408780694,-0.5135012009310757,0.6076007709444976,0.8729371732588121
sp|O35609|SCAM3_MOUSE,86,44,42,-0.03295611776443197,0.7632375027418193,-0.08724449229587224,0.5733464742143651,0.027309537422081608,0.8636916745625441,-0.5131656149604713,0.6078354763701166,0.8729371732588121
sp|Q8K2V1|PP4R1_MOUSE,86,44,42,0.08137523839473156,0.4563704296925261,0.045712995557138585,0.7682609634932646,0.158965964098684,0.3146373395679482,-0.5122607402847839,0.6084685379342696,0.87335924480532
sp|Q9WVH9|FBLN5_MOUSE,86,44,42,-0.15957249767285842,0.14221777149471218,-0.24770065034449512,0.10498867305107748,-0.13777050221885945,0.384262519766499,-0.5110475968138289,0.6093177286422866,0.8740908920634474
sp|Q8BWT5|DIP2A_MOUSE / sp|Q3UH60|DIP2B_MOUSE,86,44,42,0.10935094112567856,0.31622320741034765,0.06534477814524306,0.6734477722791943,0.17771579576160568,0.2601808887323112,-0.5104911201962258,0.6097074340629063,0.874162941376383
sp|Q8VEH3|ARL8A_MOUSE,86,44,42,-0.25645817145758604,0.017148718392411198,-0.30128053350914125,0.046880135485353684,-0.1949982492943857,0.2158954908110481,-0.5069799476999362,0.6121688884046679,0.8742844634731114
sp|Q8CHW4|EI2BE_MOUSE,86,44,42,0.09525399495470967,0.3829852396838536,0.030900567539399106,0.8421705637985274,0.14380305675388644,0.3635823791778227,-0.5092009048229962,0.6106114089291703,0.8742844634731114
sp|Q62418|DBNL_MOUSE,86,44,42,0.13654875046091933,0.20996828643343665,0.1476990430094214,0.3386776946752912,0.03505403310894057,0.8255690890776475,0.5084076110533761,0.6111675162774173,0.8742844634731114
sp|Q8BFR5|EFTU_MOUSE,86,44,42,0.05279239935494067,0.6292736498843412,-0.012048386425912496,0.9381287905883073,0.10133061198700728,0.5231313328188775,-0.5084505775952461,0.611137390527287,0.8742844634731114
sp|Q9CQW2|ARL8B_MOUSE,86,44,42,-0.25645817145758604,0.017148718392411198,-0.30128053350914125,0.046880135485353684,-0.1949982492943857,0.2158954908110481,-0.5069799476999362,0.6121688884046679,0.8742844634731114
sp|Q8BY71|HAT1_MOUSE,86,44,42,0.1000541663965066,0.3593577946139897,0.061375897910824824,0.6922711777616128,0.17355822439287089,0.27167672242366897,-0.509127401142069,0.6106629263523928,0.8742844634731114
sp|Q9JJN5|CBPN_MOUSE,86,44,42,0.07881388209179643,0.4707139598293408,0.01856868966817102,0.904772222234008,0.131330342647682,0.40708636064949,-0.5075292721666013,0.6117835028402179,0.8742844634731114
sp|Q91VW3|SH3L3_MOUSE,86,44,42,0.17054838375617673,0.11641906925669272,0.202342019094001,0.18776521704977353,0.09171113313385615,0.5635080093513067,0.5061045036090988,0.6127832891533693,0.8746768124001807
sp|P18531|HVM60_MOUSE,86,44,42,-0.28152151720704754,0.008643112508781449,-0.25698499517858064,0.09218450325176682,-0.35901851584133554,0.019546929132869515,0.5046623725933416,0.6137959934405758,0.8756369435509599
sp|Q9D1R9|RL34_MOUSE,86,44,42,0.20734653597501138,0.05541740620050581,0.267757670100573,0.07888103809032479,0.16067790525051598,0.30938642202475836,0.5023511784246588,0.615420514909609,0.8763241433805541
sp|P70389|ALS_MOUSE,86,44,42,-0.3260227113443389,0.0021888815334093156,-0.38611534851983104,0.009633397150658425,-0.4775500603538927,0.001383382998839775,0.503311473610903,0.6147453009145791,0.8763241433805541
sp|Q99LC8|EI2BA_MOUSE,86,44,42,-0.04838117461099684,0.6582269996029667,-0.05549345042052638,0.7205073859863884,0.05657557901768548,0.7219365198619659,-0.501556818527763,0.6159793007840011,0.8763241433805541
sp|Q8CF94|RHD_MOUSE,86,44,42,-0.22659465426632758,0.03590735579514854,-0.2919961886750558,0.054446101292535395,-0.18627550152076558,0.23754563714513938,-0.5019348400711612,0.6157133568821076,0.8763241433805541
sp|Q8BG32|PSD11_MOUSE,86,44,42,-0.06850205134627611,0.5308540056459095,-0.12473623593885877,0.4198134777428357,-0.013043361156815095,0.9346602075529143,-0.5022658486894545,0.6154805287203697,0.8763241433805541
tr|A0A0A6YXA5|A0A0A6YXA5_MOUSE,86,44,42,-0.10334598357101954,0.34368686808478127,-0.1577629893181248,0.30641304335731645,-0.04703762117176444,0.7673807057009648,-0.5008093842903849,0.6165052805287943,0.8765881266491691
sp|Q7TPV4|MBB1A_MOUSE,86,44,42,0.25610717077903566,0.01730662566262839,0.1907188698360619,0.214943423758854,0.2957582142307823,0.05721356282827586,-0.4997467546996941,0.6172534065188864,0.877167506504488
sp|Q62420|SH3G2_MOUSE / sp|Q62419|SH3G1_MOUSE,86,44,42,0.08146061693816273,0.4558965057325041,0.027994780224914327,0.8568497642608598,0.1385857122911604,0.3814281751980047,-0.49840329237946296,0.6181998166646747,0.8780278697802192
sp|Q8R1V4|TMED4_MOUSE,86,44,42,-0.011782238993501584,0.9142583854239268,0.04372855543992947,0.778060973167767,-0.06749939398651812,0.6710338390927845,0.4978553601952017,0.6185859928689392,0.8780920240559639
sp|Q03172|ZEP1_MOUSE,86,44,42,-0.004515576297026372,0.9670860985169726,-0.06740009112378108,0.6637759837178093,0.04369525987533057,0.7834983676858214,-0.4972602333740785,0.619005550662129,0.8782034671928277
sp|Q9QWR8|NAGAB_MOUSE,86,44,42,0.11392343645165903,0.2962874986473239,0.06272248227607387,0.6858634182377517,0.17209084626272916,0.2758127293449376,-0.4963216643779346,0.619667483678481,0.8786584639163484
sp|P10126|EF1A1_MOUSE,86,44,42,0.17621182713711106,0.10460314057110812,0.12558671027480553,0.41662564197508184,0.23274247564191938,0.13800025508764,-0.4955088078194311,0.6202410062682335,0.878987667111008
sp|Q9WUB3|PYGM_MOUSE,86,44,42,-0.005454740274769252,0.9602456466116361,-0.04620910558644086,0.7658164633380793,0.06342334362501341,0.6898725076898489,-0.4906663227848617,0.6236624693462307,0.8801291197117328
sp|Q80TH2|ERBIN_MOUSE,86,44,42,0.03408501183868856,0.7553775487137382,-0.026435577275678593,0.8647464539895077,0.08290686435300595,0.6016821001212201,-0.4897217304470624,0.624330822677747,0.8801291197117328
sp|Q9CZT5|VASN_MOUSE,86,44,42,-0.6604030334401069,4.590295921602141e-12,-0.6652835492943564,8.365935842446778e-07,-0.7218685190224855,6.849936536508344e-08,0.48866161681442255,0.625081282223773,0.8801291197117328
sp|P21126|UBL4A_MOUSE,86,44,42,0.056387784683875536,0.6060796697770371,0.1144596710461687,0.4594098895767518,0.0057064705061066045,0.971388935602595,0.48845922310535744,0.6252246019323865,0.8801291197117328
sp|Q6PNC0|DMXL1_MOUSE / sp|Q8BPN8|DMXL2_MOUSE,86,44,42,-0.005464226779594938,0.9601765649637528,0.05995844068424689,0.6990391899700722,-0.04940173038143718,0.756038132911004,0.48942255033411397,0.6245425742970343,0.8801291197117328
sp|Q8R2S8|CD177_MOUSE,86,44,42,0.08642205896199633,0.42882758951641237,0.07420388581135519,0.6321493731287803,0.18203640914480068,0.24858228600010507,-0.49065258877733847,0.623672184727763,0.8801291197117328
sp|Q64737|PUR2_MOUSE,86,44,42,0.08941979448691299,0.412927551969414,0.16570074978696125,0.2823995140119561,0.05747231009721652,0.7177094244549544,0.49047151592494903,0.6238002810543541,0.8801291197117328
sp|Q9R0N0|GALK1_MOUSE,86,44,42,0.1386737275418729,0.20289338163713772,0.21361080404529564,0.1638399221757804,0.10736316652203426,0.49856141818529864,0.48808473790956247,0.6254898209990178,0.8801291197117328
sp|Q8JZQ9|EIF3B_MOUSE,86,44,42,0.23938246277135183,0.026429715749579925,0.19249069136928434,0.2106329960430771,0.2958397352380124,0.057141787206430025,-0.4919229128368191,0.6227738398180067,0.8801291197117328
sp|Q8CJG0|AGO2_MOUSE,86,44,42,0.15220148342330067,0.16182206364803087,0.09851327724716687,0.5246451099237722,0.20535141721260766,0.1920217826726642,-0.4894537112998703,0.6245205179585683,0.8801291197117328
tr|Q9D4E6|Q9D4E6_MOUSE / sp|P29341|PABP1_MOUSE,86,44,42,0.1337312585276907,0.21961680205788278,0.19865663030489839,0.19610364795100968,0.0908959230615552,0.5669949843688931,0.49261320750823,0.6222859140511321,0.8801291197117328
sp|P27641|XRCC5_MOUSE,86,44,42,0.2374282427772606,0.02772343024574585,0.20815359372297057,0.17513378726010315,0.3105135165394294,0.04534883212813074,-0.49121379112680946,0.6232752457844695,0.8801291197117328
sp|P10923|OSTP_MOUSE,86,44,42,0.3870588833928004,0.00023186386704347634,0.3559235095937209,0.017730785368894962,0.44779489271490824,0.0029427003898679265,-0.4905669504729364,0.6237327663957284,0.8801291197117328
sp|Q8VBT0|TMX1_MOUSE,86,44,42,0.015159434711445678,0.8898187177432858,-0.024167645713153888,0.8762556221339433,0.08461880550483794,0.594172024402248,-0.48728362440104755,0.6260573508462626,0.8804465747837936
sp|Q8K1I3|SPP24_MOUSE,86,44,42,-0.03844880405850396,0.7252342760490754,-0.08462219642670306,0.5849684151133109,0.023478050082267173,0.8826714387972219,-0.4842141413308908,0.6282339018709061,0.881101469127224
sp|Q60841|RELN_MOUSE,86,44,42,-0.2846615503043495,0.007897708629026803,-0.24281042291280122,0.1122581579304163,-0.3418991043230157,0.0266811205903432,0.48499901375987087,0.6276770451050824,0.881101469127224
sp|Q8R0A7|K0513_MOUSE,86,44,42,0.08050247995076848,0.4612305564400415,0.045429504111823,0.7696588203092418,0.15260732553473663,0.33463066665474916,-0.4843957862234157,0.6281050083507346,0.881101469127224
sp|Q9EQQ9|OGA_MOUSE,86,44,42,0.09633545650483784,0.37758213064212826,0.025230738633087342,0.8708574112549349,0.133042283799514,0.40094467458256017,-0.48552034845505276,0.6273072820516685,0.881101469127224
sp|Q61398|PCOC1_MOUSE,86,44,42,0.12151264031220757,0.2650612207641161,0.18008794063672734,0.24209256966393197,0.07336890650708491,0.6442544473686077,0.4853996422694637,0.6273928860779263,0.881101469127224
sp|O35405|PLD3_MOUSE,86,44,42,0.11665554984145651,0.2847787683474806,0.06952627696364799,0.6538271973380604,0.17551472856639314,0.26622591733132567,-0.4815540697910159,0.6301227608059777,0.8832695204547591
sp|Q9Z2V5|HDAC6_MOUSE,86,44,42,-0.10073719474395598,0.3560704702444118,-0.15173879610516855,0.32548246334847936,-0.04548872203439265,0.7748382862403704,-0.48015547416970794,0.6311168449085652,0.8837008567914929
sp|Q8K4Q8|COL12_MOUSE,86,44,42,0.09221831341049026,0.39839853616352683,0.12735853180802797,0.41002870701357663,0.02062481482921387,0.8968481219982244,0.48027426020965364,0.6310323890192,0.8837008567914929
sp|P03977|KV3A4_MOUSE,86,44,42,0.12291664302640903,0.25953802342842797,0.1768277890155981,0.2508645506269006,0.0721460913986335,0.6497983915217053,0.475840871718964,0.6341877493072428,0.8865545355407981
sp|Q9EST1|GSDMA_MOUSE / sp|Q5Y4Y6|GSDA3_MOUSE / sp|Q32M21|GSDA2_MOUSE,86,44,42,-0.009590856378768197,0.9301608608007248,0.06328946516670504,0.6831718824164459,-0.04312461282471991,0.7862593219054715,0.4762478366183146,0.63389782308986,0.8865545355407981
sp|Q9ES81|POPD3_MOUSE,86,44,42,-0.2071283463640206,0.05568042715864799,-0.2501812004910065,0.10144172408169795,-0.14787910711539115,0.3499963887862289,-0.47673571293828654,0.6335503287540569,0.8865545355407981
sp|O88200|CLC11_MOUSE,86,44,42,-0.1819321895469995,0.0936395038536006,-0.10397048756949194,0.501818139851671,-0.20673727433551928,0.18897384407276663,0.47127372969442516,0.6374452731402245,0.8882151397922501
sp|Q76MZ3|2AAA_MOUSE,86,44,42,-0.01786308858676609,0.8703259868915914,-0.09794629435653569,0.5270457760396168,0.007418411657938586,0.9628109077747875,-0.47246704280166585,0.6365934604871708,0.8882151397922501
sp|Q01853|TERA_MOUSE,86,44,42,0.010558479870988135,0.9231352380161677,-0.05301290027401498,0.7325278186916251,0.05266257067064095,0.7404762770863847,-0.47288778031467876,0.6362932434024724,0.8882151397922501
sp|P29788|VTNC_MOUSE,86,44,42,-0.12821959922396733,0.23938567832489918,-0.1856160238203813,0.22769847679155236,-0.08176557025178463,0.6067115764346985,-0.4732025019386205,0.6360687129584817,0.8882151397922501
sp|Q61189|ICLN_MOUSE,86,44,42,-0.09796713533485576,0.36951791004710355,-0.15606204064623125,0.31172352875961673,-0.05168431858387982,0.7451344344400938,-0.47218797969434256,0.636792618780673,0.8882151397922501
sp|Q9CZY3|UB2V1_MOUSE,86,44,42,0.1965508934833811,0.06970814117381628,0.23721146686781835,0.12104384835410305,0.1354879140164168,0.3922643537547145,0.4716227227818786,0.6371961047226369,0.8882151397922501
sp|Q02788|CO6A2_MOUSE,86,44,42,-0.10112614144180909,0.35420686937316015,-0.14514762000158113,0.34717952747900116,-0.04133115066565784,0.7949533054532182,-0.46864650610987757,0.6393223295013113,0.8892773642863853
sp|Q9DBJ1|PGAM1_MOUSE / sp|O70250|PGAM2_MOUSE,86,44,42,-0.07303660065295386,0.5039448032189238,-0.004819354570364998,0.9752313976348157,-0.10915662868109634,0.4913724701593928,0.46841668880737863,0.6394866358020076,0.8892773642863853
sp|P63328|PP2BA_MOUSE,86,44,42,0.08798733225823446,0.42048214763020675,0.14500587427892334,0.3476556561422109,0.04133115066565784,0.7949533054532182,0.4679991735134459,0.6397851807449373,0.8892773642863853
sp|O35684|NEUS_MOUSE,86,44,42,-0.28862690932148605,0.007037552721300954,-0.3342364140270784,0.026592224058666614,-0.2382859041335658,0.12859900661806328,-0.46779058818841973,0.6399343518534648,0.8892773642863853
sp|Q8K3W0|BABA2_MOUSE,86,44,42,0.19445437591690456,0.0728011573189183,0.13352447074364202,0.38754295343373574,0.23478050082267174,0.13448645263742448,-0.4690532892911018,0.6390315460467033,0.8892773642863853
sp|Q6PAR5|GAPD1_MOUSE,86,44,42,-0.13037303581939796,0.23152007894854046,-0.17817437338084713,0.24721577835851408,-0.07589605773121784,0.6328573626067964,-0.46519944435856625,0.6417886365989358,0.8913731063874109
tr|A0A140T8Q4|A0A140T8Q4_MOUSE / tr|A0A140T8Q0|A0A140T8Q0_MOUSE,86,44,42,-0.124396537779216,0.25380156458529846,-0.08937067813573915,0.5640014867008084,-0.19100371994011106,0.22563390911058012,0.46392369160542324,0.6427024181566499,0.8921610386810638
sp|P25206|MCM3_MOUSE,86,44,42,0.32804333687221,0.0020462465478675402,0.2815778780597079,0.06407332653260382,0.3736922971427525,0.014778673570241107,-0.4618847209208186,0.6441639914786428,0.893557890358141
sp|O88338|CAD16_MOUSE,86,44,42,-0.02212252925349895,0.8397771300154613,-0.04330331827195608,0.780165465982151,0.05983641930688925,0.7066053346748393,-0.4615518656913654,0.6444027193767254,0.893557890358141
sp|P20801|TNNC2_MOUSE,86,44,42,-0.15688781680718938,0.1491394098968262,-0.1262245660267656,0.4142438244746552,-0.22556862700567107,0.1509107740016637,0.45876106475794215,0.6464057573863489,0.8937195738648666
sp|P10810|CD14_MOUSE,86,44,42,0.09446661505417776,0.38694818840483935,0.0429489539653116,0.7819203973619218,0.1443737038044971,0.36166147824547357,-0.45786682793022604,0.6470481203015047,0.8937195738648666
sp|Q9D0T1|NH2L1_MOUSE,86,44,42,0.06650988533288213,0.5428982691246146,0.03451508346717285,0.8239851255589724,0.13654768711040804,0.38853719981109563,-0.4599368778617587,0.6455615290035832,0.8937195738648666
sp|Q7TQ62|PODN_MOUSE,86,44,42,0.35680641950368885,0.0007457329733666983,0.37839020663498124,0.01132045533835265,0.28719850847162237,0.06516066098266536,0.45900746697545225,0.6462288039738191,0.8937195738648666
sp|O88342|WDR1_MOUSE,86,44,42,-0.02631556438645201,0.809934068008681,-0.04316157254929829,0.780867309527781,0.059510335277968875,0.7081334277921288,-0.45945392491376114,0.6459082318079553,0.8937195738648666
sp|Q9EPL8|IPO7_MOUSE,86,44,42,-0.04803017393244648,0.6605533189080228,-0.10234041175892732,0.5085830850583551,8.152100723009435e-05,0.9995911862279315,-0.45950910810267065,0.6458686129437599,0.8937195738648666
sp|Q6A4J8|UBP7_MOUSE,86,44,42,0.19560224300081253,0.07109431255487486,0.17285890878117985,0.26182876539514727,0.27007909695330257,0.08366614686923314,-0.45752195644860255,0.6472959243720295,0.8937195738648666
sp|P15379|CD44_MOUSE,86,44,42,-0.018859171593463085,0.8631632780686753,0.04946925720757012,0.7498094824551066,-0.052825612685101137,0.7397008015719748,0.45773430783115054,0.6471433367106447,0.8937195738648666
sp|Q9CQX2|CYB5B_MOUSE,86,44,42,-0.10678009831791774,0.32780288127779744,-0.1362176394741401,0.37795360528128696,-0.03513555411617066,0.8251697367354907,-0.4556560251367168,0.6486373488205883,0.8943223092387382
sp|Q9WVC5|TRPC7_MOUSE / sp|Q61143|TRPC6_MOUSE,86,44,42,0.03915739584568896,0.7203774540517125,-0.003968880234418233,0.9796013111615082,0.09759646355785873,0.5386338386133644,-0.4554654787603185,0.648774397537073,0.8943223092387382
sp|Q91VR2|ATPG_MOUSE,86,44,42,-0.029199461853460448,0.789562197088234,-0.08242513772550725,0.5947861673718853,0.01932047871353236,0.9033397270959808,-0.4557267024279301,0.6485865178584547,0.8943223092387382
sp|Q9Z2U1|PSA5_MOUSE,86,44,42,0.06338882524523155,0.5620323397838753,0.14011564684722944,0.364326530086289,0.03945616749936567,0.8040687195164216,0.45407890837049353,0.6497720333986359,0.8943446920597532
sp|Q5NCC9|TRI58_MOUSE,86,44,42,0.1431134118002938,0.18866570563798568,0.10375786898550525,0.5026979128521638,0.20290578699570483,0.19748500458700835,-0.4543549693126582,0.6495733577125045,0.8943446920597532
sp|P16675|PPGB_MOUSE,86,44,42,0.22760022377785025,0.03507105939579916,0.27484495623346267,0.07098391853842544,0.1786125268411367,0.2577445082189665,0.45399477174585195,0.6498325898422518,0.8943446920597532
sp|P84244|H33_MOUSE / sp|P02301|H3C_MOUSE / sp|P68433|H31_MOUSE / sp|P84228|H32_MOUSE,86,44,42,0.3499761360291952,0.0009559711500993625,0.30227275356774586,0.046124683233887534,0.3909747506755325,0.010462765192359039,-0.45123671525972425,0.6518189505009548,0.8965992508226276
sp|P50543|S10AB_MOUSE,86,44,42,0.0796961270405852,0.4657460150128627,0.05152457018610814,0.739770763584004,0.15089538438290465,0.34014509808432963,-0.4492480193271814,0.6532527508917084,0.8980917424165239
sp|C0HKE3|H2A1D_MOUSE / sp|Q8CGP7|H2A1K_MOUSE / sp|Q8CGP6|H2A1H_MOUSE / sp|Q64523|H2A2C_MOUSE / sp|C0HKE8|H2A1O_MOUSE / sp|C0HKE6|H2A1I_MOUSE / sp|Q8CGP5|H2A1F_MOUSE / sp|C0HKE1|H2A1B_MOUSE / sp|Q8R1M2|H2AJ_MOUSE / sp|C0HKE5|H2A1G_MOUSE / sp|C0HKE9|H2A1P_MOUSE / sp|Q8BFU2|H2A3_MOUSE / sp|C0HKE2|H2A1C_MOUSE / sp|C0HKE7|H2A1N_MOUSE / tr|Q8CGP4|Q8CGP4_MOUSE / sp|C0HKE4|H2A1E_MOUSE / sp|Q6GSS7|H2A2A_MOUSE,86,44,42,0.32920069046094363,0.0019683742858405697,0.28526326684881054,0.060523929284077425,0.3745890282222835,0.014522477796830347,-0.4486307642878251,0.6536980372773107,0.8982243575181831
sp|P08920|CD2_MOUSE,86,44,42,-0.039691536190668786,0.7167236529964541,-0.004748481709036101,0.975595531474989,-0.10434688925452076,0.5107721049800251,0.4469825473650211,0.654887661177729,0.8986205605044555
sp|Q8BJY1|PSMD5_MOUSE,86,44,42,-0.07510465870495334,0.4919114934429576,-0.1361467666128112,0.3782041368308426,-0.037173579296923026,0.8152003218668115,-0.44620977797044065,0.6554457204837965,0.8986205605044555
sp|Q9JK23|PSMG1_MOUSE,86,44,42,0.21007864936480886,0.052209173447993994,0.27746725210263185,0.06822558080167007,0.1834222662677123,0.24493685326097991,0.4444546564797461,0.656713904834703,0.8986205605044555
tr|Q14BI5|Q14BI5_MOUSE,86,44,42,0.006450823281466246,0.9529937721960758,0.07349515719806622,0.6354149447247263,-0.025760638284709814,0.8713558501102007,0.4443656947395765,0.6567782115997612,0.8986205605044555
sp|P23953|EST1C_MOUSE,86,44,42,-0.10496817589621178,0.3361244467503379,-0.11750720408331128,0.44746208738084103,-0.018586789648461513,0.9069940156901091,-0.4446759090516753,0.6565539815213557,0.8986205605044555
sp|P62492|RB11A_MOUSE / sp|P46638|RB11B_MOUSE,86,44,42,0.0395492386182835,0.7176964252253467,-0.006874667548903012,0.9646739771005611,0.09277090622784737,0.5589898655744489,-0.44668579221603844,0.6551019416213633,0.8986205605044555
sp|P19788|MGP_MOUSE,86,44,42,-0.0013091376659446206,0.9904552987795473,0.0669039810944788,0.6661056892390432,-0.032526881884807644,0.8379700689092536,0.4450281628233617,0.6562994018507915,0.8986205605044555
sp|Q80X82|SYMPK_MOUSE,86,44,42,-0.08336740440812554,0.4453833196660082,-0.03416071916052837,0.8257641513647802,-0.1327977207778237,0.4018187655062641,0.4444481973898104,0.6567185737582578,0.8986205605044555
sp|Q61735|CD47_MOUSE,86,44,42,-0.250121186234028,0.02019874500030789,-0.28526326684881054,0.060523929284077425,-0.19206349303410228,0.22302134912300364,-0.4422609502259009,0.6583003850830329,0.8996349801727705
tr|B1AUN2|B1AUN2_MOUSE,86,44,42,0.23494277851293094,0.029445949516743397,0.18263936364456765,0.23537431721721316,0.27627469350278977,0.07654704186205166,-0.4423018710855776,0.658270777154723,0.8996349801727705
sp|P62320|SMD3_MOUSE,86,44,42,0.343705556339417,0.0011950278641928375,0.38547749276787097,0.009763996153096179,0.29828536545491524,0.05502180396127556,0.44189147102521603,0.6585677427672514,0.8996349801727705
tr|E9Q5I3|E9Q5I3_MOUSE,86,44,42,0.09680978174612212,0.3752269737090161,0.19979059608616073,0.1935106094874783,0.10353167918221982,0.5140978974851689,0.4408614865755297,0.6593132769590939,0.9001758685947332
sp|Q9CZ44|NSF1C_MOUSE,86,44,42,-0.2177152857494858,0.04404222968418629,-0.28313708100894364,0.06255196533239316,-0.19035155188227032,0.22725204374326166,-0.43986417772515235,0.6600354822274483,0.9006843490915101
sp|P12382|PFKAL_MOUSE,86,44,42,0.2093861345125338,0.05300757504886424,0.26152085830363003,0.08638586768626566,0.16793327489399437,0.2877547239583772,0.43903106645624734,0.6606390260953847,0.9010304513747964
sp|Q9D7V9|NAAA_MOUSE,86,44,42,-0.0689099710537806,0.5284043284769335,-0.006945540410231909,0.9643100242957938,-0.10459145227621106,0.5097764808590315,0.4382651751724392,0.6611940675329252,0.9013100708826269
sp|P12970|RL7A_MOUSE,86,44,42,0.18225473071107282,0.09304937353107794,0.24635406597924608,0.10695347624679448,0.15252580452750653,0.3348919947834337,0.437247971088539,0.6619315234052069,0.9018379220996866
tr|Q9CV82|Q9CV82_MOUSE,86,44,42,0.06790440154225792,0.5344532574954589,0.12962646337055267,0.40167258901165076,0.03285296591372802,0.8363676988156777,0.43587514640684555,0.6629273182867677,0.9027169987247101
sp|E9Q555|RN213_MOUSE,86,44,42,-0.1605685806795554,0.1397122386869757,-0.07179420852617269,0.6432801562338939,-0.1674441488506138,0.2891813865021885,0.4341890508818459,0.6641511633620987,0.9036495570284973
sp|O70400|PDLI1_MOUSE,86,44,42,0.016648815969078325,0.8790717637135157,-0.008221251914152055,0.9577601699955316,0.08861333485911256,0.5768110587400777,-0.4339647705464577,0.6643140238659981,0.9036495570284973
sp|P02104|HBE_MOUSE,86,44,42,-0.018792766059683285,0.8636404551340163,-0.07129809849687041,0.6455815013763422,0.025271512241329248,0.8737785661200133,-0.4323032837160691,0.665521000874689,0.9043359246714112
sp|P17751|TPIS_MOUSE,86,44,42,0.26241569648811663,0.014651825380405999,0.3116279712631602,0.03947640956280172,0.22181866067308673,0.15800171006747413,0.4326753317326491,0.6652506534027304,0.9043359246714112
tr|A3KG49|A3KG49_MOUSE / tr|A2BG95|A2BG95_MOUSE / tr|Q52KH6|Q52KH6_MOUSE,86,44,42,-0.05239396615226188,0.6318667657608139,-0.10354525040151856,0.5035784709931522,-0.008641226766390002,0.9566862235011805,-0.4259552372280964,0.6701404637717004,0.9047894518681784
sp|P28474|ADHX_MOUSE,86,44,42,-0.20667299413238768,0.05623263053077953,-0.16591336837094794,0.2817737005351713,-0.2570357357964875,0.10033098653683485,0.4268233793859717,0.6695079764484262,0.9047894518681784
sp|Q9EST5|AN32B_MOUSE,86,44,42,0.11814493109908916,0.2786316914448024,0.06272248227607387,0.6858634182377517,0.15652033388178116,0.3222357914089776,-0.42477692900833114,0.6709992975732579,0.9047894518681784
sp|Q9Z319|CORIN_MOUSE,86,44,42,-0.09960830066969939,0.36151375493758336,-0.145927221476199,0.34456797350995044,-0.050543024482658495,0.7505802931433188,-0.4309360608366758,0.6665148621942515,0.9047894518681784
sp|P0DP26|CALM1_MOUSE / sp|P0DP28|CALM3_MOUSE / sp|P0DP27|CALM2_MOUSE,86,44,42,-0.039454373570026645,0.7183451899756188,-0.09900938727646914,0.5225489643407913,-0.0037499663325843403,0.9811962403950917,-0.4273348159217168,0.66913547763085,0.9047894518681784
sp|Q80WQ2|VAC14_MOUSE,86,44,42,0.04741355111877691,0.6646478949888102,0.10049771736437599,0.5162855099203177,0.0049727814410357556,0.9750662639210431,0.42858863776962985,0.6682226157230888,0.9047894518681784
sp|P01843|LAC1_MOUSE / tr|A0A0G2JE99|A0A0G2JE99_MOUSE,86,44,42,-0.17256900928404775,0.11209054811515556,-0.13657200378078457,0.37670242616579924,-0.22899250930933504,0.1446427429853823,0.4278282675929774,0.6687761550369888,0.9047894518681784
sp|Q8CIE0|SPA11_MOUSE,86,44,42,-0.07013373017629405,0.5210893805671721,-0.1411787397671629,0.36066209009360783,-0.04711914217899454,0.7669887683855806,-0.42460399554912065,0.6711253798323187,0.9047894518681784
sp|Q9D281|NXP20_MOUSE,86,44,42,-0.051056368971840196,0.6406046558335902,-0.07675530881919548,0.6204508203530236,0.018586789648461513,0.9069940156901091,-0.4269354053960969,0.66942637665612,0.9047894518681784
sp|Q0VBK2|K2C80_MOUSE,86,44,42,0.07810239422987,0.4747411957844696,0.13231963210105074,0.39187877942438004,0.037988789369223966,0.8112205079932385,0.42513593601408617,0.6707375824592309,0.9047894518681784
sp|P97333|NRP1_MOUSE,86,44,42,0.13573291104591037,0.21273059449854792,0.19645957160370256,0.20119727683651684,0.10345015817498973,0.5144310715663448,0.4257292824432923,0.6703051221252125,0.9047894518681784
sp|P27046|MA2A1_MOUSE,86,44,42,0.13106555067167303,0.22902935760521084,0.22466697041260358,0.14259724720650727,0.13190098969829267,0.40503316098428377,0.42870703842117885,0.6681364378555417,0.9047894518681784
sp|Q9Z266|SNAPN_MOUSE,86,44,42,0.13183395756255356,0.22628767091444132,0.08114942622158709,0.6005198672600437,0.17551472856639314,0.26622591733132567,-0.42929278649623925,0.6677101657173539,0.9047894518681784
sp|Q9JK53|PRELP_MOUSE,86,44,42,0.00659312085385153,0.9519580882708859,0.04309069968796939,0.7812182958693836,-0.051847360598340005,0.744357446964514,0.424770617879367,0.6710038987258944,0.9047894518681784
sp|P99029|PRDX5_MOUSE,86,44,42,0.09089968923971996,0.4052063704841077,0.015166792324383964,0.9221590804783489,0.11005335976062737,0.48779818538042236,-0.42620876802080776,0.6699557290249969,0.9047894518681784
sp|Q3TB82|PKHF1_MOUSE,86,44,42,-0.13825632132954274,0.2042694597753704,-0.1856868966817102,0.22751783963758934,-0.09293394824230757,0.5582962715608387,-0.423215328442328,0.6721381641131586,0.9049235819541345
sp|Q68FL6|SYMC_MOUSE,86,44,42,0.2051456668554523,0.05811759505063797,0.15868433651540045,0.30356080311427747,0.24929124010962853,0.11136531536678598,-0.42302208153234794,0.672279150399324,0.9049235819541345
sp|A2AG06|MEIOC_MOUSE,86,44,42,-0.03700685532499974,0.735151069041185,-0.07477086870198636,0.6295418815268197,0.019728083749682834,0.9013104126819654,-0.42311657197570784,0.6722102119877342,0.9049235819541345
sp|Q91YY2|B4GT3_MOUSE,86,44,42,-0.10213171095333178,0.34941688869168047,-0.21084676245346867,0.16949219393544057,-0.11918371257039793,0.4521866782179459,-0.42161047179156247,0.6733093615415571,0.9058367847280613
sp|P04919|B3AT_MOUSE,86,44,42,-0.3414572546957295,0.0012931598834656662,-0.4048966567719887,0.006404856824846109,-0.3233938356817843,0.03669999079539395,-0.4205143083238553,0.6741097790233245,0.9063729636264422
sp|P00924|ENO1_YEAST,86,44,42,-0.21300049285112002,0.04894856762590597,-0.1501795931559328,0.3305366596405424,-0.24048697132877833,0.12500202032085794,0.4201007116521498,0.6744118828381604,0.9063729636264422
sp|Q62383|SPT6H_MOUSE,86,44,42,-0.23899351607349872,0.026683038953193343,-0.2432356600807746,0.11161124167838311,-0.329181827195121,0.03328019610523139,0.4189081181289666,0.6752832838434253,0.9064456908651836
sp|Q9D154|ILEUA_MOUSE,86,44,42,0.05864557283238872,0.5917095076628369,0.11190824803832841,0.46954362369184105,0.0187498316629217,0.9061817852089535,0.41858144734483693,0.6755220507845776,0.9064456908651836
sp|O08688|CAN5_MOUSE,86,44,42,-0.19748057095629828,0.06837091408168453,-0.24040074562761873,0.11597796549899166,-0.15032473733229398,0.3419956183806253,-0.4190276756295731,0.675195906237054,0.9064456908651836
sp|P51175|PPOX_MOUSE,86,44,42,0.1620200159178853,0.13612123409171364,0.18519078665240793,0.22878436806924987,0.09358611630014832,0.5555259275515941,0.41797710918058634,0.6759638536484903,0.9065661058046159
sp|P61804|DAD1_MOUSE,86,44,42,0.24174460247294757,0.024934664932029053,0.2885942913312687,0.057452594127609904,0.20094928282218258,0.20193367113878513,0.41716715162897766,0.6765561500712047,0.9065863882941647
sp|Q9WVJ2|PSD13_MOUSE,86,44,42,-0.019115307223756595,0.8613231986203385,-0.08199990055753387,0.5966947222113492,0.011086856983292832,0.9444445785775306,-0.41699355527532783,0.6766831216704405,0.9065863882941647
sp|P35821|PTN1_MOUSE,86,44,42,-0.005540118818200423,0.9596239223946477,0.06229724510810049,0.6878845960409,-0.02926604159560387,0.8540283034671479,0.409753998874705,0.6819864140470338,0.9094329446769094
sp|Q3UE37|UBE2Z_MOUSE,86,44,42,-0.14428025189385313,0.1850492996731956,-0.10397048756949194,0.501818139851671,-0.19377543418593426,0.2188451843794779,0.4109027142312361,0.681143872110562,0.9094329446769094
sp|Q61470|CD37_MOUSE,86,44,42,0.09765408067560814,0.3710569080022218,0.13267399640769523,0.3906006019703791,0.04092354562950736,0.7969326727140505,0.41360752140992957,0.6791615639969981,0.9094329446769094
sp|Q9WU78|PDC6I_MOUSE,86,44,42,-0.09378358670672839,0.3904057444463205,-0.10808111352656798,0.4849648123843211,-0.1976884425329788,0.2095033982690675,0.4105071919741736,0.6814339288114197,0.9094329446769094
sp|Q7TMS5|ABCG2_MOUSE,86,44,42,-0.1862295762330351,0.08601501993614305,-0.23877066981705408,0.11854674586581564,-0.1500801743106037,0.3427905911741993,-0.4124148506257243,0.6800353800659482,0.9094329446769094
tr|A0A0B4J1J3|A0A0B4J1J3_MOUSE / tr|A0A075B5N5|A0A075B5N5_MOUSE,86,44,42,-0.13117938872958124,0.22862172331263664,-0.17753651762888706,0.24893965421830339,-0.08714595672897087,0.5831617929511095,-0.4116222175763294,0.6806163443993832,0.9094329446769094
sp|Q9R1T2|SAE1_MOUSE,86,44,42,-0.047261767041565934,0.6656573054344164,0.007725141884849776,0.9603070324890993,-0.08412967946145737,0.5963135504321229,0.411550704632922,0.6806687694949489,0.9094329446769094
sp|Q8R480|NUP85_MOUSE,86,44,42,0.3944109246327068,0.00017153286887696222,0.3479857491248844,0.020629837353340612,0.42643638882062357,0.004861525110372854,-0.41301892923945194,0.6795927451274294,0.9094329446769094
sp|Q9Z1Q5|CLIC1_MOUSE,86,44,42,0.23830100122122366,0.027139175848086842,0.2744197190654893,0.07143940328177308,0.1876613586436772,0.2340108778183244,0.4100793573839119,0.6817477348253356,0.9094329446769094
sp|Q8BT18|ARMD4_MOUSE,86,44,42,-0.5498188466870892,4.1819469654330185e-08,-0.5114894402106499,0.00038747718276765236,-0.5757828740661564,6.618351256981888e-05,0.4085636342696741,0.6828599227209277,0.9101264497962674
sp|Q9D920|BORC5_MOUSE,86,44,42,0.11382857140340218,0.29669252062255,0.16229885244317419,0.292535995670417,0.07255369643478397,0.6479483180733432,0.4071297054622891,0.6839127268648131,0.9110580815710779
sp|Q8K0R6|GLTD2_MOUSE,86,44,42,-0.08480935314162977,0.4375240124278787,-0.11006555364377708,0.4769358259421175,-0.020135688785833303,0.8992817185080916,-0.4040423476562273,0.6861815788025079,0.9117221699775323
sp|Q9R1P0|PSA4_MOUSE,86,44,42,0.06449874630983678,0.5551912830864898,0.1260828203041078,0.41477244525523826,0.036195327210161894,0.8199821515068263,0.40480847814400595,0.6856182963611335,0.9117221699775323
sp|P50247|SAHH_MOUSE,86,44,42,0.33084185579578723,0.0018625263188196558,0.2974533989973808,0.049888525465857585,0.37760530548979704,0.013688185369543807,-0.4047819167174939,0.6856378222086907,0.9117221699775323
tr|A0A0A6YXW6|A0A0A6YXW6_MOUSE,86,44,42,0.413810827001234,7.481317356321326e-05,0.4307652511570361,0.0035119343036076204,0.35437181842922016,0.021303054028800925,0.4041604383959509,0.6860947435226896,0.9117221699775323
sp|Q7TSG2|CTDP1_MOUSE,86,44,42,0.19387569912253774,0.07367403448954478,0.15216403327314193,0.32411249984626767,0.23918263521309682,0.12712434246278653,-0.40483406422651547,0.685599487707413,0.9117221699775323
sp|P17427|AP2A2_MOUSE,86,44,42,0.2520943792377706,0.0192027445106967,0.31892787598003663,0.03485184285724056,0.23641092096727362,0.13172365974743566,0.40005955347446964,0.6891126537690215,0.911934189989443
sp|Q9WUM4|COR1C_MOUSE,86,44,42,0.08363302654324474,0.4439296439117956,0.03862570942424888,0.803414288194623,0.1272542922861773,0.42192476780838534,-0.3992503901958891,0.6897087173259575,0.911934189989443
sp|A1KXC4|FAIM3_MOUSE,86,44,42,0.293095053094384,0.0061682595308329485,0.29277579014967364,0.05377524880565278,0.372387961027071,0.015158153303601455,-0.40054711240513136,0.6887535905658495,0.911934189989443
sp|Q91WR8|GPX6_MOUSE,86,44,42,-0.07829212432638372,0.4736654532168563,-0.013678462236477127,0.9297775998519107,-0.10279799011714898,0.51710034582712,0.40005547484208986,0.6891156577769442,0.911934189989443
tr|A0A0B4J1J0|A0A0B4J1J0_MOUSE,86,44,42,0.3561897966900193,0.0007628151615289026,0.40957426561969595,0.005764963020065003,0.33276875151324514,0.031295732430581986,0.39861548351537823,0.6901765510383819,0.911934189989443
sp|Q07456|AMBP_MOUSE,86,44,42,0.21456576614735817,0.047272043415295964,0.14727380584144803,0.3400856479931224,0.23306855967083975,0.13743352005837162,-0.39824977264895167,0.6904460804185872,0.911934189989443
sp|Q61114|BPIB1_MOUSE,86,44,42,0.15218251041364927,0.16187498615802517,0.0953239984873665,0.5382186613306815,0.18252553518818126,0.24729151827769463,-0.3978050114673214,0.6907739228843228,0.911934189989443
sp|Q9Z1F9|SAE2_MOUSE,86,44,42,0.19071669301558442,0.07858828467266903,0.17909572057812279,0.24473998885013099,0.2646987104761164,0.09025776320957178,-0.40284099194187684,0.6870652030974508,0.911934189989443
sp|P28301|LYOX_MOUSE,86,44,42,-0.20657812908413084,0.05634823461939899,-0.2221155474047633,0.14730832442550915,-0.135650956030877,0.39168959195321745,-0.39963051301404107,0.6894286789330573,0.911934189989443
sp|Q9CZM2|RL15_MOUSE,86,44,42,0.05117020702974843,0.639859075921191,0.0041106259570760275,0.9788729478512783,0.09277090622784737,0.5589898655744489,-0.3975728332540544,0.6909450891920013,0.911934189989443
sp|Q61749|EI2BD_MOUSE,86,44,42,0.16829059560766355,0.12140694486832497,0.1983731388595828,0.19675572321176218,0.11070552781846812,0.4852072081939514,0.40181804910488966,0.6878179378984344,0.911934189989443
sp|Q30D77|COOA1_MOUSE,86,44,42,0.29446110978928275,0.00592215702700046,0.3222589004624948,0.032894957185689994,0.23975328226370748,0.12619253230816596,0.400816927923773,0.688554914822502,0.911934189989443
sp|Q60953|PML_MOUSE,86,44,42,-0.07345400686528403,0.5015038388789214,-0.12020037281380937,0.4370468948245088,-0.03154862979804651,0.8427810340933113,-0.39890264678426496,0.6899649388745006,0.911934189989443
sp|Q8CGF1|RHG29_MOUSE,86,44,42,0.07079778551409205,0.5171415714775256,0.0525876631060416,0.7345949212203952,0.14046069545745257,0.3749561967341142,-0.39681955917937545,0.691500526283962,0.9121997208920092
sp|Q9Z0L8|GGH_MOUSE,86,44,42,0.4022467776187232,0.00012343719662984346,0.408865537006407,0.0058581929221646215,0.4799141695635654,0.001299043518304056,-0.39621682195475105,0.6919450825450457,0.9123187852296429
sp|E9PV24|FIBA_MOUSE,86,44,42,-0.1101193480165591,0.3128139502308623,-0.09348130409281519,0.546137784981764,-0.17983534194958814,0.2544467758062484,0.3936819301668986,0.6938158838893675,0.913849565736635
sp|Q9WV80|SNX1_MOUSE,86,44,42,0.18777587651962188,0.08339526273990659,0.13898168106596706,0.3682598871430377,0.22410124887552937,0.15365716796780576,-0.39379612977432304,0.6937315620166127,0.913849565736635
sp|Q3UGC7|EI3JA_MOUSE / sp|Q66JS6|EI3JB_MOUSE,86,44,42,-0.0900743633198853,0.409501910721991,-0.14153310407380737,0.3594455810972694,-0.05453755383693312,0.7315738070238379,-0.39296872989450937,0.6943425772336298,0.9140757343438634
sp|P17918|PCNA_MOUSE,86,44,42,0.3077422165452427,0.003946277845153275,0.2839875553448904,0.06173434821010141,0.3623608771377694,0.01836035929444283,-0.3915778379189791,0.6953701655998398,0.9149607442103155
sp|Q9D6R2|IDH3A_MOUSE,86,44,42,0.10820307404177058,0.32136048524455124,0.06832143832105673,0.6594577012690921,0.1542377456793385,0.3294306723603521,-0.38918014187543487,0.6971428922841855,0.9156873953766905
sp|Q8C0J2|A16L1_MOUSE,86,44,42,0.0012806781514675635,0.9906627828791258,-0.050248858682187994,0.7459967813693951,0.03676597426077255,0.8171919567809235,-0.3892840223907061,0.6970660542935845,0.9156873953766905
sp|Q9DCH4|EIF3F_MOUSE,86,44,42,0.19612400076622524,0.07032919776057463,0.2172253199730694,0.15665671707545525,0.1329607627922839,0.4012359160899502,0.3889071301238611,0.6973448475082291,0.9156873953766905
sp|B1AY13|UBP24_MOUSE,86,44,42,-0.07495287462774236,0.4927894927670042,-0.09156773683693496,0.5544199454208179,-0.004728218419345473,0.9762921570455627,-0.38938654140889933,0.6969902264169372,0.9156873953766905
sp|Q8BZE1|DMBTL_MOUSE,86,44,42,0.05847481574552638,0.5927909382608901,0.11339657812623524,0.4636178640696107,0.02714649540762142,0.8644978615841473,0.38776162457497065,0.6981924469370955,0.9158663020188593
sp|B1AWN4|AT10B_MOUSE,86,44,42,-0.07164343628304615,0.5121362880586633,-0.019597036692393023,0.8995246888145454,-0.10597730939912266,0.5041531239856438,0.38795818302208085,0.6980469797095,0.9158663020188593
sp|Q62170|SELPL_MOUSE,86,44,42,0.046977171896795365,0.6675515532345814,0.08178728197354718,0.5976500059928124,-0.004239092375964907,0.9787441021191002,0.3854200949257781,0.6999261968088332,0.9162901918170577
tr|J3QN89|J3QN89_MOUSE,86,44,42,0.3065374304323806,0.0040974208596402705,0.2983747461946565,0.0491504016924898,0.37475207023674373,0.014476303706147496,-0.3854028730496826,0.6999389542928748,0.9162901918170577
sp|Q3UZ39|LRRF1_MOUSE,86,44,42,0.07980996509849342,0.46510708020787594,0.04975274865288572,0.7484223585438649,0.13540639300918672,0.39255191905652537,-0.38649223358296964,0.6991321533419823,0.9162901918170577
sp|Q6NV83|SR140_MOUSE,86,44,42,-0.028658731078396366,0.7933716259128545,0.02530161149441624,0.8704977338448411,-0.060977713408110576,0.7012659951573158,0.38609506329564486,0.6994262658499799,0.9162901918170577
sp|Q9CYN9|RENR_MOUSE,86,44,42,0.0302904099084143,0.7818916114124403,0.0002126185839866911,0.9989070986682964,0.0850264105409884,0.5923900081763557,-0.38010030397433525,0.703870960152374,0.917968112577019
sp|P04444|HBBZ_MOUSE / sp|P04443|HBB0_MOUSE,86,44,42,-0.0015178407721097048,0.9889337689734959,0.0095678362794011,0.9508494240061387,-0.07556997370229747,0.634323323171366,0.3812755173370336,0.7029988184173575,0.917968112577019
sp|Q9Z2R9|E2AK1_MOUSE,86,44,42,-0.047660200244244735,0.6630088766618444,-0.06421081236398071,0.6788064166784437,0.020869377850904154,0.8956316723069977,-0.38078031583205674,0.7033662665828799,0.917968112577019
sp|Q8VCG4|CO8G_MOUSE,86,44,42,-0.04839066111582253,0.6581641710552891,-0.19305767425991552,0.20926647788990826,-0.109727275731707,0.48909636162235837,-0.3815346920831081,0.7028065338786399,0.917968112577019
sp|Q63932|MP2K2_MOUSE,86,44,42,0.2528248401093484,0.018844877231347566,0.21318556687732226,0.1647004737323459,0.29274193696326883,0.059920358851451735,-0.3802647058904296,0.7037489317998473,0.917968112577019
sp|P80318|TCPG_MOUSE,86,44,42,0.175187284615937,0.10666841170454587,0.1262245660267656,0.4142438244746552,0.2093459465668823,0.18332994185818846,-0.38263172745476476,0.7019928422019515,0.917968112577019
sp|Q7TNC4|LC7L2_MOUSE,86,44,42,0.03338301048158782,0.7602623839729932,0.06789620115308335,0.6614494063271219,-0.016956369503859627,0.9151213330579452,0.3798286280318403,0.704072630034801,0.917968112577019
sp|P51174|ACADL_MOUSE,86,44,42,0.20213844482570995,0.061979660522503276,0.1622279795818453,0.2927496446488751,0.24415541665413257,0.11917546419261074,-0.38231141784290895,0.7022303865790223,0.917968112577019
sp|P52760|RIDA_MOUSE,86,44,42,0.1447640636399631,0.1835646785573028,0.1216178300403873,0.4316197330422164,0.20404708109692615,0.19492204199014918,-0.3788012907353393,0.7048354288156202,0.9183416279891186
sp|Q9WVG5|LIPE_MOUSE,86,44,42,0.06447028679535971,0.5553661944999492,0.027569543056940943,0.8590020710468981,0.11176530091245936,0.4810122084521563,-0.3784822358538036,0.7050723877803835,0.9183416279891186
sp|Q9ES30|C1QT3_MOUSE,86,44,42,-0.565310309067434,1.4216818522968489e-08,-0.5555723599572238,9.048950194697812e-05,-0.6105923441534067,1.7549352153741823e-05,0.37312550877743256,0.7090550341442357,0.9184188696787761
tr|F6TQW2|F6TQW2_MOUSE,86,44,42,-0.3645379209366227,0.0005592112402661714,-0.3213375532652191,0.033426927286617336,-0.3948062380153469,0.009668096620641413,0.3770758809532093,0.7061172147040242,0.9184188696787761
sp|Q9QZE5|COPG1_MOUSE,86,44,42,0.3377480313088864,0.0014711196987562737,0.3223297733238237,0.03285432736562031,0.39570296909487795,0.009489769826651628,-0.37687870628697484,0.7062637465337422,0.9184188696787761
sp|Q9ERI2|RB27A_MOUSE,86,44,42,-0.09664851116408546,0.37602672509812246,-0.1265080574720812,0.4131877359922407,-0.04312461282471991,0.7862593219054715,-0.3757124666359603,0.7071306687813108,0.9184188696787761
sp|Q61176|ARGI1_MOUSE,86,44,42,0.3835963091314252,0.0002665775765067101,0.4189294833151103,0.004649866658824779,0.34719796979297185,0.024272620722262373,0.37616263106779196,0.7067959947424272,0.9184188696787761
sp|Q8C129|LCAP_MOUSE,86,44,42,-0.05924322263640692,0.58793152731842,-0.10446659759879422,0.49976839479147683,-0.02135850389428472,0.8931994836673461,-0.3732502051206593,0.7089622333140051,0.9184188696787761
sp|P15209|NTRK2_MOUSE,86,44,42,-0.18381051750248525,0.09024392239975289,-0.08937067813573915,0.5640014867008084,-0.17168324122657871,0.27696891310284083,0.37460649624064496,0.7079531409952995,0.9184188696787761
sp|Q60778|IKBB_MOUSE,86,44,42,0.20259379705734287,0.0613818154291223,0.24677930314721946,0.10633000274210269,0.16679198079277305,0.291090720801141,0.3738222082879765,0.7085365956138068,0.9184188696787761
sp|E9PYL2|PRR12_MOUSE,86,44,42,-0.13125528076818674,0.22835024911801655,-0.1647794025896856,0.28512185987277294,-0.08217317528793511,0.6049132601782787,-0.37525889124687306,0.707467935944885,0.9184188696787761
sp|P98064|MASP1_MOUSE,86,44,42,-0.2138258187709547,0.04805857553549083,-0.2504646919363221,0.10104228706368601,-0.17062346813258747,0.2799898386520511,-0.37375276745457164,0.7085882629184557,0.9184188696787761
sp|Q9DB05|SNAA_MOUSE,86,44,42,-0.030451680490450956,0.7807594446508093,0.006165938935614041,0.9683138832452934,-0.07728191485412944,0.6266425493495091,0.3737641785844901,0.7085797723993891,0.9184188696787761
sp|Q9DB77|QCR2_MOUSE,86,44,42,-0.011317400257042988,0.9176290359586788,-0.0453586312504941,0.7700083974547994,0.03725510030415312,0.8148021322614473,-0.36956073012276863,0.7117098154967154,0.9184804761887998
sp|P01897|HA1L_MOUSE,86,44,42,0.25093702564903697,0.019781695045492,0.20574391643778808,0.18029490146919425,0.2836931051607283,0.0686577292088525,-0.3709408608049995,0.7106815802860057,0.9184804761887998
sp|P14131|RS16_MOUSE,86,44,42,0.11471081635219095,0.29293984349737673,0.15067570318523507,0.3289232246575869,0.06855916708050935,0.6661676233503486,0.3718083856070282,0.7100355197769996,0.9184804761887998
tr|E9PWG6|E9PWG6_MOUSE,86,44,42,0.1566791137010243,0.14968788234272853,0.16159012382988522,0.2946770277686342,0.07997210809272255,0.6146513069681409,0.3705158735903257,0.7109981514189886,0.9184804761887998
sp|P11152|LIPL_MOUSE,86,44,42,-0.2796431892515618,0.009117927422949208,-0.34890709632216005,0.020274138276625463,-0.2743181893292675,0.07874187561375726,-0.3696020165904214,0.7116790483259259,0.9184804761887998
sp|P12023|A4_MOUSE,86,44,42,0.03462574261375264,0.7516214317427772,-0.009922200586045584,0.9490313780916727,0.07320586449262473,0.6449925494208821,-0.3722318080394624,0.7097202655120136,0.9184804761887998
sp|Q8BY87|UBP47_MOUSE,86,44,42,0.04550676364881409,0.6773714430657183,-0.016867740996277494,0.9134606614863305,0.06562441082022595,0.6796757845894659,-0.3692302256109897,0.7119561283389687,0.9184804761887998
tr|B1AVU4|B1AVU4_MOUSE / tr|Q9D3N5|Q9D3N5_MOUSE,86,44,42,-0.00803506958735575,0.9414679464252173,-0.026648195859665283,0.8636688481552552,0.05616797398153501,0.7238606389867009,-0.37054220057075726,0.7109785391164684,0.9184804761887998
sp|Q9JHU4|DYHC1_MOUSE,86,44,42,0.04072556521666852,0.709668479913482,0.0858979079306232,0.5793013169317549,0.003668445325354246,0.9816049473269433,0.3685750373690402,0.7124445048477583,0.9186502754045957
sp|Q3V3R1|C1TM_MOUSE,86,44,42,-0.14091254268073472,0.1956256895438553,-0.16577162264829015,0.2821908086929608,-0.0851079315482185,0.5920338881506132,-0.36660645205194636,0.7139125947968468,0.9200825483492896
sp|O89094|CASPE_MOUSE,86,44,42,-0.10234041405949686,0.34842782615624535,-0.06102153360418034,0.6939609865818516,-0.14184655258036416,0.3702147975609646,0.3653134058378123,0.7148774725109244,0.9208651784470386
sp|O08746|MATN2_MOUSE,86,44,42,-0.08176418509258467,0.45421364662665153,-0.011410530673952422,0.9413984834497877,-0.09252634320615709,0.56003101063381,0.3638319159692878,0.7159835281460791,0.92136810843386
sp|Q61335|BAP31_MOUSE,86,44,42,-8.537854343117091e-05,0.9993775049675464,0.040184912373484614,0.7956449664174482,-0.041168108651197646,0.7957449007463355,0.36390894037462235,0.7159260082948538,0.92136810843386
sp|Q9CYA0|CREL2_MOUSE,86,44,42,-0.0026562213511919838,0.9806353532142562,-0.01289886076185926,0.933770772756258,0.06823308305158897,0.6676634927771123,-0.36319762145242834,0.7164572642971861,0.921517210572055
sp|P39054|DYN2_MOUSE,86,44,42,-0.025253075845975217,0.8174722720738613,-0.07413301295002629,0.6324756206366012,0.006847764607327925,0.9656698375840741,-0.3626534893781222,0.7168637477242379,0.9215797056365015
sp|Q00623|APOA1_MOUSE,86,44,42,-0.3616255639551372,0.0006237800745824871,-0.3199909688999701,0.03421716200384069,-0.39064866664661213,0.010532904880415726,0.36180898650119253,0.7174947762252812,0.9219306630639218
sp|Q60715|P4HA1_MOUSE,86,44,42,0.05060101674020729,0.6435905327378576,0.027073433027638667,0.861514371493707,0.10711860350034398,0.4995458791389013,-0.3596758232238426,0.7190895739755772,0.9231251089598583
sp|Q6DFW4|NOP58_MOUSE,86,44,42,0.1557304632184557,0.15219999678508103,0.107372384913279,0.48784930852083425,0.18586789648461513,0.23859213980974003,-0.35884775269355906,0.7197089870890634,0.9231251089598583
sp|P63038|CH60_MOUSE,86,44,42,0.12602821660923394,0.24757791236032628,0.08816583949314791,0.5692882981665337,0.1670365438144633,0.29037376713011837,-0.358648128615578,0.7198583373947167,0.9231251089598583
sp|Q9QYJ1|SIA7E_MOUSE,86,44,42,0.0410670793903932,0.7073436562332298,0.08320473920012511,0.5912941498408343,0.0030977982747435852,0.9844660201232925,0.35899912421076996,0.719595744443422,0.9231251089598583
sp|P61358|RL27_MOUSE,86,44,42,0.057848706427031125,0.596763773987948,0.09192210114357945,0.5528817550685925,0.012635756120664624,0.9366978829605662,0.35562887958279626,0.7221185129650196,0.9255625539496891
tr|A0A075B5L4|A0A075B5L4_MOUSE,86,44,42,-0.06846410532697338,0.531082169948337,-0.008504743359467644,0.9563050049479891,-0.08771660377958151,0.580688337980229,0.3551450228723341,0.7224809488198342,0.9255663896572501
sp|Q99MD9|NASP_MOUSE,86,44,42,0.20093365871284788,0.06358430692578919,0.1863956252949992,0.22571688102877055,0.2615193911941427,0.09433757368880696,-0.35380620390386525,0.7234841238097994,0.9261343778386206
sp|P62267|RS23_MOUSE,86,44,42,0.2054112889905715,0.057786121294556,0.1861121338496836,0.22643608384836694,0.2607857021290718,0.09529895202568579,-0.3515989545774885,0.7251390493326563,0.9261343778386206
sp|Q9CZN7|GLYM_MOUSE,86,44,42,0.208987701309855,0.053471451209894834,0.2462831931179172,0.10705765932421991,0.17094955216150784,0.2790580383744557,0.3523276354059404,0.7245925651509091,0.9261343778386206
sp|O35129|PHB2_MOUSE,86,44,42,0.055524512744738144,0.6116143698373602,0.030971440400728002,0.8418131731904367,0.10899358666663615,0.4920237902802764,-0.35071573301724795,0.7258016211566355,0.9261343778386206
sp|Q9ESL4|M3K20_MOUSE,86,44,42,-0.014201297724051426,0.8967430133798958,-0.048547910010294466,0.7543230027743112,0.030488856704055288,0.8479992848574368,-0.3535657104191162,0.7236643756104469,0.9261343778386206
sp|Q4ZJN1|C1QT9_MOUSE,86,44,42,-0.18632444128129197,0.08585244104294781,-0.13650113091945568,0.3769524647900932,-0.21301439189223653,0.17559798359951623,0.35304695677912123,0.7240532378120121,0.9261343778386206
sp|P02468|LAMC1_MOUSE,86,44,42,0.07741936588242064,0.47862475350802286,0.11949164420052039,0.43977461019485103,0.041494192680118024,0.7941619131856169,0.35116417022187457,0.7254651885421499,0.9261343778386206
sp|Q8JZR0|ACSL5_MOUSE,86,44,42,-0.1470787708174304,0.17658157231772614,-0.19865663030489839,0.19610364795100968,-0.12219998983791143,0.44074095556712795,-0.35104164104942887,0.7255571087749045,0.9261343778386206
sp|P35278|RAB5C_MOUSE,86,44,42,0.14320827684855067,0.18836979138560475,0.12360227015759642,0.4240853399633626,0.19972646771373115,0.20474951150355633,-0.3496568440619492,0.7265962450161882,0.9262303618399429
sp|O70404|VAMP8_MOUSE,86,44,42,0.07834904335533784,0.4733429873032247,0.11594800113407554,0.45355352580097125,0.03815183138368416,0.8104251046684258,0.3500653905216862,0.7262896238862815,0.9262303618399429
sp|Q8BGE5|FANCM_MOUSE,86,44,42,0.26832578899451875,0.012492142860144231,0.29688641610674965,0.05034718958321593,0.22434581189721967,0.15319691562041818,0.3481542546869075,0.7277243406073468,0.9262620909206085
sp|P26262|KLKB1_MOUSE,86,44,42,-0.2676332741422437,0.012729977134300255,-0.35011193496475135,0.019816784923965738,-0.2801061808426042,0.07238801997038079,-0.34770733279396837,0.7280599891352666,0.9262620909206085
sp|Q61768|KINH_MOUSE,86,44,42,-0.12748913835238954,0.24209529515771122,-0.08185815483487607,0.5973315036478521,-0.1586398800697636,0.3156438654027935,0.3484914601015109,0.727471126217589,0.9262620909206085
sp|Q80TM9|NISCH_MOUSE,86,44,42,0.15061723711741115,0.16628541359808965,0.09596185423932657,0.5354904266247378,0.17233540928441946,0.27512054146694676,-0.34788830127092424,0.7279240713964592,0.9262620909206085
tr|A0A075B5S1|A0A075B5S1_MOUSE,86,44,42,-0.19418875378178538,0.07320078470430366,-0.14259619699374082,0.35581098677198353,-0.2176610893043519,0.16614372872249483,0.3470405900656598,0.7285608250607274,0.9263275588497449
sp|Q9DBB9|CPN2_MOUSE,86,44,42,0.04347665161611736,0.6910178956991259,-0.029483110312821165,0.8493248648820467,0.04801587325852557,0.7626812619089066,-0.3466810797043654,0.7288309259144012,0.9263275588497449
tr|A0A140T8P7|A0A140T8P7_MOUSE,86,44,42,0.030650897091790353,0.779361515865775,0.08696100085055665,0.5745977978558419,0.010842293961602549,0.9456682214015945,0.341289393819219,0.7328857316297576,0.9266455956058056
sp|Q9EPK7|XPO7_MOUSE,86,44,42,-0.10371595725922127,0.34195278267344664,-0.12530321882948994,0.41768672151627706,-0.048831083330826516,0.7587714687537039,-0.3446729323526905,0.7303402694091594,0.9266455956058056
sp|Q6IQX7|CHSS2_MOUSE,86,44,42,0.02183793410872838,0.8418114057814333,0.0019135672558802197,0.9901641251605522,-0.07402107456492567,0.6413054177194772,0.3400903082008858,0.7337885201848198,0.9266455956058056
sp|Q9DCT2|NDUS3_MOUSE,86,44,42,0.041418080068943576,0.7049570434963133,0.06378557519600733,0.6808199671548656,-0.012065109070053964,0.9395512958276747,0.339498861201043,0.734233954827676,0.9266455956058056
sp|P15508|SPTB1_MOUSE,86,44,42,-0.3174469109819191,0.0028990506715498264,-0.369601971830198,0.013541047917835348,-0.30113860070796855,0.05262869857988269,-0.34509955812569904,0.7300195256331754,0.9266455956058056
sp|O55234|PSB5_MOUSE,86,44,42,-0.2867865273853031,0.007425915345779109,-0.2313290193775199,0.13082264830666993,-0.3026874998453403,0.05136506148107209,0.3437208861123675,0.7310562023204674,0.9266455956058056
sp|Q9JM14|NT5C_MOUSE,86,44,42,-0.058949140986810665,0.5897891648990364,-0.03515293921913293,0.8207850802389111,-0.11062400681123803,0.4855306878015975,0.33937901060803605,0.7343242284368049,0.9266455956058056
sp|Q9CPP0|NPM3_MOUSE,86,44,42,-0.0898087411847661,0.41089002019244225,-0.03890920086956447,0.8020002674223804,-0.11429245213659228,0.47108591297519214,0.3391734200024141,0.734479091507359,0.9266455956058056
sp|Q9QZF2|GPC1_MOUSE,86,44,42,0.17660077383496417,0.10382731820118993,0.1886635568575239,0.2200198163546054,0.11421093112936219,0.47140440940863776,0.3408472434053844,0.7332185826383315,0.9266455956058056
sp|A2AT37|RENT2_MOUSE,86,44,42,0.14488738820269703,0.18318763535888233,0.10878984213985694,0.48208924496662353,0.1834222662677123,0.24493685326097991,-0.3411160587685385,0.7330162123432701,0.9266455956058056
sp|P01878|IGHA_MOUSE,86,44,42,0.3870683698976261,0.0002317747673298151,0.39958119217232146,0.007205923448781983,0.3332578775566257,0.031032851661367312,0.34273458641352,0.7317981407307793,0.9266455956058056
sp|P50608|FMOD_MOUSE,86,44,42,-0.25943693397285134,0.01585787968545471,-0.29093309575512233,0.05537172466504275,-0.21863934139111305,0.16420120419597317,-0.34585025389596596,0.729455255756659,0.9266455956058056
sp|P63001|RAC1_MOUSE,86,44,42,0.21028735247097394,0.05197050510880746,0.24848025181911298,0.10386384424441435,0.17551472856639314,0.26622591733132567,0.34174923076428754,0.7325396194717434,0.9266455956058056
sp|P09405|NUCL_MOUSE,86,44,42,0.24361344392360765,0.02380336225474857,0.2095001780882196,0.17229634480720626,0.2818181219944362,0.07058822792842286,-0.34428006303082664,0.7306356762876556,0.9266455956058056
sp|P70336|ROCK2_MOUSE,86,44,42,0.13140706484539771,0.22780797729396052,0.09837153152450907,0.5252447700239401,0.17347670338564078,0.2719054228965173,-0.34227225147143336,0.7321460159864446,0.9266455956058056
sp|Q3TVC7|CCDB1_MOUSE,86,44,42,-0.014685109470161394,0.8932455883421674,-0.06924278551833239,0.6551503290287687,0.006277117556717265,0.9685291919696372,-0.3381262570138762,0.7352680444056305,0.9267875348923544
sp|Q8BH61|F13A_MOUSE,86,44,42,-0.15220148342330067,0.16182206364803087,-0.1839150751484878,0.23206334005180318,-0.11021640177508756,0.4871497686171195,-0.3369410174744096,0.736161363900149,0.9267875348923544
sp|Q9Z1K6|ARI2_MOUSE,86,44,42,-0.012768835495372893,0.9071094403927484,-0.08192902769620497,0.5970130757047362,-0.006521680578407548,0.9673037046525578,-0.3379489523667709,0.7354016568439881,0.9267875348923544
sp|Q8K0E8|FIBB_MOUSE,86,44,42,-0.08120448130786921,0.4573190931121514,-0.13154003062643288,0.3946993639623673,-0.05673862103214567,0.7211673450254175,-0.337572253991059,0.7356855540813448,0.9267875348923544
sp|P70195|PSB7_MOUSE,86,44,42,-0.09237958399252691,0.39757059237655656,-0.042381971074680426,0.7847305111499421,-0.11714568738964558,0.46001080744002776,0.33655107659672373,0.7364553418675142,0.9267875348923544
sp|Q91WB4|PKHF2_MOUSE,86,44,42,-0.05437664566083018,0.6190075169989859,-0.10545881765739878,0.49568179144134045,-0.030651898718515477,0.847196053976872,-0.3361588253555586,0.736751100553262,0.9267875348923544
sp|P70218|M4K1_MOUSE,86,44,42,0.06724034620445993,0.5384665598001425,0.04245284393600932,0.7843790981831343,0.11681960336072521,0.4612693940864409,-0.33475558791931564,0.7378094650905282,0.9272447418378503
sp|P62315|SMD1_MOUSE,86,44,42,0.10362109221096441,0.34239689507725024,0.1428796884390564,0.3548455478452588,0.06888525110942972,0.6646730301656076,0.33472207456795977,0.7378347479711671,0.9272447418378503
sp|Q9QXC1|FETUB_MOUSE,86,44,42,0.27405563790923293,0.010668160587565067,0.3219045361558503,0.03309872852258278,0.2535303324855934,0.1052167548616057,0.3334647474319513,0.7387834955828068,0.9279841468905987
sp|Q8C1B7|SEP11_MOUSE,86,44,42,0.05447151070908703,0.6183950623855258,0.10382874184683415,0.5024045679009205,0.0303258146895951,0.8488026676211485,0.33024968865395843,0.7412113048084072,0.9281245629707173
tr|A0A075B5T2|A0A075B5T2_MOUSE,86,44,42,0.162693557760509,0.13447878355093576,0.21495738841054468,0.16113638971016156,0.14323240970327578,0.36550940630132767,0.33145606136652467,0.7403000248499478,0.9281245629707173
sp|Q9Z1G4|VPP1_MOUSE,86,44,42,0.10162892619757043,0.35180680918832663,0.1261536931654367,0.41450808683728585,0.05249952865618076,0.7412520063650299,0.33209336495403136,0.7398187601003341,0.9281245629707173
sp|Q8BU30|SYIC_MOUSE,86,44,42,-0.049121121987400325,0.6533335202826269,-0.07944847754969357,0.6082020070937482,-0.005543428491646416,0.9722060717608542,-0.3311600488160861,0.740523595614526,0.9281245629707173
sp|Q9CR57|RL14_MOUSE,86,44,42,0.11154232374041194,0.3065635216974808,0.06541565100657196,0.6731133834331147,0.13842267027670022,0.38199405445774715,-0.3299756776326535,0.7414183402061225,0.9281245629707173
sp|Q3TPJ7|MIDN_MOUSE,86,44,42,0.21286768178356041,0.04909304573346184,0.2360066282252271,0.1230004333129183,0.1647539556120207,0.29710982883357834,0.3320486235588685,0.739852543590078,0.9281245629707173
sp|P84091|AP2M1_MOUSE,86,44,42,0.09263571962282043,0.3962577185616748,0.13976128254058495,0.3655529762209984,0.06676570492144727,0.674410563095964,0.3300161108392474,0.7413877887791194,0.9281245629707173
sp|Q9R0G6|COMP_MOUSE,86,44,42,-0.36866455053579594,0.00047815324672720045,-0.438419520180557,0.002913388717003754,-0.3770346584391864,0.013842824944937047,-0.3293779664437109,0.7418700197281279,0.9282387273080318
sp|Q99M74|KRT82_MOUSE,86,44,42,0.00016127058203665616,0.9988241763506116,0.04224022535202263,0.7854334639192387,-0.031141024761896043,0.8447872804797615,0.3282258235019572,0.7427409240915215,0.9288770663116405
tr|Q8CFX3|Q8CFX3_MOUSE,86,44,42,-0.1109731334508708,0.3090538727260753,-0.12735853180802797,0.41002870701357663,-0.05543428491646416,0.7273282797061228,-0.3244089821668313,0.7456284203677543,0.9296971415784248
tr|Q9D8U0|Q9D8U0_MOUSE,86,44,42,0.2250388674749151,0.03723411428421861,0.26074125682901217,0.08736176925407232,0.19255261907748286,0.22182260300717116,0.3215213712504327,0.7478153193952091,0.9296971415784248
sp|P62911|RL32_MOUSE,86,44,42,0.1616405557248579,0.13705323132856095,0.20701962794170822,0.17754915015072048,0.1370368131537886,0.38682399613045915,0.32256862310450324,0.7470219595890587,0.9296971415784248
sp|Q9DCR2|AP3S1_MOUSE,86,44,42,-0.19071669301558442,0.07858828467266903,-0.2193515058129363,0.15254031825742861,-0.1499986533033736,0.3430558343768051,-0.32115849646338457,0.7480902824662121,0.9296971415784248
sp|O08912|GALT1_MOUSE,86,44,42,0.09599394233111315,0.37928337010041413,0.071581589942186,0.6442660448041115,0.1430693676888156,0.3660611098748331,-0.3234733877438356,0.746336758624143,0.9296971415784248
sp|P63158|HMGB1_MOUSE,86,44,42,0.14925118042251243,0.17020648865578109,0.16300758105646318,0.2904050571531302,0.09228178018446681,0.5610730590791818,0.32157906800444636,0.7477716034772545,0.9296971415784248
sp|Q9QZZ6|DERM_MOUSE,86,44,42,-0.41998654164275534,5.68263935324539e-05,-0.4488378307959049,0.0022435129336150984,-0.5046965557615142,0.0006534235345781201,0.3234310954129251,0.7463687832043133,0.9296971415784248
sp|Q9Z0K8|VNN1_MOUSE,86,44,42,0.21393017032403722,0.047947004664103156,0.3511750278846848,0.019420476087715178,0.28622025638486126,0.0661220540416085,0.3234090922495274,0.7463854446032436,0.9296971415784248
tr|A0A075B5U7|A0A075B5U7_MOUSE,86,44,42,-0.1162571166387777,0.2864383663063637,-0.0762591987898932,0.6227184217394517,-0.1473084600647805,0.3518795376029706,0.3218060953332035,0.7475995963371624,0.9296971415784248
sp|Q8BHI9|NIM1_MOUSE,86,44,42,-0.1257910539885918,0.2484759366283923,-0.16527551261898787,0.28365386348392996,-0.09342307428568812,0.5562179077804045,-0.3268523423302488,0.7437795682511781,0.9296971415784248
sp|Q9JJU8|SH3L1_MOUSE,86,44,42,-0.23261858483063796,0.031137651423343935,-0.26336355269818135,0.0841129212333525,-0.1949167282871556,0.21609127592253713,-0.3231279296786793,0.7465983590497227,0.9296971415784248
sp|Q91Y74|SIA4C_MOUSE,86,44,42,0.14320827684855067,0.18836979138560475,0.19270330995327103,0.21011982454753847,0.12244455285960172,0.43981998171913605,0.3222561092719781,0.747258680654528,0.9296971415784248
tr|A0A0B4J1J6|A0A0B4J1J6_MOUSE,86,44,42,-0.1419940042308629,0.19218294772236605,-0.10567143624138547,0.4948083331690103,-0.17690058568930475,0.26240904197365167,0.3250848451492005,0.7451168584046417,0.9296971415784248
sp|P02469|LAMB1_MOUSE,86,44,42,-0.0792976938379064,0.4679860531910298,-0.03245977048863484,0.8343153322001041,-0.10369472119668001,0.5134318733624815,0.32009422352250727,0.7488969044476503,0.9302506169574045
sp|P01801|HVM32_MOUSE,86,44,42,0.14579809266596283,0.18042075003653804,0.20999628811752188,0.17125937180153356,0.14078677948637294,0.37383733884760445,0.31938635506364965,0.7494335565262304,0.9304683741827596
sp|P62996|TRA2B_MOUSE,86,44,42,0.2503773218643215,0.020067006845872017,0.2698838559404399,0.07644283125937547,0.20290578699570483,0.19748500458700835,0.3173208898168245,0.7510001280290419,0.9306185417106752
sp|P60122|RUVB1_MOUSE,86,44,42,0.10284319881525819,0.3460522679341547,0.07859800321374681,0.6120588333445032,0.1486943171876921,0.3473168692541526,-0.31762140354770113,0.7507721365795897,0.9306185417106752
sp|Q9WUA3|PFKAP_MOUSE,86,44,42,0.27180733626554543,0.011354092278835728,0.2458579559499438,0.10768438569815447,0.3115732896334206,0.044579983137550704,-0.3187074374016296,0.7499483743128763,0.9306185417106752
sp|Q58A65|JIP4_MOUSE,86,44,42,-0.011023318607446733,0.9197622432765581,-0.05152457018610814,0.739770763584004,0.01948352072799255,0.9025279277103208,-0.31767377945709546,0.7507324026531794,0.9306185417106752
sp|Q01102|LYAM3_MOUSE,86,44,42,0.09514015689680144,0.3835566811843081,0.1240983801868987,0.4222133936411747,0.05396690678632246,0.7342796376375142,0.3161795349890301,0.7518662402894989,0.9307959465122403
sp|Q8VBT9|ASPC1_MOUSE,86,44,42,0.05612717056508705,0.6077482272840649,0.09717011683642256,0.5303409312303422,0.026738890371470946,0.866513921102614,0.3162261467119904,0.7518308630520232,0.9307959465122403
sp|P62918|RL8_MOUSE,86,44,42,0.1522489159474291,0.16168981348939898,0.18249761792190985,0.2357441823399052,0.11355876307152143,0.47395648828004283,0.3152515719928344,0.7525706515179172,0.9308955820256185
sp|Q9Z100|CPXM1_MOUSE,86,44,42,0.06849579600384599,0.5308916148145847,0.1051753262120832,0.4968476352069269,0.035639122402881585,0.8227038418738374,0.31255605342390164,0.7546179706101038,0.9308955820256185
sp|P63044|VAMP2_MOUSE / sp|P63024|VAMP3_MOUSE,86,44,42,0.07635687734194384,0.48469956112860885,0.04131887815474697,0.7900067447622755,0.1111131328546186,0.4835914954513915,-0.3139862315600611,0.7535314959766766,0.9308955820256185
sp|P62331|ARF6_MOUSE,86,44,42,0.21869239574653143,0.04307820426604474,0.17774913621287375,0.24836413130979124,0.24480758471197334,0.11816142828325829,-0.3139549664376199,0.7535552421894609,0.9308955820256185
sp|Q61881|MCM7_MOUSE,86,44,42,0.13169165999016827,0.22679364774998972,0.1049627076280965,0.4977229413937512,0.17347670338564078,0.2719054228965173,-0.31249695288538337,0.7546628784449951,0.9308955820256185
sp|P70232|NCHL1_MOUSE,86,44,42,-0.09964624668900213,0.36132995954912583,-0.06109240646550924,0.6936229071673118,-0.13027056955369076,0.41091524655446654,0.3122654101139118,0.7548388253473753,0.9308955820256185
tr|A0A0A6YXQ0|A0A0A6YXQ0_MOUSE,86,44,42,-0.07880439558697074,0.4707675342108888,-0.05081584157281917,0.74322766209619,-0.12024348566438917,0.4481469097034997,0.31281053070173415,0.7544246142764914,0.9308955820256185
sp|P60229|EIF3E_MOUSE,86,44,42,0.15215405089917222,0.16195439397736539,0.11176650231567062,0.4701100782423907,0.1803244679929687,0.2531356245787593,-0.31332110566063776,0.7540367168284895,0.9308955820256185
sp|Q91ZJ5|UGPA_MOUSE,86,44,42,0.22510527300869493,0.037176658660354266,0.20893319519758843,0.17348699054264488,0.2744812313437277,0.07855711274850223,-0.3113788298041193,0.7555126458871082,0.9312805472280056
sp|Q64433|CH10_MOUSE / tr|Q9JI95|Q9JI95_MOUSE,86,44,42,-0.07189822007387159,0.5106331395830834,-0.05117020587946366,0.7414985843589795,-0.12016196465715907,0.4484569592084473,0.3108523281047781,0.7559128868385585,0.9312847208016436
tr|A0A075B5N4|A0A075B5N4_MOUSE,86,44,42,0.017236979268270836,0.8748336516631066,0.06980976840896358,0.6525051134616074,0.0004891260433805661,0.9975471209809864,0.3104229293368213,0.7562393596878589,0.9312847208016436
sp|Q9JIM1|S29A1_MOUSE,86,44,42,-0.21356019663583548,0.0483435410171552,-0.18951403119347066,0.2179092788906939,-0.2552422736374254,0.10280847765691115,0.3092830246807239,0.7571062427295067,0.9314613354173339
sp|P62751|RL23A_MOUSE,86,44,42,0.2423149358140824,0.024584664710276833,0.2098545423948641,0.17155518916278775,0.27497035738710823,0.07800485954269835,-0.3094361117988212,0.7569898041250271,0.9314613354173339
sp|Q91Z96|BMP2K_MOUSE,86,44,42,-0.1892083387483004,0.08102537612371612,-0.22041459873286975,0.1505121214136981,-0.15399318265764822,0.3302074439859836,-0.30787191336329994,0.7581797983050643,0.9323366669701723
sp|Q9CQR6|PPP6_MOUSE,86,44,42,0.02146796042052664,0.8444575133669509,-0.01452893657242389,0.9254233570974724,0.054129948800782646,0.7335062176160682,-0.30719724691831696,0.7586932409272026,0.9325227185620748
sp|P35979|RL12_MOUSE,86,44,42,0.26647592055351005,0.013136242108895281,0.24040074562761873,0.11597796549899166,0.3030951048814908,0.051036617800177944,-0.3027803419617084,0.7620572654857083,0.9353441294308555
sp|Q8BR63|F177A_MOUSE,86,44,42,0.18362078740597154,0.09058242869424284,0.14401365422031875,0.3509997535007355,0.2095905095885726,0.18280705359565927,-0.30276358431897804,0.7620700371329285,0.9353441294308555
sp|Q6PFE3|RA54B_MOUSE,86,44,42,-0.2820148154579832,0.00852206984505024,-0.3216919175718636,0.03322149023181303,-0.2597259290350806,0.09670091115493881,-0.3027525587086977,0.7620784402120137,0.9353441294308555
sp|P07759|SPA3K_MOUSE,86,44,42,-0.4125396353545921,7.911770149396241e-05,-0.5467132522911117,0.00012321145253395437,-0.5923316385338655,3.589151197178144e-05,0.30208353772458485,0.7625883815617004,0.9355240983903662
sp|Q8BYA0|TBCD_MOUSE,86,44,42,0.021173878770930382,0.846562061388831,0.006803794687574115,0.9650379369988433,0.0735319485215451,0.6435166825698131,-0.2989180632723212,0.7650025643799051,0.9361070962237708
sp|Q9D4V7|RABL3_MOUSE,86,44,42,-0.1253831342810873,0.25002576699837753,-0.14202921410310965,0.3577466484231767,-0.07556997370229747,0.634323323171366,-0.30079858258877307,0.7635680893102177,0.9361070962237708
sp|Q9CZ42|NNRD_MOUSE,86,44,42,-0.29379705445148474,0.006040683266416328,-0.3124075727377781,0.03895976391354655,-0.2509216602542304,0.10896900021913705,-0.29871236069764096,0.7651595249603023,0.9361070962237708
sp|P41241|CSK_MOUSE,86,44,42,0.11231073063129247,0.3032223176124271,0.0789523675203913,0.6104505547459357,0.14494435085510776,0.359746709250882,-0.2988927516840674,0.7650218777720855,0.9361070962237708
sp|Q61838|PZP_MOUSE,86,44,42,0.22040945311998053,0.041426581177594415,0.23522702675060925,0.12427908344979781,0.17103107316873795,0.278825405662239,0.29948091378974356,0.764573132746983,0.9361070962237708
sp|Q9ERS7|ILRL2_MOUSE,86,44,42,-0.21180519324308364,0.050261567429297875,-0.1815762707246342,0.23815796498192296,-0.2452967107553539,0.11740518342840467,0.2986005704752558,0.7652448301169077,0.9361070962237708
sp|P43274|H14_MOUSE,86,44,42,-0.046768468790630284,0.6689419923519804,-0.07944847754969357,0.6082020070937482,-0.013043361156815095,0.9346602075529143,-0.2976267599816876,0.765988048150684,0.9365713314283055
sp|Q9JHJ0|TMOD3_MOUSE,86,44,42,-0.0578012739029027,0.5970652307074807,-0.07066024274491034,0.6485451834649917,-0.005135823455495944,0.974249033140382,-0.2934696576719313,0.769163188670982,0.9385059390505669
sp|Q9QZ47|TNNT3_MOUSE,86,44,42,-0.07548411889798076,0.489720106491694,-0.035223812080461825,0.8204296960467614,-0.10059692292193644,0.5261597940477839,0.29372725828818547,0.768966323515568,0.9385059390505669
sp|Q91YL3|UCKL1_MOUSE,86,44,42,0.10013954493993778,0.3589458580618114,0.136288512335469,0.37770317228804007,0.07165696535525293,0.6520212236091439,0.29221587773008234,0.7701215725102322,0.9385059390505669
tr|A8R0U9|A8R0U9_MOUSE,86,44,42,0.0033202766889899797,0.9757955042644206,-0.041177132432089175,0.7907109497107938,0.024456302169028304,0.8778189465685341,-0.2935558615860516,0.7690973077186272,0.9385059390505669
sp|P63330|PP2AA_MOUSE,86,44,42,0.14520044286194464,0.18223305729069927,0.11651498402470671,0.45133325696424814,0.18048751000742888,0.2526995819332072,-0.2925650564547103,0.7698546264954422,0.9385059390505669
sp|Q9QZD9|EIF3I_MOUSE,86,44,42,0.20073444211150848,0.06385286081788151,0.1627240896111476,0.2912562214132568,0.22565014801290117,0.15075925868079332,-0.29246610898930786,0.7699302687478015,0.9385059390505669
sp|P35991|BTK_MOUSE,86,44,42,-0.08466705556924448,0.4382960986038324,-0.10907333358517253,0.48094152523046524,-0.04353221786087038,0.7842869458154982,-0.2948418222324586,0.7681147162788342,0.9385059390505669
sp|Q91WZ8|DTBP1_MOUSE,86,44,42,-0.07138594881328456,0.5136576867824496,-0.09163860969826386,0.5541121460076843,-0.027309537422081608,0.8636916745625441,-0.28872070232463554,0.7727951189068039,0.9400232502274375
sp|P32261|ANT3_MOUSE,86,44,42,0.058247139629709926,0.5942342280467235,0.24996858190701982,0.10174209624138165,0.18839504770874804,0.23215412377013503,0.2892865642035757,0.7723620931964978,0.9400232502274375
sp|Q9R229|BMP10_MOUSE,86,44,42,-0.12791603106954538,0.24050919120561914,-0.11353832384889304,0.4630556081319766,-0.17673754367484457,0.2628561891765659,0.2887337597753336,0.7727851258968301,0.9400232502274375
sp|O88792|JAM1_MOUSE,86,44,42,0.03729145046977031,0.7331903103115867,0.0669748539558077,0.6657726833684019,0.002527151224132925,0.9873272851188494,0.2885776972996707,0.7729045646833833,0.9400232502274375
sp|P99027|RLA2_MOUSE,86,44,42,0.2191667209878157,0.042616583049014424,0.18441118517779007,0.23078438524915657,0.24586735780596455,0.11652752266276989,-0.2882022332310747,0.7731919394103738,0.9400232502274375
sp|P84750|KVM5_MOUSE,86,44,42,0.006488769300768989,0.9527175821222227,-0.030900567539399106,0.8421705637985274,0.033423612964338684,0.8335651258802101,-0.28767624718286666,0.7735945737570887,0.94006891336692
sp|Q8CFX1|G6PE_MOUSE,86,44,42,0.28552482224348685,0.0077029536912095525,0.32651127214222864,0.030529407873851663,0.26812259277978034,0.08601827071178927,0.28647735527168317,0.7745125348886034,0.9406075892653155
sp|Q08879|FBLN1_MOUSE,86,44,42,-0.6579744882047314,5.84305267929611e-12,-0.6761979699390066,4.7131798311879e-07,-0.6399399067562407,5.038043675362861e-06,-0.28614322532592,0.7747684259540716,0.9406075892653155
sp|P17182|ENOA_MOUSE,86,44,42,0.4391872274099431,2.333823445367693e-05,0.4564920998194258,0.0018419749929343627,0.4045072378757282,0.007883563147858987,0.2854328150586292,0.7753125699314873,0.9408246312787841
sp|Q8CAE9|PDXL2_MOUSE,86,44,42,-0.38658455815151616,0.00023635930341986153,-0.36754665885166,0.01411080273600351,-0.42056687630005674,0.005550211062302764,0.2807485492345516,0.7789032687295809,0.9443173687706227
sp|Q80WM4|HPLN4_MOUSE,86,44,42,-0.22567446329823607,0.03668721565116579,-0.1883800654122083,0.2207264592438258,-0.24757929895779654,0.1139242769284668,0.27796944843390714,0.7810358114813832,0.9443173687706227
sp|Q99J47|DRS7B_MOUSE,86,44,42,-0.04333435404373207,0.6919781929855279,-0.09206384686623724,0.552267044217861,-0.02959212562452425,0.8524197485480424,-0.28042487626604246,0.7791515538689552,0.9443173687706227
sp|P32921|SYWC_MOUSE,86,44,42,0.02851643350601108,0.794374916398995,0.07753491029381335,0.6168944677406297,0.015325949359257738,0.9232571954487043,0.2788117526945567,0.7803892946318921,0.9443173687706227
sp|Q91WI7|ITFG2_MOUSE,86,44,42,0.11754728129507096,0.28108761795538423,0.16718907987486809,0.27803787166202165,0.10622187242081294,0.5031640455045799,0.27785371100369044,0.7811246584393889,0.9443173687706227
sp|Q99MQ4|ASPN_MOUSE,86,44,42,-0.3833781195204344,0.00026891764765781375,-0.40992862992634044,0.005718833370070421,-0.3565728856244327,0.02045540233552125,-0.27974026770110216,0.7796767820205617,0.9443173687706227
sp|O55143|AT2A2_MOUSE,86,44,42,0.05325723809139927,0.6262540136664067,0.028065653086243224,0.8564911457504142,0.09048831802540473,0.5687421936640031,-0.28015205773444696,0.7793608467648916,0.9443173687706227
sp|Q7TMY8|HUWE1_MOUSE,86,44,42,0.1257151619499863,0.24876377635443322,0.08774060232517453,0.5711596597653413,0.14902040121661247,0.3462485864570339,-0.2779531102438304,0.7810483534778176,0.9443173687706227
sp|P08905|LYZ2_MOUSE,86,44,42,0.16796805444359023,0.1221326980629642,0.18193063503127868,0.23722760485684982,0.12138477976561049,0.44381853564019924,0.2771518444820401,0.781663514226339,0.9445253632720896
sp|P09470|ACE_MOUSE,86,44,42,-0.0962880239807094,0.3778181373448703,-0.08653576368258327,0.5764771148420464,-0.1473084600647805,0.3518795376029706,0.27555541003925527,0.782889561694734,0.9455631432288649
sp|Q91VK1|5MP1_MOUSE,86,44,42,0.2421904681997548,0.02466068891046201,0.21878452292230513,0.15363018398308195,0.27611165148832956,0.07672809177637172,-0.2731117135994147,0.7847673427556396,0.9455690529936635
sp|Q91X83|METK1_MOUSE / sp|Q3THS6|METK2_MOUSE,86,44,42,0.19022339476464878,0.07937878990333043,0.18448205803911896,0.23060207229618146,0.24285108053845106,0.1212231953429734,-0.27353287842597634,0.7844436222939418,0.9455690529936635
sp|P62892|RL39_MOUSE,86,44,42,-0.10807026297421099,0.32195831630256855,-0.08518917931733423,0.5824466392156283,-0.14535195589125824,0.35838277445678085,0.27268193496588816,0.7850977224467777,0.9455690529936635
sp|P62075|TIM13_MOUSE,86,44,42,0.024209560315149793,0.824892040764013,0.07207769997148827,0.6419665793570394,0.011005335976062737,0.9448524456460236,0.2735963438114409,0.7843948440449826,0.9455690529936635
sp|Q9D8E6|RL4_MOUSE,86,44,42,0.14553247053084364,0.18122459012047482,0.13664287664211347,0.37645248616945054,0.1962210644028371,0.2129734502415176,-0.2740395936609889,0.7840541945395765,0.9455690529936635
sp|Q810U4|NRCAM_MOUSE,86,44,42,0.010008262591098367,0.9271295126351448,0.08129117194424489,0.5998816016286225,0.020380251807523588,0.8980648049734494,0.27310789756830317,0.7847702760468449,0.9455690529936635
sp|Q9DCN2|NB5R3_MOUSE,86,44,42,-0.07987637063227322,0.46473458936671996,-0.07526697873128864,0.6272639698938374,-0.014755302308647078,0.9261066154169721,-0.27116467902682934,0.7862643776058987,0.946089145951023
sp|Q91ZV0|MIA2_MOUSE,86,44,42,-0.07112032667816535,0.5152295672605124,-0.04989449437554351,0.7477290904502097,-0.11021640177508756,0.4871497686171195,0.2715079912931366,0.7860003543024685,0.946089145951023
sp|Q8K2Z4|CND1_MOUSE,86,44,42,-0.024095722257241565,0.8257024128000914,-0.010063946308703378,0.9483042308130984,-0.07010806621788114,0.6590797579722794,0.268955066286804,0.787964260836407,0.9476917195953984
sp|Q9JLV5|CUL3_MOUSE,86,44,42,0.3626026739521828,0.0006013946902105312,0.3333150668298027,0.027038363810840522,0.3854313221838861,0.011711051819198652,-0.26766315831376086,0.7889586107261362,0.9480206819171398
tr|E9QA15|E9QA15_MOUSE,86,44,42,-0.0018973009651371312,0.9861674561966333,-0.03139667756870138,0.8396694915356052,0.028450831523302928,0.8580522316743499,-0.2676430304448549,0.7889741053780313,0.9480206819171398
sp|Q8BND5|QSOX1_MOUSE,86,44,42,-0.18602087312687002,0.08637355329952764,-0.1379185881460336,0.3719704475797925,-0.19581345936668662,0.21394439576324606,0.2663315594808578,0.7899838695934365,0.9485463282199345
sp|Q9QZB7|ARP10_MOUSE,86,44,42,0.04390354433327322,0.6881399370148074,0.005740701767640659,0.9704981370457549,0.06513528477684538,0.681936934732124,-0.26595021986164585,0.7902775474739681,0.9485463282199345
sp|Q9QYB1|CLIC4_MOUSE,86,44,42,0.25032988934019307,0.020091347096335737,0.1977352831076227,0.19822848373506227,0.2541009795362041,0.10440925857953703,-0.2656397511950309,0.7905166681009629,0.9485463282199345
tr|Q0VGU8|Q0VGU8_MOUSE,86,44,42,-0.07286584356609152,0.504945151080815,-0.0714398442195282,0.6449236391999289,-0.012309672091744247,0.9383283111134972,-0.26489775869571996,0.7910882249800393,0.9486149512331343
sp|Q6PDG5|SMRC2_MOUSE / sp|P97496|SMRC1_MOUSE,86,44,42,0.13640645288853404,0.21044823941802826,0.16811042707214374,0.27536007660525724,0.11029792278231766,0.4868257282369228,0.26365284412254153,0.7920474350101898,0.9486149512331343
sp|Q6WVG3|KCD12_MOUSE,86,44,42,-0.027501377489662717,0.8015413229522704,-0.04415379260790285,0.7759580480896177,0.014836823315877172,0.9256994987653965,-0.2638648987346774,0.7918840240721595,0.9486149512331343
sp|Q99KJ8|DCTN2_MOUSE,86,44,42,0.10651447618279854,0.3290145140242324,0.06881754835035901,0.6571369835832871,0.12733581329340737,0.4216250439774052,-0.2642399301023688,0.7915950443636803,0.9486149512331343
sp|Q9CU62|SMC1A_MOUSE,86,44,42,-0.09743589106461736,0.3721318494953992,-0.07533785159261754,0.6269388326501214,-0.13353140984289455,0.39919979200352396,0.26311540433782266,0.7924616312053833,0.9486697816614886
tr|A0A075B5W7|A0A075B5W7_MOUSE,86,44,42,0.0578012739029027,0.5970652307074807,0.06817969259839894,0.6601213453109832,0.009619478853151134,0.9517882298618215,0.2622796849488188,0.7931058230118793,0.9489997649886567
sp|Q8BML9|SYQ_MOUSE,86,44,42,0.05026898907130829,0.6457713059853928,0.11240435806763069,0.4675638997019189,0.05429299081524284,0.732733057692891,0.2616944237454666,0.793557039965854,0.9490986427831277
sp|O35900|LSM2_MOUSE,86,44,42,0.2282358196011712,0.03455092603883126,0.21105938103745536,0.16905246601134924,0.26600304659179785,0.08862405140170204,-0.26054436394985125,0.7944438990868183,0.9497182173391631
sp|P11352|GPX1_MOUSE,86,44,42,-0.09081431069628879,0.4056495062801153,-0.044082919746573954,0.776308426132464,-0.10181973803038784,0.521117151907615,0.2595813349374805,0.7951867354681472,0.9501651247473221
sp|P02535|K1C10_MOUSE,86,44,42,-0.04939623062734521,0.651517863041263,-0.00262229586916919,0.9865214974111609,-0.060407066357499914,0.7039339100108579,0.25866976395600627,0.7958900505969251,0.9505644157175706
sp|V9GXG1|SLN14_MOUSE,86,44,42,0.027501377489662717,0.8015413229522704,-0.0014883300879068376,0.9923498013470672,0.05616797398153501,0.7238606389867009,-0.25803081979901804,0.7963831216335243,0.9507123496552272
sp|Q61792|LASP1_MOUSE,86,44,42,0.04032713201398972,0.712384131441272,0.057619636260393285,0.7102567545635,0.00040760503615047173,0.997955933204457,0.25606566410986775,0.7979001343318799,0.9516408582965982
sp|Q99JY9|ARP3_MOUSE,86,44,42,0.043286921519603644,0.6922984002822488,0.01715123244159308,0.9120118683595235,0.07418411657938585,0.6405690079551882,-0.2555819924352926,0.7982736246345745,0.9516408582965982
tr|Q9QXN7|Q9QXN7_MOUSE,86,44,42,0.21485036129212873,0.04697237553837857,0.23933765270768526,0.11764842625659695,0.1847266023833938,0.24153897980369984,0.25572399836255,0.7981639631489407,0.9516408582965982
sp|P53994|RAB2A_MOUSE,86,44,42,-0.05144531566969331,0.6380587328151277,-0.06520303242258527,0.6741167365625594,-0.008233621730239529,0.9587275288495909,-0.2551086512763215,0.7986391824384267,0.9516408582965982
sp|Q3UP87|ELNE_MOUSE,86,44,42,0.09603188835041589,0.3790941151641028,0.12317703298962304,0.42569358148212644,0.06684722592867737,0.6740350583952451,0.2542002445631145,0.799340861674988,0.9520364101818197
sp|P97927|LAMA4_MOUSE,86,44,42,-0.04823887703861156,0.6591697120270088,-0.07221944569414607,0.6413101952552391,-0.015652033388178114,0.9216293784224544,-0.2534554715216295,0.7999162665161481,0.9521454053380822
sp|Q99KC8|VMA5A_MOUSE,86,44,42,0.07091496885439733,0.5164464987590051,0.0663463500045854,0.6687280046248115,0.12244455285960172,0.43981998171913605,-0.2531246310650667,0.8001719056899456,0.9521454053380822
sp|Q9CY45|EFMT1_MOUSE,86,44,42,-0.17732174820171628,0.10240109153245146,-0.17711128046091368,0.25009339418114296,-0.12195542681622115,0.4416629917888125,-0.25229866759289643,0.8008102179387967,0.9524648088648505
sp|Q9CQQ7|AT5F1_MOUSE,86,44,42,0.027672134576525058,0.8003345938433827,-0.007016413271560806,0.9639460786575368,0.0490756463525168,0.7575996818627101,-0.25094982230827245,0.8018529039405616,0.95259174694594
sp|P70670|NACAM_MOUSE,86,44,42,0.07897515267383308,0.46980370117150794,0.053934247471290636,0.728055523883107,0.10964575472447691,0.48942118514432176,-0.2508160591655725,0.8019563249539625,0.95259174694594
sp|Q9QXG2|RAE1_MOUSE,86,44,42,0.19540302639947313,0.07138820915638626,0.20092456186742308,0.1909419314574802,0.14665629200693975,0.35403924885455823,0.2502465367760203,0.8023966986896092,0.95259174694594
sp|Q6IMP4|PANX2_MOUSE,86,44,42,-0.08173572557810761,0.4543712684276184,-0.09971811588975812,0.5195616817124742,-0.15480839272994917,0.3276226378335863,0.25041747082819643,0.8022645201723385,0.95259174694594
sp|P39053|DYN1_MOUSE,86,44,42,-0.05109431499114294,0.6403560895701034,-0.04954013006889902,0.7494626281699984,0.006032554535026982,0.9697547507813069,-0.24863270604048238,0.8036449070043986,0.9536339334268785
sp|Q9CYA6|ZCHC8_MOUSE,86,44,42,0.22708795251726321,0.03549503386735868,0.2742779733428315,0.07159174339148769,0.2223893077236974,0.1569072794976311,0.247301734736711,0.8046747163524893,0.9544161191191433
sp|P28654|PGS2_MOUSE,86,44,42,-0.044178652973218095,0.6862875966043444,-0.09376479553813077,0.5449158448258082,-0.038885520448755005,0.8068481304701662,-0.2464981957482238,0.8052966009450354,0.9547139721148555
sp|O70435|PSA3_MOUSE,86,44,42,0.08721892536735391,0.42456723891899634,0.13196526779440626,0.3931593992459671,0.07777104089751001,0.6244551302443169,0.24504570550643454,0.8064210420654956,0.9556070792998854
sp|P48725|PCNT_MOUSE,86,44,42,0.19200685767187767,0.07655052655400389,0.1671182070135392,0.2782445610774509,0.21961759347787418,0.16227518974313734,-0.24389527604703307,0.8073119278931279,0.9562227296802227
sp|P48722|HS74L_MOUSE,86,44,42,-0.12594283806580275,0.24790094370863802,-0.11304221381959076,0.4650251060769859,-0.16638437575662257,0.2922881859139343,0.24329011300096642,0.8077806630221096,0.9563380263365207
sp|Q9DCL2|CIA2A_MOUSE,86,44,42,-0.0437802197705393,0.688970894069037,-0.0884493309384635,0.5680422933135125,-0.03456490706556001,0.8279661116029656,-0.24187763139663523,0.8088749831274539,0.9569427255369101
sp|Q921I1|TRFE_MOUSE,86,44,42,0.3404516851842068,0.0013393684985382505,0.4035500724067397,0.006600118384687668,0.44779489271490824,0.0029427003898679265,-0.24167153856980114,0.8090346848519818,0.9569427255369101
sp|Q5SWD9|TSR1_MOUSE,86,44,42,-0.12992717009259075,0.2331336557970587,-0.10914420644650143,0.4806548195540661,-0.1616561573372771,0.30641105652731804,0.23921179327057446,0.8109413583892144,0.9583175758844549
sp|Q8C7B6|FXL22_MOUSE,86,44,42,0.14213630180324818,0.19173323266333667,0.1050335804894254,0.4974310847936653,0.15766162798300248,0.3186756318281695,-0.2394768919501657,0.8107358127865872,0.9583175758844549
sp|Q61093|CY24B_MOUSE,86,44,42,-0.0044681437728979435,0.9674316431497266,-0.017576469609566464,0.9098392085395557,0.03562468015955123,0.8227745399357217,-0.2379239339205331,0.8119400918827632,0.9590576773385849
sp|O08710|THYG_MOUSE,86,44,42,0.41225504020982157,8.011238142331815e-05,0.39816373494574353,0.007433640425255491,0.4418438591871114,0.0033953861982506986,-0.23719428244348834,0.8125060717192094,0.9592861690403321
sp|Q9JHK4|PGTA_MOUSE,86,44,42,-0.14314187131477085,0.18857689603535088,-0.11183737517699952,0.4698268054999136,-0.16369418251802945,0.30027116823863653,0.2363816778848668,0.8131365123198679,0.9595905221006691
sp|Q9R0Q3|TMED2_MOUSE,86,44,42,0.05671981235277453,0.6039568147244297,0.11006555364377708,0.4769358259421175,0.058205999162287365,0.7142570585320583,0.2335576533563313,0.8153284062247559,0.960416580982958
sp|P15864|H12_MOUSE / sp|P43277|H13_MOUSE,86,44,42,0.1056796637581382,0.3328410316078915,0.1170819669153379,0.4491189279239096,0.06521680578407547,0.6815598848744443,0.23387281553537928,0.8150837180610876,0.960416580982958
sp|P21107|TPM3_MOUSE,86,44,42,0.016952384123500266,0.8768839183956503,-0.006165938935614041,0.9683138832452934,0.046059369085003306,0.7720883921574938,-0.23363183120587822,0.8152708138038639,0.960416580982958
sp|Q91XV3|BASP1_MOUSE,86,44,42,0.1754529067510562,0.1061299483632681,0.19695568163300484,0.20003905427763047,0.14616716596355916,0.35566430691951595,0.23400615166657546,0.8149802029039401,0.960416580982958
sp|Q9WUM3|COR1B_MOUSE,86,44,42,0.16849929871382863,0.12093910786713787,0.20864970375227285,0.1740845304196341,0.15839531704807333,0.3164000930930191,0.2325628233627526,0.8161008984411388,0.9608869746163385
sp|Q8VHL0|UT1_MOUSE,86,44,42,-0.21299100634629434,0.04895887585494001,-0.1813636521406475,0.23871737110907168,-0.2310305344900874,0.14100406761556586,0.23196636683856875,0.8165641367215827,0.9609929854013142
tr|Q3UJB0|Q3UJB0_MOUSE,86,44,42,-0.17358406530039613,0.10996369397721995,-0.15202228755048414,0.32456875161672144,-0.20160145088002332,0.20044304396435156,0.22886322594601502,0.818975223443767,0.9610331160558376
sp|Q8BK06|FBX9_MOUSE,86,44,42,0.005094253091393197,0.9628709617972044,0.034656829189830644,0.8232737586914066,-0.016711806482169342,0.9163411875446356,0.22972475612206925,0.8183056567124097,0.9610331160558376
sp|Q99PL5|RRBP1_MOUSE,86,44,42,0.3189457787443774,0.0027617107526874186,0.29270491728834475,0.053835959268983664,0.33871978504104205,0.02821920754889516,-0.22856021056803077,0.8192107532980829,0.9610331160558376
sp|D3YYU8|OBSL1_MOUSE,86,44,42,-0.6685045085612424,2.019152906858402e-12,-0.6531642900071151,1.5400256320350728e-06,-0.681760183465279,6.663768263947977e-07,0.23068057100475178,0.8175629685654986,0.9610331160558376
tr|Q91WB5|Q91WB5_MOUSE,86,44,42,0.18037640275558706,0.09652752717734053,0.2245252246899458,0.14285601302797937,0.17527016554470284,0.26690327908879175,0.22942834148939348,0.8185360102406685,0.9610331160558376
sp|P62830|RL23_MOUSE,86,44,42,0.20419701637288373,0.05931411665321457,0.17094534152529964,0.26722740408917034,0.2204328035501751,0.1606827462825626,-0.23011189630855744,0.8180048210061053,0.9610331160558376
sp|Q9CPW4|ARPC5_MOUSE,86,44,42,0.16412601998918752,0.1310357655699675,0.15400672766769324,0.31821789263140826,0.20388403908246597,0.19528673551450462,-0.23042091599860706,0.8177647097623985,0.9610331160558376
tr|Q61635|Q61635_MOUSE,86,44,42,0.23478150793089428,0.029560772106725378,0.20836621230695726,0.174683550265397,0.25654660975310695,0.1010020795165758,-0.22776351001622983,0.819830095898773,0.9611537959179685
sp|Q5ND34|WDR81_MOUSE,86,44,42,-0.09210447535258202,0.39898358060509265,-0.0932686855088285,0.5470550982443865,-0.04263548678133935,0.7886279150605429,-0.2274676116640495,0.8200601513133113,0.9611537959179685
sp|Q9D6X6|PRS23_MOUSE,86,44,42,-0.12847573485426084,0.23844054573031764,-0.2146738969652291,0.16170283785837286,-0.16589524971324202,0.29372933914690236,-0.22632294308456297,0.8209502552920839,0.9617592845209808
sp|P04945|KV6AB_MOUSE,86,44,42,-0.1494029644997234,0.1697674835025711,-0.1905062512520752,0.21546476191077793,-0.1414389475442137,0.3716055930115355,-0.22563296854445136,0.8214868968108641,0.9619503225502387
sp|P18828|SDC1_MOUSE,86,44,42,-0.09215190787671046,0.3987397503977967,-0.05854098345766895,0.7058303326292629,-0.10703708249311389,0.4998742532777516,0.21835394939184574,0.827153342858817,0.9651645627277925
sp|Q3UHX2|HAP28_MOUSE,86,44,42,-0.000996083006696994,0.9927376557073854,-0.020694875508037933,0.8939272208037651,0.028043226487152458,0.8600655335482528,-0.21794138692066523,0.8274747800226253,0.9651645627277925
sp|Q8BH95|ECHM_MOUSE,86,44,42,0.04692113822245051,0.6679247556189145,0.02905787314484778,0.8514735166140004,0.07762057920391104,0.6251276717262657,-0.21777402201752855,0.827605186214744,0.9651645627277925
sp|P97402|GCNT2_MOUSE,86,44,42,-0.3935286796839181,0.00017791620866283795,-0.38278432403737284,0.010332311379048147,-0.42390923759649063,0.005148349585501841,0.2196479877604128,0.8261453150921327,0.9651645627277925
sp|Q8K479|C1QT5_MOUSE,86,44,42,0.16519799503449,0.12850342637012585,0.17930833916210948,0.24417104300295933,0.2264653580852021,0.14925023468539672,-0.21992733634249914,0.8259277461585783,0.9651645627277925
sp|Q8BI84|TGO1_MOUSE,86,44,42,0.03588744775556883,0.7428797351634546,0.020127892617406756,0.896817435332736,0.06896677211665982,0.6642995818721328,-0.21882394102633754,0.8267871965623351,0.9651645627277925
sp|P62835|RAP1A_MOUSE,86,44,42,0.22449813669985105,0.03770473597456347,0.1955382244064269,0.20336075235292403,0.2421173914733802,0.12238661720639685,-0.2187665528913824,0.8268319026884169,0.9651645627277925
sp|P62717|RL18A_MOUSE,86,44,42,0.14400514325390826,0.18589737650775645,0.13040606484517053,0.39882308731527927,0.17853100583390663,0.25796536618070387,-0.22046104787042967,0.8255121053783858,0.9651645627277925
tr|Q9DBK7|Q9DBK7_MOUSE,86,44,42,0.20208152579675584,0.062054722725927484,0.1907188698360619,0.214943423758854,0.23747069406126484,0.1299506725606231,-0.21910581534798315,0.8265676208423177,0.9651645627277925
sp|O08807|PRDX4_MOUSE,86,44,42,0.5294892668456449,1.5899708333405866e-07,0.6170191307293775,8.17201304820241e-06,0.6461355033057278,3.8061786150966296e-06,-0.21664523597046884,0.8284848296383487,0.965349479134959
sp|P48193|EPB41_MOUSE,86,44,42,-0.3152839878816628,0.003108032635530648,-0.3477022576795688,0.02074033233601244,-0.3044809620044024,0.049932540857317215,-0.21627899263710568,0.8287702830049366,0.965349479134959
sp|P07356|ANXA2_MOUSE,86,44,42,-0.015444029856216247,0.8877635612157226,0.028278271670229914,0.8554154618250981,-0.02005416777860321,0.8996874071172689,0.21612742020062176,0.8288884265504445,0.965349479134959
sp|Q810J1|PSG22_MOUSE,86,44,42,0.3617773480323482,0.0006202535264078012,0.36435738009185964,0.015035213845254698,0.32192645755164256,0.037611259281762253,0.21507087061352678,0.8297120643572775,0.9658718651537023
sp|Q3TJD7|PDLI7_MOUSE,86,44,42,-0.1937808340742809,0.07381792754743584,-0.23579400964124042,0.12334816989682076,-0.1902700308750402,0.22745486863691317,-0.2132473607151609,0.8311340292056497,0.9662167608146943
sp|Q6NZJ6|IF4G1_MOUSE,86,44,42,0.1916463704885016,0.07711559363215913,0.1861121338496836,0.22643608384836694,0.23184574456238832,0.13956770797912446,-0.2138462257212557,0.8306669757468544,0.9662167608146943
sp|Q8K1H9|OBP2A_MOUSE,86,44,42,-0.1621717999950963,0.1357497834931337,-0.1330992335756686,0.3890700159021803,-0.17967229993512795,0.2548848342931895,0.21347941255617614,0.8309530454142112,0.9662167608146943
sp|Q4KMM3|OXR1_MOUSE,86,44,42,-0.05597986497637106,0.6086922266173278,-0.046138232725111965,0.7661655406921144,-0.09326003227122794,0.5569102921799295,0.21173779571388174,0.8323115998490407,0.9671490837596027
sp|Q99JR5|TINAL_MOUSE,86,44,42,0.09177244768368303,0.4006928583961361,0.09957637016710033,0.5201584580401342,0.052825612685101137,0.7397008015719748,0.21027055093623742,0.833456518425525,0.9671701374248433
tr|A0A075B5K2|A0A075B5K2_MOUSE,86,44,42,-0.05632137915009574,0.606504633884585,-0.042169352490693736,0.7857850035898803,-0.08902093989526304,0.5750525489775635,0.2104056578701933,0.8333510771512688,0.9671701374248433
sp|Q920Q4|VPS16_MOUSE,86,44,42,0.18130693549225788,0.09479187966306638,0.18256849078323875,0.23555920027100433,0.2277696942008836,0.1468589050587686,-0.21100720999862999,0.8328816452569868,0.9671701374248433
sp|Q91WM1|STRBP_MOUSE,86,44,42,-0.13416763774967222,0.21810231420062967,-0.07569221589926203,0.6253141949171888,-0.12211846883068134,0.4410481829805548,0.20964962163740702,0.8339411477106119,0.9672966015111828
sp|O54957|LAT_MOUSE,86,44,42,0.023991370704159024,0.8264454140872713,0.010701802060663452,0.9450325899596392,0.057390789089986426,0.7180933646904623,-0.20901466742737848,0.8344367885468954,0.9674357183738207
sp|P37040|NCPR_MOUSE,86,44,42,-0.20589510073668146,0.05718633125143066,-0.23572313677991152,0.12346424631248691,-0.19132980396903143,0.22482781615944453,-0.20799488989847162,0.8352329573743276,0.9679229816556676
sp|Q02053|UBA1_MOUSE,86,44,42,0.08116653528856647,0.45753005478463205,0.06662048964916321,0.667438346666703,0.11192834292691954,0.4803685146127864,-0.20422325744491512,0.838179037524126,0.9682884348377496
sp|Q61508|ECM1_MOUSE,86,44,42,-0.017834629072289034,0.8705307921407047,-0.017930833916210948,0.9080291542956958,0.027309537422081608,0.8636916745625441,-0.2022968155726999,0.8396846893175514,0.9682884348377496
sp|Q9JMH9|MY18A_MOUSE,86,44,42,0.09031152594052744,0.4082648450100328,0.1499669745719461,0.33122964011357214,0.10516209932682172,0.5074571635355618,0.20366131962150733,0.8386181710892991,0.9682884348377496
sp|P13609|SRGN_MOUSE,86,44,42,0.11261429878571441,0.3019089112337211,0.10007248019640261,0.5180712321084234,0.14502587186233784,0.3594736717168517,-0.20407619112930708,0.8382939595316874,0.9682884348377496
sp|Q7TQI3|OTUB1_MOUSE,86,44,42,0.10197044037129512,0.3501823618912037,0.09114249966896158,0.5562684327382592,0.13646616610317794,0.3888231652126766,-0.2053265177287084,0.8373170272487852,0.9682884348377496
sp|Q91YM2|RHG35_MOUSE,86,44,42,0.12277434545402376,0.2600942154525441,0.13465843652490436,0.3834880398752835,0.08983614996756398,0.5715428645441658,0.2029818929922328,0.8391491849061621,0.9682884348377496
sp|Q99L88|SNTB1_MOUSE,86,44,42,-0.02464640458995682,0.8217840118815263,-0.06585017003660239,0.6710646205049845,-0.0202172097930634,0.898876055213743,-0.20442733970203175,0.8380195672771313,0.9682884348377496
sp|P97470|PP4C_MOUSE,86,44,42,-0.04137064754481515,0.7052793927481452,-0.08717361943454334,0.5736591883460057,-0.042064839730728686,0.7913936499161622,-0.20255024909936256,0.8394865792906109,0.9682884348377496
sp|P53986|MOT1_MOUSE,86,44,42,-0.22367281078001638,0.03843262774665533,-0.18533253237506572,0.22842201024912406,-0.22915555132379523,0.14434912733935398,0.2047541112972437,0.8377642412153856,0.9682884348377496
sp|Q3TIV5|ZC3HF_MOUSE,86,44,42,0.0353846629998075,0.7463594379133319,0.04124800529341807,0.7903588266149744,-0.004646697412115378,0.976700800195579,0.2052880410872211,0.8373470869201121,0.9682884348377496
tr|Q9WUR0|Q9WUR0_MOUSE,86,44,42,-0.12967103446229722,0.2340641379963438,-0.18115103355666082,0.2392776701517399,-0.13654768711040804,0.38853719981109563,-0.20461028130463027,0.8378766220307464,0.9682884348377496
sp|Q99NH8|TREM2_MOUSE,86,44,42,0.3038337765570602,0.00445552471635495,0.28455453823552157,0.061194022086883515,0.32502425582638617,0.0357087670623829,-0.19950085007260923,0.841870978456548,0.9683117585266184
sp|Q6DFW5|AT11B_MOUSE,86,44,42,-0.09888732630294728,0.36501679585987695,-0.08809496663181901,0.5695999957578621,-0.04345069685364029,0.7846813148462451,-0.2004940766276949,0.8410941901174573,0.9683117585266184
sp|P14069|S10A6_MOUSE,86,44,42,0.18922731175795177,0.08099435102908417,0.17796175479686044,0.24778950610950196,0.2204328035501751,0.1606827462825626,-0.19775855728528705,0.8432339722320816,0.9683117585266184
sp|P09528|FRIH_MOUSE,86,44,42,0.2140724678964225,0.04779520710756289,0.23253385802011114,0.12877318291807396,0.18945482080273926,0.2294899448853865,0.20160737419591865,0.8402236798333671,0.9683117585266184
sp|Q9WUA2|SYFB_MOUSE,86,44,42,0.17422914762854275,0.10862840945688822,0.22360387749267013,0.14454646221050782,0.18048751000742888,0.2526995819332072,0.20100391296418305,0.8406955144101114,0.9683117585266184
sp|P21279|GNAQ_MOUSE,86,44,42,0.09620264543727823,0.37824317426361675,0.071581589942186,0.6442660448041115,0.1155152672450437,0.46632219868551683,-0.19818334042449068,0.8429016213881281,0.9683117585266184
sp|Q3TIR3|RIC8A_MOUSE,86,44,42,-0.042072648901915886,0.7005139578003783,-0.05868272918032674,0.7051501909733637,-0.0144292182797267,0.927735267136364,-0.198143161811157,0.8429330559868894,0.9683117585266184
sp|P97807|FUMH_MOUSE,86,44,42,0.18348797633841196,0.09081997932891875,0.18072579638868744,0.24040094819966243,0.22320451779599834,0.15535341150342744,-0.19802345227083876,0.8430267147932993,0.9683117585266184
sp|Q921I9|EXOS4_MOUSE,86,44,42,0.014115919180620256,0.8973604125609116,0.051666315908765935,0.7390799889774087,0.0074999326651686805,0.9624025259492107,0.19766157006168097,0.8433098590708243,0.9683117585266184
tr|A0A075B5T6|A0A075B5T6_MOUSE,86,44,42,-0.13427198930275477,0.21774124879283227,-0.1308313020131439,0.3972737704476962,-0.17396582942902133,0.27053512108038996,0.19746285151566087,0.8434653492719244,0.9683117585266184
sp|P32233|DRG1_MOUSE,86,44,42,-0.03004376078294647,0.7836240379937084,-0.05194980735408152,0.7376990488641912,-0.00880426878085019,0.9558697771431816,-0.19310066342259563,0.8468801330989786,0.9689003611949264
sp|P56391|CX6B1_MOUSE,86,44,42,-0.02371626206421414,0.8284049656413539,-0.006165938935614041,0.9683138832452934,-0.04980933541758765,0.7540875445011175,0.19530228268364055,0.8451563101583477,0.9689003611949264
sp|Q4FJU9|TMM40_MOUSE,86,44,42,-0.17454220228779038,0.10798496043137504,-0.20680700935772153,0.17800467895163746,-0.16516156064817114,0.29589965046371197,-0.19288986740911804,0.8470452206531369,0.9689003611949264
sp|Q9CPR4|RL17_MOUSE,86,44,42,0.16563437425647154,0.12748332634042567,0.15655815067553353,0.3101686330747858,0.19858517361250982,0.20740230379905775,-0.1940425945989429,0.8461425300287448,0.9689003611949264
sp|P68040|RACK1_MOUSE,86,44,42,-0.019513740426435392,0.8584623249829064,0.007654269023520879,0.9606709024484141,-0.03586924318124152,0.8215775355351748,0.19465172386779872,0.8456656076581096,0.9689003611949264
sp|P01844|LAC2_MOUSE,86,44,42,-0.376177862357739,0.0003576063419336859,-0.37626402079511434,0.011826912110370548,-0.33839370101212163,0.028381031962660296,-0.1941327042819452,0.8460719744135003,0.9689003611949264
tr|G3X972|G3X972_MOUSE,86,44,42,-0.0668608860114325,0.5407665209843209,-0.10935682503048812,0.47979524124910744,-0.06660266290698709,0.6751618064782093,-0.19266423835409355,0.8472219323283146,0.9689003611949264
sp|P01887|B2MG_MOUSE,86,44,42,0.009287288224346256,0.9323661052839802,-0.023742408545180504,0.8784164749336436,0.019565041735222645,0.9021220647263913,-0.19364738721801497,0.84645199080237,0.9689003611949264
sp|P54923|ADPRH_MOUSE,86,44,42,0.22388151388618147,0.03824746419431235,0.2462831931179172,0.10705765932421991,0.20543293821983777,0.19184153551248126,0.19248219935762853,0.8473645100625142,0.9689003611949264
sp|P11859|ANGT_MOUSE,86,44,42,-0.2622069933819515,0.014733660483104661,-0.27831772643857866,0.06734945613083777,-0.3174428021539874,0.04051103434204069,0.19198757433907038,0.8477519386141443,0.9689131122642795
sp|P67871|CSK2B_MOUSE,86,44,42,0.09254085457456357,0.3967436681205545,0.06633699820384761,0.6687720157269135,0.10883054465217595,0.4926755556646417,-0.19147602504856825,0.8481526622653867,0.9689410405205726
sp|P26041|MOES_MOUSE,86,44,42,0.20668248063721337,0.05622108079492596,0.20106630759008087,0.19062255552754784,0.24138370240830936,0.12355841149983268,-0.1895564737545954,0.8496566976261967,0.9701533279482627
sp|Q9QUP5|HPLN1_MOUSE,86,44,42,-0.25618306281764114,0.01727237785332477,-0.25351222497346465,0.09682423352156373,-0.2926604159560387,0.0599949085794999,0.18916009462307717,0.8499673428548663,0.9701533279482627
sp|P08249|MDHM_MOUSE,86,44,42,-0.08191596916979564,0.45337350846057456,-0.08603965365328099,0.5786731758245124,-0.044673511962091704,0.7787714159803624,-0.18575759615490026,0.8526348590565603,0.971273472836997
sp|P14148|RL7_MOUSE,86,44,42,0.11825876915699739,0.2781655264555699,0.11488490821414209,0.45773249101448127,0.15529751877332973,0.32607783478494484,-0.1840601488239572,0.8539662689331888,0.971273472836997
sp|Q99KP6|PRP19_MOUSE,86,44,42,-0.15478181273588715,0.15474349400993795,-0.12849249758929032,0.4058382683291229,-0.16923761100967588,0.28397265528215015,0.18631780448691834,0.8521955459622438,0.971273472836997
sp|P47857|PFKAM_MOUSE,86,44,42,0.03398066028560602,0.7561030706415891,0.07129809849687041,0.6455815013763422,0.029510604617294156,0.8528218321892371,0.1873244008218888,0.8514062925129685,0.971273472836997
sp|O88998|NOE1_MOUSE,86,44,42,-0.17458014830709312,0.10790716836812707,-0.07831451176843121,0.6133467553442068,-0.11910219156316784,0.4524982473958985,0.18417202952138176,0.853878501335851,0.971273472836997
sp|P11276|FINC_MOUSE,86,44,42,-0.04923496004530855,0.6525819685717189,-0.02905787314484778,0.8514735166140004,-0.07018958722511123,0.6587075202597567,0.18436939045895223,0.8537236810464146,0.971273472836997
sp|P23116|EIF3A_MOUSE,86,44,42,0.1637370732913344,0.1319639149555347,0.12785464183733025,0.40819234862327497,0.16866696395906522,0.28562330802330105,-0.18659094444229732,0.851981367340404,0.971273472836997
sp|Q9CXF4|TBC15_MOUSE,86,44,42,0.2079821317983323,0.05465700438085778,0.16442503828304111,0.2861734547193824,0.20421012311138634,0.19455782922130663,-0.18415262170102664,0.8538937261538917,0.971273472836997
sp|O35381|AN32A_MOUSE,86,44,42,0.08712406031909706,0.4250731459185977,0.0501071129595302,0.746689557059699,0.0908144020543251,0.567344228188674,-0.18292557351593783,0.8548564166851722,0.9714277462331502
sp|P20491|FCERG_MOUSE,86,44,42,0.05115123402009705,0.6399833144663947,0.027073433027638667,0.861514371493707,0.06798852002989869,0.668786229346601,-0.1833607036746809,0.854515007014335,0.9714277462331502
sp|Q5SQX6|CYFP2_MOUSE / sp|Q7TMB8|CYFP1_MOUSE,86,44,42,0.27516555897383815,0.010343082129325217,0.28738945268867744,0.0585487517797558,0.24978036615300908,0.11064225926699967,0.18124286273482634,0.856176952078345,0.9720703931224596
sp|O88968|TCO2_MOUSE,86,44,42,-0.08923955089522496,0.41387376367723283,-0.060525423574878064,0.6963291830373983,-0.019972646771373115,0.9000931209402737,-0.18162012427826513,0.8558808546220745,0.9720703931224596
sp|P18572|BASI_MOUSE,86,44,42,-0.251781324578523,0.019357892630385204,-0.2910039686164512,0.05530962587020832,-0.25369337450005364,0.10498555678871041,-0.18019959535815205,0.8569958760900886,0.9725713446152395
sp|P62827|RAN_MOUSE,86,44,42,-0.12523135020387635,0.2506041371136287,-0.14635245864417237,0.3431485949338821,-0.10711860350034398,0.4995458791389013,-0.17829237486472008,0.8584933668523316,0.9736679464630283
sp|Q8R418|DICER_MOUSE,86,44,42,0.08396545029520586,0.442114135544663,0.09745018432723342,0.5291507813985921,0.05787991513336699,0.7157907536327436,0.1780058133543465,0.8587184102592378,0.9736679464630283
sp|Q02357|ANK1_MOUSE,86,44,42,-0.3315343706480623,0.001819423731250063,-0.3631525414492684,0.01539756496718758,-0.3288557431662006,0.033465623520969594,-0.1742152281090543,0.8616963182424625,0.9744730419525576
tr|E9PZ87|E9PZ87_MOUSE,86,44,42,-0.42276608755668127,5.0122851350364804e-05,-0.44245927327630413,0.0026352275709349447,-0.4111919604685959,0.006825906443084585,-0.17095978700697467,0.8642553853392478,0.9744730419525576
sp|Q64726|ZA2G_MOUSE,86,44,42,-0.19771773357694045,0.06803312093267379,-0.17335501881048213,0.2604410613640939,-0.2106502826825638,0.18055349136796672,0.1731434419656048,0.8625386788300871,0.9744730419525576
sp|P11031|TCP4_MOUSE,86,44,42,0.19432156484934496,0.07300075128577455,0.17023661291201067,0.2692454843775552,0.20698183735720957,0.188439554644849,-0.1703605902763834,0.8647265634413958,0.9744730419525576
sp|Q3U962|CO5A2_MOUSE,86,44,42,-0.21766785322535737,0.04408947852262681,-0.19263243709194214,0.21029078472108367,-0.22915555132379523,0.14434912733935398,0.17090922685550533,0.864295141431362,0.9744730419525576
sp|Q99KY4|GAK_MOUSE,86,44,42,0.044994492388227066,0.6808053570903354,0.06286422799873166,0.6851901725112632,0.024782386197948682,0.8762024211131447,0.17060236187256814,0.8645364406486142,0.9744730419525576
sp|P36916|GNL1_MOUSE,86,44,42,0.04911163548257464,0.653396165197318,0.0190647996974733,0.9022401170695176,0.05796143614059708,0.715407226138198,-0.17417712100826854,0.861726265481386,0.9744730419525576
sp|P61211|ARL1_MOUSE,86,44,42,0.2451692307150201,0.022895200797402728,0.24266867719014343,0.11247442866247548,0.2064111903065989,0.1896878998977289,0.17072821664928275,0.8644374748815887,0.9744730419525576
sp|Q69ZR2|HECD1_MOUSE,86,44,42,0.1519074017737044,0.1626438049078193,0.15209316041181303,0.32434057538624905,0.19002546785334992,0.22806408785560492,-0.17472147024193307,0.8612984964637256,0.9744730419525576
sp|Q6P9J9|ANO6_MOUSE,86,44,42,0.12223361467895967,0.2622151302176198,0.1406117568765317,0.36261367572942466,0.10222734306653831,0.5194416068407935,0.17419747811547912,0.8617102674105972,0.9744730419525576
sp|Q99JI6|RAP1B_MOUSE,86,44,42,0.16153620417177533,0.1373103760323756,0.13905255392729599,0.36801330865186566,0.17673754367484457,0.2628561891765659,-0.17281058316661832,0.8628003180397612,0.9744730419525576
sp|P54071|IDHP_MOUSE,86,44,42,-0.09976957125173604,0.3607330220101551,-0.12990995481586826,0.400635046996921,-0.09114048608324549,0.5659478480240676,-0.17549503301874098,0.8606906732945894,0.9744730419525576
sp|P99026|PSB4_MOUSE,86,44,42,0.08851857652847285,0.41767119002067465,0.1145305439074976,0.45913009296116797,0.07630366276736832,0.6310268614917781,0.17249462150061515,0.8630486894080517,0.9744730419525576
sp|Q3TMX7|QSOX2_MOUSE,86,44,42,-0.15811157592970282,0.14595363916869714,-0.15216403327314193,0.32411249984626767,-0.11339572105706124,0.4745956473657288,-0.17645770150650428,0.8599343765094463,0.9744730419525576
sp|Q80YX1|TENA_MOUSE,86,44,42,-0.1799495100384312,0.09733208372863747,-0.17250454447453537,0.26282299191945147,-0.1355694350236469,0.3919769113789002,-0.16916208300527472,0.8656691532988174,0.9746821468056208
sp|Q9ESE1|LRBA_MOUSE,86,44,42,0.04842860713512527,0.6579128805738249,0.03472770205115954,0.8229181276997501,0.07247217542755388,0.6483181659547967,-0.16925223982964166,0.8655982410087498,0.9746821468056208
sp|P62748|HPCL1_MOUSE,86,44,42,0.1774260997547988,0.1021959382756942,0.13543803799952223,0.3807148697200549,0.17225388827718938,0.2753511439087191,-0.1686055759061389,0.8661068944200765,0.9747487994456718
sp|P40124|CAP1_MOUSE,86,44,42,-0.03431268795450502,0.7537953278291037,-0.0119066407032547,0.9388553040037501,-0.0489941253452867,0.7579902181027929,0.16598143415299477,0.8681715608979677,0.9748854020138771
sp|Q9CS84|NRX1A_MOUSE,86,44,42,-0.15723881748573973,0.1482203780099226,-0.12587020172012112,0.41556609663256794,-0.16214528338065767,0.30493023724938534,0.16563098995683515,0.8684473576735378,0.9748854020138771
sp|Q9ERI5|JMJD6_MOUSE,86,44,42,-0.01869790101142643,0.8643222213540488,-0.020198765478735652,0.8964560855684092,0.017200932525549908,0.9139016708387534,-0.16722412790586047,0.8671937003946604,0.9748854020138771
sp|Q91YL2|RN126_MOUSE,86,44,42,-0.24387906605872683,0.02364617251100426,-0.22835235920170624,0.13599044303904803,-0.26306829033151446,0.09233256778067461,0.16520043721655686,0.86878622114473,0.9748854020138771
sp|P70168|IMB1_MOUSE,86,44,42,-0.03565977163975238,0.7444548153180878,-0.06647874392650541,0.6681050549662805,-0.02959212562452425,0.8524197485480424,-0.16531077082806198,0.8686993815613507,0.9748854020138771
sp|P84096|RHOG_MOUSE,86,44,42,0.26310821134039164,0.01438309399081937,0.27066345741505776,0.07556380916795287,0.23559571089497267,0.13309971908104332,0.16753534551938482,0.8669488388211637,0.9748854020138771
sp|Q8BY35|FGD2_MOUSE,86,44,42,-0.033601200092578595,0.7587431084677244,-0.0063076846582718355,0.9675858487727582,-0.04320613383195,0.7858647406863257,0.16508326398451534,0.8688784456783875,0.9748854020138771
sp|Q9EQ21|HEPC_MOUSE,86,44,42,0.06684191300178113,0.5408816454883916,0.15372323622237766,0.3191203216813527,0.18937329979550918,0.22969413564754962,-0.1642348427133241,0.8695462729807755,0.9752097791487356
sp|Q9CR68|UCRI_MOUSE,86,44,42,0.16395526290232518,0.13144263175459647,0.1478407887320792,0.33820917936297373,0.1833407452604822,0.2451502861429985,-0.16320522310725696,0.8703568539027976,0.975497182716124
sp|Q61851|FGFR3_MOUSE,86,44,42,-0.18741538933624582,0.08400025789029951,-0.18058405066602964,0.2407761686053254,-0.14510739286956795,0.359200759454542,-0.16294694976724367,0.8705602042258846,0.975497182716124
sp|P39061|COIA1_MOUSE,86,44,42,-0.05992625098385629,0.5836272989649637,-0.06165938935614042,0.6909203923621285,-0.026575848357010757,0.8673205796118607,-0.15717148810073875,0.87510969819779,0.9755010705018655
sp|Q9CQF9|PCYOX_MOUSE,86,44,42,0.021278230324012926,0.8458151624520207,0.031113186123385796,0.8410984862679108,0.06692874693590746,0.6736596317946534,-0.16052507266124366,0.8724674725924786,0.9755010705018655
sp|P21803|FGFR2_MOUSE,86,44,42,-0.10743466715089005,0.32482922610720133,-0.13650113091945568,0.3769524647900932,-0.1010045279580869,0.5244762522170382,-0.16098412691986153,0.8721059024582561,0.9755010705018655
sp|P47915|RL29_MOUSE,86,44,42,0.04601903490940112,0.6739441005166704,0.05379250174863284,0.7287429929092618,0.018423747634001324,0.9078063397423877,0.1583474874825195,0.8741829905271469,0.9755010705018655
sp|Q9JHE3|ASAH2_MOUSE,86,44,42,0.07425087327064163,0.496860944760709,0.12551583741347663,0.4168907680821854,0.09024375500371444,0.5697917057271316,0.15956661451922954,0.8732224797016022,0.9755010705018655
sp|Q06890|CLUS_MOUSE,86,44,42,0.14948834304315456,0.16952090973175218,0.13465843652490436,0.3834880398752835,0.16972673705305644,0.28256276430981225,-0.1605171958679512,0.872473676913626,0.9755010705018655
sp|Q62000|MIME_MOUSE,86,44,42,-0.20128465939139825,0.06311337042395207,-0.1551406934489556,0.31462430691932475,-0.18929177878827907,0.2298984506896443,0.15736492481486047,0.8749572549468779,0.9755010705018655
sp|Q8R1L8|ANGL8_MOUSE,86,44,42,0.024029316723461765,0.8261752141075573,0.055564323281855274,0.7201649054602821,0.01948352072799255,0.9025279277103208,0.16155292232664772,0.8716579327256908,0.9755010705018655
sp|Q9D883|U2AF1_MOUSE,86,44,42,0.03550798756254141,0.745505452621578,-0.0018426943945513228,0.9905284000115612,0.03423882303663963,0.8295649847459782,-0.1613708851128831,0.8718012964331743,0.9755010705018655
sp|Q9DBD0|ICA_MOUSE,86,44,42,-0.04118091744830143,0.7065693088637358,0.008788234804783232,0.9548499802411953,-0.026494327349780664,0.8677239587625631,0.15776783654253568,0.8746397439166748,0.9755010705018655
sp|Q9D1A2|CNDP2_MOUSE,86,44,42,0.16278842280876585,0.13424866652172282,0.17576469609566464,0.25377062290777846,0.14119438452252342,0.37244156446028237,0.15855444846799202,0.8740199195431732,0.9755010705018655
sp|O09008|MFNG_MOUSE,86,44,42,-0.05587551342328851,0.6093613451780011,-0.06980976840896358,0.6525051134616074,-0.03456490706556001,0.8279661116029656,-0.1580174487041081,0.874443049377839,0.9755010705018655
sp|Q08857|CD36_MOUSE,86,44,42,0.059100925064021634,0.5888300524800152,0.040184912373484614,0.7956449664174482,0.0750808476589169,0.6365248524071002,-0.1565466671529958,0.8756021375801099,0.9756276522149644
sp|P62317|SMD2_MOUSE,86,44,42,0.33128772152259445,0.0018346710380803648,0.31141535267917353,0.0396182813915021,0.34246975137362634,0.026412564438430874,-0.15547333268101826,0.8764481757284608,0.9761369227553048
tr|A0A0B4J1H6|A0A0B4J1H6_MOUSE / sp|P01630|KV2A6_MOUSE,86,44,42,-0.10298549638764348,0.345381784171527,-0.12232655865367627,0.4289203349039304,-0.0880426878085019,0.5792770603932272,-0.15500501952308504,0.8768173601293282,0.9761369227553048
sp|Q8CH77|NAV1_MOUSE,86,44,42,-0.11804057954600661,0.2790594676307685,-0.13239050496237964,0.3916229484766483,-0.09855889774118406,0.5346171478958642,-0.15331199812024585,0.8781522393987518,0.9772005256922152
sp|Q9D1Q6|ERP44_MOUSE,86,44,42,0.015216353740399792,0.8894076278205718,0.010205692031361173,0.947577125029185,0.044265906925941234,0.7807400332664245,-0.15240213217597864,0.8788697754895634,0.9775765321320198
sp|O55142|RL35A_MOUSE,86,44,42,-0.06303782456668118,0.5642040444257918,-0.010205692031361173,0.947577125029185,-0.04385830188979076,0.7827100034179543,0.1505762919349768,0.8803099644220008,0.9787556815140985
sp|Q01339|APOH_MOUSE,86,44,42,0.12640767680226137,0.24614571915362943,0.18774220966024824,0.22232213570305792,0.15521599776609965,0.3263349851630019,0.1498369583929026,0.8808932499200547,0.978981492681977
sp|Q9CQ75|NDUA2_MOUSE,86,44,42,0.06334139272110312,0.5623255814549016,0.06385644805733623,0.6804842226625217,0.09700999860381228,0.5410885491158722,-0.14920011865986677,0.881395726364234,0.9791173405469813
sp|Q9Z2W0|DNPEP_MOUSE,86,44,42,-0.1784316692663215,0.10023543004582898,-0.19284505567592883,0.20977819509241458,-0.1612485523011266,0.30764856802957596,-0.14584499447047214,0.8840437551853717,0.9792607795200654
sp|Q8BVF2|PDCL3_MOUSE,86,44,42,0.06363547437069937,0.5605086539302523,0.046917834199729835,0.7623282207375319,0.079482982049342,0.6168242990084774,-0.14618729234462252,0.883773537028669,0.9792607795200654
sp|Q61129|CFAI_MOUSE,86,44,42,0.2222782945706406,0.039689153046057496,0.19681393591034704,0.20036949514078997,0.2281772992370341,0.14611742663228125,-0.14686322254328474,0.8832399812500644,0.9792607795200654
sp|P97321|SEPR_MOUSE,86,44,42,-0.08681100565984944,0.42674509032301033,-0.028490890254216607,0.8543400367770169,-0.06105923441534067,0.7008851526555144,0.14591006333594783,0.8839923872219517,0.9792607795200654
sp|O08742|GPV_MOUSE,86,44,42,0.16252280067364666,0.13489374869032125,0.14401365422031875,0.3509997535007355,0.17575929158808343,0.2655496945960211,-0.1456636511404643,0.8841869174307387,0.9792607795200654
sp|Q793I8|TIFA_MOUSE,86,44,42,-0.11794571449774975,0.2794487355065964,-0.13919429964995378,0.36752044897721514,-0.10654795644973332,0.501846809807298,-0.14820471774655095,0.8821812087131939,0.9792607795200654
sp|O70194|EIF3D_MOUSE,86,44,42,0.1773786672306704,0.10228914990278837,0.1627949624724765,0.2910432789600073,0.1948352072799255,0.21628718395889615,-0.14798983095878135,0.8823507935926218,0.9792607795200654
sp|P26350|PTMA_MOUSE,86,44,42,0.03774680270140322,0.7300566538122762,0.08724449229587224,0.5733464742143651,0.055026679880313685,0.7292570755113587,0.14478282419988775,0.8848823436291635,0.9796096452472468
sp|P53026|RL10A_MOUSE,86,44,42,0.1521066183750438,0.16208680449980925,0.12686242177872567,0.4118697891140114,0.15823227503361315,0.31690487972786824,-0.1431682595669226,0.886157296744794,0.9801782814080089
sp|P97300|NPTN_MOUSE,86,44,42,-0.0017739764024032175,0.9870664915181943,0.022112332734615874,0.8867077002751008,-0.009945562882071511,0.9501559457325842,0.14334004166495065,0.8860216336494695,0.9801782814080089
sp|P62889|RL30_MOUSE,86,44,42,0.15755187214498736,0.1474042908972757,0.14727380584144803,0.3400856479931224,0.17698210669653483,0.2621856579848454,-0.13641488258462178,0.8914933090566847,0.9802683163810602
sp|Q06185|ATP5I_MOUSE,86,44,42,0.08841422497539031,0.41822248263392475,0.0953948713486954,0.5379151925225742,0.06432007470454444,0.6857116225602065,0.13983055174335685,0.8887938736331165,0.9802683163810602
tr|A0A075B5T9|A0A075B5T9_MOUSE,86,44,42,-0.2933037562005491,0.006130084879879679,-0.307659091028742,0.042194200712413,-0.2785572817052324,0.0740473610708529,-0.14235002962613683,0.8868035309156297,0.9802683163810602
sp|Q8VCM7|FIBG_MOUSE,86,44,42,-0.06909970115029432,0.5272668733318079,-0.09149686397560607,0.5547278254207355,-0.06089619240088048,0.7016469098743274,-0.13761757692699947,0.8905426633273203,0.9802683163810602
tr|A0A0B4J1K5|A0A0B4J1K5_MOUSE,86,44,42,-0.12461472739020678,0.25296319419899305,-0.10078120880969157,0.5150967396480308,-0.07051567125403162,0.6572193834719257,-0.13632000538428987,0.8915683095007545,0.9802683163810602
sp|P24549|AL1A1_MOUSE,86,44,42,0.10428514754876242,0.339295712952227,0.11750720408331128,0.44746208738084103,0.1483682331587717,0.3483871667624576,-0.14046590785174448,0.8882918869909933,0.9802683163810602
sp|G5E8K5|ANK3_MOUSE,86,44,42,-0.34089755091101404,0.0013186982866262725,-0.35450605236714294,0.018221649562854745,-0.3273068440288288,0.034358048583910075,-0.13760562855469788,0.8905521069081251,0.9802683163810602
sp|Q7TSK2|SEZ6_MOUSE,86,44,42,-0.37765775711054594,0.0003374388460891102,-0.36223119425199274,0.015679629860399454,-0.38869216247308985,0.010962245648294452,0.1377292729808372,0.8904543833752813,0.9802683163810602
sp|Q91VU6|DCA11_MOUSE,86,44,42,0.02094620265511393,0.8481921281623302,0.009213471972756614,0.9526677165231766,0.04084202462227727,0.7973286974011929,-0.14150344106916624,0.8874722418165134,0.9802683163810602
sp|Q6P6J9|TXD15_MOUSE,86,44,42,-0.4375365755702738,2.524741451889103e-05,-0.4078733169478024,0.005990913254630319,-0.43303959040626117,0.0041767300363676,0.1366897418830445,0.8912760382132051,0.9802683163810602
sp|Q9CPQ8|ATP5L_MOUSE,86,44,42,0.13149244338882887,0.22750334569057884,0.1260119474427789,0.41503689970768914,0.15652033388178116,0.3222357914089776,-0.13918426252638563,0.8893045441391008,0.9802683163810602
sp|P80316|TCPE_MOUSE,86,44,42,0.15465848817315325,0.1550764635316641,0.13529629227686443,0.3812181975094449,0.16622133374216239,0.29276806181416043,-0.14148581054618267,0.8874861688240491,0.9802683163810602
sp|P61979|HNRPK_MOUSE,86,44,42,0.2439549580973323,0.023601423929484232,0.2223990388500789,0.14677928069136775,0.25149230730484107,0.1081396234402311,-0.13781797061987855,0.8903842813886769,0.9802683163810602
sp|O09167|RL21_MOUSE,86,44,42,0.10649550317314717,0.32910116815235857,0.1408243754605184,0.3618810855496254,0.10997183875339728,0.48812256167104,0.14014924544641744,0.8885420722737034,0.9802683163810602
sp|P48759|PTX3_MOUSE,86,44,42,0.4228704391097638,4.9886134641741505e-05,0.45181449097171855,0.002079002361788463,0.42765920392907497,0.004727801840051559,0.13389598454321208,0.8934848255648877,0.9815372977088677
sp|Q8CI94|PYGB_MOUSE,86,44,42,0.040099455898173264,0.7139375444198213,0.0190647996974733,0.9022401170695176,0.0490756463525168,0.7575996818627101,-0.1343367037760229,0.8931363308534321,0.9815372977088677
sp|Q8CJ12|AGRG2_MOUSE,86,44,42,-0.1841235721617329,0.08968757324729254,-0.18809657396689272,0.22143466891200225,-0.2166013162103607,0.16826683014975874,0.13288892499817076,0.8942812257896788,0.9819932436709693
sp|Q6P5F9|XPO1_MOUSE,86,44,42,0.17275873938056147,0.11169060298401016,0.15726687928882252,0.3079559304553011,0.18578637547738502,0.2388018153089638,-0.13137852424008367,0.8954758765736508,0.9827369616898692
sp|Q8BK67|RCC2_MOUSE,86,44,42,0.03212130533977163,0.7690654104386753,0.03940531089886675,0.7995272368288681,0.0101086048965317,0.9493398786944321,0.1310676328693009,0.8957218054703391,0.9827369616898692
sp|P59999|ARPC4_MOUSE,86,44,42,0.24056827587456253,0.025669946361044277,0.25379571641878024,0.09643886337637214,0.22711752614304287,0.14805102196897738,0.1266005214297408,0.8992565842215451,0.9839678815735945
sp|Q03265|ATPA_MOUSE,86,44,42,0.12671124495668332,0.2450040783699237,0.1480534073160659,0.33750715890265764,0.12032500667161926,0.4478369773610812,0.12624842566813832,0.8995352798522976,0.9839678815735945
sp|Q9WTR5|CAD13_MOUSE,86,44,42,-0.20955689159939614,0.05280978431164243,-0.20085368900609418,0.19110176167502463,-0.2281772992370341,0.14611742663228125,0.1280590952918976,0.8981022066822394,0.9839678815735945
sp|Q505D1|ANR28_MOUSE,86,44,42,0.11450211324602587,0.2938247353248532,0.10850635069454136,0.48323839842757244,0.0806242761505633,0.6117590398658503,0.12578675968902384,0.8999007227595398,0.9839678815735945
sp|P35831|PTN12_MOUSE,86,44,42,-0.05301058896593144,0.6278555075019879,-0.07725141884849776,0.6181866906995991,-0.048749562323596424,0.7591621829838394,-0.12794094377055043,0.898195708840987,0.9839678815735945
sp|Q91VM3|WIPI4_MOUSE,86,44,42,0.04429249103112633,0.6855216511439562,0.019490036865446682,0.9000705028809657,0.04768978922960519,0.7642468175928243,-0.12622452985472507,0.8995541946411637,0.9839678815735945
sp|P47867|SCG3_MOUSE,86,44,42,-0.07139543531811024,0.513601593560411,-0.1147431624914843,0.45829125545447286,-0.0865753096783602,0.5856399623216129,-0.12722897243117243,0.8987591750259444,0.9839678815735945
tr|A0A0N4SVQ0|A0A0N4SVQ0_MOUSE,86,44,42,-0.022132015758324634,0.8397093388427395,-0.043870301162587264,0.7773598232508822,-0.015407470366487833,0.9228502119464919,-0.12737038461546235,0.8986472549553447,0.9839678815735945
sp|Q61702|ITIH1_MOUSE,86,44,42,-0.11898923002857519,0.2751867099661826,-0.08859107666112129,0.5674197628135828,-0.06073315038642029,0.7024089556195415,-0.1252519859716649,0.9003240623953294,0.9840129289762195
sp|O88487|DC1I2_MOUSE,86,44,42,-0.052621642268078334,0.6303844380680594,-0.06662048964916321,0.667438346666703,-0.0418202767090384,0.792579740731451,-0.11120796127991181,0.9114514386068461,0.9845483574643697
tr|A0A075B5L1|A0A075B5L1_MOUSE,86,44,42,-0.27119071345187584,0.011548808876754595,-0.27845947216123645,0.0672043066923871,-0.2553237946446555,0.10269485870550986,-0.11137329671864285,0.9113203344344376,0.9845483574643697
sp|Q9JM76|ARPC3_MOUSE,86,44,42,0.23942040879065457,0.02640511089699493,0.2700256016630977,0.07628241422129813,0.24774234097225672,0.11367866487570105,0.10678515138421829,0.9149594275915379,0.9845483574643697
sp|Q9QXT0|CNPY2_MOUSE,86,44,42,-0.04118091744830143,0.7065693088637358,-0.0017718215332224257,0.99089267676551,-0.025434554255789436,0.872970866499571,0.10581440475136689,0.9157296076172341,0.9845483574643697
sp|Q9QY76|VAPB_MOUSE,86,44,42,-0.1269199480628484,0.24422131999848648,-0.14174572265779406,0.3587168697854328,-0.11624895631011455,0.46347636688956134,-0.11592510274001863,0.9077119007098138,0.9845483574643697
sp|O88393|TGBR3_MOUSE,86,44,42,-0.02524358934114953,0.8175396532858888,-0.040397530957471305,0.7945870068362851,-0.06603201585637643,0.6777936067103169,0.11493691627135859,0.9084951240263515,0.9845483574643697
sp|Q9R1P3|PSB2_MOUSE,86,44,42,0.09308158534962765,0.3939784869857982,0.1240983801868987,0.4222133936411747,0.14812367013708144,0.3491912115487948,-0.10944402669904277,0.9128503151958007,0.9845483574643697
sp|Q9WUP7|UCHL5_MOUSE,86,44,42,0.03684558474296309,0.7362629194164917,0.05280028169002829,0.7335611372477159,0.029673646631754345,0.8520177017966428,0.10357390467879563,0.9175074973100068,0.9845483574643697
sp|P18533|HVM62_MOUSE,86,44,42,0.13051533339178326,0.23100675113059643,0.13678462236477126,0.37595290211731996,0.11461853616551265,0.46981307003997774,0.10069421390836801,0.9197932046613757,0.9845483574643697
sp|Q9D136|OGFD3_MOUSE / sp|Q8C9S4|CC186_MOUSE,86,44,42,-0.055866026918462826,0.6094221900619666,-0.07349515719806622,0.6354149447247263,-0.050543024482658495,0.7505802931433188,-0.10301379762843434,0.9179520202896708,0.9845483574643697
sp|P20108|PRDX3_MOUSE,86,44,42,-0.03246281951349631,0.7666796968255094,-0.027569543056940943,0.8590020710468981,-0.0028532352530533022,0.985692255079132,-0.11053134913006561,0.9119879891687812,0.9845483574643697
sp|P24063|ITAL_MOUSE,86,44,42,-0.07042781182589031,0.5193391872361293,-0.051453697324779245,0.7401162268060437,-0.07817864593366049,0.6226347086327758,0.11999161219025947,0.9044897924530932,0.9845483574643697
sp|O70591|PFD2_MOUSE,86,44,42,0.04864679674611604,0.6564686975703649,0.06995151413162137,0.6518444655413566,0.09472741040136963,0.5506934230223308,-0.11152854668173641,0.9111972298252055,0.9845483574643697
sp|P16858|G3P_MOUSE,86,44,42,0.0737386020100546,0.49984307700283914,0.07066024274491034,0.6485451834649917,0.0938306793218386,0.554488716080926,-0.10429926249171048,0.9169318631689416,0.9845483574643697
sp|Q99J09|MEP50_MOUSE,86,44,42,0.13732664385662555,0.2073582946208819,0.11311308668091966,0.4647434746870699,0.13793354423331963,0.3836946615482457,-0.11274840220055794,0.9102300264674428,0.9845483574643697
sp|P51859|HDGF_MOUSE,86,44,42,0.1300125486360219,0.23282406831083244,0.1525892704411153,0.32274616136571505,0.12937383847415973,0.4141710783558188,0.10590010999357415,0.9156616067974606,0.9845483574643697
sp|P39039|MBL1_MOUSE,86,44,42,0.03803139784617379,0.7281003599466661,0.061517643633482624,0.6915956668277972,0.037581184333073496,0.8132098349540918,0.10728220909029648,0.9145650981677313,0.9845483574643697
sp|Q8R1B4|EIF3C_MOUSE,86,44,42,0.1425726810252297,0.19035884704635522,0.11814505983527135,0.4449831181215233,0.14086830049360305,0.3735579351964538,-0.10332741488314752,0.9177031181353577,0.9845483574643697
sp|P45952|ACADM_MOUSE,86,44,42,0.08566313857594147,0.4329076674070682,0.1192790256165337,0.4405947570069431,0.09603174651705114,0.5451950493429567,0.10515618349976263,0.9162518783921642,0.9845483574643697
sp|Q8QZR4|OAF_MOUSE,86,44,42,0.04045994308154932,0.7114785142781861,0.040610149541457995,0.7935294112704409,0.016793327489399438,0.915934548188769,0.10657162308164389,0.9151288318456898,0.9845483574643697
sp|Q8K296|MTMR3_MOUSE,86,44,42,-0.029559949036836505,0.7870253132197679,-0.007087286132889703,0.963582140258782,-0.029673646631754345,0.8520177017966428,0.10101613234102275,0.9195376539270231,0.9845483574643697
sp|Q8CIG8|ANM5_MOUSE,86,44,42,0.15519921894821734,0.15362047678952528,0.16300758105646318,0.2904050571531302,0.13931940135623125,0.37888784876517106,0.10838585249410894,0.9136896230952807,0.9845483574643697
sp|P49817|CAV1_MOUSE,86,44,42,0.017825142567463346,0.8705990624526082,-0.00028349144531558814,0.9985427985659705,0.026575848357010757,0.8673205796118607,-0.12010905994973262,0.9043967555483453,0.9845483574643697
sp|P49222|EPB42_MOUSE,86,44,42,-0.31312106478140644,0.003330401195479796,-0.33799267567750996,0.024836255157346103,-0.3160569450310758,0.04144333501526859,-0.10982016464445256,0.9125519986981593,0.9845483574643697
sp|Q8BLK3|LSAMP_MOUSE,86,44,42,-0.14717363586568727,0.17629958584242758,-0.13317010643699753,0.3888152607007427,-0.10695556148588378,0.5002027375790509,-0.11891981547539268,0.9053388826828777,0.9845483574643697
sp|Q8VEK3|HNRPU_MOUSE,86,44,42,0.1335889609553054,0.22011225562283795,0.10248215748158511,0.5079930055951222,0.12912927545246944,0.4150615733080175,-0.12075932155672774,0.9038816709339005,0.9845483574643697
sp|Q8VCC2|EST1_MOUSE,86,44,42,-0.10377287628817539,0.34168648901638127,-0.06102153360418034,0.6939609865818516,-0.08551553658436897,0.5902547077940208,0.11010296181277322,0.9123277192541317,0.9845483574643697
sp|P35980|RL18_MOUSE,86,44,42,0.2541719237945958,0.018199920656305296,0.23926677984635636,0.11776043382844291,0.2640465424182756,0.09108331137965574,-0.11828247740606007,0.9058438409318608,0.9845483574643697
sp|Q91V80|APOF_MOUSE,86,44,42,0.09365077563916879,0.39108018159548585,0.09426090556743305,0.5427806034660857,0.12065109070053964,0.4465984203645325,-0.11936919170886046,0.9049828682022247,0.9845483574643697
sp|Q91Z69|SRGP1_MOUSE / sp|Q91Z67|SRGP2_MOUSE,86,44,42,0.058503275260003436,0.5926106380516931,0.05159544304743704,0.7394253509536135,0.07556997370229747,0.634323323171366,-0.10762418764580858,0.9142938094644636,0.9845483574643697
sp|P27656|LIPC_MOUSE,86,44,42,-0.1734133082135338,0.11031927484594828,-0.1457854757535412,0.3450419007540763,-0.17192780424826898,0.2762748222245651,0.11990899854521667,0.9045552361033079,0.9845483574643697
sp|Q80W04|TMCC2_MOUSE,86,44,42,-0.12596181107545415,0.24782913394398678,-0.1429505613003853,0.3546044373829862,-0.11861306551978729,0.4543701103606338,-0.11070591799825938,0.9118495529467283,0.9845483574643697
sp|Q3V3A1|CDK15_MOUSE,86,44,42,-0.015472489370693305,0.8875580860833222,-0.02267931562524705,0.8838223942025029,-0.05021694045373812,0.7521384641220143,0.12328512385861348,0.9018813204049968,0.9845483574643697
sp|Q4LDD4|ARAP1_MOUSE,86,44,42,0.0921993404008389,0.39849600831713666,0.1048918347667676,0.4980148858194277,0.08241773830962539,0.6038353752856542,0.10136935206524739,0.9192572646344441,0.9845483574643697
tr|O19441|O19441_MOUSE,86,44,42,0.06484974698838714,0.5530362183183765,0.011481403535281319,0.941035136253534,0.03415730202940953,0.8299648094109546,-0.1014351807755195,0.9192050102653251,0.9845483574643697
sp|Q62203|SF3A2_MOUSE,86,44,42,0.07405165666930223,0.49801955520194197,0.07363690292072401,0.6347612808881732,0.09733608263273265,0.5397230269051086,-0.10673800601474076,0.9149968303862239,0.9845483574643697
sp|Q61245|COBA1_MOUSE,86,44,42,0.09374564068742565,0.3905983699104784,0.13026431912251274,0.3993403042423849,0.10475449429067124,0.5091132746819187,0.11565133844684342,0.9079288736574591,0.9845483574643697
tr|G5E8J6|G5E8J6_MOUSE,86,44,42,-0.13438582736066298,0.21734784078360322,-0.1627240896111476,0.2912562214132568,-0.14070525847914284,0.3741168668466018,-0.10076420857595071,0.9197376396049619,0.9845483574643697
sp|Q61739|ITA6_MOUSE,86,44,42,-0.04764122723459336,0.6631348988879628,-0.056202179033815344,0.7170850229911785,-0.07989058708549246,0.6150132471408387,0.10640241517126413,0.9152630769279203,0.9845483574643697
sp|P68033|ACTC_MOUSE,86,44,42,0.127565030390995,0.24181279426579877,0.11389268815553753,0.4616515724714198,0.13752593919716916,0.38511523385087093,-0.10735998805341457,0.9145033958968349,0.9845483574643697
sp|P62257|UBE2H_MOUSE,86,44,42,0.00253289678845807,0.9815342646127484,-0.02126185839866911,0.8910383630457208,0.0057064705061066045,0.971388935602595,-0.12058294279316094,0.9040213799262775,0.9845483574643697
sp|P62702|RS4X_MOUSE,86,44,42,0.13891089016251507,0.20211447947631606,0.14918737309732824,0.3337783081059432,0.1240749730042036,0.4337073761051936,0.11441331343665705,0.9089101607026664,0.9845483574643697
sp|Q62523|ZYX_MOUSE,86,44,42,-0.06640553377979959,0.5435328239173545,-0.06562826959055865,0.6721105907547824,-0.040678982607817084,0.7981208972575464,-0.11186364811917497,0.9109315202425099,0.9845483574643697
sp|P62082|RS7_MOUSE,86,44,42,-0.00722871667717247,0.9473330303401231,-0.005315464599667277,0.9726826041480503,-0.031141024761896043,0.8447872804797615,0.11550412516718575,0.9080455509519977,0.9845483574643697
sp|Q6ZWN5|RS9_MOUSE,86,44,42,0.02106952721784784,0.8473090957226644,-0.0018426943945513228,0.9905284000115612,0.024782386197948682,0.8762024211131447,-0.11905646472511096,0.9052306214662124,0.9845483574643697
sp|Q08093|CNN2_MOUSE,86,44,42,0.03938796803624684,0.7187994440017469,0.03862570942424888,0.803414288194623,0.06301573858886293,0.6917668136511157,-0.10932928082173048,0.9129413230531728,0.9845483574643697
sp|P97873|LOXL1_MOUSE,86,44,42,-0.21688995982965115,0.044870373395879695,-0.23225036657479556,0.12925323313516254,-0.20983507261026285,0.182285229530005,-0.10536642048704378,0.9160850602783601,0.9845483574643697
sp|Q3UMC0|SPAT5_MOUSE / sp|Q9D3R6|KATL2_MOUSE,86,44,42,-0.008945774050621573,0.9348476140183865,0.0028349144531558813,0.9854287585601919,-0.019646562742452738,0.9017162263499033,0.10052013635087308,0.9199313973045723,0.9845483574643697
sp|Q78PY7|SND1_MOUSE,86,44,42,0.09369820816329723,0.3908392314667877,0.1291303533412504,0.40349202210654755,0.10312407414606935,0.5157648468114241,0.11786372695026603,0.9061756345631096,0.9845483574643697
sp|Q6ZWV3|RL10_MOUSE,86,44,42,0.1479515292613935,0.17399972144087908,0.169315265714735,0.27188402181062926,0.1471454180503203,0.3524187115515311,0.10166556121317548,0.9190221386363914,0.9845483574643697
sp|Q6ZWX6|IF2A_MOUSE,86,44,42,0.05020258353752849,0.6462078204556279,0.012757115039201466,0.9344969796522139,0.03497251210171048,0.8259684848413167,-0.09937992057242764,0.9208366248943006,0.9847629594970999
sp|Q8K2T8|PAF1_MOUSE,86,44,42,0.12177248851300031,0.26403305475822714,0.1374709260216797,0.3735396025762511,0.11561552658733808,0.46593276340280154,0.09930415538010293,0.9208967792112686,0.9847629594970999
sp|Q9D8U8|SNX5_MOUSE,86,44,42,0.10253014415601057,0.3475301961519062,0.13253225068503743,0.39111157973299904,0.11078704882569822,0.4848838408784621,0.0986818234421889,0.9213909012052268,0.9848823456220254
sp|O35343|IMA3_MOUSE,86,44,42,-0.0899415522523257,0.4101956227686268,-0.06789620115308335,0.6614494063271219,-0.08926550291695332,0.5739986149536734,0.09613392510368234,0.9234142077384957,0.9861929455876794
sp|Q08EC4|CASS4_MOUSE,86,44,42,0.2021099853112329,0.06201718239630899,0.20106630759008087,0.19062255552754784,0.22149257664416636,0.15862959032997936,-0.09559155806126846,0.923844970187118,0.9861929455876794
sp|Q7TMR0|PCP_MOUSE,86,44,42,-0.00759869036537421,0.9446416248958177,-0.002267931562524705,0.9883427820108643,-0.02355957108949727,0.882266900141209,0.09520882283566705,0.9241489622147847,0.9861929455876794
sp|O08795|GLU2B_MOUSE,86,44,42,0.2175160691481464,0.04424095724452604,0.188592683996195,0.220196330242804,0.2091829045524221,0.18367912565407574,-0.0958488613835188,0.9236406101969148,0.9861929455876794
sp|Q921M3|SF3B3_MOUSE,86,44,42,0.31218190080366354,0.0034313087120997434,0.3177939101987743,0.03553948016493382,0.3364371968385994,0.029368203733184,-0.09334118844143026,0.9256325112518559,0.9868030698988699
sp|Q8VI75|IPO4_MOUSE,86,44,42,-0.010473101327556964,0.9237549170252092,0.005315464599667277,0.9726826041480503,-0.009130352809770568,0.9542370188620962,0.06458482578974287,0.948504566749105,0.9868030698988699
sp|Q91WG0|EST2C_MOUSE,86,44,42,-0.06214609311306673,0.5697391212420339,-0.08922893241308136,0.5646222798641313,-0.0720645703914034,0.6501686560428677,-0.07724168704294539,0.938431279222688,0.9868030698988699
sp|Q8VEM8|MPCP_MOUSE,86,44,42,-0.07342554735080697,0.501670072731867,-0.07349515719806622,0.6354149447247263,-0.05787991513336699,0.7157907536327436,-0.07011564722446008,0.944101612669313,0.9868030698988699
sp|O55106|STRN_MOUSE,86,44,42,0.06274374291708493,0.5660266298676878,0.06080891502019365,0.6949755768413013,0.042472444766879155,0.7894178651464038,0.08219909094999085,0.9344883963176484,0.9868030698988699
sp|P34928|APOC1_MOUSE,86,44,42,-0.40823276216373083,9.547025411510071e-05,-0.40929077417438037,0.005802099147711268,-0.39488775902257706,0.009651767263748784,-0.07681331476026117,0.9387720583880792,0.9868030698988699
sp|Q91W96|APC4_MOUSE,86,44,42,0.18998623214400662,0.07976109388184278,0.20489344210184132,0.18214220935178105,0.18798744267259757,0.2331844080498136,0.07861825854478555,0.9373362642712335,0.9868030698988699
sp|P56400|GP1BB_MOUSE,86,44,42,0.22408073048752086,0.03807141252036964,0.22310776746336786,0.14546280029769032,0.2091829045524221,0.18367912565407574,0.06530673113441703,0.9479297831173386,0.9868030698988699
sp|Q8BHL8|PSMF1_MOUSE,86,44,42,-0.025566130505222842,0.8152494379351556,-0.01892305397481551,0.902963478994294,-0.033097528935418306,0.8351663493550602,0.06341433325430593,0.9494365739370858,0.9868030698988699
sp|Q8N7N5|DCAF8_MOUSE,86,44,42,0.1733279296701026,0.11049739943178266,0.15804648076344038,0.30553361406711615,0.17445495547240192,0.2691693807565618,-0.07544513051408412,0.9398605525448719,0.9868030698988699
sp|P46061|RAGP1_MOUSE,86,44,42,0.15988555233210605,0.14142669411400863,0.1668347155682236,0.279072326381293,0.1486943171876921,0.3473168692541526,0.08317364807907683,0.9337134659079159,0.9868030698988699
sp|P42208|SEPT2_MOUSE,86,44,42,0.09690464679437898,0.374757014178255,0.09964724302842923,0.5198600273075692,0.11934675458485813,0.4515638899082203,-0.08914317189318334,0.92896812773489,0.9868030698988699
sp|P51885|LUM_MOUSE,86,44,42,-0.6882079790841916,2.45223545178574e-13,-0.7200682711015938,3.598859364433448e-08,-0.7129827292344052,1.1717411082057659e-07,-0.06510398084196861,0.9480912109057077,0.9868030698988699
sp|Q8BTT6|UTP25_MOUSE,86,44,42,0.14758155557319175,0.1750907998709364,0.16017266660330728,0.29898937644446266,0.17445495547240192,0.2691693807565618,-0.06569261288005603,0.9476225537781943,0.9868030698988699
sp|P47856|GFPT1_MOUSE / sp|Q9Z2Z9|GFPT2_MOUSE,86,44,42,-0.017474141888912977,0.8731257255523829,-0.01289886076185926,0.933770772756258,0.00448365539765519,0.9775181040396774,-0.07771601179614479,0.938053957057381,0.9868030698988699
sp|Q8BMS1|ECHA_MOUSE,86,44,42,0.022378664883792462,0.8379471796131939,0.014670682295081686,0.9246978558236478,0.02902147857391359,0.8552351032081201,-0.06419039174470875,0.9488186278949376,0.9868030698988699
sp|Q8BMG7|RBGPR_MOUSE,86,44,42,0.07157567890979827,0.512536417545667,0.06640787106517651,0.6684385038169375,0.04891260433805661,0.7583808137632326,0.07847970742990949,0.9374464715553081,0.9868030698988699
sp|P42669|PURA_MOUSE,86,44,42,-0.04286951530727348,0.6951185480533015,-0.06477779525461189,0.676125118070017,-0.05021694045373812,0.7521384641220143,-0.06531486652876939,0.9479233058409433,0.9868030698988699
sp|P39655|LOX12_MOUSE,86,44,42,0.13106555067167303,0.22902935760521084,0.12962646337055267,0.40167258901165076,0.11241746897030011,0.47844014581488054,0.07808257222735068,0.9377623702120728,0.9868030698988699
sp|Q8R1I1|QCR9_MOUSE,86,44,42,0.09559550912843436,0.38127399101861326,0.08618139937593879,0.5780453433528878,0.10630339342804303,0.5028345719514217,-0.09080443089576312,0.9276479892537933,0.9868030698988699
sp|Q3UZ09|C1RL_MOUSE,86,44,42,0.23466766987298607,0.029642050826291795,0.23657361111585828,0.12207674323515315,0.2545085845723546,0.1038353800098118,-0.08533002947888599,0.9319990185167565,0.9868030698988699
sp|Q03157|APLP1_MOUSE,86,44,42,-0.13758277948691908,0.2065039873342487,-0.09688320143660224,0.5315615383185349,-0.1139663681076719,0.4723605837053221,0.07723474522687018,0.9384368014937443,0.9868030698988699
sp|Q02013|AQP1_MOUSE,86,44,42,-0.06854948387040455,0.53056886897513,-0.05421773891660623,0.7266812187459584,-0.07475476362999652,0.6379942572459004,0.09220237711348436,0.9265372494287681,0.9868030698988699
sp|Q80T21|ATL4_MOUSE,86,44,42,0.03404706581938582,0.755641350392087,0.04975274865288572,0.7484223585438649,0.06513528477684538,0.681936934732124,-0.06900035882103457,0.944989333883857,0.9868030698988699
sp|Q80T14|FRAS1_MOUSE,86,44,42,0.05392129342919727,0.6219509106618782,0.08717361943454334,0.5736591883460057,0.10369472119668001,0.5134318733624815,-0.07454218496429187,0.9405789757672414,0.9868030698988699
tr|A8R0U8|A8R0U8_MOUSE,86,44,42,-0.10045259959918541,0.3574379193900426,-0.1287759890346059,0.40479452422581474,-0.14266176265266511,0.3674425537020362,0.0632457125561216,0.9495708442600397,0.9868030698988699
tr|A0A140T8P6|A0A140T8P6_MOUSE,86,44,42,-0.0008158394150089664,0.9940517676496071,0.0019844401172091166,0.9897998522856629,0.017119411518319815,0.9143082033793686,-0.06767196132844062,0.9460467697482441,0.9868030698988699
sp|Q6R0H7|GNAS1_MOUSE,86,44,42,0.028118000303332284,0.7971859025295838,0.03912181945355116,0.8009401615666275,0.022825882024426418,0.8859087994477941,0.07292645408852785,0.9418646426687113,0.9868030698988699
sp|O09159|MA2B1_MOUSE,86,44,42,0.27782178032503013,0.009600035251060108,0.27562455770808053,0.07015482504762302,0.29380171005726,0.05895792003991287,-0.08843746315241846,0.9295289866414347,0.9868030698988699
sp|O08992|SDCB1_MOUSE,86,44,42,0.2529671376817337,0.018775833478203646,0.2671906872099418,0.07954141438219138,0.2525520803988323,0.10661211323073157,0.07018693919068368,0.9440448697039362,0.9868030698988699
sp|Q3U7R1|ESYT1_MOUSE,86,44,42,0.024902075167424848,0.8199662550384272,0.043232445410627186,0.7805163662101621,0.024863907205178778,0.8757983670991726,0.08221856203924925,0.9344729130448785,0.9868030698988699
sp|Q2EG98|PK1L3_MOUSE,86,44,42,-0.08863241458638108,0.4170702597182091,-0.07788927460045783,0.6152807960778301,-0.09619478853151134,0.5445096005770057,0.08246632436028509,0.9342758963620539,0.9868030698988699
sp|Q3TCJ1|ABRX2_MOUSE,86,44,42,0.14543760548258677,0.18151230757992806,0.12849249758929032,0.4058382683291229,0.1083414186087954,0.4946335196095946,0.09137477621080421,0.9271948035565233,0.9868030698988699
sp|Q6P542|ABCF1_MOUSE,86,44,42,0.04581033180323603,0.675339628044526,0.030191838926110135,0.8457461820813617,0.015570512380948021,0.92203630333146,0.06540353257474475,0.9478527115162593,0.9868030698988699
sp|O08756|HCD2_MOUSE,86,44,42,-0.04481424879653904,0.6820151374381189,-0.06286422799873166,0.6851901725112632,-0.04630393210669359,0.7709107064285213,-0.07425971578728238,0.9408037306346355,0.9868030698988699
sp|P63085|MK01_MOUSE,86,44,42,0.18801303914026402,0.08299913327501057,0.20411384062722346,0.18384742411668611,0.19084067792565088,0.2260376989479768,0.061749969293310995,0.9507619461224358,0.9868030698988699
sp|Q61233|PLSL_MOUSE,86,44,42,0.18329824624189825,0.09116019055251726,0.17576469609566464,0.25377062290777846,0.19263414008471294,0.22162324446788004,-0.07806984409093051,0.937772494889053,0.9868030698988699
sp|P70290|EM55_MOUSE,86,44,42,-0.25167697302544045,0.019409847123573323,-0.24224344002217005,0.11312514036912237,-0.25736181982540784,0.09988549415181851,0.07209060829727201,0.9425298002724636,0.9868030698988699
sp|Q60960|IMA5_MOUSE,86,44,42,0.027918783701992883,0.7985923673268872,0.03713737933634204,0.8108479757880113,0.016956369503859627,0.9151213330579452,0.09029313745605018,0.9280542733936955,0.9868030698988699
sp|Q80XH1|KXDL1_MOUSE,86,44,42,-0.09569037417669121,0.3807994633831456,-0.10574230910271437,0.4945173566972512,-0.12285215789575218,0.43828738874909334,0.07750820162032002,0.9382192669538532,0.9868030698988699
sp|P70269|CATE_MOUSE,86,44,42,-0.07448803589128376,0.49548348817175625,-0.07916498610437799,0.6094864560486036,-0.06252661254548236,0.694042431426324,-0.0747628158320853,0.9404034276511669,0.9868030698988699
sp|P68134|ACTS_MOUSE,86,44,42,0.13116041571992987,0.22868962710794222,0.12693329464005457,0.41160648843997166,0.11086856983292832,0.48456058590084794,0.07285278676763356,0.941923264753111,0.9868030698988699
sp|Q61268|APOC4_MOUSE,86,44,42,-0.4799886846652171,2.9184881376928756e-06,-0.45195623669437635,0.0020714416181417837,-0.463120842074166,0.002011617243705264,0.06313140118584151,0.9496618696331757,0.9868030698988699
sp|Q62469|ITA2_MOUSE,86,44,42,-0.3472724821538748,0.001053130888069817,-0.3321811010485404,0.027595988054303907,-0.31564933999492534,0.041720842262870976,-0.08257588875518065,0.9341887737693796,0.9868030698988699
sp|P62908|RS3_MOUSE,86,44,42,0.1618966913551514,0.13642360466542697,0.1600309208806495,0.2994228322937913,0.1413574265369836,0.37188412568426527,0.08542695555647258,0.9319219640521237,0.9868030698988699
sp|Q7TMQ7|WDR91_MOUSE,86,44,42,0.08328202586469437,0.4458511377891662,0.034656829189830644,0.8232737586914066,0.05160279757664973,0.7455230217884482,-0.07590401328758158,0.9394954639315919,0.9868030698988699
sp|Q7TMF3|NDUAC_MOUSE,86,44,42,0.11805955255565799,0.2789816575351476,0.13777684242337582,0.37246687107481063,0.1196728386137785,0.45031971454534786,0.08230445258262713,0.9344046137868256,0.9868030698988699
sp|Q6PFR5|TRA2A_MOUSE,86,44,42,0.3968679293825594,0.00015485334149410192,0.4009277765375705,0.006995204869162059,0.3859204482272667,0.011596023959808924,0.07938361405151777,0.9367275015997887,0.9868030698988699
tr|A0A140T8M2|A0A140T8M2_MOUSE,86,44,42,-0.02864924457357068,0.7934385015178231,-0.03883832800823557,0.8023537142175851,-0.024863907205178778,0.8757983670991726,-0.06254044562438624,0.9501324540106393,0.9868030698988699
sp|A6H6E9|TT23L_MOUSE,86,44,42,0.11343013820072338,0.298397582547786,0.07767665601647114,0.6162487845026036,0.09505349443029001,0.549316372233046,-0.07827315772556415,0.9376107689709552,0.9868030698988699
sp|A2ADY9|DDI2_MOUSE,86,44,42,0.003709223386843091,0.9729611307033648,0.005315464599667277,0.9726826041480503,-0.010516209932682171,0.9472999365147459,0.07078122908624007,0.943571871368359,0.9868030698988699
sp|O88634|PAR4_MOUSE,86,44,42,0.0830638362537036,0.44704792095612855,0.07179420852617269,0.6432801562338939,0.08551553658436897,0.5902547077940208,-0.0617273397070629,0.9507799675413966,0.9868030698988699
sp|P36993|PPM1B_MOUSE,86,44,42,0.16276944979911448,0.13429466598982442,0.15584942206224456,0.3123914259867573,0.17290605633503012,0.2735098756245126,-0.07837556866520956,0.9375293071192555,0.9868030698988699
tr|A0A087WPN7|A0A087WPN7_MOUSE,86,44,42,-0.2612962889186857,0.01509540521692833,-0.25379571641878024,0.09643886337637214,-0.2677965087508599,0.08641523803015613,0.06716338612410831,0.9464516329207154,0.9868030698988699
sp|Q9QXP7|C1QT1_MOUSE,86,44,42,0.39466706026300036,0.00016971965403492488,0.43544286000474336,0.003134556121232776,0.4191810191771452,0.005724655146095953,0.08894757028546235,0.9291235777266841,0.9868030698988699
sp|P17439|GBA1_MOUSE,86,44,42,-0.10253963066083625,0.34748535260325286,-0.0883075852158057,0.5686651385490245,-0.10711860350034398,0.4995458791389013,0.08491246984423519,0.9323309780913229,0.9868030698988699
sp|P15532|NDKA_MOUSE / sp|Q01768|NDKB_MOUSE,86,44,42,0.0827412950896303,0.44882036110122586,0.10574230910271437,0.4945173566972512,0.0852709735626787,0.5913219318534767,0.09236786148722914,0.9264057730578679,0.9868030698988699
sp|Q9JHE7|TSSC4_MOUSE,86,44,42,-0.11134310713907254,0.30743365512081305,-0.1191372798938759,0.44114199071806637,-0.09864041874841416,0.5342775915004252,-0.09273908985840833,0.9261108415957029,0.9868030698988699
sp|O70624|MYOC_MOUSE,86,44,42,-0.4433328300187677,1.912135750004242e-05,-0.4727928579250721,0.0011918233295187585,-0.4584741446620506,0.002261686831676309,-0.08174074497296212,0.9348528769489184,0.9868030698988699
sp|Q9CQZ5|NDUA6_MOUSE,86,44,42,0.1645015129187682,0.13014444543822618,0.17441811173041558,0.25748395060421064,0.15823227503361315,0.31690487972786824,0.07442329943047063,0.9406735699458116,0.9868030698988699
sp|Q99KN2|CIAO1_MOUSE,86,44,42,0.05234653362813345,0.6321757672899695,0.028278271670229914,0.8554154618250981,0.012880319142354907,0.9354752290284575,0.06887074482841996,0.9450925054545486,0.9868030698988699
sp|P17742|PPIA_MOUSE,86,44,42,0.025642022543828327,0.8147107881764626,0.03890920086956447,0.8020002674223804,0.02396717612564774,0.8802446519592277,0.0668692206290827,0.9466858165547727,0.9868030698988699
sp|Q9DC22|DCAF6_MOUSE,86,44,42,-0.09402074932737053,0.3892031201981262,-0.05570606900451307,0.7194801068000461,-0.0735319485215451,0.6435166825698131,0.08003117470891491,0.9362124616530192,0.9868030698988699
sp|P10107|ANXA1_MOUSE,86,44,42,0.15387110827262135,0.15721495052964116,0.15443196483566662,0.31686727318541896,0.14078677948637294,0.37383733884760445,0.06236392317733432,0.9502730241470065,0.9868030698988699
sp|Q9R0P5|DEST_MOUSE,86,44,42,0.025651509048654014,0.8146434629988528,0.035861667832421895,0.8172328453233568,0.015815075402638303,0.9208155879108947,0.08968595428815929,0.9285367778119626,0.9868030698988699
sp|Q9Z2X2|PSD10_MOUSE,86,44,42,0.18238754177863242,0.09280723230142017,0.16031441232596508,0.2985563244154712,0.17934621590620758,0.2557624639394909,-0.08761622667016604,0.93018170476117,0.9868030698988699
sp|P08752|GNAI2_MOUSE,86,44,42,0.1605685806795554,0.1397122386869757,0.15677076925952022,0.30950376271569535,0.14119438452252342,0.37244156446028237,0.07122030107242368,0.943222424523043,0.9868030698988699
sp|B2RUP2|UN13D_MOUSE,86,44,42,0.1418517066584776,0.19263342386402219,0.14883300879068376,0.3349408125459747,0.13475422495134595,0.39485686388732233,0.06423518066638996,0.9487829651055455,0.9868030698988699
sp|Q8BFZ3|ACTBL_MOUSE,86,44,42,0.11623814362912634,0.28651755445903826,0.11722371263799569,0.44856627536603566,0.13059665358261116,0.40973494270326327,-0.06072016037316551,0.9515820756484537,0.9872376489906398
sp|P21180|CO2_MOUSE,86,44,42,0.0361720429003394,0.7409123711066836,0.05450123036192182,0.7253077607758411,0.04124962965842774,0.7953490777685638,0.059381419953418044,0.9526483116711397,0.9875480686607024
sp|Q99LL5|PWP1_MOUSE,86,44,42,-0.24478028401716698,0.023119424220793498,-0.23685710256117387,0.12161686223481635,-0.24937276111685863,0.11124455758956664,0.05947018144784432,0.952577615185135,0.9875480686607024
sp|Q8R015|BL1S5_MOUSE,86,44,42,0.12081063895510682,0.2678524270121967,0.1049627076280965,0.4977229413937512,0.11747177141856596,0.45875407178336036,-0.05662594651590286,0.9548431653713356,0.9878349340422616
tr|A0A075B5U4|A0A075B5U4_MOUSE,86,44,42,0.3475475907938197,0.0010428497877913335,0.3838474169573063,0.010104676379624535,0.37295860807768166,0.014991127662803243,0.056817596097734735,0.9546904969214202,0.9878349340422616
sp|Q9EQP2|EHD4_MOUSE,86,44,42,0.08058785849419965,0.4607538596221174,0.09943462444444254,0.5207555747676411,0.08673835169282039,0.5849314341745903,0.05725865924690855,0.9543391514368589,0.9878349340422616
sp|P60867|RS20_MOUSE,86,44,42,0.27933013459231415,0.00919924746109436,0.2703090931084133,0.0759623739555756,0.25850311392662917,0.09833821220441512,0.05674970459027283,0.9547445792456392,0.9878349340422616
tr|A0A075B5W6|A0A075B5W6_MOUSE,86,44,42,-0.12243283128029907,0.261432379764238,-0.11651498402470671,0.45133325696424814,-0.12929231746692965,0.4144677891324075,0.0580010742191511,0.9537477728659096,0.9878349340422616
sp|P62242|RS8_MOUSE,86,44,42,0.18677979351292487,0.08507545381273596,0.19908186747287177,0.1951283987180988,0.187498316629217,0.23442486052827324,0.053797655535887945,0.9570963774277803,0.988577285149031
sp|P35700|PRDX1_MOUSE,86,44,42,0.304260669274216,0.004397192995478349,0.3172269273081431,0.03588745861178633,0.3280405330938997,0.033932913353315906,-0.0539626824492418,0.9569648959903072,0.988577285149031
sp|Q9R1P1|PSB3_MOUSE,86,44,42,0.07229665327655038,0.50828705053262,0.1051753262120832,0.4968476352069269,0.09326003227122794,0.5569102921799295,0.05380044105594182,0.9570941581183758,0.988577285149031
sp|P01845|LAC3_MOUSE,86,44,42,-0.3396263592643722,0.0013784064746693763,-0.32303850193711264,0.03245030160484841,-0.3121439366840313,0.044170388964951963,-0.054171488099938186,0.956798536518636,0.988577285149031
sp|Q91Y97|ALDOB_MOUSE,86,44,42,0.1548197587551899,0.1546411492087913,0.15202228755048414,0.32456875161672144,0.14037917445022247,0.3752362219275874,0.053190900918913424,0.9575798053685367,0.9886800316054458
sp|Q9WU28|PFD5_MOUSE,86,44,42,0.10110716843215772,0.354297636104609,0.11842855128058694,0.44388378172117265,0.1067925194714236,0.500860036473206,0.052690451505221655,0.9579785470536306,0.9886952940533462
sp|P22315|HEMH_MOUSE,86,44,42,0.12937695281270098,0.23513565249822554,0.13720985953274464,0.37445651849863426,0.12603147717772586,0.4264350222615371,0.0508572386907087,0.9594392799682191,0.9888562730534323
sp|Q9Z1E4|GYS1_MOUSE,86,44,42,0.022976314687810657,0.8336806574509574,0.0382004722562755,0.8055364812708998,0.026901932385931134,0.865707396311658,0.050566933708657266,0.9596706121788455,0.9888562730534323
sp|Q80UY2|KCMF1_MOUSE,86,44,42,-0.09419150641423288,0.38833860310872775,-0.07810189318444452,0.6143134525748322,-0.06684722592867737,0.6740350583952451,-0.050582905816575256,0.9596578845684317,0.9888562730534323
tr|A0A075B5M4|A0A075B5M4_MOUSE,86,44,42,-0.029825571171955702,0.7851574480226471,-0.034231592021857264,0.8254082769185043,-0.02266284000996623,0.8867184279897674,-0.05176332983863012,0.9587172749088145,0.9888562730534323
sp|Q60994|ADIPO_MOUSE,86,44,42,-0.14445100898071547,0.1845243229235566,-0.0739912672273685,0.6331283224519398,-0.0851079315482185,0.5920338881506132,0.050016736837129754,0.9601090509470452,0.9889123224754566
sp|Q3UKC1|TAXB1_MOUSE,86,44,42,0.0008727584439630803,0.9936367830532704,0.0065203032422585265,0.9664938460670665,-0.0039130083470445285,0.9803788408780694,0.0466451070176826,0.9627960809329581,0.989486826076273
sp|P97461|RS5_MOUSE,86,44,42,0.059859845450076485,0.584045132294316,0.05315464599667277,0.7318391990457137,0.04320613383195,0.7858647406863257,0.044581052652060485,0.9644412454357107,0.989486826076273
sp|O08796|EF2K_MOUSE,86,44,42,0.009628802398070941,0.9298852419183914,0.03600341355507969,0.8165228298679493,0.026168243320860287,0.8693378056873732,0.044013358745911516,0.9648937554475812,0.989486826076273
sp|Q6R891|NEB2_MOUSE,86,44,42,0.05812381506697601,0.5950166682075804,0.06860492976637232,0.6581311883204404,0.07874929298427115,0.6200898442234016,-0.045600726879430245,0.9636284898105676,0.989486826076273
sp|P70460|VASP_MOUSE,86,44,42,0.133057716685067,0.22196890516238887,0.14245445127108303,0.35629430433645787,0.13230859473444312,0.40357024305736466,0.04623247246489331,0.9631249608534537,0.989486826076273
sp|P62852|RS25_MOUSE,86,44,42,0.27865659274969046,0.009376366664796337,0.291145714339109,0.055185596078820745,0.2817366009872061,0.0706731240007598,0.04582610637994136,0.9634488507825777,0.989486826076273
sp|P52480|KPYM_MOUSE,86,44,42,0.24491309508472658,0.023042650507640594,0.2557801565359894,0.09377429368265186,0.24594887881319466,0.1164025483140718,0.04690544902481826,0.962588585182467,0.989486826076273
sp|P97500|MYT1L_MOUSE,86,44,42,-0.0038135749399256335,0.9722007446045309,-0.009709582002058893,0.9501221755383706,-0.019565041735222645,0.9021220647263913,0.04407097952250196,0.9648478252868302,0.989486826076273
sp|P97315|CSRP1_MOUSE,86,44,42,-0.07503825317117353,0.4922955166873533,-0.0738495215047107,0.6337812996527239,-0.06317878060332312,0.6910088678244328,-0.04793155205957073,0.9617707933743449,0.989486826076273
sp|P98086|C1QA_MOUSE,86,44,42,0.47713324671268575,3.4055351134287436e-06,0.4607444714991596,0.0016475880985447108,0.4524415901270236,0.0026269572597664896,0.04689765342013765,0.9625947983376132,0.989486826076273
sp|P62281|RS11_MOUSE,86,44,42,0.02732113389797469,0.802815597115118,0.034798574912488445,0.8225625317605355,0.02470086519071859,0.876606506166935,0.04518459225694891,0.9639601753046735,0.989486826076273
sp|Q91YR1|TWF1_MOUSE,86,44,42,-0.09750229659839717,0.37180449289199174,-0.0930560669248418,0.5479731458229068,-0.08347751140361662,0.5991741663051838,-0.04315981360076608,0.9655741393197479,0.9896784106086738
sp|Q8VE70|PDC10_MOUSE,86,44,42,0.09452353408313187,0.3866608891891701,0.062368117969429385,0.6875475833458741,0.07190152837694322,0.6509094343065503,-0.04281468156120939,0.9658492605279989,0.9896784106086738
sp|Q640N1|AEBP1_MOUSE,86,44,42,0.10225503551606568,0.348832231275523,0.10304914037221628,0.5056361546628451,0.09399372133629878,0.5537977483820847,0.040881513339192606,0.9673903553436806,0.9904492727742069
sp|Q922Q4|P5CR2_MOUSE / sp|Q922W5|P5CR1_MOUSE,86,44,42,-0.16650713270043463,0.12546169876434266,-0.16761431704284147,0.27679985091295184,-0.15912900611314418,0.3141348386251473,-0.038976148256197,0.9689094050944572,0.9904492727742069
sp|A2A5R2|BIG2_MOUSE,86,44,42,0.19664194288150205,0.06957625348825804,0.2124059654027044,0.16628666207562645,0.20404708109692615,0.19492204199014918,0.039064418196601156,0.9688390294685956,0.9904492727742069
sp|Q9JMK0|B4GT5_MOUSE,86,44,42,0.07640430986607227,0.4844274923689162,0.10297826751088739,0.5059304573001022,0.09423828435798907,0.5527620579527701,0.03945811212556724,0.9685251491711783,0.9904492727742069
tr|Q9EQI5|Q9EQI5_MOUSE,86,44,42,-0.21449936061357835,0.047342192622776655,-0.1856868966817102,0.22751783963758934,-0.19442760224377503,0.21726856876997414,0.04054215699922709,0.9676608982275959,0.9904492727742069
sp|Q8VDG3|PARN_MOUSE,86,44,42,0.1152041146031266,0.2908552712484813,0.12282266868297856,0.4270363993560556,0.1141294101221321,0.4717230200366619,0.03941885100331288,0.9685564506619219,0.9904492727742069
sp|Q07079|IBP5_MOUSE,86,44,42,-0.13541036988183705,0.21382974646818018,-0.11134126514769724,0.4718116226415006,-0.10312407414606935,0.5157648468114241,-0.03716447708746028,0.970353862211449,0.9915322203152703
tr|Q8C6E1|Q8C6E1_MOUSE,86,44,42,-0.03500520280678007,0.7489890002140317,-0.04727219850637432,0.7605858379604685,-0.05543428491646416,0.7273282797061228,0.036587242971954564,0.9708141153545885,0.9916090230218426
sp|Q3V3Q7|PACS2_MOUSE,86,44,42,0.008063529101832808,0.941260998554258,-0.005669828906311763,0.9708622005096822,-0.013614008207425756,0.9318081564964579,0.035519834855098506,0.9716652304267005,0.9920848407409809
sp|Q9D2V7|CORO7_MOUSE,86,44,42,0.01775873703368355,0.8710769811229636,0.01098529350597904,0.9435788109439792,0.003260840289203774,0.9836485495929685,0.03453593206890604,0.9724497897812642,0.9924923538195621
sp|Q0VFX2|CF157_MOUSE,86,44,42,-0.07083573153339479,0.5169164426801187,-0.0813620448055738,0.599562579814821,-0.07475476362999652,0.6379942572459004,-0.02972062626439489,0.9762898618068818,0.9932621075277442
sp|Q61554|FBN1_MOUSE,86,44,42,-0.28354214273491857,0.008156688993113967,-0.3270073821715309,0.030262839591686283,-0.3208666844576514,0.038280846075577545,-0.03067218534072458,0.9755309736045156,0.9932621075277442
tr|A2AJD1|A2AJD1_MOUSE,86,44,42,0.05043974615817063,0.6446493904825891,0.0501779858208591,0.7463431445154725,0.04353221786087038,0.7842869458154982,0.029776971587651815,0.9762449246322861,0.9932621075277442
sp|Q70E20|SNED1_MOUSE,86,44,42,-0.22727768261377693,0.03533750829934221,-0.1904353783907463,0.21563873621228805,-0.18358530828217248,0.2445103638595663,-0.031734871641529674,0.974683485335225,0.9932621075277442
tr|A8DUK4|A8DUK4_MOUSE,86,44,42,0.0016601383444949898,0.987896384617282,0.010347437754018966,0.9468500613220672,0.01703789051108972,0.914714757486306,-0.02991698346333021,0.9761332610668237,0.9932621075277442
sp|Q99J93|IFM2_MOUSE / sp|Q9CQW9|IFM3_MOUSE,86,44,42,0.1956401890201153,0.07103844284104835,0.1741346202851,0.25827030902508247,0.1674441488506138,0.2891813865021885,0.03081017741210168,0.9754209238732363,0.9932621075277442
sp|P10518|HEM2_MOUSE,86,44,42,0.021230797799884498,0.8461546451429162,0.013891080820463819,0.9286888442448995,0.021276982887054624,0.8936047819591746,-0.03303079787238531,0.9736500278845843,0.9932621075277442
tr|D3Z5G7|D3Z5G7_MOUSE,86,44,42,-0.13323796027675502,0.22133773987845934,-0.12941384478656598,0.4024517643028417,-0.122689115881292,0.43890007120780195,-0.030550033667426917,0.9756283908860158,0.9932621075277442
sp|Q3TWW8|SRSF6_MOUSE,86,44,42,0.33155334365771366,0.0018182556109257524,0.3389140228747856,0.02442065071811351,0.3335839615855461,0.030858612506695512,0.02686708859946174,0.9785657435293396,0.993408015025959
sp|Q9DCC4|P5CR3_MOUSE,86,44,42,-0.007124365124089927,0.948092252731052,0.02034051120139345,0.8957334482093925,0.014021613243576229,0.9297714906348381,0.028258574200024644,0.9774559203933384,0.993408015025959
sp|Q9EPS3|GLCE_MOUSE,86,44,42,0.03946386007485233,0.7182803045181732,0.12983908195453936,0.4008942869049286,0.1354879140164168,0.3922643537547145,-0.025706954722624995,0.9794910766249633,0.993408015025959
sp|P11835|ITB2_MOUSE,86,44,42,0.08377532411563003,0.4431519847491793,0.07859800321374681,0.6120588333445032,0.0836405534180768,0.5984584516929204,-0.022693300727590637,0.9818949197059738,0.993408015025959
sp|Q9CWK3|CD2B2_MOUSE,86,44,42,-0.025537670990745786,0.8154514537184026,-0.01098529350597904,0.9435788109439792,-0.016222680438788776,0.9187814623393181,0.02341937355807221,0.9813157513790945,0.993408015025959
sp|Q99NB9|SF3B1_MOUSE,86,44,42,0.25618306281764114,0.01727237785332477,0.25507142792270043,0.094719314056922,0.2597259290350806,0.09670091115493881,-0.022285620850050605,0.9822201189344045,0.993408015025959
sp|O89053|COR1A_MOUSE,86,44,42,0.17436195869610235,0.10835506823485924,0.1741346202851,0.25827030902508247,0.17926469489897748,0.25598218655759103,-0.023674461368106265,0.9811122771710729,0.993408015025959
sp|Q9QZ08|NAGK_MOUSE,86,44,42,0.013964135103409285,0.8984581615645761,-0.03961792948285344,0.7984679579198237,-0.03432034404386972,0.829165202535909,-0.023716587192845275,0.98107867506065,0.993408015025959
sp|P07743|BPIA2_MOUSE,86,44,42,-0.0986786231967822,0.3660347067599303,-0.10007248019640261,0.5180712321084234,-0.10573274637743238,0.5051431881548082,0.025576467291444895,0.9795951563099239,0.993408015025959
sp|P35293|RAB18_MOUSE,86,44,42,0.17535804170279934,0.10632201319747155,0.17590644181832243,0.2533818472645471,0.1702973841036671,0.280923670250714,0.02585132072190889,0.9793759274914684,0.993408015025959
tr|A0A075B6D5|A0A075B6D5_MOUSE,86,44,42,-0.13391150211937872,0.21899035666370528,-0.1309730477358017,0.39675810994222355,-0.13719985516824879,0.38625391497182315,0.0283482014353234,0.9773844368439089,0.993408015025959
sp|P35459|LY6D_MOUSE,86,44,42,0.0805499124748969,0.460965691471175,0.08079506191494261,0.6021168241069997,0.08681987270005048,0.5845773138967912,-0.027125960443009803,0.978359268937048,0.993408015025959
sp|Q91WK0|LRRF2_MOUSE,86,44,42,-0.014931758595629223,0.8914633673035589,-0.0382713451176044,0.8051826861019555,-0.04345069685364029,0.7846813148462451,0.02319430356761887,0.9814952824811455,0.993408015025959
sp|Q3U1J4|DDB1_MOUSE,86,44,42,0.12437756476956463,0.25387455601429565,0.11842855128058694,0.44388378172117265,0.11282507400645059,0.47683628543723205,0.025391219333936444,0.9797429148080132,0.993408015025959
sp|Q91YP3|DEOC_MOUSE,86,44,42,0.11867617536932755,0.27646071698912905,0.13472930938623326,0.38323544205215065,0.12945535948138984,0.4138744884927788,0.02399722160414658,0.9808548249088103,0.993408015025959
sp|O35643|AP1B1_MOUSE,86,44,42,0.022976314687810657,0.8336806574509574,0.046705215615743145,0.7633742085332917,0.05135823455495944,0.7466891572085769,-0.020852599418775132,0.9833632385762202,0.9937834926741629
sp|O08784|TCOF_MOUSE,86,44,42,0.4828441226177485,2.4976093223799186e-06,0.49731486794487045,0.0005938662825758453,0.49377274079268146,0.0008902334006374139,0.02099047046361729,0.9832532574708293,0.9937834926741629
sp|P61089|UBE2N_MOUSE,86,44,42,0.10355468667718462,0.3427079891613843,0.1146722896301554,0.4585707758718857,0.11910219156316784,0.4524982473958985,-0.020079302443783767,0.9839801110744749,0.9940167854126218
sp|O35188|X3CL1_MOUSE,86,44,42,-0.4065821103240615,0.00010252908189943017,-0.40929077417438037,0.005802099147711268,-0.4057300529841796,0.007680164537655948,-0.019089117785579736,0.9847700125988875,0.9944246205655433
sp|O55131|SEPT7_MOUSE,86,44,42,0.11051778121923789,0.3110555811847879,0.10184430172962503,0.5106510869952071,0.10581426738466247,0.5048130573272395,-0.017942127141808838,0.9856850218158296,0.994568546698966
sp|Q9CZ13|QCR1_MOUSE,86,44,42,0.09585164475872787,0.3799935842845829,0.10751413063593679,0.48727169654838864,0.10345015817498973,0.5144310715663448,0.018373414810393417,0.9853409607704057,0.994568546698966
sp|Q3TYX3|SMYD5_MOUSE,86,44,42,0.07141440832776162,0.513489416510123,0.05570606900451307,0.7194801068000461,0.05893968822735821,0.7108103095507714,-0.0145043377532868,0.9884276186015971,0.9969452087344742
sp|Q6ZWY8|TYB10_MOUSE / sp|P20065|TYB4_MOUSE / tr|A2AEH9|A2AEH9_MOUSE,86,44,42,-0.09525399495470967,0.3829852396838536,-0.08625227223726768,0.5777315429692192,-0.08412967946145737,0.5963135504321229,-0.009558934275263643,0.9923731900719173,0.9973026525280605
sp|P62754|RS6_MOUSE,86,44,42,0.19365750951154698,0.07400532574743951,0.19518386009978242,0.20419718880840965,0.19263414008471294,0.22162324446788004,0.011844499553336288,0.9905496776441778,0.9973026525280605
tr|Q3UU43|Q3UU43_MOUSE,86,44,42,-0.29174796940913666,0.006419755840705993,-0.29724078041339413,0.050060127253901264,-0.298937533512756,0.0544672594267351,0.00832552395746933,0.9933572697132506,0.9973026525280605
sp|Q9CQK7|RWDD1_MOUSE,86,44,42,0.15235326750051162,0.16139914523075094,0.13430407221825988,0.3847525020999126,0.13222707372721304,0.4038625828920225,0.009453613590891845,0.9924572200229246,0.9973026525280605
sp|P01746|HVM02_MOUSE / sp|P01747|HVM03_MOUSE,86,44,42,0.07806444821056727,0.4749565022662954,0.07342428433673732,0.6357418793898184,0.07540693168783727,0.6350568217228628,-0.008913259023176696,0.9928883424047743,0.9973026525280605
sp|Q9QYG0|NDRG2_MOUSE,86,44,42,0.012247077729960181,0.9108892485197362,0.02310455279322043,0.8816593868235015,0.02494542821240887,0.8753943442248526,-0.008234827521845818,0.9934296325182428,0.9973026525280605
sp|P60710|ACTB_MOUSE / sp|P63260|ACTG_MOUSE,86,44,42,0.09727462048258072,0.37292758854998864,0.09759193004989121,0.5285489309401845,0.09970019184240539,0.5298729118907319,-0.009518111356129804,0.9924057605670976,0.9973026525280605
sp|P25444|RS2_MOUSE,86,44,42,0.07441214385267829,0.495924056300433,0.07356603005939512,0.6350880785400478,0.07157544434802283,0.6523919855791463,0.008946507473199602,0.9928618150375362,0.9973026525280605
tr|A0A0B4J1F9|A0A0B4J1F9_MOUSE,86,44,42,-0.3933674091018814,0.00017910649997601163,-0.39958119217232146,0.007205923448781983,-0.3972518682322498,0.009188391709799217,-0.012378758633897086,0.9901234318418758,0.9973026525280605
sp|Q91WK2|EIF3H_MOUSE,86,44,42,0.2412038716978835,0.025270402584153327,0.24266867719014343,0.11247442866247548,0.24472606370474323,0.11828782557332793,-0.00977878741136259,0.9921977808487543,0.9973026525280605
sp|Q91V92|ACLY_MOUSE,86,44,42,-0.0092588287098692,0.9325728733540746,-0.012402750732556981,0.9363127254743219,-0.0144292182797267,0.927735267136364,0.00906143992163163,0.992770115928617,0.9973026525280605
tr|F6URP1|F6URP1_MOUSE / tr|E9Q328|E9Q328_MOUSE,86,44,42,-0.09978854426138742,0.36064123942777665,-0.0858979079306232,0.5793013169317549,-0.08315142737469623,0.6006067135565869,-0.012367159694555555,0.9901326857481301,0.9973026525280605
sp|Q61646|HPT_MOUSE,86,44,42,0.16456239921116908,0.13000035401613771,0.2002158332541341,0.19254450480363072,0.2018460139017136,0.19988605565661438,-0.007595055094076182,0.9939400810629766,0.9974262309965568
sp|Q6PHN9|RAB35_MOUSE,86,44,42,0.09338515350404959,0.3924311385193171,0.07951935041102247,0.6078810766079897,0.0808688391722536,0.6106759358931458,-0.0060722631809652875,0.9951550647328435,0.9974792883172722
sp|Q8C8R3|ANK2_MOUSE,86,44,42,-0.3508109484538555,0.0009276620383227763,-0.3433081402771772,0.02251758437118811,-0.3446708185688389,0.025397654394773143,0.006909808628339443,0.9944868142489744,0.9974792883172722
sp|Q6ZPU9|KBP_MOUSE,86,44,42,-0.17944672528266986,0.09828641316145739,-0.2006410704221075,0.19158182157803394,-0.2020090559161738,0.19951533467746788,0.006374266534910739,0.9949141055864371,0.9974792883172722
sp|Q3V0K9|PLSI_MOUSE,86,44,42,-0.022378664883792462,0.8379471796131939,-0.03146755043003028,0.8393123222379173,-0.0303258146895951,0.8488026676211485,-0.005109279483158387,0.9959234025199862,0.9978609966883131
sp|P01643|KV5AA_MOUSE,86,44,42,-0.07169900347253219,0.5118082650558003,-0.08228339200284945,0.595422053691396,-0.08184709125901472,0.6063517293624031,-0.001963812124707699,0.9984331056325149,0.9992091904406242
sp|Q9QYC0|ADDA_MOUSE,86,44,42,-0.27719567100653486,0.009770838717056952,-0.28880690991525537,0.05726087270987372,-0.2883398025728437,0.06405308660388122,-0.002278015479630478,0.9981824081915545,0.9992091904406242
sp|P61290|PSME3_MOUSE,86,44,42,-0.07531336181111842,0.4907055916272343,-0.06740009112378108,0.6637759837178093,-0.0679069990226686,0.6691606334008133,0.0022766728908251155,0.9981834794196559,0.9992091904406242
sp|O89023|TPP1_MOUSE,86,44,42,-0.04975671781072127,0.6491417956763148,-0.0429489539653116,0.7819203973619218,-0.04304309181748982,0.7866539559390028,0.00042164516926388547,0.9996635758392758,0.9997692904540614
sp|Q7TNV0|DEK_MOUSE,86,44,42,0.22116837350603538,0.040713547765051365,0.23019505359625755,0.13277373674626233,0.23013380341055636,0.14259665490805026,0.0002891515395677258,0.9997692904540614,0.9997692904540614
